{"type":"FeatureCollection","features":[{"type":"Feature","id":"node/29330089","geometry":{"type":"Point","coordinates":[32.5736088,34.7068294]},"properties":{"osm_type":"node","osm_id":29330089,"category":"ruins","name":"Paleá Paphos, Aphrodite's Temple","wikidata":null,"wikipedia":null,"tags":{"historic":"ruins","name":"Paleá Paphos, Aphrodite's Temple","name:en":"Aphrodite's temple"}}},{"type":"Feature","id":"node/29330315","geometry":{"type":"Point","coordinates":[32.6057169,34.7243986]},"properties":{"osm_type":"node","osm_id":29330315,"category":"ruins","name":"Paleá Énklistra","wikidata":null,"wikipedia":null,"tags":{"historic":"ruins","name":"Paleá Énklistra","tourism":"attraction"}}},{"type":"Feature","id":"node/29330364","geometry":{"type":"Point","coordinates":[32.5809356,34.7115971]},"properties":{"osm_type":"node","osm_id":29330364,"category":"ruins","name":"Siege ramp and tunnels","wikidata":null,"wikipedia":null,"tags":{"historic":"ruins","name":"Siege ramp and tunnels","name:de":"Angriffsrampe und Tunnel"}}},{"type":"Feature","id":"node/60012826","geometry":{"type":"Point","coordinates":[32.4205215,34.7740135]},"properties":{"osm_type":"node","osm_id":60012826,"category":"arts_centre","name":"Municipal Gallery","wikidata":null,"wikipedia":null,"tags":{"amenity":"arts_centre","name":"Municipal Gallery"}}},{"type":"Feature","id":"node/60462977","geometry":{"type":"Point","coordinates":[32.422717,34.7745924]},"properties":{"osm_type":"node","osm_id":60462977,"category":"monument","name":"28th of October Column","wikidata":null,"wikipedia":null,"tags":{"historic":"monument","name":"28th of October Column"}}},{"type":"Feature","id":"node/60463352","geometry":{"type":"Point","coordinates":[32.4244084,34.7734604]},"properties":{"osm_type":"node","osm_id":60463352,"category":"memorial","name":"Dionysios Solomos Sq.","wikidata":null,"wikipedia":null,"tags":{"historic":"memorial","name":"Dionysios Solomos Sq."}}},{"type":"Feature","id":"node/60463692","geometry":{"type":"Point","coordinates":[32.4219099,34.7765493]},"properties":{"osm_type":"node","osm_id":60463692,"category":"arts_centre","name":"Πολυχώρος πολιτισμού Παλιά Ηλεκτρική","wikidata":null,"wikipedia":null,"tags":{"amenity":"arts_centre","name":"Πολυχώρος πολιτισμού Παλιά Ηλεκτρική"}}},{"type":"Feature","id":"node/155461259","geometry":{"type":"Point","coordinates":[32.6350847,35.032977]},"properties":{"osm_type":"node","osm_id":155461259,"category":"historic","name":"Σελλάδι του Σταυρού","wikidata":null,"wikipedia":null,"tags":{"historic":"wayside_shrine","name":"Σελλάδι του Σταυρού","name:el":"Σελλάδι του Σταυρού","religion":"christian"}}},{"type":"Feature","id":"node/180885140","geometry":{"type":"Point","coordinates":[32.3936285,34.8034855]},"properties":{"osm_type":"node","osm_id":180885140,"category":"memorial","name":"EOKA Memorial","wikidata":null,"wikipedia":null,"tags":{"historic":"memorial","material":"metal","name":"EOKA Memorial"}}},{"type":"Feature","id":"node/221188876","geometry":{"type":"Point","coordinates":[33.375081,35.1775886]},"properties":{"osm_type":"node","osm_id":221188876,"category":"monument","name":"Αθήνα","wikidata":null,"wikipedia":null,"tags":{"historic":"monument","name":"Αθήνα"}}},{"type":"Feature","id":"node/243853104","geometry":{"type":"Point","coordinates":[32.4319608,34.7715831]},"properties":{"osm_type":"node","osm_id":243853104,"category":"memorial","name":"Makarios III monument","wikidata":null,"wikipedia":null,"tags":{"historic":"memorial","memorial":"bust","name":"Makarios III monument"}}},{"type":"Feature","id":"node/244944570","geometry":{"type":"Point","coordinates":[32.4545085,34.759601]},"properties":{"osm_type":"node","osm_id":244944570,"category":"museum","name":"Μουσείο Λαϊκής Τέχνης","wikidata":null,"wikipedia":null,"tags":{"addr:city":"Γεροσκήπου","name":"Μουσείο Λαϊκής Τέχνης","name:el":"Μουσείο Λαϊκής Τέχνης","name:en":"Local Ethnographic Museum","opening_hours":"Mo-Su 08:30-16:00","operator":"Department of Antiquities","phone":"+357 26306216","tourism":"museum","website":"http://www.culture.gov.cy/dmculture/da/da.nsf/All/38CF6DFE0977E664C22571990020C289?OpenDocument","wheelchair":"no"}}},{"type":"Feature","id":"node/245796812","geometry":{"type":"Point","coordinates":[32.4278811,34.7722574]},"properties":{"osm_type":"node","osm_id":245796812,"category":"monument","name":"WW II's Paphos volunteers","wikidata":null,"wikipedia":null,"tags":{"historic":"monument","name":"WW II's Paphos volunteers","name:zh":"帕福斯志愿军纪念碑"}}},{"type":"Feature","id":"node/246075582","geometry":{"type":"Point","coordinates":[32.4137228,34.7581138]},"properties":{"osm_type":"node","osm_id":246075582,"category":"monument","name":"Saint Paul's Pillar (Paphos)","wikidata":null,"wikipedia":null,"tags":{"historic":"monument","name":"Saint Paul's Pillar (Paphos)"}}},{"type":"Feature","id":"node/267191236","geometry":{"type":"Point","coordinates":[32.3620923,34.8528036]},"properties":{"osm_type":"node","osm_id":267191236,"category":"archaeological_site","name":"Μάα - Αρχαιολογικός Χώρος και Μουσείο Παλαιόκαστρου","wikidata":"Q122722319","wikipedia":"en:Maa Palaeokastro","tags":{"amenity":"museum","historic":"archaeological_site","name":"Μάα - Αρχαιολογικός Χώρος και Μουσείο Παλαιόκαστρου","name:el":"Μάα - Αρχαιολογικός Χώρος και Μουσείο Παλαιόκαστρου","name:en":"Maa Palaeokastro Archaeological Site and Museum","name:fr":"Site archéologique de Máa-Paleókastro","opening_hours":"Apr 16 - Sep 15 Mo-Fr 09:30-17:00; Sep 16 - Apr 15 Mo-Fr 08:30-16:00; Sa-Su Off; PH Off","tourism":"attraction","website":"https://www.visitcyprus.com/discover-cyprus/culture/sites-and-monuments/maa-palaeokastro-archaeological-site-and-museum/","wikidata":"Q122722319","wikipedia":"en:Maa Palaeokastro"}}},{"type":"Feature","id":"node/291860349","geometry":{"type":"Point","coordinates":[32.7471981,34.8898567]},"properties":{"osm_type":"node","osm_id":291860349,"category":"monument","name":"Kelefos Medieval Bridge","wikidata":null,"wikipedia":null,"tags":{"historic":"monument","name":"Kelefos Medieval Bridge","tourism":"attraction"}}},{"type":"Feature","id":"node/291862793","geometry":{"type":"Point","coordinates":[32.7742645,34.8958869]},"properties":{"osm_type":"node","osm_id":291862793,"category":"monument","name":"Elia Medieval Bridge","wikidata":null,"wikipedia":null,"tags":{"historic":"monument","name":"Elia Medieval Bridge","tourism":"attraction"}}},{"type":"Feature","id":"node/293242364","geometry":{"type":"Point","coordinates":[34.3737387,35.6298295]},"properties":{"osm_type":"node","osm_id":293242364,"category":"ruins","name":"Ayfilon","wikidata":"Q16327458","wikipedia":"el:Εκκλησία Αγίου Φίλωνος","tags":{"amenity":"place_of_worship","historic":"ruins","name":"Ayfilon","name:el":"Αγίος Φίλωνος","name:en":"Agios Philon","name:tr":"Ayfilon","religion":"christian","wikidata":"Q16327458","wikipedia":"el:Εκκλησία Αγίου Φίλωνος"}}},{"type":"Feature","id":"node/293242366","geometry":{"type":"Point","coordinates":[34.4410778,35.6479897]},"properties":{"osm_type":"node","osm_id":293242366,"category":"ruins","name":"Panayia Afentrika","wikidata":null,"wikipedia":null,"tags":{"amenity":"place_of_worship","historic":"ruins","name":"Panayia Afentrika","religion":"christian"}}},{"type":"Feature","id":"node/296398875","geometry":{"type":"Point","coordinates":[32.8125385,35.1406719]},"properties":{"osm_type":"node","osm_id":296398875,"category":"archaeological_site","name":"Soli","wikidata":"Q1757296","wikipedia":"tr:Soli, Kıbrıs","tags":{"historic":"archaeological_site","name":"Soli","name:el":"Σόλοι","name:en":"Soloi","name:tr":"Soli","wikidata":"Q1757296","wikipedia":"tr:Soli, Kıbrıs"}}},{"type":"Feature","id":"node/299768392","geometry":{"type":"Point","coordinates":[33.3615586,35.1691479]},"properties":{"osm_type":"node","osm_id":299768392,"category":"monument","name":"D' Avila","wikidata":null,"wikipedia":null,"tags":{"historic":"monument","name":"D' Avila","name:ar":"دافيلا"}}},{"type":"Feature","id":"node/300589107","geometry":{"type":"Point","coordinates":[32.6240279,34.6904663]},"properties":{"osm_type":"node","osm_id":300589107,"category":"archaeological_site","name":"Ligrin tou Digeni","wikidata":null,"wikipedia":null,"tags":{"historic":"archaeological_site","name":"Ligrin tou Digeni"}}},{"type":"Feature","id":"node/303682717","geometry":{"type":"Point","coordinates":[33.951573,35.1189406]},"properties":{"osm_type":"node","osm_id":303682717,"category":"museum","name":"Ayios Ioannis Church","wikidata":null,"wikipedia":null,"tags":{"amenity":"place_of_worship","denomination":"greek_orthodox","name":"Ayios Ioannis Church","name:en":"St. John the Theologian","religion":"christian","tourism":"museum"}}},{"type":"Feature","id":"node/305877174","geometry":{"type":"Point","coordinates":[32.4144516,34.759184]},"properties":{"osm_type":"node","osm_id":305877174,"category":"arts_centre","name":"Kyklos Gallery","wikidata":null,"wikipedia":null,"tags":{"amenity":"arts_centre","name":"Kyklos Gallery"}}},{"type":"Feature","id":"node/306213549","geometry":{"type":"Point","coordinates":[33.3528854,35.306871]},"properties":{"osm_type":"node","osm_id":306213549,"category":"memorial","name":"Osman Perçin Kardesler","wikidata":null,"wikipedia":null,"tags":{"historic":"memorial","name":"Osman Perçin Kardesler"}}},{"type":"Feature","id":"node/306328821","geometry":{"type":"Point","coordinates":[32.4070575,34.7545356]},"properties":{"osm_type":"node","osm_id":306328821,"category":"arts_centre","name":"Εν Πλώ","wikidata":null,"wikipedia":null,"tags":{"addr:postcode":"8040","amenity":"arts_centre","name":"Εν Πλώ","name:el":"Εν Πλώ","name:en":"En Plo","phone":"+357 26932014","wheelchair":"limited"}}},{"type":"Feature","id":"node/307695488","geometry":{"type":"Point","coordinates":[33.141247,35.3275746]},"properties":{"osm_type":"node","osm_id":307695488,"category":"historic","name":"M47 Patton Tank","wikidata":null,"wikipedia":null,"tags":{"historic":"tank","material":"steel","memorial":"war_memorial","name":"M47 Patton Tank"}}},{"type":"Feature","id":"node/315103472","geometry":{"type":"Point","coordinates":[32.8062866,34.8481439]},"properties":{"osm_type":"node","osm_id":315103472,"category":"memorial","name":"E.O.K.A. 1955-1959","wikidata":null,"wikipedia":null,"tags":{"historic":"memorial","memorial":"plaque","name":"E.O.K.A. 1955-1959"}}},{"type":"Feature","id":"node/315204863","geometry":{"type":"Point","coordinates":[32.8094761,34.8485129]},"properties":{"osm_type":"node","osm_id":315204863,"category":"museum","name":"Socrates Traditional House","wikidata":null,"wikipedia":null,"tags":{"name":"Socrates Traditional House","tourism":"museum"}}},{"type":"Feature","id":"node/334278850","geometry":{"type":"Point","coordinates":[32.7599102,34.7568912]},"properties":{"osm_type":"node","osm_id":334278850,"category":"museum","name":"Oleastro Olive Mill, And Restaurant","wikidata":null,"wikipedia":null,"tags":{"name":"Oleastro Olive Mill, And Restaurant","tourism":"museum"}}},{"type":"Feature","id":"node/334278856","geometry":{"type":"Point","coordinates":[32.7334319,34.7394535]},"properties":{"osm_type":"node","osm_id":334278856,"category":"museum","name":"Carob mill","wikidata":null,"wikipedia":null,"tags":{"name":"Carob mill","tourism":"museum"}}},{"type":"Feature","id":"node/345567222","geometry":{"type":"Point","coordinates":[32.9011542,34.669618]},"properties":{"osm_type":"node","osm_id":345567222,"category":"museum","name":"Τοπικό Αρχαιολογικό Μουσείο Κουρίου","wikidata":null,"wikipedia":null,"tags":{"addr:city":"Επισκοπή","name":"Τοπικό Αρχαιολογικό Μουσείο Κουρίου","name:el":"Τοπικό Αρχαιολογικό Μουσείο Κουρίου","name:en":"Local Archaeological Kourion Museum","name:es":"Museo Arqueológico Local de Curio","opening_hours":"Mo-Fr 08:00-15:30; Sa-Su Off; PH Off","operator":"Department of Antiquities","phone":"+357 25932453","tourism":"museum","website":"http://www.culture.gov.cy/dmculture/da/da.nsf/All/21E14D80F55D8539C22571990020DC5C?OpenDocument","wheelchair":"no"}}},{"type":"Feature","id":"node/345713682","geometry":{"type":"Point","coordinates":[34.0655967,34.9618822]},"properties":{"osm_type":"node","osm_id":345713682,"category":"monument","name":"Cape Greco View Point","wikidata":null,"wikipedia":null,"tags":{"historic":"monument","name":"Cape Greco View Point","name:lt":"Cape greco - Natūralus urvai","name:ru":"Мыс Греко (Смотровая площадка)","tourism":"viewpoint"}}},{"type":"Feature","id":"node/394758167","geometry":{"type":"Point","coordinates":[33.3228519,34.7817124]},"properties":{"osm_type":"node","osm_id":394758167,"category":"museum","name":"Ekklisiastiko Museio","wikidata":null,"wikipedia":null,"tags":{"name":"Ekklisiastiko Museio","tourism":"museum"}}},{"type":"Feature","id":"node/423733878","geometry":{"type":"Point","coordinates":[32.5017662,34.8463168]},"properties":{"osm_type":"node","osm_id":423733878,"category":"archaeological_site","name":"Monastiraki","wikidata":null,"wikipedia":null,"tags":{"historic":"archaeological_site","name":"Monastiraki"}}},{"type":"Feature","id":"node/564686199","geometry":{"type":"Point","coordinates":[32.4050702,34.7764608]},"properties":{"osm_type":"node","osm_id":564686199,"category":"archaeological_site","name":"Τάφος","wikidata":"Q71990864","wikipedia":null,"tags":{"historic":"archaeological_site","name":"Τάφος","name:el":"Τάφος","name:en":"Kings Tomb 8","name:ru":"Царские гробницы 8","wikidata":"Q71990864"}}},{"type":"Feature","id":"node/564686314","geometry":{"type":"Point","coordinates":[32.4044658,34.7767951]},"properties":{"osm_type":"node","osm_id":564686314,"category":"archaeological_site","name":"Τάφος 5","wikidata":"Q71990860","wikipedia":null,"tags":{"historic":"archaeological_site","name":"Τάφος 5","name:el":"Τάφος 5","name:en":"Tomb 5","name:ru":"Царские гробницы 5","wikidata":"Q71990860"}}},{"type":"Feature","id":"node/564686594","geometry":{"type":"Point","coordinates":[32.4067899,34.776332]},"properties":{"osm_type":"node","osm_id":564686594,"category":"archaeological_site","name":"Τάφος 9","wikidata":null,"wikipedia":null,"tags":{"historic":"archaeological_site","name":"Τάφος 9","name:el":"Τάφος 9","name:en":"Tomb 9","name:ru":"Царские гробницы 9"}}},{"type":"Feature","id":"node/564687139","geometry":{"type":"Point","coordinates":[32.4049466,34.775893]},"properties":{"osm_type":"node","osm_id":564687139,"category":"archaeological_site","name":"Τάφος 3","wikidata":"Q71990854","wikipedia":null,"tags":{"historic":"archaeological_site","name":"Τάφος 3","name:el":"Τάφος 3","name:en":"Tomb 3","name:ru":"Царские гробницы 3","wheelchair":"limited","wikidata":"Q71990854"}}},{"type":"Feature","id":"node/564687919","geometry":{"type":"Point","coordinates":[32.4046081,34.7759284]},"properties":{"osm_type":"node","osm_id":564687919,"category":"archaeological_site","name":"Τάφος 4","wikidata":"Q71990856","wikipedia":null,"tags":{"historic":"archaeological_site","name":"Τάφος 4","name:el":"Τάφος 4","name:en":"Tomb 4","name:ru":"Царские гробницы 4","wikidata":"Q71990856"}}},{"type":"Feature","id":"node/564690157","geometry":{"type":"Point","coordinates":[32.4050672,34.7778361]},"properties":{"osm_type":"node","osm_id":564690157,"category":"archaeological_site","name":"Τάφος 6","wikidata":"Q71990861","wikipedia":null,"tags":{"historic":"archaeological_site","name":"Τάφος 6","name:el":"Τάφος 6","name:en":"Tomb 6","wikidata":"Q71990861"}}},{"type":"Feature","id":"node/564690641","geometry":{"type":"Point","coordinates":[32.4047692,34.778263]},"properties":{"osm_type":"node","osm_id":564690641,"category":"archaeological_site","name":"Τάφος 7","wikidata":null,"wikipedia":null,"tags":{"historic":"archaeological_site","name":"Τάφος 7","name:el":"Τάφος 7","name:en":"Tomb 7","name:lt":"Karalių kapai"}}},{"type":"Feature","id":"node/618704347","geometry":{"type":"Point","coordinates":[33.0626588,34.6907096]},"properties":{"osm_type":"node","osm_id":618704347,"category":"monument","name":"General's Grivas Den","wikidata":null,"wikipedia":null,"tags":{"historic":"monument","name":"General's Grivas Den"}}},{"type":"Feature","id":"node/618704350","geometry":{"type":"Point","coordinates":[33.0627151,34.6910774]},"properties":{"osm_type":"node","osm_id":618704350,"category":"monument","name":"General's Grivas Tomb","wikidata":null,"wikipedia":null,"tags":{"historic":"monument","name":"General's Grivas Tomb"}}},{"type":"Feature","id":"node/635777208","geometry":{"type":"Point","coordinates":[33.0426332,34.6751069]},"properties":{"osm_type":"node","osm_id":635777208,"category":"artwork","name":"Three 5 Contemporary","wikidata":null,"wikipedia":null,"tags":{"artwork_type":"graffiti","name":"Three 5 Contemporary","tourism":"artwork"}}},{"type":"Feature","id":"node/663548177","geometry":{"type":"Point","coordinates":[33.3570144,35.1610522]},"properties":{"osm_type":"node","osm_id":663548177,"category":"artwork","name":"Point Place Gallery","wikidata":null,"wikipedia":null,"tags":{"name":"Point Place Gallery","tourism":"artwork"}}},{"type":"Feature","id":"node/672357892","geometry":{"type":"Point","coordinates":[33.6378957,34.9173918]},"properties":{"osm_type":"node","osm_id":672357892,"category":"memorial","name":"Zeno of Kition","wikidata":"Q69522948","wikipedia":null,"tags":{"alt_name":"Zeno of Citium","historic":"memorial","memorial":"bust","name":"Zeno of Kition","name:ru":"Памятник Зенону Китионскому","wikidata":"Q69522948"}}},{"type":"Feature","id":"node/672465119","geometry":{"type":"Point","coordinates":[33.6381691,34.9144572]},"properties":{"osm_type":"node","osm_id":672465119,"category":"monument","name":"Kimon","wikidata":null,"wikipedia":null,"tags":{"historic":"monument","name":"Kimon","name:en":"Kimon","name:ru":"Памятник Кимону Афинскому"}}},{"type":"Feature","id":"node/767844476","geometry":{"type":"Point","coordinates":[32.7029754,34.6689021]},"properties":{"osm_type":"node","osm_id":767844476,"category":"theatre","name":"Pissouri Amphitheatre","wikidata":null,"wikipedia":null,"tags":{"amenity":"theatre","name":"Pissouri Amphitheatre"}}},{"type":"Feature","id":"node/945700914","geometry":{"type":"Point","coordinates":[32.7932527,34.9249193]},"properties":{"osm_type":"node","osm_id":945700914,"category":"monument","name":"Medieval Bridge","wikidata":null,"wikipedia":null,"tags":{"historic":"monument","name":"Medieval Bridge","tourism":"attraction"}}},{"type":"Feature","id":"node/945700915","geometry":{"type":"Point","coordinates":[32.7900643,34.9242662]},"properties":{"osm_type":"node","osm_id":945700915,"category":"monument","name":"Medieval Bridge","wikidata":null,"wikipedia":null,"tags":{"historic":"monument","name":"Medieval Bridge","tourism":"attraction"}}},{"type":"Feature","id":"node/976607306","geometry":{"type":"Point","coordinates":[32.3256857,35.05948]},"properties":{"osm_type":"node","osm_id":976607306,"category":"ruins","name":"Πύργος της Ρήγαινας","wikidata":"Q101047332","wikipedia":null,"tags":{"historic":"ruins","name":"Πύργος της Ρήγαινας","name:el":"Πύργος της Ρήγαινας","name:en":"Pyrgos tis Rigainas","wikidata":"Q101047332"}}},{"type":"Feature","id":"node/986675213","geometry":{"type":"Point","coordinates":[32.6301878,34.9192198]},"properties":{"osm_type":"node","osm_id":986675213,"category":"museum","name":"Πατρική Οικία του Αρχιεπίσκοπου Μακαρίου Γ΄","wikidata":null,"wikipedia":null,"tags":{"addr:housenumber":"4","name":"Πατρική Οικία του Αρχιεπίσκοπου Μακαρίου Γ΄","name:el":"Πατρική Οικία του Αρχιεπίσκοπου Μακαρίου Γ΄","name:en":"Birthplace of Αrchbishop Markarios III","tourism":"museum"}}},{"type":"Feature","id":"node/986878812","geometry":{"type":"Point","coordinates":[33.1908627,35.3532096]},"properties":{"osm_type":"node","osm_id":986878812,"category":"ruins","name":"Panayia Acheropiiti","wikidata":null,"wikipedia":null,"tags":{"historic":"ruins","name":"Panayia Acheropiiti","name:en":"Acheiropoietos Monastery","ruins":"monastery"}}},{"type":"Feature","id":"node/986878813","geometry":{"type":"Point","coordinates":[33.1425262,35.330516]},"properties":{"osm_type":"node","osm_id":986878813,"category":"ruins","name":"Panayia Kriniotissa","wikidata":null,"wikipedia":null,"tags":{"amenity":"place_of_worship","historic":"ruins","name":"Panayia Kriniotissa"}}},{"type":"Feature","id":"node/1085589906","geometry":{"type":"Point","coordinates":[34.4406103,35.6478809]},"properties":{"osm_type":"node","osm_id":1085589906,"category":"ruins","name":"Agios Georgios","wikidata":null,"wikipedia":null,"tags":{"amenity":"place_of_worship","historic":"ruins","name":"Agios Georgios","religion":"christian"}}},{"type":"Feature","id":"node/1085589911","geometry":{"type":"Point","coordinates":[34.4412873,35.647183]},"properties":{"osm_type":"node","osm_id":1085589911,"category":"ruins","name":"Asomatos","wikidata":null,"wikipedia":null,"tags":{"amenity":"place_of_worship","historic":"ruins","name":"Asomatos","religion":"christian"}}},{"type":"Feature","id":"node/1090932984","geometry":{"type":"Point","coordinates":[34.0300178,35.4050818]},"properties":{"osm_type":"node","osm_id":1090932984,"category":"monument","name":"Panagia tis Kyras","wikidata":"Q15124178","wikipedia":null,"tags":{"amenity":"place_of_worship","denomination":"orthodox","historic":"monument","name":"Panagia tis Kyras","religion":"christian","wikidata":"Q15124178"}}},{"type":"Feature","id":"node/1090949603","geometry":{"type":"Point","coordinates":[34.3003624,35.5736179]},"properties":{"osm_type":"node","osm_id":1090949603,"category":"monument","name":"Agios Fotios","wikidata":null,"wikipedia":null,"tags":{"amenity":"place_of_worship","denomination":"orthodox","historic":"monument","name":"Agios Fotios","religion":"christian"}}},{"type":"Feature","id":"node/1091076064","geometry":{"type":"Point","coordinates":[34.4493492,35.6309858]},"properties":{"osm_type":"node","osm_id":1091076064,"category":"ruins","name":"Ayios Filon at Agritia","wikidata":null,"wikipedia":null,"tags":{"amenity":"place_of_worship","historic":"ruins","name":"Ayios Filon at Agritia","religion":"christian"}}},{"type":"Feature","id":"node/1209819551","geometry":{"type":"Point","coordinates":[33.1982038,35.3576447]},"properties":{"osm_type":"node","osm_id":1209819551,"category":"ruins","name":"Lambousa","wikidata":null,"wikipedia":null,"tags":{"historic":"ruins","name":"Lambousa"}}},{"type":"Feature","id":"node/1256629972","geometry":{"type":"Point","coordinates":[33.3555917,35.3049815]},"properties":{"osm_type":"node","osm_id":1256629972,"category":"memorial","name":"Lawrence Durrell: Bitter Lemons","wikidata":null,"wikipedia":"el:Bitter Lemons","tags":{"historic":"memorial","memorial":"plaque","name":"Lawrence Durrell: Bitter Lemons","wikipedia":"el:Bitter Lemons"}}},{"type":"Feature","id":"node/1271156003","geometry":{"type":"Point","coordinates":[32.8737304,34.816937]},"properties":{"osm_type":"node","osm_id":1271156003,"category":"museum","name":"Μουσείο Αλευρομύλου","wikidata":null,"wikipedia":null,"tags":{"name":"Μουσείο Αλευρομύλου","name:en":"Old Olive Mill","tourism":"museum"}}},{"type":"Feature","id":"node/1273010910","geometry":{"type":"Point","coordinates":[32.8745163,34.8155024]},"properties":{"osm_type":"node","osm_id":1273010910,"category":"archaeological_site","name":"Ο σπήλιος του Χατζηρόσου","wikidata":null,"wikipedia":null,"tags":{"historic":"archaeological_site","name":"Ο σπήλιος του Χατζηρόσου","name:en":"The cave of Hadrirousos","website":"https://tours.cyprus360guide.com/F156EJl7GG"}}},{"type":"Feature","id":"node/1312683846","geometry":{"type":"Point","coordinates":[32.5101603,34.8387502]},"properties":{"osm_type":"node","osm_id":1312683846,"category":"ruins","name":"Agios Theodoros Church","wikidata":null,"wikipedia":null,"tags":{"historic":"ruins","name":"Agios Theodoros Church"}}},{"type":"Feature","id":"node/1317119939","geometry":{"type":"Point","coordinates":[33.9041443,35.1801012]},"properties":{"osm_type":"node","osm_id":1317119939,"category":"archaeological_site","name":"Building with Olive Oil Mill","wikidata":null,"wikipedia":null,"tags":{"historic":"archaeological_site","name":"Building with Olive Oil Mill"}}},{"type":"Feature","id":"node/1317119940","geometry":{"type":"Point","coordinates":[33.9012314,35.1839683]},"properties":{"osm_type":"node","osm_id":1317119940,"category":"archaeological_site","name":"Colonnaded Street","wikidata":null,"wikipedia":null,"tags":{"historic":"archaeological_site","name":"Colonnaded Street"}}},{"type":"Feature","id":"node/1317119941","geometry":{"type":"Point","coordinates":[33.9006618,35.1844189]},"properties":{"osm_type":"node","osm_id":1317119941,"category":"archaeological_site","name":"Roman Bath","wikidata":null,"wikipedia":null,"tags":{"historic":"archaeological_site","name":"Roman Bath","name:cs":"Římské lázně"}}},{"type":"Feature","id":"node/1317119942","geometry":{"type":"Point","coordinates":[33.8991554,35.1787507]},"properties":{"osm_type":"node","osm_id":1317119942,"category":"archaeological_site","name":"Reservoir","wikidata":null,"wikipedia":null,"tags":{"historic":"archaeological_site","name":"Reservoir","name:cs":"Vodárna"}}},{"type":"Feature","id":"node/1317119944","geometry":{"type":"Point","coordinates":[33.9026286,35.1856672]},"properties":{"osm_type":"node","osm_id":1317119944,"category":"archaeological_site","name":"Salamis","wikidata":"Q767089","wikipedia":"en:Salamis, Cyprus","tags":{"historic":"archaeological_site","name":"Salamis","name:el":"Σαλαμίνα","name:hu":"Szalamisz","name:lt":"Archeologinė vietovė","name:ml":"സലാമിസ്","name:ru":"Саламин","name:tr":"Salamis","tourism":"attraction","wikidata":"Q767089","wikipedia":"en:Salamis, Cyprus"}}},{"type":"Feature","id":"node/1317119946","geometry":{"type":"Point","coordinates":[33.8993543,35.1776128]},"properties":{"osm_type":"node","osm_id":1317119946,"category":"archaeological_site","name":"Agora","wikidata":null,"wikipedia":null,"tags":{"historic":"archaeological_site","name":"Agora"}}},{"type":"Feature","id":"node/1317120670","geometry":{"type":"Point","coordinates":[33.9020549,35.1820501]},"properties":{"osm_type":"node","osm_id":1317120670,"category":"archaeological_site","name":"Roman Villa","wikidata":null,"wikipedia":null,"tags":{"historic":"archaeological_site","name":"Roman Villa"}}},{"type":"Feature","id":"node/1317120671","geometry":{"type":"Point","coordinates":[33.9009829,35.1845168]},"properties":{"osm_type":"node","osm_id":1317120671,"category":"archaeological_site","name":"Fish Market","wikidata":null,"wikipedia":null,"tags":{"historic":"archaeological_site","name":"Fish Market","name:cs":"Rybí trh"}}},{"type":"Feature","id":"node/1317120672","geometry":{"type":"Point","coordinates":[33.901151,35.1807941]},"properties":{"osm_type":"node","osm_id":1317120672,"category":"archaeological_site","name":"Granite Forum","wikidata":null,"wikipedia":null,"tags":{"historic":"archaeological_site","name":"Granite Forum","name:cs":"Žulové fórum"}}},{"type":"Feature","id":"node/1317120675","geometry":{"type":"Point","coordinates":[33.9005501,35.1798995]},"properties":{"osm_type":"node","osm_id":1317120675,"category":"archaeological_site","name":"Basilica of St. Epiphanius","wikidata":null,"wikipedia":null,"tags":{"historic":"archaeological_site","name":"Basilica of St. Epiphanius"}}},{"type":"Feature","id":"node/1477752353","geometry":{"type":"Point","coordinates":[32.4725713,34.9970057]},"properties":{"osm_type":"node","osm_id":1477752353,"category":"museum","name":"Steni Museum of Village Life","wikidata":null,"wikipedia":null,"tags":{"name":"Steni Museum of Village Life","tourism":"museum"}}},{"type":"Feature","id":"node/1537585339","geometry":{"type":"Point","coordinates":[33.8899261,35.175098]},"properties":{"osm_type":"node","osm_id":1537585339,"category":"archaeological_site","name":"Tomb of the Kings","wikidata":null,"wikipedia":null,"tags":{"historic":"archaeological_site","name":"Tomb of the Kings","name:fr":"Tombeau des Rois"}}},{"type":"Feature","id":"node/1537585456","geometry":{"type":"Point","coordinates":[33.8942498,35.1728266]},"properties":{"osm_type":"node","osm_id":1537585456,"category":"archaeological_site","name":"Cellarka","wikidata":null,"wikipedia":null,"tags":{"historic":"archaeological_site","name":"Cellarka","name:ru":"Гробницы Челларка"}}},{"type":"Feature","id":"node/1547483189","geometry":{"type":"Point","coordinates":[33.1714662,34.9601256]},"properties":{"osm_type":"node","osm_id":1547483189,"category":"museum","name":"Εθνολογικό Μουσείο Φικάρδου","wikidata":null,"wikipedia":null,"tags":{"addr:city":"Fikardou","name":"Εθνολογικό Μουσείο Φικάρδου","name:el":"Εθνολογικό Μουσείο Φικάρδου","name:en":"Fikardou Rural Museum","opening_hours":"Tu-Su 09:30-17:00; Mo off; PH off","operator":"Department of Antiquities","phone":"+357 22634731","tourism":"museum","website":"http://www.culture.gov.cy/dmculture/da/da.nsf/All/8865F898FAA8A275C22571990020EEAA?OpenDocument","wheelchair":"limited"}}},{"type":"Feature","id":"node/1548545656","geometry":{"type":"Point","coordinates":[34.0596749,35.0117758]},"properties":{"osm_type":"node","osm_id":1548545656,"category":"archaeological_site","name":"King Tombs Archeological Place","wikidata":null,"wikipedia":null,"tags":{"historic":"archaeological_site","name":"King Tombs Archeological Place","name:ru":"Исторический музей Протараса"}}},{"type":"Feature","id":"node/1610737972","geometry":{"type":"Point","coordinates":[33.0938783,34.7628284]},"properties":{"osm_type":"node","osm_id":1610737972,"category":"ruins","name":"Agios Loyka","wikidata":null,"wikipedia":null,"tags":{"amenity":"place_of_worship","historic":"ruins","name":"Agios Loyka"}}},{"type":"Feature","id":"node/1611251436","geometry":{"type":"Point","coordinates":[33.971952,34.9871041]},"properties":{"osm_type":"node","osm_id":1611251436,"category":"memorial","name":"Neophytos Apoullou","wikidata":null,"wikipedia":null,"tags":{"historic":"memorial","name":"Neophytos Apoullou"}}},{"type":"Feature","id":"node/1736084715","geometry":{"type":"Point","coordinates":[33.1856141,34.8414415]},"properties":{"osm_type":"node","osm_id":1736084715,"category":"archaeological_site","name":"Akapnou ancient Venetian bridge","wikidata":null,"wikipedia":null,"tags":{"historic":"archaeological_site","name":"Akapnou ancient Venetian bridge"}}},{"type":"Feature","id":"node/1758132232","geometry":{"type":"Point","coordinates":[32.9165748,34.6750233]},"properties":{"osm_type":"node","osm_id":1758132232,"category":"museum","name":"Κυπριακό Οινομουσείο","wikidata":null,"wikipedia":null,"tags":{"addr:city":"Ερήμη","addr:housenumber":"42","addr:street":"Pafou","name":"Κυπριακό Οινομουσείο","name:el":"Κυπριακό Οινομουσείο","name:en":"The Cyprus Wine Museum","opening_hours":"Sep-Jul Mo-Su 09:00-17:00; Aug Mo-Sa 09:00-17:00; PH Off","phone":"+357 25 873 808;+357 25 873 809","tourism":"museum","website":"https://cypruswinemuseum.com/"}}},{"type":"Feature","id":"node/1759888699","geometry":{"type":"Point","coordinates":[33.9606588,35.063268]},"properties":{"osm_type":"node","osm_id":1759888699,"category":"monument","name":"Προτομή Δημητράκη Χριστοδούλου","wikidata":null,"wikipedia":null,"tags":{"historic":"monument","name":"Προτομή Δημητράκη Χριστοδούλου","name:ru":"Бюст Димитрикис Христодулу"}}},{"type":"Feature","id":"node/1761236202","geometry":{"type":"Point","coordinates":[33.9580182,35.0631097]},"properties":{"osm_type":"node","osm_id":1761236202,"category":"museum","name":"Λαογραφικό Μουσείο Δερύνειας","wikidata":null,"wikipedia":null,"tags":{"name":"Λαογραφικό Μουσείο Δερύνειας","name:ru":"Фольклорный музей Деринеи","tourism":"museum"}}},{"type":"Feature","id":"node/1765508562","geometry":{"type":"Point","coordinates":[33.3560119,35.1736169]},"properties":{"osm_type":"node","osm_id":1765508562,"category":"monument","name":"Markos Drakos Statue","wikidata":null,"wikipedia":null,"tags":{"historic":"monument","name":"Markos Drakos Statue"}}},{"type":"Feature","id":"node/1770210384","geometry":{"type":"Point","coordinates":[33.0544073,34.6853328]},"properties":{"osm_type":"node","osm_id":1770210384,"category":"museum","name":"Αρχαιολογικό Μουσείο Επαρχίας Λεμεσού","wikidata":null,"wikipedia":null,"tags":{"addr:city":"Limassol","addr:postcode":"3105","name":"Αρχαιολογικό Μουσείο Επαρχίας Λεμεσού","name:el":"Αρχαιολογικό Μουσείο Επαρχίας Λεμεσού","name:en":"Archaeological Museum of the Limassol District","opening_hours":"Mo-Fr 08:00-16:00; Sa-Su off","operator":"District of Antiquities","phone":"+357 25305157","tourism":"museum","website":"http://www.culture.gov.cy/dmculture/da/da.nsf/All/F326C998358D550BC225719900203AEA?OpenDocument","wheelchair":"yes"}}},{"type":"Feature","id":"node/1775881026","geometry":{"type":"Point","coordinates":[33.0518185,34.6785111]},"properties":{"osm_type":"node","osm_id":1775881026,"category":"monument","name":"Shark's teeth","wikidata":null,"wikipedia":null,"tags":{"historic":"monument","name":"Shark's teeth"}}},{"type":"Feature","id":"node/1775884112","geometry":{"type":"Point","coordinates":[33.0668795,34.6875777]},"properties":{"osm_type":"node","osm_id":1775884112,"category":"monument","name":"\"My Love\"","wikidata":null,"wikipedia":null,"tags":{"historic":"monument","name":"\"My Love\""}}},{"type":"Feature","id":"node/1915418555","geometry":{"type":"Point","coordinates":[33.9838238,35.0403391]},"properties":{"osm_type":"node","osm_id":1915418555,"category":"theatre","name":"Municipal Open air Theatre","wikidata":null,"wikipedia":null,"tags":{"amenity":"theatre","name":"Municipal Open air Theatre"}}},{"type":"Feature","id":"node/1957276114","geometry":{"type":"Point","coordinates":[33.9383543,35.1204919]},"properties":{"osm_type":"node","osm_id":1957276114,"category":"memorial","name":"Zafer Anıtı","wikidata":null,"wikipedia":null,"tags":{"historic":"memorial","image":"https://photos.app.goo.gl/JCwJ4xJdM1CJQPfv6","memorial":"war_memorial","name":"Zafer Anıtı"}}},{"type":"Feature","id":"node/2010829845","geometry":{"type":"Point","coordinates":[32.4570161,34.7287436]},"properties":{"osm_type":"node","osm_id":2010829845,"category":"historic","name":"12.12.11","wikidata":null,"wikipedia":null,"tags":{"historic":"wayside_cross","name":"12.12.11"}}},{"type":"Feature","id":"node/2018130820","geometry":{"type":"Point","coordinates":[33.761422,35.1754906]},"properties":{"osm_type":"node","osm_id":2018130820,"category":"theatre","name":"Dörtyol düğün salonu","wikidata":null,"wikipedia":null,"tags":{"addr:street":"Dörtyol","amenity":"theatre","name":"Dörtyol düğün salonu"}}},{"type":"Feature","id":"node/2035175003","geometry":{"type":"Point","coordinates":[32.4358849,34.8714105]},"properties":{"osm_type":"node","osm_id":2035175003,"category":"museum","name":"House of Adonis","wikidata":null,"wikipedia":null,"tags":{"name":"House of Adonis","tourism":"museum"}}},{"type":"Feature","id":"node/2085596503","geometry":{"type":"Point","coordinates":[33.9470349,35.1232267]},"properties":{"osm_type":"node","osm_id":2085596503,"category":"museum","name":"Canbulat Müzesi","wikidata":null,"wikipedia":null,"tags":{"image":"https://photos.app.goo.gl/3dwsVrDQoBiVjp2P6","name":"Canbulat Müzesi","tourism":"museum"}}},{"type":"Feature","id":"node/2085596504","geometry":{"type":"Point","coordinates":[33.9399054,35.1283826]},"properties":{"osm_type":"node","osm_id":2085596504,"category":"artwork","name":"Cumhuriyet Fazilettir","wikidata":null,"wikipedia":null,"tags":{"artwork_type":"bust","image":"https://photos.app.goo.gl/PrMve1BBi3VvDWWaA","memorial":"bust","name":"Cumhuriyet Fazilettir","tourism":"artwork"}}},{"type":"Feature","id":"node/2099032734","geometry":{"type":"Point","coordinates":[34.0653761,34.9617293]},"properties":{"osm_type":"node","osm_id":2099032734,"category":"artwork","name":"Birds","wikidata":null,"wikipedia":null,"tags":{"artist_name":"Philippos Yiapanis","artwork_type":"sculpture","name":"Birds","phone":"+357 99681177","start_date":"2000-01-01","tourism":"artwork","website":"https://www.yiapanis-sculptor.com/"}}},{"type":"Feature","id":"node/2129928038","geometry":{"type":"Point","coordinates":[33.3315357,35.1966037]},"properties":{"osm_type":"node","osm_id":2129928038,"category":"memorial","name":"Atatürk Heykeli","wikidata":null,"wikipedia":null,"tags":{"historic":"memorial","name":"Atatürk Heykeli"}}},{"type":"Feature","id":"node/2133025475","geometry":{"type":"Point","coordinates":[33.3259027,35.2060296]},"properties":{"osm_type":"node","osm_id":2133025475,"category":"monument","name":"TMT anıtı","wikidata":null,"wikipedia":null,"tags":{"historic":"monument","name":"TMT anıtı"}}},{"type":"Feature","id":"node/2140408997","geometry":{"type":"Point","coordinates":[33.3227633,35.210031]},"properties":{"osm_type":"node","osm_id":2140408997,"category":"monument","name":"Gönyeli","wikidata":null,"wikipedia":null,"tags":{"addr:postcode":"99150","historic":"monument","name":"Gönyeli","name:el":"Gönyeli","name:en":"Gönyeli","name:tr":"Gönyeli"}}},{"type":"Feature","id":"node/2151133560","geometry":{"type":"Point","coordinates":[33.3226775,35.3417159]},"properties":{"osm_type":"node","osm_id":2151133560,"category":"museum","name":"Shipwreck museum","wikidata":"Q2234980","wikipedia":"en:Kyrenia ship","tags":{"name":"Shipwreck museum","name:de":"Schiffswrackmuseum","tourism":"museum","wheelchair":"no","wikidata":"Q2234980","wikipedia":"en:Kyrenia ship"}}},{"type":"Feature","id":"node/2163060341","geometry":{"type":"Point","coordinates":[33.3627584,35.1608911]},"properties":{"osm_type":"node","osm_id":2163060341,"category":"theatre","name":"Russian Cultural Centre","wikidata":null,"wikipedia":null,"tags":{"amenity":"theatre","name":"Russian Cultural Centre"}}},{"type":"Feature","id":"node/2183888597","geometry":{"type":"Point","coordinates":[34.1537007,35.4344876]},"properties":{"osm_type":"node","osm_id":2183888597,"category":"ruins","name":"Tombs","wikidata":null,"wikipedia":null,"tags":{"historic":"ruins","name":"Tombs"}}},{"type":"Feature","id":"node/2184403196","geometry":{"type":"Point","coordinates":[33.2079874,35.347283]},"properties":{"osm_type":"node","osm_id":2184403196,"category":"monument","name":"Alsancak Kadın Heykeli","wikidata":null,"wikipedia":null,"tags":{"historic":"monument","name":"Alsancak Kadın Heykeli","name:en":"Alsancak Golden Lady Monument","name:tr":"Alsancak Kadın Heykeli"}}},{"type":"Feature","id":"node/2267767671","geometry":{"type":"Point","coordinates":[32.3191827,34.9030344]},"properties":{"osm_type":"node","osm_id":2267767671,"category":"ruins","name":"Agios","wikidata":null,"wikipedia":null,"tags":{"historic":"ruins","name":"Agios","name:ru":"церковь Агиос на мысе Дрепано","tourism":"attraction"}}},{"type":"Feature","id":"node/2287336592","geometry":{"type":"Point","coordinates":[34.2654025,35.5537583]},"properties":{"osm_type":"node","osm_id":2287336592,"category":"archaeological_site","name":"Bronze Age Statues","wikidata":null,"wikipedia":null,"tags":{"historic":"archaeological_site","name":"Bronze Age Statues"}}},{"type":"Feature","id":"node/2298748734","geometry":{"type":"Point","coordinates":[32.435952,34.9173613]},"properties":{"osm_type":"node","osm_id":2298748734,"category":"museum","name":"Wine Museum in Kathikas","wikidata":null,"wikipedia":null,"tags":{"name":"Wine Museum in Kathikas","name:ru":"Музей вина в Катикасе","tourism":"museum","website":"http://www.sternawinery.com/"}}},{"type":"Feature","id":"node/2313444061","geometry":{"type":"Point","coordinates":[32.5733193,34.707384]},"properties":{"osm_type":"node","osm_id":2313444061,"category":"ruins","name":"Roman house","wikidata":null,"wikipedia":null,"tags":{"historic":"ruins","name":"Roman house","name:en":"Roman house"}}},{"type":"Feature","id":"node/2334116037","geometry":{"type":"Point","coordinates":[33.4223003,35.1075491]},"properties":{"osm_type":"node","osm_id":2334116037,"category":"museum","name":"Folklor Museum","wikidata":null,"wikipedia":null,"tags":{"name":"Folklor Museum","tourism":"museum"}}},{"type":"Feature","id":"node/2361626701","geometry":{"type":"Point","coordinates":[34.2664406,35.5567085]},"properties":{"osm_type":"node","osm_id":2361626701,"category":"monument","name":"Church of Saint Marina at Pyrgos","wikidata":null,"wikipedia":null,"tags":{"historic":"monument","name":"Church of Saint Marina at Pyrgos"}}},{"type":"Feature","id":"node/2361630005","geometry":{"type":"Point","coordinates":[34.271498,35.550555]},"properties":{"osm_type":"node","osm_id":2361630005,"category":"monument","name":"Church of Saint Dimitrios","wikidata":null,"wikipedia":null,"tags":{"historic":"monument","name":"Church of Saint Dimitrios"}}},{"type":"Feature","id":"node/2361645146","geometry":{"type":"Point","coordinates":[34.2658425,35.5570751]},"properties":{"osm_type":"node","osm_id":2361645146,"category":"ruins","name":"Medieval cistern","wikidata":null,"wikipedia":null,"tags":{"historic":"ruins","name":"Medieval cistern"}}},{"type":"Feature","id":"node/2361682184","geometry":{"type":"Point","coordinates":[34.3786349,35.5547493]},"properties":{"osm_type":"node","osm_id":2361682184,"category":"ruins","name":"Church of the Panayia Daphnonda","wikidata":null,"wikipedia":null,"tags":{"historic":"ruins","name":"Church of the Panayia Daphnonda"}}},{"type":"Feature","id":"node/2361683150","geometry":{"type":"Point","coordinates":[34.3750032,35.5621985]},"properties":{"osm_type":"node","osm_id":2361683150,"category":"ruins","name":"Church of Saint George","wikidata":null,"wikipedia":null,"tags":{"historic":"ruins","name":"Church of Saint George"}}},{"type":"Feature","id":"node/2361727364","geometry":{"type":"Point","coordinates":[34.3325008,35.5449944]},"properties":{"osm_type":"node","osm_id":2361727364,"category":"ruins","name":"Church of the Panayia Syka","wikidata":null,"wikipedia":null,"tags":{"historic":"ruins","name":"Church of the Panayia Syka"}}},{"type":"Feature","id":"node/2361728843","geometry":{"type":"Point","coordinates":[34.3231505,35.5442136]},"properties":{"osm_type":"node","osm_id":2361728843,"category":"ruins","name":"Church of Saint George at Sykada","wikidata":null,"wikipedia":null,"tags":{"historic":"ruins","name":"Church of Saint George at Sykada"}}},{"type":"Feature","id":"node/2377844120","geometry":{"type":"Point","coordinates":[34.309581,35.5189828]},"properties":{"osm_type":"node","osm_id":2377844120,"category":"archaeological_site","name":"Kral Tepe / Vassili Hill Bronze age site","wikidata":null,"wikipedia":null,"tags":{"historic":"archaeological_site","name":"Kral Tepe / Vassili Hill Bronze age site"}}},{"type":"Feature","id":"node/2397213528","geometry":{"type":"Point","coordinates":[33.3451147,34.7669134]},"properties":{"osm_type":"node","osm_id":2397213528,"category":"historic","name":"Lord Kitchener's Office","wikidata":null,"wikipedia":null,"tags":{"historic":"Old Building","name":"Lord Kitchener's Office"}}},{"type":"Feature","id":"node/2408907953","geometry":{"type":"Point","coordinates":[33.6357463,34.9084866]},"properties":{"osm_type":"node","osm_id":2408907953,"category":"artwork","name":"Cornaro Institute (Cyprus College of Art)","wikidata":null,"wikipedia":null,"tags":{"name":"Cornaro Institute (Cyprus College of Art)","tourism":"artwork"}}},{"type":"Feature","id":"node/2514233921","geometry":{"type":"Point","coordinates":[33.9540083,34.9811402]},"properties":{"osm_type":"node","osm_id":2514233921,"category":"archaeological_site","name":"Makronissos Tombs","wikidata":"Q109590548","wikipedia":null,"tags":{"historic":"archaeological_site","name":"Makronissos Tombs","name:ru":"Скальные гробницы Макронисос","name:uk":"Скельні гробниці Макронісос (Makronissos Tombs)","wikidata":"Q109590548"}}},{"type":"Feature","id":"node/2518653181","geometry":{"type":"Point","coordinates":[33.5050877,35.2821219]},"properties":{"osm_type":"node","osm_id":2518653181,"category":"ruins","name":"Monastary Viran Kilise","wikidata":null,"wikipedia":null,"tags":{"historic":"ruins","name":"Monastary Viran Kilise","name:en":"Panagia Plataniotissa"}}},{"type":"Feature","id":"node/2532421749","geometry":{"type":"Point","coordinates":[32.7322863,34.9837775]},"properties":{"osm_type":"node","osm_id":2532421749,"category":"memorial","name":"Makarios III","wikidata":null,"wikipedia":null,"tags":{"historic":"memorial","memorial":"statue","name":"Makarios III","name:el":"Μον Κυκκου","name:ru":"Памятник президенту Макариусу"}}},{"type":"Feature","id":"node/2543297336","geometry":{"type":"Point","coordinates":[33.2059369,34.9124664]},"properties":{"osm_type":"node","osm_id":2543297336,"category":"ruins","name":"Kamini","wikidata":null,"wikipedia":null,"tags":{"historic":"ruins","name":"Kamini"}}},{"type":"Feature","id":"node/2550432517","geometry":{"type":"Point","coordinates":[33.9832521,35.0395894]},"properties":{"osm_type":"node","osm_id":2550432517,"category":"memorial","name":"Markoy","wikidata":null,"wikipedia":null,"tags":{"historic":"memorial","memorial":"statue","name":"Markoy"}}},{"type":"Feature","id":"node/2555676900","geometry":{"type":"Point","coordinates":[32.9877702,34.9645231]},"properties":{"osm_type":"node","osm_id":2555676900,"category":"memorial","name":"E.O.K.A 6.10.1958","wikidata":null,"wikipedia":null,"tags":{"historic":"memorial","material":"stone","memorial":"stele","name":"E.O.K.A 6.10.1958"}}},{"type":"Feature","id":"node/2598516274","geometry":{"type":"Point","coordinates":[32.5549753,35.0894521]},"properties":{"osm_type":"node","osm_id":2598516274,"category":"ruins","name":"Gialia Monastery","wikidata":"Q2066634","wikipedia":"en:Gialia Monastery","tags":{"historic":"ruins","name":"Gialia Monastery","name:en":"Gialia Monastery","name:ka":"ღალიის მონასტერი","name:ru":"Монастырь Галия","name:tr":"Yalya Manastırı","religion":"christian","ruins":"monastery","tourism":"attraction","website":"https://dspace.nplg.gov.ge/bitstream/1234/137265/1/GaliisKartveltaMonasteriKundzulKviprosze.pdf","wikidata":"Q2066634","wikipedia":"en:Gialia Monastery"}}},{"type":"Feature","id":"node/2647748319","geometry":{"type":"Point","coordinates":[32.5570665,35.0903448]},"properties":{"osm_type":"node","osm_id":2647748319,"category":"ruins","name":"Agios Nicolaos","wikidata":null,"wikipedia":null,"tags":{"historic":"ruins","name":"Agios Nicolaos","ruins":"church"}}},{"type":"Feature","id":"node/2648172865","geometry":{"type":"Point","coordinates":[33.1489887,34.7133288]},"properties":{"osm_type":"node","osm_id":2648172865,"category":"archaeological_site","name":"Amathus necropolis","wikidata":null,"wikipedia":null,"tags":{"historic":"archaeological_site","name":"Amathus necropolis"}}},{"type":"Feature","id":"node/2648542088","geometry":{"type":"Point","coordinates":[33.6322348,34.9189774]},"properties":{"osm_type":"node","osm_id":2648542088,"category":"theatre","name":"Παττίχειο Δημοτικό Θέατρο «Σκάλα»","wikidata":null,"wikipedia":null,"tags":{"amenity":"theatre","name":"Παττίχειο Δημοτικό Θέατρο «Σκάλα»","name:en":"Pattichion Municipal Theater \"Skala\""}}},{"type":"Feature","id":"node/2649148733","geometry":{"type":"Point","coordinates":[34.3979381,35.6347284]},"properties":{"osm_type":"node","osm_id":2649148733,"category":"archaeological_site","name":"Ayios Philon Roman harbor","wikidata":null,"wikipedia":null,"tags":{"historic":"archaeological_site","name":"Ayios Philon Roman harbor"}}},{"type":"Feature","id":"node/2717008097","geometry":{"type":"Point","coordinates":[33.0387708,34.6871215]},"properties":{"osm_type":"node","osm_id":2717008097,"category":"monument","name":"Stin Agonizomeni Mathitiosa Neolaia","wikidata":null,"wikipedia":null,"tags":{"historic":"monument","name":"Stin Agonizomeni Mathitiosa Neolaia"}}},{"type":"Feature","id":"node/2736673155","geometry":{"type":"Point","coordinates":[33.058279,34.689291]},"properties":{"osm_type":"node","osm_id":2736673155,"category":"memorial","name":"Τυρταίος Theodoros Potamitis","wikidata":null,"wikipedia":null,"tags":{"historic":"memorial","name":"Τυρταίος Theodoros Potamitis"}}},{"type":"Feature","id":"node/2744479382","geometry":{"type":"Point","coordinates":[33.0361911,34.6867639]},"properties":{"osm_type":"node","osm_id":2744479382,"category":"monument","name":"Makarious III","wikidata":null,"wikipedia":null,"tags":{"historic":"monument","name":"Makarious III"}}},{"type":"Feature","id":"node/2749815897","geometry":{"type":"Point","coordinates":[33.3671853,35.1898703]},"properties":{"osm_type":"node","osm_id":2749815897,"category":"arts_centre","name":"Mali Tattoo Studio","wikidata":null,"wikipedia":null,"tags":{"addr:city":"Lefkoşa Nicosia","addr:postcode":"99010","addr:street":"sehit nuh ahmet sokak","amenity":"arts_centre","name":"Mali Tattoo Studio","phone":"+90 533 840 53 75","website":"www.malitattoo.com"}}},{"type":"Feature","id":"node/2827601413","geometry":{"type":"Point","coordinates":[33.1712061,34.9595837]},"properties":{"osm_type":"node","osm_id":2827601413,"category":"heritage","name":"Φυκάρδου","wikidata":"Q5448228","wikipedia":null,"tags":{"heritage":"proposed","name":"Φυκάρδου","name:el":"Φυκάρδου","name:en":"Fikardou","name:hu":"Fikárdu","name:tr":"Fikardu","tourism":"attraction","website":"https://whc.unesco.org/en/tentativelists/1673/","wikidata":"Q5448228"}}},{"type":"Feature","id":"node/2972053691","geometry":{"type":"Point","coordinates":[32.3262798,35.0592374]},"properties":{"osm_type":"node","osm_id":2972053691,"category":"ruins","name":"Πύργος της Ρύγαινας","wikidata":null,"wikipedia":null,"tags":{"historic":"ruins","name":"Πύργος της Ρύγαινας","name:el":"Πύργος της Ρύγαινας","name:en":"Rigena Tower Ruins"}}},{"type":"Feature","id":"node/3000932276","geometry":{"type":"Point","coordinates":[33.4735958,35.3302032]},"properties":{"osm_type":"node","osm_id":3000932276,"category":"museum","name":"Marine Turtle Conservation Project","wikidata":null,"wikipedia":null,"tags":{"name":"Marine Turtle Conservation Project","tourism":"museum","website":"https://cyprusturtles.org"}}},{"type":"Feature","id":"node/3149613699","geometry":{"type":"Point","coordinates":[33.8996273,35.1766157]},"properties":{"osm_type":"node","osm_id":3149613699,"category":"archaeological_site","name":"Temple of Zeus","wikidata":null,"wikipedia":null,"tags":{"historic":"archaeological_site","name:cs":"Chrám boha Dia","name:en":"Temple of Zeus"}}},{"type":"Feature","id":"node/3256825283","geometry":{"type":"Point","coordinates":[33.3197174,35.3413492]},"properties":{"osm_type":"node","osm_id":3256825283,"category":"church","name":"Chrysopolitissa Church","wikidata":null,"wikipedia":null,"tags":{"historic":"church","name":"Chrysopolitissa Church"}}},{"type":"Feature","id":"node/3259891704","geometry":{"type":"Point","coordinates":[33.3191223,35.3406229]},"properties":{"osm_type":"node","osm_id":3259891704,"category":"historic","name":"Old Bazaar","wikidata":null,"wikipedia":null,"tags":{"amenity":"marketplace","historic":"yes","name":"Old Bazaar"}}},{"type":"Feature","id":"node/3269496906","geometry":{"type":"Point","coordinates":[33.3903446,35.321589]},"properties":{"osm_type":"node","osm_id":3269496906,"category":"theatre","name":"Erol Avgören","wikidata":null,"wikipedia":null,"tags":{"amenity":"theatre","name":"Erol Avgören"}}},{"type":"Feature","id":"node/3364645491","geometry":{"type":"Point","coordinates":[33.5894706,34.9022476]},"properties":{"osm_type":"node","osm_id":3364645491,"category":"archaeological_site","name":"Kamares (Bekir Pasha) Aqueduct","wikidata":null,"wikipedia":null,"tags":{"historic":"archaeological_site","name":"Kamares (Bekir Pasha) Aqueduct"}}},{"type":"Feature","id":"node/3391115443","geometry":{"type":"Point","coordinates":[32.5851656,35.1714688]},"properties":{"osm_type":"node","osm_id":3391115443,"category":"museum","name":"Μουσείο Ιστορίας Παχύαμμου","wikidata":null,"wikipedia":null,"tags":{"name":"Μουσείο Ιστορίας Παχύαμμου","name:el":"Μουσείο Ιστορίας Παχύαμμου","name:en":"Pachyammos History Museum","tourism":"museum"}}},{"type":"Feature","id":"node/3428920196","geometry":{"type":"Point","coordinates":[33.9977602,35.4110298]},"properties":{"osm_type":"node","osm_id":3428920196,"category":"museum","name":"Olive Oil Museum","wikidata":null,"wikipedia":null,"tags":{"name":"Olive Oil Museum","tourism":"museum"}}},{"type":"Feature","id":"node/3431374375","geometry":{"type":"Point","coordinates":[33.4387966,35.0632319]},"properties":{"osm_type":"node","osm_id":3431374375,"category":"monument","name":"Monument","wikidata":null,"wikipedia":null,"tags":{"historic":"monument","name":"Monument"}}},{"type":"Feature","id":"node/3439427538","geometry":{"type":"Point","coordinates":[32.5363993,34.9999766]},"properties":{"osm_type":"node","osm_id":3439427538,"category":"memorial","name":"Μνημείο Ευαγόρα Παλληκαρίδη","wikidata":null,"wikipedia":null,"tags":{"historic":"memorial","name":"Μνημείο Ευαγόρα Παλληκαρίδη"}}},{"type":"Feature","id":"node/3439433840","geometry":{"type":"Point","coordinates":[32.5293583,35.0113549]},"properties":{"osm_type":"node","osm_id":3439433840,"category":"historic","name":"EOKA hide outs","wikidata":null,"wikipedia":null,"tags":{"historic":"military_hideout","name":"EOKA hide outs","tourism":"attraction"}}},{"type":"Feature","id":"node/3447939193","geometry":{"type":"Point","coordinates":[33.2653388,35.1539053]},"properties":{"osm_type":"node","osm_id":3447939193,"category":"historic","name":"Avro Shackleton","wikidata":null,"wikipedia":null,"tags":{"historic":"aircraft_wreck","name":"Avro Shackleton"}}},{"type":"Feature","id":"node/3542650273","geometry":{"type":"Point","coordinates":[33.9379571,35.116559]},"properties":{"osm_type":"node","osm_id":3542650273,"category":"memorial","name":"Çanakkale Şehitlik Anıtı","wikidata":null,"wikipedia":null,"tags":{"historic":"memorial","memorial":"war_memorial","name":"Çanakkale Şehitlik Anıtı"}}},{"type":"Feature","id":"node/3542650274","geometry":{"type":"Point","coordinates":[33.9404929,35.1204169]},"properties":{"osm_type":"node","osm_id":3542650274,"category":"memorial","name":"İsmet İnönü Heykeli","wikidata":null,"wikipedia":null,"tags":{"historic":"memorial","memorial":"bust","name":"İsmet İnönü Heykeli"}}},{"type":"Feature","id":"node/3616747144","geometry":{"type":"Point","coordinates":[32.4944404,34.8510695]},"properties":{"osm_type":"node","osm_id":3616747144,"category":"museum","name":"Folklore","wikidata":null,"wikipedia":null,"tags":{"name":"Folklore","tourism":"museum"}}},{"type":"Feature","id":"node/3691836725","geometry":{"type":"Point","coordinates":[32.5453731,34.928188]},"properties":{"osm_type":"node","osm_id":3691836725,"category":"museum","name":"Folk Museum","wikidata":null,"wikipedia":null,"tags":{"name":"Folk Museum","tourism":"museum"}}},{"type":"Feature","id":"node/3691836825","geometry":{"type":"Point","coordinates":[32.5454231,34.9284048]},"properties":{"osm_type":"node","osm_id":3691836825,"category":"museum","name":"Textiles Museum","wikidata":null,"wikipedia":null,"tags":{"name":"Textiles Museum","tourism":"museum"}}},{"type":"Feature","id":"node/3860814653","geometry":{"type":"Point","coordinates":[32.9496481,34.9175603]},"properties":{"osm_type":"node","osm_id":3860814653,"category":"memorial","name":"EOKA 1955-1959","wikidata":null,"wikipedia":null,"tags":{"historic":"memorial","name":"EOKA 1955-1959"}}},{"type":"Feature","id":"node/3881935902","geometry":{"type":"Point","coordinates":[32.608385,34.6720827]},"properties":{"osm_type":"node","osm_id":3881935902,"category":"memorial","name":"Antony","wikidata":null,"wikipedia":null,"tags":{"historic":"memorial","memorial":"cross","name":"Antony"}}},{"type":"Feature","id":"node/3881935903","geometry":{"type":"Point","coordinates":[32.6134236,34.6682739]},"properties":{"osm_type":"node","osm_id":3881935903,"category":"memorial","name":"Oliver","wikidata":null,"wikipedia":null,"tags":{"historic":"memorial","memorial":"cross","name":"Oliver"}}},{"type":"Feature","id":"node/4003285651","geometry":{"type":"Point","coordinates":[33.8822554,35.1754359]},"properties":{"osm_type":"node","osm_id":4003285651,"category":"memorial","name":"Catacumba de San Bernabé","wikidata":null,"wikipedia":null,"tags":{"historic":"memorial","name":"Catacumba de San Bernabé"}}},{"type":"Feature","id":"node/4003285688","geometry":{"type":"Point","coordinates":[33.8816467,35.1750648]},"properties":{"osm_type":"node","osm_id":4003285688,"category":"archaeological_site","name":"Royal Tombs of Salamis","wikidata":null,"wikipedia":null,"tags":{"historic":"archaeological_site","name":"Royal Tombs of Salamis","name:en":"Св. Варнавы"}}},{"type":"Feature","id":"node/4010158535","geometry":{"type":"Point","coordinates":[32.8655124,34.8888395]},"properties":{"osm_type":"node","osm_id":4010158535,"category":"monument","name":"Andreas Paraskevas Memorial","wikidata":null,"wikipedia":null,"tags":{"historic":"monument","name":"Andreas Paraskevas Memorial"}}},{"type":"Feature","id":"node/4018102395","geometry":{"type":"Point","coordinates":[33.4244181,35.0142035]},"properties":{"osm_type":"node","osm_id":4018102395,"category":"archaeological_site","name":"Point 6: Sanctuary of Athena","wikidata":null,"wikipedia":null,"tags":{"historic":"archaeological_site","name":"Point 6: Sanctuary of Athena"}}},{"type":"Feature","id":"node/4075499693","geometry":{"type":"Point","coordinates":[33.3541605,35.172998]},"properties":{"osm_type":"node","osm_id":4075499693,"category":"memorial","name":"Γιούρι Γκαγκάριν","wikidata":"Q117089089","wikipedia":null,"tags":{"alt_name":"Juri Gagarin","historic":"memorial","memorial":"bust","name":"Γιούρι Γκαγκάριν","name:el":"Γιούρι Γκαγκάριν","name:en":"Yuri Gagarin","name:es":"Yuri Gagarin","start_date":"2013-04","wikidata":"Q117089089"}}},{"type":"Feature","id":"node/4075501189","geometry":{"type":"Point","coordinates":[33.3537782,35.1723719]},"properties":{"osm_type":"node","osm_id":4075501189,"category":"memorial","name":"Μαχάτμα Γκάντι","wikidata":null,"wikipedia":null,"tags":{"historic":"memorial","memorial":"bust","name":"Μαχάτμα Γκάντι","name:el":"Μαχάτμα Γκάντι","name:en":"Mahatma Gandhi"}}},{"type":"Feature","id":"node/4078506209","geometry":{"type":"Point","coordinates":[33.0081304,34.9639445]},"properties":{"osm_type":"node","osm_id":4078506209,"category":"monument","name":"War memorial","wikidata":null,"wikipedia":null,"tags":{"historic":"monument","name":"War memorial"}}},{"type":"Feature","id":"node/4095978589","geometry":{"type":"Point","coordinates":[33.7825207,35.4048827]},"properties":{"osm_type":"node","osm_id":4095978589,"category":"museum","name":"Panagia Pergaminiotissa Kirche","wikidata":null,"wikipedia":null,"tags":{"name":"Panagia Pergaminiotissa Kirche","tourism":"museum"}}},{"type":"Feature","id":"node/4115136002","geometry":{"type":"Point","coordinates":[33.9444471,35.1255505]},"properties":{"osm_type":"node","osm_id":4115136002,"category":"historic","name":null,"wikidata":"Q18819321","wikipedia":null,"tags":{"historic":"monastery","name:de":"Antoniterkloster","religion":"christian","tourism":"attraction","wikidata":"Q18819321"}}},{"type":"Feature","id":"node/4228446593","geometry":{"type":"Point","coordinates":[33.6363974,34.9161627]},"properties":{"osm_type":"node","osm_id":4228446593,"category":"museum","name":"Pierides Museum - Bank of Cyprus Cultural Foundation","wikidata":"Q7191889","wikipedia":"en:Pierides Museum","tags":{"addr:housenumber":"4","addr:postcode":"6023","addr:street":"Zinonos Kitieos","name":"Pierides Museum - Bank of Cyprus Cultural Foundation","name:de":"Pierides Museum","opening_hours":"Mo-Th 09:00-16:00; Fr-Sa 09:00-13:00","phone":"0035724145375","tourism":"museum","website":"https://www.boccf.org/el-gr/boccf/museums-collections/mouseio-pieride/","wikidata":"Q7191889","wikipedia":"en:Pierides Museum"}}},{"type":"Feature","id":"node/4248118494","geometry":{"type":"Point","coordinates":[32.4207622,34.7726555]},"properties":{"osm_type":"node","osm_id":4248118494,"category":"artwork","name":"Ming","wikidata":null,"wikipedia":null,"tags":{"name":"Ming","tourism":"artwork"}}},{"type":"Feature","id":"node/4264568901","geometry":{"type":"Point","coordinates":[33.595713,34.9313121]},"properties":{"osm_type":"node","osm_id":4264568901,"category":"artwork","name":"all glass","wikidata":null,"wikipedia":null,"tags":{"name":"all glass","tourism":"artwork"}}},{"type":"Feature","id":"node/4273070192","geometry":{"type":"Point","coordinates":[33.3614335,35.174427]},"properties":{"osm_type":"node","osm_id":4273070192,"category":"monument","name":"ΨΗΦΙΣΜΑ","wikidata":null,"wikipedia":null,"tags":{"historic":"monument","image":"https://photos.app.goo.gl/iQNfWmN7DafEDJNo8","name":"ΨΗΦΙΣΜΑ","name:el":"Μνημείο Ανθρωπίνων Δικαιωμάτων","name:en":"Peace","name:es":"Monumento a los Derechos Humanos"}}},{"type":"Feature","id":"node/4336720285","geometry":{"type":"Point","coordinates":[33.3617446,35.1818676]},"properties":{"osm_type":"node","osm_id":4336720285,"category":"monument","name":"Atatürk Anıtı","wikidata":null,"wikipedia":null,"tags":{"historic":"monument","name":"Atatürk Anıtı"}}},{"type":"Feature","id":"node/4338033182","geometry":{"type":"Point","coordinates":[33.3131151,35.3416656]},"properties":{"osm_type":"node","osm_id":4338033182,"category":"monument","name":"Atatürk Anıtı","wikidata":null,"wikipedia":null,"tags":{"historic":"monument","name":"Atatürk Anıtı"}}},{"type":"Feature","id":"node/4338033566","geometry":{"type":"Point","coordinates":[33.3589654,35.1821132]},"properties":{"osm_type":"node","osm_id":4338033566,"category":"monument","name":"Şehitler Anıtı","wikidata":null,"wikipedia":null,"tags":{"historic":"monument","name":"Şehitler Anıtı","name:es":"Monumento a los Mártires"}}},{"type":"Feature","id":"node/4354609213","geometry":{"type":"Point","coordinates":[33.9177875,35.0370316]},"properties":{"osm_type":"node","osm_id":4354609213,"category":"memorial","name":"πεσοντες 1974","wikidata":null,"wikipedia":null,"tags":{"historic":"memorial","name":"πεσοντες 1974"}}},{"type":"Feature","id":"node/4359649090","geometry":{"type":"Point","coordinates":[33.5599971,35.1535021]},"properties":{"osm_type":"node","osm_id":4359649090,"category":"memorial","name":"Orunta Çiftlik","wikidata":null,"wikipedia":null,"tags":{"historic":"memorial","name":"Orunta Çiftlik","name:en":"Ornithi Farm","name:tr":"Orunta Çiftlik"}}},{"type":"Feature","id":"node/4364210290","geometry":{"type":"Point","coordinates":[33.6095598,35.1654907]},"properties":{"osm_type":"node","osm_id":4364210290,"category":"memorial","name":"Neo Kimitirio Assia","wikidata":null,"wikipedia":null,"tags":{"historic":"memorial","name":"Neo Kimitirio Assia","name:en":"Neo Kimitirio Assia"}}},{"type":"Feature","id":"node/4364211492","geometry":{"type":"Point","coordinates":[33.6081212,35.1591903]},"properties":{"osm_type":"node","osm_id":4364211492,"category":"monument","name":"Spiti Menioi","wikidata":null,"wikipedia":null,"tags":{"historic":"monument","name":"Spiti Menioi","name:en":"Spiti Menioi"}}},{"type":"Feature","id":"node/4400727589","geometry":{"type":"Point","coordinates":[33.6326677,34.8942689]},"properties":{"osm_type":"node","osm_id":4400727589,"category":"memorial","name":"Hellenic Forces in Cyprus Memorial Park (EL. DY. K.)","wikidata":null,"wikipedia":null,"tags":{"historic":"memorial","memorial":"war_memorial","name":"Hellenic Forces in Cyprus Memorial Park (EL. DY. K.)"}}},{"type":"Feature","id":"node/4426253791","geometry":{"type":"Point","coordinates":[33.3436458,35.153202]},"properties":{"osm_type":"node","osm_id":4426253791,"category":"artwork","name":"Elliagne - Creative & Strategic Branding Agency","wikidata":null,"wikipedia":null,"tags":{"name":"Elliagne - Creative & Strategic Branding Agency","name:en":"Elliagne - Creative & Strategic Branding Agency","tourism":"artwork"}}},{"type":"Feature","id":"node/4437658090","geometry":{"type":"Point","coordinates":[33.3061589,34.8652454]},"properties":{"osm_type":"node","osm_id":4437658090,"category":"museum","name":"Τοπικο Μουσείο Παραδοσιακής Κεντητικής και Αργυροχοΐας-Λεύκαρα","wikidata":null,"wikipedia":null,"tags":{"addr:city":"Πάνω Λεύκαρα","addr:housenumber":"9","addr:postcode":"7700","addr:street":"Ξένη Αναστασιαδη","email":"info@lefkara.org.cy","name":"Τοπικο Μουσείο Παραδοσιακής Κεντητικής και Αργυροχοΐας-Λεύκαρα","name:el":"Τοπικό Μουσείο Παραδοσιακής Κεντητικής και Αργυροχοΐας-Λεύκαρα","name:en":"Museum of Folk Art, Embroidery and Silversmithing Lefkara","name:prefix":"Οδός","opening_hours":"Mo-Su 08:30-16:00","operator":"Department of Antiquities","phone":"+357 24 342422","tourism":"museum","website":"https://www.lefkara.org.cy/en/visitors/guided-tour/museum-of-lefkara","wheelchair":"no"}}},{"type":"Feature","id":"node/4447248689","geometry":{"type":"Point","coordinates":[32.3191244,34.9030718]},"properties":{"osm_type":"node","osm_id":4447248689,"category":"memorial","name":"Necropolis. Graves","wikidata":null,"wikipedia":null,"tags":{"historic":"memorial","name":"Necropolis. Graves","name:en":"Necropolis. Graves"}}},{"type":"Feature","id":"node/4464814997","geometry":{"type":"Point","coordinates":[34.0169977,34.9856818]},"properties":{"osm_type":"node","osm_id":4464814997,"category":"museum","name":"Πάρκο Γλυπτικής Δήμου Αγίας Νάπας","wikidata":"Q109588356","wikipedia":null,"tags":{"name":"Πάρκο Γλυπτικής Δήμου Αγίας Νάπας","name:el":"Πάρκο Γλυπτικής Δήμου Αγίας Νάπας","name:en":"Ayia Napa International sculpture symposium","name:ru":"Парк скульптур","name:tr":"Ayia Napa International sculpture symposium","opening_hours":"PH,Mo-Su 08:00-24:00+","tourism":"museum","wikidata":"Q109588356"}}},{"type":"Feature","id":"node/4484309790","geometry":{"type":"Point","coordinates":[33.0426953,34.6728117]},"properties":{"osm_type":"node","osm_id":4484309790,"category":"theatre","name":"Theatro Ena","wikidata":null,"wikipedia":null,"tags":{"amenity":"theatre","name":"Theatro Ena","name:en":"Theatro Ena"}}},{"type":"Feature","id":"node/4500648289","geometry":{"type":"Point","coordinates":[33.0457876,34.6795516]},"properties":{"osm_type":"node","osm_id":4500648289,"category":"theatre","name":"Rialto","wikidata":"Q42991031","wikipedia":null,"tags":{"addr:housenumber":"19","addr:postcode":"3040","addr:street":"Andrea Drousioti","amenity":"theatre","name":"Rialto","name:en":"Rialto","wikidata":"Q42991031"}}},{"type":"Feature","id":"node/4552450191","geometry":{"type":"Point","coordinates":[33.910339,35.153077]},"properties":{"osm_type":"node","osm_id":4552450191,"category":"memorial","name":"Caraolus","wikidata":null,"wikipedia":null,"tags":{"historic":"memorial","name":"Caraolus"}}},{"type":"Feature","id":"node/4552484292","geometry":{"type":"Point","coordinates":[33.544267,34.8569142]},"properties":{"osm_type":"node","osm_id":4552484292,"category":"artwork","name":"Alexandros","wikidata":null,"wikipedia":null,"tags":{"name":"Alexandros","tourism":"artwork"}}},{"type":"Feature","id":"node/4557557192","geometry":{"type":"Point","coordinates":[33.358387,35.172869]},"properties":{"osm_type":"node","osm_id":4557557192,"category":"museum","name":"Μουσείο Ιστορικής Μοτοσικλέτας Κύπρου","wikidata":"Q5200446","wikipedia":"en:Cyprus Classic Motorcycle Museum","tags":{"addr:city":"Λευκωσία","addr:housenumber":"44","addr:postcode":"1010","addr:street":"Γρανικού","name":"Μουσείο Ιστορικής Μοτοσικλέτας Κύπρου","name:el":"Μουσείο Ιστορικής Μοτοσικλέτας Κύπρου","name:en":"Cyprus Classic Motorcycle Museum","opening_hours":"Mo-Fr 10:00-17:30; Sa 10:00-13:00; Su,PH Off","operator":"Andreas Nicolaou","phone":"+357 99 543 215;+357 22 680 222","start_date":"1980","tourism":"museum","website":"https://cyclassicmotormuseum.wixsite.com/cyclassicmotormuseum","wikidata":"Q5200446","wikipedia":"en:Cyprus Classic Motorcycle Museum"}}},{"type":"Feature","id":"node/4564925920","geometry":{"type":"Point","coordinates":[33.3559203,35.1648985]},"properties":{"osm_type":"node","osm_id":4564925920,"category":"archaeological_site","name":"Agios Georgios Archaeological site - Ledroi","wikidata":null,"wikipedia":null,"tags":{"addr:city":"Nicosia","addr:housenumber":"3","addr:street":"Λεωφόρος Δημοσθένη Σεβέρη","historic":"archaeological_site","name":"Agios Georgios Archaeological site - Ledroi","website":"http://public.cyi.ac.cy/starcRepo/explore/objects"}}},{"type":"Feature","id":"node/4568188013","geometry":{"type":"Point","coordinates":[32.8302202,35.0002825]},"properties":{"osm_type":"node","osm_id":4568188013,"category":"monument","name":"Monument dedicated to hero Charalambos Casparis","wikidata":null,"wikipedia":null,"tags":{"historic":"monument","name":"Monument dedicated to hero Charalambos Casparis"}}},{"type":"Feature","id":"node/4569306881","geometry":{"type":"Point","coordinates":[32.4141449,34.7551759]},"properties":{"osm_type":"node","osm_id":4569306881,"category":"artwork","name":"Little Fisherman 2016","wikidata":null,"wikipedia":null,"tags":{"artwork_type":"statue","name":"Little Fisherman 2016","name:en":"Little Fisherman 2016","name:ru":"Маленький моряк 2016","tourism":"artwork"}}},{"type":"Feature","id":"node/4579313096","geometry":{"type":"Point","coordinates":[32.9192958,34.6748271]},"properties":{"osm_type":"node","osm_id":4579313096,"category":"artwork","name":"Pete's House of invention.","wikidata":null,"wikipedia":null,"tags":{"name":"Pete's House of invention.","name:en":"Pete's House of invention.","tourism":"artwork"}}},{"type":"Feature","id":"node/4579772063","geometry":{"type":"Point","coordinates":[32.3940716,34.8034564]},"properties":{"osm_type":"node","osm_id":4579772063,"category":"artwork","name":"General George Grivas-Dhigenis","wikidata":null,"wikipedia":null,"tags":{"artwork_type":"statue","name":"General George Grivas-Dhigenis","name:el":"Στρατηγος Γεωργιος Γριβας-Διγενης","name:en":"General George Grivas-Dhigenis","tourism":"artwork"}}},{"type":"Feature","id":"node/4580756497","geometry":{"type":"Point","coordinates":[33.0224267,34.7068551]},"properties":{"osm_type":"node","osm_id":4580756497,"category":"museum","name":"Archaeological Museum","wikidata":null,"wikipedia":null,"tags":{"name":"Archaeological Museum","name:ru":"Археологический музей","tourism":"museum"}}},{"type":"Feature","id":"node/4580824096","geometry":{"type":"Point","coordinates":[32.4124774,34.7613234]},"properties":{"osm_type":"node","osm_id":4580824096,"category":"tomb","name":"Χριστιανική Κατακόμβη της Αγίας Σολομωνής","wikidata":null,"wikipedia":null,"tags":{"amenity":"place_of_worship","historic":"tomb","name":"Χριστιανική Κατακόμβη της Αγίας Σολομωνής","name:el":"Χριστιανική Κατακόμβη της Αγίας Σολομωνής","name:en":"Agia Solomoni Catacombs","name:ru":"Катакомбы Святой Соломонии","tomb":"rock-cut","tourism":"attraction","website":"https://www.visitcyprus.com/discover-cyprus/culture/sites-and-monuments/agia-solomoni-christian-catacomb/"}}},{"type":"Feature","id":"node/4585235460","geometry":{"type":"Point","coordinates":[32.9210303,34.8255291]},"properties":{"osm_type":"node","osm_id":4585235460,"category":"museum","name":"Wine press museum","wikidata":null,"wikipedia":null,"tags":{"name":"Wine press museum","name:en":"Wine press museum","tourism":"museum"}}},{"type":"Feature","id":"node/4585237545","geometry":{"type":"Point","coordinates":[32.9206278,34.8250728]},"properties":{"osm_type":"node","osm_id":4585237545,"category":"museum","name":"Comandaria museum","wikidata":null,"wikipedia":null,"tags":{"name":"Comandaria museum","name:en":"Comandaria museum","tourism":"museum"}}},{"type":"Feature","id":"node/4587053390","geometry":{"type":"Point","coordinates":[33.0239151,34.6733433]},"properties":{"osm_type":"node","osm_id":4587053390,"category":"artwork","name":"Sigma Packaging","wikidata":null,"wikipedia":null,"tags":{"name":"Sigma Packaging","tourism":"artwork"}}},{"type":"Feature","id":"node/4590823558","geometry":{"type":"Point","coordinates":[32.4030545,34.754046]},"properties":{"osm_type":"node","osm_id":4590823558,"category":"artwork","name":"Views of Infinity","wikidata":null,"wikipedia":null,"tags":{"artist_name":"Charis Paspallis","artwork_type":"sculpture","name":"Views of Infinity","tourism":"artwork"}}},{"type":"Feature","id":"node/4611331638","geometry":{"type":"Point","coordinates":[33.3268651,35.2250128]},"properties":{"osm_type":"node","osm_id":4611331638,"category":"artwork","name":"AkademiAda Metal Heykel","wikidata":null,"wikipedia":null,"tags":{"artwork_type":"sculpture","image":"https://photos.app.goo.gl/uUCJnhdk7jzuomHY7","name":"AkademiAda Metal Heykel","tourism":"artwork"}}},{"type":"Feature","id":"node/4649061191","geometry":{"type":"Point","coordinates":[33.8497665,35.031548]},"properties":{"osm_type":"node","osm_id":4649061191,"category":"monument","name":"Memorial 1955-1959","wikidata":null,"wikipedia":null,"tags":{"historic":"monument","name":"Memorial 1955-1959","name:en":"Memorial 1955-1959","name:ru":"Мемориал 1955-1959"}}},{"type":"Feature","id":"node/4704977791","geometry":{"type":"Point","coordinates":[33.0807995,35.3454546]},"properties":{"osm_type":"node","osm_id":4704977791,"category":"monument","name":"Kardeş ağaçlar","wikidata":null,"wikipedia":null,"tags":{"historic":"monument","name":"Kardeş ağaçlar","name:tr":"Kardeş ağaçlar"}}},{"type":"Feature","id":"node/4753482621","geometry":{"type":"Point","coordinates":[33.3689662,35.175824]},"properties":{"osm_type":"node","osm_id":4753482621,"category":"theatre","name":"The Shoe Factory","wikidata":null,"wikipedia":null,"tags":{"addr:city":"Λευκωσία","addr:housenumber":"304","addr:postcode":"1017","addr:street":"Ερμού","amenity":"theatre","name":"The Shoe Factory","name:en":"The Shoe Factory"}}},{"type":"Feature","id":"node/4758370208","geometry":{"type":"Point","coordinates":[33.0502758,34.6769811]},"properties":{"osm_type":"node","osm_id":4758370208,"category":"artwork","name":"Birth","wikidata":null,"wikipedia":null,"tags":{"artist_name":"Maria Kyprianou","artwork_type":"sculpture","name":"Birth","tourism":"artwork"}}},{"type":"Feature","id":"node/4764121525","geometry":{"type":"Point","coordinates":[33.6335873,34.9187202]},"properties":{"osm_type":"node","osm_id":4764121525,"category":"memorial","name":"Monument to Mihalakis Parides","wikidata":null,"wikipedia":null,"tags":{"historic":"memorial","name":"Monument to Mihalakis Parides","name:en":"Monument to Mihalakis Parides","name:ru":"Памятник Михалакису Паридесу"}}},{"type":"Feature","id":"node/4764121924","geometry":{"type":"Point","coordinates":[33.6338191,34.9186492]},"properties":{"osm_type":"node","osm_id":4764121924,"category":"memorial","name":"Monument Sofia Gambon","wikidata":null,"wikipedia":null,"tags":{"historic":"memorial","memorial":"sculpture","name":"Monument Sofia Gambon","name:en":"Monument Sofia Gambon","name:ru":"Памятник Софие Гамбон"}}},{"type":"Feature","id":"node/4764579122","geometry":{"type":"Point","coordinates":[33.6379273,34.9112792]},"properties":{"osm_type":"node","osm_id":4764579122,"category":"memorial","name":"Venetian Lion","wikidata":"Q70004943","wikipedia":null,"tags":{"historic":"memorial","memorial":"sculpture","name":"Venetian Lion","name:ru":"Венецианский Лев","wikidata":"Q70004943"}}},{"type":"Feature","id":"node/4764613421","geometry":{"type":"Point","coordinates":[33.638447,34.9163292]},"properties":{"osm_type":"node","osm_id":4764613421,"category":"memorial","name":"Monument to the victims of the Armenian Genocide","wikidata":"Q4793189","wikipedia":null,"tags":{"historic":"memorial","memorial":"sculpture","name":"Monument to the victims of the Armenian Genocide","name:en":"Monument to the victims of the Armenian Genocide","name:ru":"Памятник жертвам геноцида армян","wikidata":"Q4793189"}}},{"type":"Feature","id":"node/4771321426","geometry":{"type":"Point","coordinates":[32.4068783,34.75417]},"properties":{"osm_type":"node","osm_id":4771321426,"category":"artwork","name":"Sol Alter","wikidata":"Q116810124","wikipedia":null,"tags":{"artist_name":"Yiota Ioannidou","artwork_type":"sculpture","name":"Sol Alter","name:ru":"Женщина на камне","tourism":"artwork","wikidata":"Q116810124"}}},{"type":"Feature","id":"node/4836301324","geometry":{"type":"Point","coordinates":[32.7919835,34.7766146]},"properties":{"osm_type":"node","osm_id":4836301324,"category":"monument","name":"Παλιό Οκτατάξιο Σχολείο","wikidata":null,"wikipedia":null,"tags":{"historic":"monument","name":"Παλιό Οκτατάξιο Σχολείο","name:el":"Παλιό Οκτατάξιο Σχολείο","name:en":"Old Pachna High school"}}},{"type":"Feature","id":"node/4836301329","geometry":{"type":"Point","coordinates":[32.7875867,34.7891365]},"properties":{"osm_type":"node","osm_id":4836301329,"category":"monument","name":"Άγιος Γεώργιος Σκλήνικα","wikidata":null,"wikipedia":null,"tags":{"historic":"monument","name":"Άγιος Γεώργιος Σκλήνικα","name:el":"Άγιος Γεώργιος Σκλήνικα","name:en":"St George church of lost medieval village Sklinikas"}}},{"type":"Feature","id":"node/4836301522","geometry":{"type":"Point","coordinates":[32.7960108,34.780902]},"properties":{"osm_type":"node","osm_id":4836301522,"category":"monument","name":"Παρεκκλήσι του Αγίου Γεωργίου ή Αγίου Δημητρίου","wikidata":null,"wikipedia":null,"tags":{"historic":"monument","name":"Παρεκκλήσι του Αγίου Γεωργίου ή Αγίου Δημητρίου","name:el":"Παρεκκλήσι του Αγίου Γεωργίου ή Αγίου Δημητρίου","name:en":"Chapel of Agios Georgios or Agios Dimitrios"}}},{"type":"Feature","id":"node/4841547321","geometry":{"type":"Point","coordinates":[32.9930139,34.6656093]},"properties":{"osm_type":"node","osm_id":4841547321,"category":"museum","name":"Μουσείο Ιστορικού και Κλασσικού Αυτοκινήτου","wikidata":"Q111918991","wikipedia":null,"tags":{"addr:city":"Λεμεσός","addr:housenumber":"6","addr:postcode":"3056","addr:street":"Επιμυθέος","email":"cyprusmotormuseum@cytanet.com.cy","name":"Μουσείο Ιστορικού και Κλασσικού Αυτοκινήτου","name:el":"Μουσείο Ιστορικού και Κλασσικού Αυτοκινήτου","name:en":"Cyprus Historic & Classic Motor Museum","opening_hours":"May-Oct Mo-Su 09:00-17:00; Nov-Apr Mo-Fr 09:00-17:00, Sa-Su 10:00-18:00; PH off","operator":"Dimis Mavropoulos","phone":"+357 7000 9000;+357 99 252 626","tourism":"museum","website":"http://www.cyprusmotormuseum.com.ty","wheelchair":"yes","wikidata":"Q111918991"}}},{"type":"Feature","id":"node/4843763922","geometry":{"type":"Point","coordinates":[33.9826737,35.0367729]},"properties":{"osm_type":"node","osm_id":4843763922,"category":"museum","name":"Traditional House","wikidata":null,"wikipedia":null,"tags":{"addr:housenumber":"5","addr:street":"Agias Marinas","name":"Traditional House","name:ru":"Традиционный дом Раралимни","opening_hours":"Mo-Fr 07:00-14:45","operator":"Paralimni Municipality","phone":"+35723819300","tourism":"museum"}}},{"type":"Feature","id":"node/4864486021","geometry":{"type":"Point","coordinates":[32.4251299,34.7720248]},"properties":{"osm_type":"node","osm_id":4864486021,"category":"ruins","name":"Old windmill ruins","wikidata":null,"wikipedia":null,"tags":{"historic":"ruins","name":"Old windmill ruins","name:en":"Old windmill ruins","tourism":"attraction"}}},{"type":"Feature","id":"node/4873577822","geometry":{"type":"Point","coordinates":[34.0000441,34.9884841]},"properties":{"osm_type":"node","osm_id":4873577822,"category":"artwork","name":"I Love Ayia Napa","wikidata":null,"wikipedia":null,"tags":{"artwork_type":"installation","name":"I Love Ayia Napa","tourism":"artwork"}}},{"type":"Feature","id":"node/4924667221","geometry":{"type":"Point","coordinates":[33.3056951,35.3330337]},"properties":{"osm_type":"node","osm_id":4924667221,"category":"monument","name":"Nusret Ertürk","wikidata":null,"wikipedia":null,"tags":{"historic":"monument","name":"Nusret Ertürk","name:tr":"Nusret Ertürk"}}},{"type":"Feature","id":"node/4924726821","geometry":{"type":"Point","coordinates":[33.3672995,35.3214058]},"properties":{"osm_type":"node","osm_id":4924726821,"category":"monument","name":"Koray gürler","wikidata":null,"wikipedia":null,"tags":{"historic":"monument","name":"Koray gürler","name:tr":"Koray gürler"}}},{"type":"Feature","id":"node/4924727021","geometry":{"type":"Point","coordinates":[33.3678363,35.3140846]},"properties":{"osm_type":"node","osm_id":4924727021,"category":"monument","name":"Ayberk evsel","wikidata":null,"wikipedia":null,"tags":{"historic":"monument","name":"Ayberk evsel","name:tr":"Ayberk evsel"}}},{"type":"Feature","id":"node/4924744521","geometry":{"type":"Point","coordinates":[33.39091,35.3193498]},"properties":{"osm_type":"node","osm_id":4924744521,"category":"monument","name":"Bekir kasapoglu","wikidata":null,"wikipedia":null,"tags":{"historic":"monument","name":"Bekir kasapoglu","name:tr":"Bekir kasapoglu"}}},{"type":"Feature","id":"node/4924746321","geometry":{"type":"Point","coordinates":[33.4012037,35.3237146]},"properties":{"osm_type":"node","osm_id":4924746321,"category":"monument","name":"Talat tekin","wikidata":null,"wikipedia":null,"tags":{"historic":"monument","name":"Talat tekin","name:tr":"Talat tekin"}}},{"type":"Feature","id":"node/4941217622","geometry":{"type":"Point","coordinates":[33.3910059,35.3195565]},"properties":{"osm_type":"node","osm_id":4941217622,"category":"monument","name":"Bekir kap","wikidata":null,"wikipedia":null,"tags":{"historic":"monument","name":"Bekir kap","name:tr":"Bekir kap"}}},{"type":"Feature","id":"node/4944963523","geometry":{"type":"Point","coordinates":[33.1946543,35.3358409]},"properties":{"osm_type":"node","osm_id":4944963523,"category":"monument","name":"Cengiz abi","wikidata":null,"wikipedia":null,"tags":{"historic":"monument","name":"Cengiz abi","name:tr":"Cengiz abi"}}},{"type":"Feature","id":"node/4948842822","geometry":{"type":"Point","coordinates":[33.9301949,35.1087849]},"properties":{"osm_type":"node","osm_id":4948842822,"category":"monument","name":"Aygun Kabin magosa","wikidata":null,"wikipedia":null,"tags":{"historic":"monument","name":"Aygun Kabin magosa","name:tr":"Aygun Kabin magosa"}}},{"type":"Feature","id":"node/4961316921","geometry":{"type":"Point","coordinates":[33.3680024,35.3136033]},"properties":{"osm_type":"node","osm_id":4961316921,"category":"monument","name":"Ayberk","wikidata":null,"wikipedia":null,"tags":{"historic":"monument","name":"Ayberk","name:tr":"Ayberk"}}},{"type":"Feature","id":"node/4963104823","geometry":{"type":"Point","coordinates":[33.3673879,35.3219923]},"properties":{"osm_type":"node","osm_id":4963104823,"category":"monument","name":"Koray gurler","wikidata":null,"wikipedia":null,"tags":{"historic":"monument","name":"Koray gurler"}}},{"type":"Feature","id":"node/4988734523","geometry":{"type":"Point","coordinates":[33.6797957,35.1095699]},"properties":{"osm_type":"node","osm_id":4988734523,"category":"monument","name":"Atatürk Heykeli","wikidata":null,"wikipedia":null,"tags":{"historic":"monument","name":"Atatürk Heykeli","name:en":"Ataturk Statue","name:tr":"Atatürk Heykeli"}}},{"type":"Feature","id":"node/5007190182","geometry":{"type":"Point","coordinates":[33.2735911,35.1618668]},"properties":{"osm_type":"node","osm_id":5007190182,"category":"historic","name":"Cyprus Airways Trident","wikidata":null,"wikipedia":null,"tags":{"historic":"aircraft","name":"Cyprus Airways Trident"}}},{"type":"Feature","id":"node/5007213788","geometry":{"type":"Point","coordinates":[33.1183832,35.353641]},"properties":{"osm_type":"node","osm_id":5007213788,"category":"monument","name":"Karşıyaka Atatürk Heykeli","wikidata":null,"wikipedia":null,"tags":{"historic":"monument","name":"Karşıyaka Atatürk Heykeli"}}},{"type":"Feature","id":"node/5011052763","geometry":{"type":"Point","coordinates":[33.6099228,34.8856869]},"properties":{"osm_type":"node","osm_id":5011052763,"category":"archaeological_site","name":null,"wikidata":"Q69119886","wikipedia":null,"tags":{"historic":"archaeological_site","wikidata":"Q69119886"}}},{"type":"Feature","id":"node/5021578905","geometry":{"type":"Point","coordinates":[33.6576205,34.8972437]},"properties":{"osm_type":"node","osm_id":5021578905,"category":"historic","name":"Zenobia Shipwreck","wikidata":"Q2603065","wikipedia":"en:MS Zenobia","tags":{"addr:city":"Larnaka","historic":"wreck","name":"Zenobia Shipwreck","tourism":"attraction","wikidata":"Q2603065","wikipedia":"en:MS Zenobia"}}},{"type":"Feature","id":"node/5022337720","geometry":{"type":"Point","coordinates":[33.6345731,34.9114293]},"properties":{"osm_type":"node","osm_id":5022337720,"category":"museum","name":"Βυζαντινό Μουσείο Αγίου Λαζάρου","wikidata":null,"wikipedia":null,"tags":{"addr:city":"Larnaka","addr:street":"Agiou Lazarou","email":"info@agioslazaros.org","name":"Βυζαντινό Μουσείο Αγίου Λαζάρου","name:el":"Βυζαντινό Μουσείο Αγίου Λαζάρου","name:en":"Byzantine Museum Saint Lazarus","name:ru":"Византийский музей святого Лазаря","opening_hours":"Mo-Tu 08:30-12:30,15:00-17:30; Th-Fr 08:30-12:30,15:00-17:30; We,Sa 08:30-12:30; Su Off","phone":"+357 2462 0858;+357 24 652498","tourism":"museum","website":"https://www.agioslazaros.org/museum","wheelchair":"yes"}}},{"type":"Feature","id":"node/5040844226","geometry":{"type":"Point","coordinates":[32.4280642,34.7727311]},"properties":{"osm_type":"node","osm_id":5040844226,"category":"monument","name":"Ιχσάν Αλή","wikidata":null,"wikipedia":null,"tags":{"historic":"monument","name":"Ιχσάν Αλή","name:el":"Ιχσάν Αλή","name:en":"Ihsan Ali"}}},{"type":"Feature","id":"node/5078336548","geometry":{"type":"Point","coordinates":[33.0415243,34.672246]},"properties":{"osm_type":"node","osm_id":5078336548,"category":"museum","name":"Μεσαιωνικό Μουσείο της Κύπρου","wikidata":null,"wikipedia":null,"tags":{"addr:city":"Λεμεσός","addr:postcode":"3042","addr:street":"Ριχάρδου και Βερεγγάριας","amenity":"museum","name":"Μεσαιωνικό Μουσείο της Κύπρου","name:el":"Μεσαιωνικό Μουσείο της Κύπρου","name:en":"Cyprus Medieval Museum","name:es":"Museo Medieval de Chipre","name:ru":"Кипрский музей Средневековья","name:tr":"Cyprus Medieval Museum","opening_hours":"Mo-Sa 09:00-17:00; Su 19:00-13:00; PH Off","phone":"+357 25 305 419","tourism":"museum","website":"https://www.visitcyprus.com/discover-cyprus/culture/sites-and-monuments/lemesos-limassol-medieval-castle/"}}},{"type":"Feature","id":"node/5085456722","geometry":{"type":"Point","coordinates":[33.370712,35.14174]},"properties":{"osm_type":"node","osm_id":5085456722,"category":"artwork","name":"music gallery","wikidata":null,"wikipedia":null,"tags":{"name":"music gallery","name:en":"music gallery","tourism":"artwork"}}},{"type":"Feature","id":"node/5164848069","geometry":{"type":"Point","coordinates":[33.3681912,35.1731671]},"properties":{"osm_type":"node","osm_id":5164848069,"category":"artwork","name":"Ο ΚΥΠΡΟΥ ΚΥΠΡΙΑΝΟΣ","wikidata":null,"wikipedia":null,"tags":{"artwork_type":"bust","image":"https://photos.app.goo.gl/T3AF9rx3J2hPXEeF9","memorial":"bust","name":"Ο ΚΥΠΡΟΥ ΚΥΠΡΙΑΝΟΣ","tourism":"artwork"}}},{"type":"Feature","id":"node/5169532000","geometry":{"type":"Point","coordinates":[33.3226828,35.3418478]},"properties":{"osm_type":"node","osm_id":5169532000,"category":"museum","name":"Archeological exhibition","wikidata":null,"wikipedia":null,"tags":{"name":"Archeological exhibition","tourism":"museum","wheelchair":"limited"}}},{"type":"Feature","id":"node/5169532001","geometry":{"type":"Point","coordinates":[33.3221059,35.3415536]},"properties":{"osm_type":"node","osm_id":5169532001,"category":"artwork","name":"Bronze bells","wikidata":null,"wikipedia":null,"tags":{"name":"Bronze bells","tourism":"artwork"}}},{"type":"Feature","id":"node/5169532004","geometry":{"type":"Point","coordinates":[33.3257312,35.3394278]},"properties":{"osm_type":"node","osm_id":5169532004,"category":"memorial","name":"Ship","wikidata":null,"wikipedia":null,"tags":{"historic":"memorial","name":"Ship"}}},{"type":"Feature","id":"node/5169532005","geometry":{"type":"Point","coordinates":[33.3251896,35.3395382]},"properties":{"osm_type":"node","osm_id":5169532005,"category":"gallery","name":"Istanbul Art Gallery","wikidata":null,"wikipedia":null,"tags":{"name":"Istanbul Art Gallery","tourism":"gallery"}}},{"type":"Feature","id":"node/5169533794","geometry":{"type":"Point","coordinates":[33.6343132,34.9130578]},"properties":{"osm_type":"node","osm_id":5169533794,"category":"gallery","name":"Famagusta","wikidata":null,"wikipedia":null,"tags":{"name":"Famagusta","tourism":"gallery"}}},{"type":"Feature","id":"node/5169538579","geometry":{"type":"Point","coordinates":[33.6333939,34.9217705]},"properties":{"osm_type":"node","osm_id":5169538579,"category":"memorial","name":"Pythos","wikidata":null,"wikipedia":null,"tags":{"historic":"memorial","memorial":"plaque","name":"Pythos"}}},{"type":"Feature","id":"node/5169540295","geometry":{"type":"Point","coordinates":[33.3221994,35.341819]},"properties":{"osm_type":"node","osm_id":5169540295,"category":"historic","name":"Sarnıç","wikidata":null,"wikipedia":null,"tags":{"historic":"technical_monument","name":"Sarnıç","name:en":"Cistern","name:tr":"Sarnıç"}}},{"type":"Feature","id":"node/5169540296","geometry":{"type":"Point","coordinates":[33.3218681,35.341758]},"properties":{"osm_type":"node","osm_id":5169540296,"category":"museum","name":"A visual introduction exhibition","wikidata":null,"wikipedia":null,"tags":{"name":"A visual introduction exhibition","tourism":"museum","wheelchair":"limited"}}},{"type":"Feature","id":"node/5169542901","geometry":{"type":"Point","coordinates":[33.6322628,34.9176739]},"properties":{"osm_type":"node","osm_id":5169542901,"category":"monument","name":null,"wikidata":"Q70239105","wikipedia":null,"tags":{"historic":"monument","wikidata":"Q70239105"}}},{"type":"Feature","id":"node/5171248233","geometry":{"type":"Point","coordinates":[33.3779053,35.1603371]},"properties":{"osm_type":"node","osm_id":5171248233,"category":"artwork","name":"Cyprus script","wikidata":null,"wikipedia":null,"tags":{"name":"Cyprus script","tourism":"artwork"}}},{"type":"Feature","id":"node/5171248334","geometry":{"type":"Point","coordinates":[33.3775413,35.1605701]},"properties":{"osm_type":"node","osm_id":5171248334,"category":"memorial","name":"Nikos Nikolaoi","wikidata":null,"wikipedia":null,"tags":{"historic":"memorial","name":"Nikos Nikolaoi"}}},{"type":"Feature","id":"node/5187190050","geometry":{"type":"Point","coordinates":[33.6364839,34.9180103]},"properties":{"osm_type":"node","osm_id":5187190050,"category":"gallery","name":"Melina Scordelli","wikidata":null,"wikipedia":null,"tags":{"addr:street":"Makariou III Avenue","name":"Melina Scordelli","tourism":"gallery"}}},{"type":"Feature","id":"node/5191456672","geometry":{"type":"Point","coordinates":[33.317684,35.161833]},"properties":{"osm_type":"node","osm_id":5191456672,"category":"gallery","name":"Modern Gallery","wikidata":null,"wikipedia":null,"tags":{"addr:city":"Engomi","addr:street":"28th October Avenue","name":"Modern Gallery","tourism":"gallery"}}},{"type":"Feature","id":"node/5192088121","geometry":{"type":"Point","coordinates":[33.3378,35.1408077]},"properties":{"osm_type":"node","osm_id":5192088121,"category":"gallery","name":"Iron Art Gallery","wikidata":null,"wikipedia":null,"tags":{"addr:street":"Λεωφόρος Στροβόλου","name":"Iron Art Gallery","tourism":"gallery"}}},{"type":"Feature","id":"node/5200270804","geometry":{"type":"Point","coordinates":[33.3749319,35.1520994]},"properties":{"osm_type":"node","osm_id":5200270804,"category":"gallery","name":"The Collection Gallery","wikidata":null,"wikipedia":null,"tags":{"addr:street":"Λεωφόρος Λεμεσού","name":"The Collection Gallery","tourism":"gallery"}}},{"type":"Feature","id":"node/5200271245","geometry":{"type":"Point","coordinates":[33.3743581,35.1522698]},"properties":{"osm_type":"node","osm_id":5200271245,"category":"gallery","name":"Gallery K","wikidata":null,"wikipedia":null,"tags":{"addr:street":"Evrou","name":"Gallery K","tourism":"gallery"}}},{"type":"Feature","id":"node/5226800482","geometry":{"type":"Point","coordinates":[33.3539541,35.1577923]},"properties":{"osm_type":"node","osm_id":5226800482,"category":"gallery","name":"Out of Limits","wikidata":null,"wikipedia":null,"tags":{"addr:city":"Λευκωσία","addr:housenumber":"43","addr:postcode":"1082","addr:street":"Λεωφόρος Κυριάκου Μάτση","name":"Out of Limits","tourism":"gallery"}}},{"type":"Feature","id":"node/5262654683","geometry":{"type":"Point","coordinates":[32.4219757,34.7737347]},"properties":{"osm_type":"node","osm_id":5262654683,"category":"artwork","name":"Kostis Palamas Bust","wikidata":null,"wikipedia":null,"tags":{"artwork_type":"bust","name":"Kostis Palamas Bust","tourism":"artwork"}}},{"type":"Feature","id":"node/5284379655","geometry":{"type":"Point","coordinates":[32.9383435,34.9171664]},"properties":{"osm_type":"node","osm_id":5284379655,"category":"museum","name":"Geological museum","wikidata":null,"wikipedia":null,"tags":{"name":"Geological museum","tourism":"museum"}}},{"type":"Feature","id":"node/5293007028","geometry":{"type":"Point","coordinates":[33.1995441,34.9417902]},"properties":{"osm_type":"node","osm_id":5293007028,"category":"memorial","name":"Monumen Stayraetou tou Machairas","wikidata":null,"wikipedia":null,"tags":{"historic":"memorial","name":"Monumen Stayraetou tou Machairas","name:ru":"Памятник сожжённому Григорису и его ангелу, не сумевшему его уберечь"}}},{"type":"Feature","id":"node/5293007435","geometry":{"type":"Point","coordinates":[33.1919809,34.9408281]},"properties":{"osm_type":"node","osm_id":5293007435,"category":"memorial","name":"Γρηγόρης Πιερή Αυξεντίου","wikidata":null,"wikipedia":null,"tags":{"historic":"memorial","memorial":"statue","name":"Γρηγόρης Πιερή Αυξεντίου","name:ru":"Памятник Григориосу Авксениу \"Орёл Махера\""}}},{"type":"Feature","id":"node/5293007436","geometry":{"type":"Point","coordinates":[33.192022,34.9405945]},"properties":{"osm_type":"node","osm_id":5293007436,"category":"museum","name":"Γρηγόρης Αυξεντίου","wikidata":null,"wikipedia":null,"tags":{"name":"Γρηγόρης Αυξεντίου","name:en":"Grigoris Afxentiou","name:ru":"Григо́рис Афксе́нтиу","name:tr":"Grigoris Afksentiu","opening_hours":"Tu,Th,Sa 09:30-13:00; Su 10:15-13:00; Apr 05-Aug 31 09:30-13:00","phone":"99943830","tourism":"museum"}}},{"type":"Feature","id":"node/5299437423","geometry":{"type":"Point","coordinates":[33.324676,35.1132505]},"properties":{"osm_type":"node","osm_id":5299437423,"category":"monument","name":"Airplane Crash","wikidata":null,"wikipedia":null,"tags":{"historic":"monument","name":"Airplane Crash"}}},{"type":"Feature","id":"node/5302261214","geometry":{"type":"Point","coordinates":[33.0184301,34.6862633]},"properties":{"osm_type":"node","osm_id":5302261214,"category":"monument","name":"Dolphin Statue Fountain","wikidata":null,"wikipedia":null,"tags":{"historic":"monument","name":"Dolphin Statue Fountain"}}},{"type":"Feature","id":"node/5302261215","geometry":{"type":"Point","coordinates":[33.0186183,34.6864279]},"properties":{"osm_type":"node","osm_id":5302261215,"category":"monument","name":"Dolphin Statue Fountain","wikidata":null,"wikipedia":null,"tags":{"historic":"monument","name":"Dolphin Statue Fountain"}}},{"type":"Feature","id":"node/5351563833","geometry":{"type":"Point","coordinates":[33.0949462,34.9239838]},"properties":{"osm_type":"node","osm_id":5351563833,"category":"monument","name":"Monument of the Cypriot Mother","wikidata":null,"wikipedia":null,"tags":{"historic":"monument","name":"Monument of the Cypriot Mother","name:en":"Monument of the Cypriot Mother","name:ru":"Монумент Кипрской Матери"}}},{"type":"Feature","id":"node/5360351223","geometry":{"type":"Point","coordinates":[33.3716328,35.1746764]},"properties":{"osm_type":"node","osm_id":5360351223,"category":"memorial","name":"THE CYPRIOT MULE CORPS","wikidata":null,"wikipedia":null,"tags":{"historic":"memorial","image":"https://photos.app.goo.gl/aUDF9opu9icxWdUU9","memorial":"plaque","name":"THE CYPRIOT MULE CORPS"}}},{"type":"Feature","id":"node/5361855541","geometry":{"type":"Point","coordinates":[32.4460635,34.7556745]},"properties":{"osm_type":"node","osm_id":5361855541,"category":"artwork","name":"Aphrodite","wikidata":null,"wikipedia":null,"tags":{"artwork_type":"sculpture","name":"Aphrodite","tourism":"artwork"}}},{"type":"Feature","id":"node/5363095815","geometry":{"type":"Point","coordinates":[33.3334127,35.3269234]},"properties":{"osm_type":"node","osm_id":5363095815,"category":"artwork","name":"Atatürk Büstü","wikidata":null,"wikipedia":null,"tags":{"artwork_type":"sculpture","name":"Atatürk Büstü","tourism":"artwork"}}},{"type":"Feature","id":"node/5367672422","geometry":{"type":"Point","coordinates":[33.6377081,34.9115857]},"properties":{"osm_type":"node","osm_id":5367672422,"category":"memorial","name":"Buddha","wikidata":null,"wikipedia":null,"tags":{"historic":"memorial","material":"plastic","memorial":"statue","name":"Buddha","name:ru":"Будда"}}},{"type":"Feature","id":"node/5478349321","geometry":{"type":"Point","coordinates":[33.0549788,34.6825721]},"properties":{"osm_type":"node","osm_id":5478349321,"category":"memorial","name":"Αλεξάντρ Πούσκιν","wikidata":null,"wikipedia":null,"tags":{"historic":"memorial","memorial":"bust","name":"Αλεξάντρ Πούσκιν","name:el":"Αλεξάντρ Πούσκιν","name:en":"Alexander Pushkin","name:ru":"А. С. Пушкин"}}},{"type":"Feature","id":"node/5479677245","geometry":{"type":"Point","coordinates":[33.3175719,35.3253975]},"properties":{"osm_type":"node","osm_id":5479677245,"category":"monument","name":"Dr. Fazıl Küçük Anıtı","wikidata":null,"wikipedia":null,"tags":{"historic":"monument","name":"Dr. Fazıl Küçük Anıtı","name:en":"Dr. Fazıl Küçük Monument","name:tr":"Dr. Fazıl Küçük Anıtı"}}},{"type":"Feature","id":"node/5484423072","geometry":{"type":"Point","coordinates":[32.4011139,34.7547437]},"properties":{"osm_type":"node","osm_id":5484423072,"category":"artwork","name":"The Saw","wikidata":null,"wikipedia":null,"tags":{"artist_name":"Rinos Stefani","artwork_type":"installation","name":"The Saw","tourism":"artwork"}}},{"type":"Feature","id":"node/5511458721","geometry":{"type":"Point","coordinates":[33.6046776,34.8320637]},"properties":{"osm_type":"node","osm_id":5511458721,"category":"arts_centre","name":"OlgaStudio","wikidata":null,"wikipedia":null,"tags":{"amenity":"arts_centre","email":"olga@olgastudio.com","name":"OlgaStudio","name:ru":"ОльгаСтудия","operator":"Olga","phone":"+357 96 836 322","website":"http://www.oogastudio.com"}}},{"type":"Feature","id":"node/5541996823","geometry":{"type":"Point","coordinates":[32.407322,34.7539025]},"properties":{"osm_type":"node","osm_id":5541996823,"category":"theatre","name":"Castle Square","wikidata":null,"wikipedia":null,"tags":{"amenity":"theatre","name":"Castle Square","name:en":"Castle Square","wheelchair":"yes"}}},{"type":"Feature","id":"node/5552281465","geometry":{"type":"Point","coordinates":[32.4185832,34.7622634]},"properties":{"osm_type":"node","osm_id":5552281465,"category":"monument","name":"Spyros Kiprianos Bust","wikidata":null,"wikipedia":null,"tags":{"historic":"monument","name":"Spyros Kiprianos Bust"}}},{"type":"Feature","id":"node/5560988843","geometry":{"type":"Point","coordinates":[32.8299798,34.991431]},"properties":{"osm_type":"node","osm_id":5560988843,"category":"historic","name":"Venetian Bridge","wikidata":null,"wikipedia":null,"tags":{"historic":"bridge","name":"Venetian Bridge"}}},{"type":"Feature","id":"node/5571366619","geometry":{"type":"Point","coordinates":[33.3782058,35.2031076]},"properties":{"osm_type":"node","osm_id":5571366619,"category":"memorial","name":"Atatürk heykeli","wikidata":null,"wikipedia":null,"tags":{"historic":"memorial","memorial":"statue","name":"Atatürk heykeli"}}},{"type":"Feature","id":"node/5571366620","geometry":{"type":"Point","coordinates":[33.3670484,35.1903817]},"properties":{"osm_type":"node","osm_id":5571366620,"category":"monument","name":"Özgürlük Heykeli","wikidata":null,"wikipedia":null,"tags":{"historic":"monument","name":"Özgürlük Heykeli"}}},{"type":"Feature","id":"node/5585996529","geometry":{"type":"Point","coordinates":[32.9553543,34.691209]},"properties":{"osm_type":"node","osm_id":5585996529,"category":"theatre","name":"Δημοτικό Θέατρο Δήμου Ύψωνα","wikidata":null,"wikipedia":null,"tags":{"amenity":"theatre","name":"Δημοτικό Θέατρο Δήμου Ύψωνα","name:en":"Theater Dimou Ipsona","website":"https://www.facebook.com/TheatroDimouIpsona/"}}},{"type":"Feature","id":"node/5594749345","geometry":{"type":"Point","coordinates":[33.267532,35.1684175]},"properties":{"osm_type":"node","osm_id":5594749345,"category":"historic","name":"Wreck of CSA TU-104","wikidata":null,"wikipedia":null,"tags":{"historic":"aircraft_wreck","name":"Wreck of CSA TU-104"}}},{"type":"Feature","id":"node/5599907922","geometry":{"type":"Point","coordinates":[32.4237791,34.773922]},"properties":{"osm_type":"node","osm_id":5599907922,"category":"monument","name":"Evagoras Pallikarides Statue","wikidata":null,"wikipedia":null,"tags":{"historic":"monument","name":"Evagoras Pallikarides Statue"}}},{"type":"Feature","id":"node/5613475148","geometry":{"type":"Point","coordinates":[32.5136324,34.9537016]},"properties":{"osm_type":"node","osm_id":5613475148,"category":"historic","name":"Skarfos bridge","wikidata":null,"wikipedia":null,"tags":{"historic":"bridge","name":"Skarfos bridge","tourism":"attraction"}}},{"type":"Feature","id":"node/5613475168","geometry":{"type":"Point","coordinates":[32.5147701,34.9543207]},"properties":{"osm_type":"node","osm_id":5613475168,"category":"historic","name":"Skarfos watermill","wikidata":null,"wikipedia":null,"tags":{"historic":"watermill","name":"Skarfos watermill","tourism":"attraction"}}},{"type":"Feature","id":"node/5682287237","geometry":{"type":"Point","coordinates":[32.9993337,34.6766808]},"properties":{"osm_type":"node","osm_id":5682287237,"category":"artwork","name":"Sculpture of the Second Sculpture Symposium of the Municipality of Kato Polemidia","wikidata":null,"wikipedia":null,"tags":{"artist_name":"Ali Al Mahmeed","artwork_type":"statue","name":"Sculpture of the Second Sculpture Symposium of the Municipality of Kato Polemidia","opening_hours":"24/7","operator":"Ali Al Mahmeed","tourism":"artwork"}}},{"type":"Feature","id":"node/5682294154","geometry":{"type":"Point","coordinates":[32.9991252,34.6767926]},"properties":{"osm_type":"node","osm_id":5682294154,"category":"artwork","name":"Sculpture of the Second Sculpture Symposium of the Municipality of Kato Polemidia","wikidata":null,"wikipedia":null,"tags":{"artist_name":"Andrei V. Balashov","artwork_type":"statue","name":"Sculpture of the Second Sculpture Symposium of the Municipality of Kato Polemidia","operator":"Andrei V. Balashov","tourism":"artwork"}}},{"type":"Feature","id":"node/5682297803","geometry":{"type":"Point","coordinates":[32.9992198,34.6767552]},"properties":{"osm_type":"node","osm_id":5682297803,"category":"artwork","name":"Sculpture of the Second Sculpture Symposium of the Municipality of Kato Polemidia","wikidata":null,"wikipedia":null,"tags":{"artist_name":"Petre Petrov","artwork_type":"statue","name":"Sculpture of the Second Sculpture Symposium of the Municipality of Kato Polemidia","operator":"Petre Petrov","tourism":"artwork"}}},{"type":"Feature","id":"node/5682301238","geometry":{"type":"Point","coordinates":[32.9994615,34.6765295]},"properties":{"osm_type":"node","osm_id":5682301238,"category":"artwork","name":"Sculpture of the Second Sculpture Symposium of the Municipality of Kato Polemidia","wikidata":null,"wikipedia":null,"tags":{"artist_name":"Agnessa Petrova","artwork_type":"statue","name":"Sculpture of the Second Sculpture Symposium of the Municipality of Kato Polemidia","operator":"Agnessa Petrova Βουλγαρία (1).JPG (3.190Mb)","tourism":"artwork"}}},{"type":"Feature","id":"node/5682303178","geometry":{"type":"Point","coordinates":[32.9993949,34.6765996]},"properties":{"osm_type":"node","osm_id":5682303178,"category":"artwork","name":"Sculpture of the Second Sculpture Symposium of the Municipality of Kato Polemidia","wikidata":null,"wikipedia":null,"tags":{"artist_name":"Xavier Gonzalez","artwork_type":"statue","name":"Sculpture of the Second Sculpture Symposium of the Municipality of Kato Polemidia","operator":"Xavier Gonzalez France","tourism":"artwork"}}},{"type":"Feature","id":"node/5682315395","geometry":{"type":"Point","coordinates":[32.9989606,34.6768742]},"properties":{"osm_type":"node","osm_id":5682315395,"category":"artwork","name":"Sculpture of the Second Sculpture Symposium of the Municipality of Kato Polemidia","wikidata":null,"wikipedia":null,"tags":{"artist_name":"Arlindo Arez","artwork_type":"sculpture","name":"Sculpture of the Second Sculpture Symposium of the Municipality of Kato Polemidia","operator":"Arlindo Arez","tourism":"artwork"}}},{"type":"Feature","id":"node/5691567742","geometry":{"type":"Point","coordinates":[33.1935648,35.3437449]},"properties":{"osm_type":"node","osm_id":5691567742,"category":"memorial","name":"Atatürk Büstü","wikidata":null,"wikipedia":null,"tags":{"historic":"memorial","name":"Atatürk Büstü","name:en":"Statue of Ataturk"}}},{"type":"Feature","id":"node/5731316962","geometry":{"type":"Point","coordinates":[34.0780794,35.3988911]},"properties":{"osm_type":"node","osm_id":5731316962,"category":"historic","name":"Pamuklu Köyü Camii","wikidata":null,"wikipedia":null,"tags":{"historic":"building","name":"Pamuklu Köyü Camii"}}},{"type":"Feature","id":"node/5738217223","geometry":{"type":"Point","coordinates":[33.3930949,35.1546533]},"properties":{"osm_type":"node","osm_id":5738217223,"category":"monument","name":"Kyriakos Karaolis","wikidata":null,"wikipedia":null,"tags":{"historic":"monument","name":"Kyriakos Karaolis"}}},{"type":"Feature","id":"node/5748830817","geometry":{"type":"Point","coordinates":[33.5314194,34.9731133]},"properties":{"osm_type":"node","osm_id":5748830817,"category":"memorial","name":"Austrian UN Memorial Kosi","wikidata":null,"wikipedia":null,"tags":{"historic":"memorial","memorial":"war_memorial","name":"Austrian UN Memorial Kosi"}}},{"type":"Feature","id":"node/5804163341","geometry":{"type":"Point","coordinates":[32.4214391,34.7731094]},"properties":{"osm_type":"node","osm_id":5804163341,"category":"museum","name":"Ethnographical Museum of Pafos","wikidata":null,"wikipedia":null,"tags":{"addr:city":"Πάφος","addr:housenumber":"1","addr:postcode":"8047","addr:street":"Exo Vrysis","name":"Ethnographical Museum of Pafos","opening_hours":"Mo-Sa 10:00-17:00, Su 11:00-13:00","phone":"+357 26944833","tourism":"museum","wheelchair":"no"}}},{"type":"Feature","id":"node/5913407663","geometry":{"type":"Point","coordinates":[32.4057055,34.7747852]},"properties":{"osm_type":"node","osm_id":5913407663,"category":"archaeological_site","name":"Τάφος 2","wikidata":"Q71990851","wikipedia":null,"tags":{"historic":"archaeological_site","name":"Τάφος 2","name:el":"Τάφος 2","name:en":"Tomb 2","wikidata":"Q71990851"}}},{"type":"Feature","id":"node/5931931185","geometry":{"type":"Point","coordinates":[33.967052,35.0679816]},"properties":{"osm_type":"node","osm_id":5931931185,"category":"museum","name":"Museum of Famagusta’s history","wikidata":null,"wikipedia":null,"tags":{"name":"Museum of Famagusta’s history","name:en":"Museum of Famagusta’s history","name:ru":"Музей истории Фамагусты","tourism":"museum"}}},{"type":"Feature","id":"node/5943274760","geometry":{"type":"Point","coordinates":[33.3624066,35.1768755]},"properties":{"osm_type":"node","osm_id":5943274760,"category":"memorial","name":"Mausoleium of Kurt Baba (Kutup Baba)","wikidata":null,"wikipedia":null,"tags":{"historic":"memorial","memorial":"plaque","name":"Mausoleium of Kurt Baba (Kutup Baba)"}}},{"type":"Feature","id":"node/5943274855","geometry":{"type":"Point","coordinates":[33.3608997,35.1781247]},"properties":{"osm_type":"node","osm_id":5943274855,"category":"monument","name":"Venetian Column","wikidata":null,"wikipedia":null,"tags":{"historic":"monument","image":"https://photos.app.goo.gl/F7dcmQucEJ6TKB1P8","name":"Venetian Column","name:en":"Venetian Column","name:es":"Columna veneciana","tourism":"attraction","wheelchair":"yes"}}},{"type":"Feature","id":"node/5948038962","geometry":{"type":"Point","coordinates":[33.3198345,35.3415192]},"properties":{"osm_type":"node","osm_id":5948038962,"category":"museum","name":"Cyprus Housr","wikidata":null,"wikipedia":null,"tags":{"name":"Cyprus Housr","tourism":"museum"}}},{"type":"Feature","id":"node/5948998934","geometry":{"type":"Point","coordinates":[33.1439213,34.7118717]},"properties":{"osm_type":"node","osm_id":5948998934,"category":"ruins","name":"Circular Bath (Valaneion)","wikidata":null,"wikipedia":null,"tags":{"historic":"ruins","name":"Circular Bath (Valaneion)"}}},{"type":"Feature","id":"node/5948998941","geometry":{"type":"Point","coordinates":[33.1435505,34.7123143]},"properties":{"osm_type":"node","osm_id":5948998941,"category":"ruins","name":"West Portico","wikidata":null,"wikipedia":null,"tags":{"historic":"ruins","name":"West Portico"}}},{"type":"Feature","id":"node/5948998942","geometry":{"type":"Point","coordinates":[33.1434453,34.7124455]},"properties":{"osm_type":"node","osm_id":5948998942,"category":"ruins","name":"Stone Water Pies","wikidata":null,"wikipedia":null,"tags":{"historic":"ruins","name":"Stone Water Pies"}}},{"type":"Feature","id":"node/5948998944","geometry":{"type":"Point","coordinates":[33.1434339,34.7125183]},"properties":{"osm_type":"node","osm_id":5948998944,"category":"ruins","name":"Water Tank","wikidata":null,"wikipedia":null,"tags":{"historic":"ruins","name":"Water Tank"}}},{"type":"Feature","id":"node/5948998945","geometry":{"type":"Point","coordinates":[33.1433916,34.7124924]},"properties":{"osm_type":"node","osm_id":5948998945,"category":"ruins","name":"Water Tank","wikidata":null,"wikipedia":null,"tags":{"historic":"ruins","name":"Water Tank"}}},{"type":"Feature","id":"node/5948998946","geometry":{"type":"Point","coordinates":[33.1439964,34.7124951]},"properties":{"osm_type":"node","osm_id":5948998946,"category":"ruins","name":"East Portico","wikidata":null,"wikipedia":null,"tags":{"historic":"ruins","name":"East Portico"}}},{"type":"Feature","id":"node/5948998947","geometry":{"type":"Point","coordinates":[33.1440863,34.7125282]},"properties":{"osm_type":"node","osm_id":5948998947,"category":"ruins","name":"Baths","wikidata":null,"wikipedia":null,"tags":{"historic":"ruins","name":"Baths"}}},{"type":"Feature","id":"node/5979679020","geometry":{"type":"Point","coordinates":[32.4072982,34.7654382]},"properties":{"osm_type":"node","osm_id":5979679020,"category":"memorial","name":"A. A. Navalny","wikidata":null,"wikipedia":null,"tags":{"artist_name":"Павел Мунтян","historic":"memorial","material":"bronze","memorial":"plaque","name:en":"A. A. Navalny","name:ru":"А. А. Навальному","start_date":"2024 8 20"}}},{"type":"Feature","id":"node/5980765761","geometry":{"type":"Point","coordinates":[32.9900062,35.2010534]},"properties":{"osm_type":"node","osm_id":5980765761,"category":"monument","name":"Atatürk Heykeli","wikidata":null,"wikipedia":null,"tags":{"historic":"monument","name":"Atatürk Heykeli"}}},{"type":"Feature","id":"node/5981131726","geometry":{"type":"Point","coordinates":[32.9987342,35.2064955]},"properties":{"osm_type":"node","osm_id":5981131726,"category":"monument","name":"Portakalcı kız","wikidata":null,"wikipedia":null,"tags":{"historic":"monument","name":"Portakalcı kız"}}},{"type":"Feature","id":"node/6047356804","geometry":{"type":"Point","coordinates":[32.4270822,35.0355325]},"properties":{"osm_type":"node","osm_id":6047356804,"category":"museum","name":"Τοπικό Αρχαιολογικό Moυσείο Μαρίου-Αρσινόης","wikidata":null,"wikipedia":null,"tags":{"addr:city":"Polis Chrysochous","addr:street":"Μακαρίου Γ΄","name":"Τοπικό Αρχαιολογικό Moυσείο Μαρίου-Αρσινόης","name:el":"Τοπικό Αρχαιολογικό Moυσείο Μαρίου-Αρσινόης","name:en":"Local Archaeological Museum of Marion-Arsinoe","opening_hours":"Mo-Fr 08:00-16:00; Sa 09:00-15:00; Su off","operator":"Department of Antiquities","phone":"+357 26322955","tourism":"museum","url":"http://www.mcw.gov.cy/mcw/da/da.nsf/All/CAF4EC728ABCA91CC225719900208766?OpenDocument","website":"http://www.culture.gov.cy/dmculture/da/da.nsf/All/CAF4EC728ABCA91CC225719900208766?OpenDocument","wheelchair":"yes"}}},{"type":"Feature","id":"node/6050252017","geometry":{"type":"Point","coordinates":[33.3704815,35.2052174]},"properties":{"osm_type":"node","osm_id":6050252017,"category":"memorial","name":"Öztek Uçak Anıtı","wikidata":null,"wikipedia":null,"tags":{"historic":"memorial","material":"steel","memorial":"war_memorial","name":"Öztek Uçak Anıtı"}}},{"type":"Feature","id":"node/6087413687","geometry":{"type":"Point","coordinates":[33.2190285,35.3495499]},"properties":{"osm_type":"node","osm_id":6087413687,"category":"monument","name":"Mediterranean home & garden","wikidata":null,"wikipedia":null,"tags":{"historic":"monument","name":"Mediterranean home & garden"}}},{"type":"Feature","id":"node/6142558882","geometry":{"type":"Point","coordinates":[33.9997096,34.9887713]},"properties":{"osm_type":"node","osm_id":6142558882,"category":"museum","name":"Country House Museum","wikidata":null,"wikipedia":null,"tags":{"name":"Country House Museum","name:en":"Country House Museum","tourism":"museum"}}},{"type":"Feature","id":"node/6153527081","geometry":{"type":"Point","coordinates":[33.5708753,35.3469097]},"properties":{"osm_type":"node","osm_id":6153527081,"category":"artwork","name":"Peace statue","wikidata":null,"wikipedia":null,"tags":{"artwork_type":"statue","name":"Peace statue","tourism":"artwork"}}},{"type":"Feature","id":"node/6163890353","geometry":{"type":"Point","coordinates":[33.3603708,35.1882269]},"properties":{"osm_type":"node","osm_id":6163890353,"category":"memorial","name":"Kurtuluş Meydanı","wikidata":null,"wikipedia":null,"tags":{"historic":"memorial","name":"Kurtuluş Meydanı","name:el":"Πλατεία Αναστασιάδη","name:tr":"Kurtuluş Meydanı"}}},{"type":"Feature","id":"node/6186495855","geometry":{"type":"Point","coordinates":[33.2663517,34.8004158]},"properties":{"osm_type":"node","osm_id":6186495855,"category":"historic","name":"Old copper mines","wikidata":null,"wikipedia":null,"tags":{"historic":"mine","name":"Old copper mines","name:en":"Old copper mines","ruins":"yes"}}},{"type":"Feature","id":"node/6262318386","geometry":{"type":"Point","coordinates":[32.4236576,34.8081035]},"properties":{"osm_type":"node","osm_id":6262318386,"category":"theatre","name":"Stage One Theatre","wikidata":null,"wikipedia":null,"tags":{"amenity":"theatre","email":"boxoffice@stageonetheatre.com","name":"Stage One Theatre","name:en":"Stage One Theatre","phone":"99967737","website":"http://www.stageonetheatre.com"}}},{"type":"Feature","id":"node/6327096344","geometry":{"type":"Point","coordinates":[32.4120933,34.7617968]},"properties":{"osm_type":"node","osm_id":6327096344,"category":"tomb","name":"Agios Lambrianos Catacombs","wikidata":null,"wikipedia":null,"tags":{"historic":"tomb","name":"Agios Lambrianos Catacombs","tomb":"rock-cut"}}},{"type":"Feature","id":"node/6356171096","geometry":{"type":"Point","coordinates":[32.4099639,34.8102157]},"properties":{"osm_type":"node","osm_id":6356171096,"category":"museum","name":"Art exhibition college of art","wikidata":null,"wikipedia":null,"tags":{"name":"Art exhibition college of art","tourism":"museum"}}},{"type":"Feature","id":"node/6549028486","geometry":{"type":"Point","coordinates":[33.3618923,35.1808094]},"properties":{"osm_type":"node","osm_id":6549028486,"category":"museum","name":"Lefkoşa Mevlevihanesi","wikidata":"Q24915591","wikipedia":"en:Mevlevi Tekke Museum","tags":{"addr:city":"Lefkoşa","addr:street":"Girne Caddesi","name":"Lefkoşa Mevlevihanesi","name:en":"Mevleli Tekke Museum","name:es":"Museo Mevleli","name:tr":"Lefkoşa Mevlevihanesi","tourism":"museum","wikidata":"Q24915591","wikipedia":"en:Mevlevi Tekke Museum"}}},{"type":"Feature","id":"node/6551408485","geometry":{"type":"Point","coordinates":[34.0022969,34.9821834]},"properties":{"osm_type":"node","osm_id":6551408485,"category":"memorial","name":"The Fisherman","wikidata":null,"wikipedia":null,"tags":{"historic":"memorial","name":"The Fisherman"}}},{"type":"Feature","id":"node/6553676593","geometry":{"type":"Point","coordinates":[33.3718239,35.1759912]},"properties":{"osm_type":"node","osm_id":6553676593,"category":"memorial","name":"Eoka","wikidata":null,"wikipedia":null,"tags":{"historic":"memorial","material":"stone","memorial":"stele","name":"Eoka"}}},{"type":"Feature","id":"node/6564691786","geometry":{"type":"Point","coordinates":[33.6070733,34.8714633]},"properties":{"osm_type":"node","osm_id":6564691786,"category":"memorial","name":"THEODOULOS","wikidata":null,"wikipedia":null,"tags":{"historic":"memorial","image":"https://photos.app.goo.gl/uEVX6gPQ3u2Mr8Yt5","name":"THEODOULOS"}}},{"type":"Feature","id":"node/6564893933","geometry":{"type":"Point","coordinates":[32.9902363,35.2002165]},"properties":{"osm_type":"node","osm_id":6564893933,"category":"monument","name":"Old Well 2","wikidata":null,"wikipedia":null,"tags":{"historic":"monument","name":"Old Well 2"}}},{"type":"Feature","id":"node/6633204348","geometry":{"type":"Point","coordinates":[33.0749411,35.1862393]},"properties":{"osm_type":"node","osm_id":6633204348,"category":"artwork","name":"Atatürk büstü","wikidata":null,"wikipedia":null,"tags":{"artwork_type":"bust","name":"Atatürk büstü","tourism":"artwork"}}},{"type":"Feature","id":"node/6687813086","geometry":{"type":"Point","coordinates":[33.2102162,35.1171016]},"properties":{"osm_type":"node","osm_id":6687813086,"category":"artwork","name":"Evagoras Pallikaridis","wikidata":null,"wikipedia":null,"tags":{"artwork_type":"statue","material":"steel","name":"Evagoras Pallikaridis","tourism":"artwork"}}},{"type":"Feature","id":"node/6718182785","geometry":{"type":"Point","coordinates":[33.6344119,34.9131378]},"properties":{"osm_type":"node","osm_id":6718182785,"category":"museum","name":"Ιατρικό Μουσείο Κυριαζή","wikidata":null,"wikipedia":null,"tags":{"addr:city":"Λάρνακα","addr:housenumber":"35","addr:street":"Stadiou","alt_name":"Medical Museum Kyriazi","name":"Ιατρικό Μουσείο Κυριαζή","name:el":"Ιατρικό Μουσείο Κυριαζή","name:en":"Kyriazis Medical Museum","name:ru":"Музей медицины","opening_hours":"We,Sa 09:00-12:00; Mo,Tu,Th,Fr,Su,PH Off","operator":"Medical Museum Kyriazi","phone":"+357 97606424","tourism":"museum","website":"https://www.visitcyprus.com/discover-cyprus/culture/museums-galleries/medical-museum-kyriazi-larnaka-larnaca/"}}},{"type":"Feature","id":"node/6744017657","geometry":{"type":"Point","coordinates":[33.2016963,34.7377326]},"properties":{"osm_type":"node","osm_id":6744017657,"category":"monument","name":"Kostaki Panagiotou","wikidata":null,"wikipedia":null,"tags":{"historic":"monument","name":"Kostaki Panagiotou"}}},{"type":"Feature","id":"node/6773607685","geometry":{"type":"Point","coordinates":[33.3036971,34.8506063]},"properties":{"osm_type":"node","osm_id":6773607685,"category":"museum","name":"Bee & embroidery museum","wikidata":null,"wikipedia":null,"tags":{"name":"Bee & embroidery museum","name:en":"Bee & embroidery museum","name:ru":"Музей меда и вышивки","tourism":"museum"}}},{"type":"Feature","id":"node/6812033763","geometry":{"type":"Point","coordinates":[33.717324,35.3391989]},"properties":{"osm_type":"node","osm_id":6812033763,"category":"memorial","name":"ERDAL PALU","wikidata":null,"wikipedia":null,"tags":{"amenity":"drinking_water","historic":"memorial","image":"https://photos.app.goo.gl/p8t9CYChgaBBWCNd9","name":"ERDAL PALU"}}},{"type":"Feature","id":"node/6886093336","geometry":{"type":"Point","coordinates":[33.4094918,35.1454403]},"properties":{"osm_type":"node","osm_id":6886093336,"category":"artwork","name":"Μέλισσα","wikidata":null,"wikipedia":null,"tags":{"artist_name":"Alex Welch","artwork_type":"statue","material":"metal","name":"Μέλισσα","name:en":"Melissa","tourism":"artwork"}}},{"type":"Feature","id":"node/6886093337","geometry":{"type":"Point","coordinates":[33.4093152,35.1449075]},"properties":{"osm_type":"node","osm_id":6886093337,"category":"artwork","name":"Νοητική Γεωγραφία","wikidata":null,"wikipedia":null,"tags":{"artist_name":"Θεόδουλος Γρηγορίου","artwork_type":"sculpture","material":"metal","name":"Νοητική Γεωγραφία","tourism":"artwork"}}},{"type":"Feature","id":"node/6915858397","geometry":{"type":"Point","coordinates":[33.5915694,34.947543]},"properties":{"osm_type":"node","osm_id":6915858397,"category":"memorial","name":"Heroes of Aradippou","wikidata":null,"wikipedia":null,"tags":{"historic":"memorial","material":"marble","memorial":"war_memorial","name":"Heroes of Aradippou"}}},{"type":"Feature","id":"node/6968695908","geometry":{"type":"Point","coordinates":[33.2287493,35.3055876]},"properties":{"osm_type":"node","osm_id":6968695908,"category":"ruins","name":"Fourth Castle","wikidata":null,"wikipedia":null,"tags":{"historic":"ruins","name":"Fourth Castle"}}},{"type":"Feature","id":"node/7020888620","geometry":{"type":"Point","coordinates":[33.0224018,35.2472275]},"properties":{"osm_type":"node","osm_id":7020888620,"category":"monument","name":"Atatürk","wikidata":null,"wikipedia":null,"tags":{"historic":"monument","name":"Atatürk"}}},{"type":"Feature","id":"node/7056802485","geometry":{"type":"Point","coordinates":[33.571246,35.3478756]},"properties":{"osm_type":"node","osm_id":7056802485,"category":"monument","name":"Ocean view ruins","wikidata":null,"wikipedia":null,"tags":{"historic":"monument","name:en":"Ocean view ruins"}}},{"type":"Feature","id":"node/7091914899","geometry":{"type":"Point","coordinates":[33.4651666,35.0111979]},"properties":{"osm_type":"node","osm_id":7091914899,"category":"memorial","name":"Ataturk","wikidata":null,"wikipedia":null,"tags":{"historic":"memorial","name":"Ataturk"}}},{"type":"Feature","id":"node/7091914909","geometry":{"type":"Point","coordinates":[33.4678966,35.0106642]},"properties":{"osm_type":"node","osm_id":7091914909,"category":"memorial","name":"Tank 1","wikidata":null,"wikipedia":null,"tags":{"historic":"memorial","name":"Tank 1"}}},{"type":"Feature","id":"node/7091914910","geometry":{"type":"Point","coordinates":[33.46846,35.0104297]},"properties":{"osm_type":"node","osm_id":7091914910,"category":"memorial","name":"Tank 2","wikidata":null,"wikipedia":null,"tags":{"historic":"memorial","name":"Tank 2"}}},{"type":"Feature","id":"node/7102099815","geometry":{"type":"Point","coordinates":[33.942604,35.1184814]},"properties":{"osm_type":"node","osm_id":7102099815,"category":"monument","name":"Locomotive","wikidata":null,"wikipedia":null,"tags":{"historic":"monument","name":"Locomotive"}}},{"type":"Feature","id":"node/7327265537","geometry":{"type":"Point","coordinates":[33.4113533,35.2849883]},"properties":{"osm_type":"node","osm_id":7327265537,"category":"memorial","name":"Airplane crash 27.02.1988","wikidata":null,"wikipedia":null,"tags":{"historic":"memorial","material":"stone","memorial":"stele","name":"Airplane crash 27.02.1988"}}},{"type":"Feature","id":"node/7327265538","geometry":{"type":"Point","coordinates":[33.5959833,35.3113667]},"properties":{"osm_type":"node","osm_id":7327265538,"category":"memorial","name":"Canakkale POW Cave","wikidata":null,"wikipedia":null,"tags":{"historic":"memorial","name":"Canakkale POW Cave"}}},{"type":"Feature","id":"node/7443610179","geometry":{"type":"Point","coordinates":[33.204839,35.1754945]},"properties":{"osm_type":"node","osm_id":7443610179,"category":"monument","name":"Rotsides Monument","wikidata":null,"wikipedia":null,"tags":{"historic":"monument","name":"Rotsides Monument"}}},{"type":"Feature","id":"node/7489952525","geometry":{"type":"Point","coordinates":[33.3634188,34.9287646]},"properties":{"osm_type":"node","osm_id":7489952525,"category":"historic","name":"Εκκλησία Μεταμορφώσεως του Σωτήρος (Χρυσοσώτηρος)","wikidata":null,"wikipedia":null,"tags":{"amenity":"place_of_worship","historic":"yes","name":"Εκκλησία Μεταμορφώσεως του Σωτήρος (Χρυσοσώτηρος)","religion":"christian"}}},{"type":"Feature","id":"node/7490792342","geometry":{"type":"Point","coordinates":[32.5541706,34.7003019]},"properties":{"osm_type":"node","osm_id":7490792342,"category":"archaeological_site","name":"Kouklia Olive Press","wikidata":null,"wikipedia":null,"tags":{"alt_name":"Kouklia Olive Mill","historic":"archaeological_site","material":"stone","name":"Kouklia Olive Press"}}},{"type":"Feature","id":"node/7622354616","geometry":{"type":"Point","coordinates":[33.254716,34.7798465]},"properties":{"osm_type":"node","osm_id":7622354616,"category":"monument","name":"Traincart monument","wikidata":null,"wikipedia":null,"tags":{"historic":"monument","image":"https://commons.wikimedia.org/wiki/File:Traincart_monument_in_Asgata.jpg","name":"Traincart monument"}}},{"type":"Feature","id":"node/7689361603","geometry":{"type":"Point","coordinates":[33.3437072,35.1804055]},"properties":{"osm_type":"node","osm_id":7689361603,"category":"monument","name":"Φυλακισμένα Μνήματα","wikidata":"Q13637728","wikipedia":null,"tags":{"historic":"monument","name":"Φυλακισμένα Μνήματα","name:el":"Φυλακισμένα Μνήματα","name:en":"The Imprisoned Graves","name:tr":"Mahkum Mezarlar","wikidata":"Q13637728"}}},{"type":"Feature","id":"node/7765697547","geometry":{"type":"Point","coordinates":[32.5358677,34.7000527]},"properties":{"osm_type":"node","osm_id":7765697547,"category":"archaeological_site","name":"Ágios Minás","wikidata":null,"wikipedia":null,"tags":{"historic":"archaeological_site","name":"Ágios Minás"}}},{"type":"Feature","id":"node/7846367442","geometry":{"type":"Point","coordinates":[33.8448047,35.3517382]},"properties":{"osm_type":"node","osm_id":7846367442,"category":"ruins","name":"Buluşa","wikidata":null,"wikipedia":null,"tags":{"historic":"ruins","name":"Buluşa","name:el":"Πλουσιά","name:en":"Plousha","name:tr":"Buluşa"}}},{"type":"Feature","id":"node/7846367443","geometry":{"type":"Point","coordinates":[33.9654002,35.3952822]},"properties":{"osm_type":"node","osm_id":7846367443,"category":"ruins","name":"Vourni","wikidata":null,"wikipedia":null,"tags":{"historic":"ruins","name":"Vourni"}}},{"type":"Feature","id":"node/7846367444","geometry":{"type":"Point","coordinates":[33.0720874,35.3439043]},"properties":{"osm_type":"node","osm_id":7846367444,"category":"ruins","name":"Kremama Kamilou","wikidata":null,"wikipedia":null,"tags":{"historic":"ruins","name":"Kremama Kamilou"}}},{"type":"Feature","id":"node/7846367445","geometry":{"type":"Point","coordinates":[33.1262078,35.3422425]},"properties":{"osm_type":"node","osm_id":7846367445,"category":"ruins","name":"Aliler Köyü","wikidata":null,"wikipedia":null,"tags":{"historic":"ruins","name":"Aliler Köyü"}}},{"type":"Feature","id":"node/7846367452","geometry":{"type":"Point","coordinates":[33.1521874,35.3381963]},"properties":{"osm_type":"node","osm_id":7846367452,"category":"ruins","name":"Katzouris","wikidata":null,"wikipedia":null,"tags":{"historic":"ruins","name":"Katzouris"}}},{"type":"Feature","id":"node/7846367453","geometry":{"type":"Point","coordinates":[33.2988405,35.2881242]},"properties":{"osm_type":"node","osm_id":7846367453,"category":"ruins","name":"Omsia Tou Paskali","wikidata":null,"wikipedia":null,"tags":{"historic":"ruins","name":"Omsia Tou Paskali"}}},{"type":"Feature","id":"node/7846367454","geometry":{"type":"Point","coordinates":[33.1492161,35.3139202]},"properties":{"osm_type":"node","osm_id":7846367454,"category":"ruins","name":"Lonikos","wikidata":null,"wikipedia":null,"tags":{"historic":"ruins","name":"Lonikos"}}},{"type":"Feature","id":"node/7846367455","geometry":{"type":"Point","coordinates":[33.1312391,35.3144305]},"properties":{"osm_type":"node","osm_id":7846367455,"category":"ruins","name":"Lymni","wikidata":null,"wikipedia":null,"tags":{"historic":"ruins","name":"Lymni","name:tr":"Limni"}}},{"type":"Feature","id":"node/7846367456","geometry":{"type":"Point","coordinates":[33.1239459,35.3174783]},"properties":{"osm_type":"node","osm_id":7846367456,"category":"ruins","name":"Platani","wikidata":null,"wikipedia":null,"tags":{"historic":"ruins","name":"Platani"}}},{"type":"Feature","id":"node/7846367457","geometry":{"type":"Point","coordinates":[33.1174407,35.3134265]},"properties":{"osm_type":"node","osm_id":7846367457,"category":"ruins","name":"Kuru Yani","wikidata":null,"wikipedia":null,"tags":{"historic":"ruins","name":"Kuru Yani"}}},{"type":"Feature","id":"node/7851411334","geometry":{"type":"Point","coordinates":[33.2558787,35.2704526]},"properties":{"osm_type":"node","osm_id":7851411334,"category":"ruins","name":"Kapusan Ciftlik","wikidata":null,"wikipedia":null,"tags":{"historic":"ruins","name":"Kapusan Ciftlik"}}},{"type":"Feature","id":"node/7891265977","geometry":{"type":"Point","coordinates":[33.3597055,35.1795083]},"properties":{"osm_type":"node","osm_id":7891265977,"category":"tomb","name":"Mahmut Paşa","wikidata":null,"wikipedia":null,"tags":{"historic":"tomb","image":"https://photos.app.goo.gl/JUoApxRa4NTdroZh8","name":"Mahmut Paşa"}}},{"type":"Feature","id":"node/7995040132","geometry":{"type":"Point","coordinates":[33.0244574,34.7577956]},"properties":{"osm_type":"node","osm_id":7995040132,"category":"gallery","name":"Art nest","wikidata":null,"wikipedia":null,"tags":{"name":"Art nest","tourism":"gallery"}}},{"type":"Feature","id":"node/8080847521","geometry":{"type":"Point","coordinates":[33.9104853,35.1466419]},"properties":{"osm_type":"node","osm_id":8080847521,"category":"monument","name":"Navi park","wikidata":null,"wikipedia":null,"tags":{"historic":"monument","name":"Navi park"}}},{"type":"Feature","id":"node/8080847624","geometry":{"type":"Point","coordinates":[33.8888714,35.1662107]},"properties":{"osm_type":"node","osm_id":8080847624,"category":"monument","name":"Erbatu tepeli villa","wikidata":null,"wikipedia":null,"tags":{"historic":"monument","name":"Erbatu tepeli villa"}}},{"type":"Feature","id":"node/8080847732","geometry":{"type":"Point","coordinates":[33.9197195,35.1188993]},"properties":{"osm_type":"node","osm_id":8080847732,"category":"monument","name":"Canak kale yasam sitesi 2","wikidata":null,"wikipedia":null,"tags":{"historic":"monument","name":"Canak kale yasam sitesi 2"}}},{"type":"Feature","id":"node/8080855237","geometry":{"type":"Point","coordinates":[33.8901606,35.1598244]},"properties":{"osm_type":"node","osm_id":8080855237,"category":"monument","name":"Leventler tuzla","wikidata":null,"wikipedia":null,"tags":{"historic":"monument","name":"Leventler tuzla"}}},{"type":"Feature","id":"node/8080857221","geometry":{"type":"Point","coordinates":[33.9376776,35.1197539]},"properties":{"osm_type":"node","osm_id":8080857221,"category":"monument","name":"Tıp med ecza deposu","wikidata":null,"wikipedia":null,"tags":{"historic":"monument","name":"Tıp med ecza deposu"}}},{"type":"Feature","id":"node/8080858317","geometry":{"type":"Point","coordinates":[33.9150598,35.1378727]},"properties":{"osm_type":"node","osm_id":8080858317,"category":"monument","name":"Uzun 14","wikidata":null,"wikipedia":null,"tags":{"historic":"monument","name":"Uzun 14"}}},{"type":"Feature","id":"node/8080858319","geometry":{"type":"Point","coordinates":[33.8884555,35.1589776]},"properties":{"osm_type":"node","osm_id":8080858319,"category":"monument","name":"4 el","wikidata":null,"wikipedia":null,"tags":{"historic":"monument","name":"4 el"}}},{"type":"Feature","id":"node/8257030886","geometry":{"type":"Point","coordinates":[33.0653873,34.867579]},"properties":{"osm_type":"node","osm_id":8257030886,"category":"monument","name":"Καταδρομεας Ευαγγελ Αθ Μουλλοτος","wikidata":null,"wikipedia":null,"tags":{"historic":"monument","name":"Καταδρομεας Ευαγγελ Αθ Μουλλοτος","name:el":"Καταδρομεας Ευαγγελ Αθ Μουλλοτος","name:en":"Commando Evangel Ath Moulotos"}}},{"type":"Feature","id":"node/8358475756","geometry":{"type":"Point","coordinates":[33.4101623,35.135098]},"properties":{"osm_type":"node","osm_id":8358475756,"category":"castle","name":"La Cava","wikidata":null,"wikipedia":null,"tags":{"historic":"castle","name":"La Cava","ruins":"yes","website":"https://www.cyprusisland.net/attractions/la-cava-medieval-castle-aronas-aglatzia"}}},{"type":"Feature","id":"node/8388425838","geometry":{"type":"Point","coordinates":[33.3598901,35.177294]},"properties":{"osm_type":"node","osm_id":8388425838,"category":"gallery","name":"ARUCAD Art Space","wikidata":null,"wikipedia":null,"tags":{"addr:city":"Lefkoşa","addr:postcode":"99010","addr:street":"Müftü Raci Sokak","name":"ARUCAD Art Space","operator":"ARUCAD","tourism":"gallery"}}},{"type":"Feature","id":"node/8421459911","geometry":{"type":"Point","coordinates":[34.3603259,35.5745726]},"properties":{"osm_type":"node","osm_id":8421459911,"category":"ruins","name":"Church","wikidata":null,"wikipedia":null,"tags":{"historic":"ruins","name":"Church"}}},{"type":"Feature","id":"node/8421461836","geometry":{"type":"Point","coordinates":[34.4523629,35.6490542]},"properties":{"osm_type":"node","osm_id":8421461836,"category":"ruins","name":"Drakondas","wikidata":null,"wikipedia":null,"tags":{"historic":"ruins","name":"Drakondas"}}},{"type":"Feature","id":"node/8421461837","geometry":{"type":"Point","coordinates":[34.4558797,35.6515225]},"properties":{"osm_type":"node","osm_id":8421461837,"category":"ruins","name":"Exarchos","wikidata":null,"wikipedia":null,"tags":{"historic":"ruins","name":"Exarchos"}}},{"type":"Feature","id":"node/8421461984","geometry":{"type":"Point","coordinates":[34.1401356,35.4223318]},"properties":{"osm_type":"node","osm_id":8421461984,"category":"ruins","name":"Tombs","wikidata":null,"wikipedia":null,"tags":{"historic":"ruins","name":"Tombs"}}},{"type":"Feature","id":"node/8421462005","geometry":{"type":"Point","coordinates":[34.1243478,35.4258163]},"properties":{"osm_type":"node","osm_id":8421462005,"category":"ruins","name":"Tombs","wikidata":null,"wikipedia":null,"tags":{"historic":"ruins","name":"Tombs"}}},{"type":"Feature","id":"node/8421462104","geometry":{"type":"Point","coordinates":[33.9804076,35.3249915]},"properties":{"osm_type":"node","osm_id":8421462104,"category":"ruins","name":"Old Harbour","wikidata":null,"wikipedia":null,"tags":{"historic":"ruins","name":"Old Harbour"}}},{"type":"Feature","id":"node/8421683131","geometry":{"type":"Point","coordinates":[33.5514373,35.3104358]},"properties":{"osm_type":"node","osm_id":8421683131,"category":"ruins","name":"Melanisiko","wikidata":null,"wikipedia":null,"tags":{"historic":"ruins","name":"Melanisiko"}}},{"type":"Feature","id":"node/8435852457","geometry":{"type":"Point","coordinates":[34.4410113,35.6463427]},"properties":{"osm_type":"node","osm_id":8435852457,"category":"ruins","name":"Urania","wikidata":null,"wikipedia":null,"tags":{"historic":"ruins","name":"Urania"}}},{"type":"Feature","id":"node/8732179986","geometry":{"type":"Point","coordinates":[33.3279605,35.2223373]},"properties":{"osm_type":"node","osm_id":8732179986,"category":"monument","name":"Mouflon","wikidata":null,"wikipedia":null,"tags":{"historic":"monument","name":"Mouflon"}}},{"type":"Feature","id":"node/8963022323","geometry":{"type":"Point","coordinates":[33.0227992,34.7136517]},"properties":{"osm_type":"node","osm_id":8963022323,"category":"theatre","name":"E.N.A.F","wikidata":null,"wikipedia":null,"tags":{"amenity":"theatre","name":"E.N.A.F"}}},{"type":"Feature","id":"node/9022843197","geometry":{"type":"Point","coordinates":[32.9019133,34.9886293]},"properties":{"osm_type":"node","osm_id":9022843197,"category":"museum","name":"Linos","wikidata":null,"wikipedia":null,"tags":{"name":"Linos","tourism":"museum"}}},{"type":"Feature","id":"node/9091715417","geometry":{"type":"Point","coordinates":[33.9841856,34.9848912]},"properties":{"osm_type":"node","osm_id":9091715417,"category":"museum","name":"Museum of Underwater Sculpture Ayia Napa","wikidata":null,"wikipedia":null,"tags":{"name":"Museum of Underwater Sculpture Ayia Napa","tourism":"museum","website":"https://www.musan.com.cy/home?fbclid=IwAR3GhnEqUxrvSM-0U6KGG8Y6k0mCwBCBW5yAjwLHD3J69aHUSbXJTh4nHgU"}}},{"type":"Feature","id":"node/9123758026","geometry":{"type":"Point","coordinates":[33.1442778,34.7093673]},"properties":{"osm_type":"node","osm_id":9123758026,"category":"ruins","name":"Αρχαίο αφανή Αμαθούντας","wikidata":"Q2343313","wikipedia":"en:Amathus","tags":{"historic":"ruins","name":"Αρχαίο αφανή Αμαθούντας","name:el":"Αρχαίο αφανή Αμαθούντας","name:en":"Amathus Ancient Port","ruins":"port","tourism":"attraction","website":"https://www.ancientcyprus.com/sites/amathus","wikidata":"Q2343313","wikipedia":"en:Amathus"}}},{"type":"Feature","id":"node/9126258665","geometry":{"type":"Point","coordinates":[33.0643804,34.690515]},"properties":{"osm_type":"node","osm_id":9126258665,"category":"arts_centre","name":"Angara","wikidata":null,"wikipedia":null,"tags":{"amenity":"arts_centre","name":"Angara","name:ru":"Ангара"}}},{"type":"Feature","id":"node/9179745368","geometry":{"type":"Point","coordinates":[32.8670394,34.938483]},"properties":{"osm_type":"node","osm_id":9179745368,"category":"historic","name":"500 y.o. pine","wikidata":null,"wikipedia":null,"tags":{"historic":"tree","name":"500 y.o. pine"}}},{"type":"Feature","id":"node/9233402461","geometry":{"type":"Point","coordinates":[33.0621859,34.6914295]},"properties":{"osm_type":"node","osm_id":9233402461,"category":"museum","name":"Μουσείο στρατηγού Γεωργίου Γρίβα-Διγενή","wikidata":null,"wikipedia":null,"tags":{"name":"Μουσείο στρατηγού Γεωργίου Γρίβα-Διγενή","name:el":"Μουσείο στρατηγού Γεωργίου Γρίβα-Διγενή","name:en":"Museum of General Georgios Grivas-Digenis","opening_hours":"Mo-Tu,Fr-Sa 09:00-13:00; We 9:00-13:00,15:00-17:30","tourism":"museum"}}},{"type":"Feature","id":"node/9247910356","geometry":{"type":"Point","coordinates":[34.0023626,34.9818775]},"properties":{"osm_type":"node","osm_id":9247910356,"category":"artwork","name":"Γοργονα","wikidata":null,"wikipedia":null,"tags":{"artwork_type":"statue","name":"Γοργονα","tourism":"artwork"}}},{"type":"Feature","id":"node/9248553217","geometry":{"type":"Point","coordinates":[34.0177547,34.9854457]},"properties":{"osm_type":"node","osm_id":9248553217,"category":"artwork","name":"Dream Through Ages","wikidata":null,"wikipedia":null,"tags":{"artist_name":"Nikos Katelaris","artwork_type":"sculpture","name":"Dream Through Ages","start_date":"2019","tourism":"artwork"}}},{"type":"Feature","id":"node/9248553218","geometry":{"type":"Point","coordinates":[34.0217368,34.9842153]},"properties":{"osm_type":"node","osm_id":9248553218,"category":"artwork","name":"The Piece of My Garden","wikidata":null,"wikipedia":null,"tags":{"artist_name":"Saeid Ahmadi","artwork_type":"sculpture","material":"stone","name":"The Piece of My Garden","start_date":"2018","tourism":"artwork"}}},{"type":"Feature","id":"node/9248553219","geometry":{"type":"Point","coordinates":[34.0183339,34.9852062]},"properties":{"osm_type":"node","osm_id":9248553219,"category":"artwork","name":"Odysseus Is Relaxing","wikidata":null,"wikipedia":null,"tags":{"artwork_type":"sculpture","name":"Odysseus Is Relaxing","tourism":"artwork"}}},{"type":"Feature","id":"node/9248553220","geometry":{"type":"Point","coordinates":[34.0239531,34.9785218]},"properties":{"osm_type":"node","osm_id":9248553220,"category":"artwork","name":"Η Λεδα και ο κυκνος","wikidata":null,"wikipedia":null,"tags":{"artist_name":"Serhii Sbitniev","artwork_type":"sculpture","material":"stone","name":"Η Λεδα και ο κυκνος","name:el":"Η Λεδα και ο κυκνος","name:en":"Leda and the Swan","start_date":"2017","tourism":"artwork"}}},{"type":"Feature","id":"node/9248553227","geometry":{"type":"Point","coordinates":[34.0214627,34.9844457]},"properties":{"osm_type":"node","osm_id":9248553227,"category":"artwork","name":"Neo-Pegasus","wikidata":null,"wikipedia":null,"tags":{"artist_name":"Esmaeil Rezayi","artwork_type":"sculpture","name":"Neo-Pegasus","start_date":"2018","tourism":"artwork"}}},{"type":"Feature","id":"node/9248553233","geometry":{"type":"Point","coordinates":[34.0211662,34.9845986]},"properties":{"osm_type":"node","osm_id":9248553233,"category":"artwork","name":"Abduction of Europe","wikidata":null,"wikipedia":null,"tags":{"artist_name":"Serhii Sbitniev","artwork_type":"sculpture","name":"Abduction of Europe","tourism":"artwork"}}},{"type":"Feature","id":"node/9248553234","geometry":{"type":"Point","coordinates":[34.0169443,34.9855022]},"properties":{"osm_type":"node","osm_id":9248553234,"category":"artwork","name":"Dimonassa","wikidata":null,"wikipedia":null,"tags":{"artist_name":"Maria Kyprianou","artwork_type":"sculpture","name":"Dimonassa","tourism":"artwork"}}},{"type":"Feature","id":"node/9248553236","geometry":{"type":"Point","coordinates":[34.0208864,34.9846419]},"properties":{"osm_type":"node","osm_id":9248553236,"category":"artwork","name":"Good Catch","wikidata":null,"wikipedia":null,"tags":{"artist_name":"Viktor Rassadin","artwork_type":"sculpture","name":"Good Catch","tourism":"artwork"}}},{"type":"Feature","id":"node/9248553237","geometry":{"type":"Point","coordinates":[34.0166101,34.9856704]},"properties":{"osm_type":"node","osm_id":9248553237,"category":"artwork","name":"Our Everyday Aphrodite","wikidata":null,"wikipedia":null,"tags":{"artwork_type":"sculpture","name":"Our Everyday Aphrodite","tourism":"artwork"}}},{"type":"Feature","id":"node/9248553242","geometry":{"type":"Point","coordinates":[34.0238745,34.9786771]},"properties":{"osm_type":"node","osm_id":9248553242,"category":"artwork","name":"Πειρασμος","wikidata":null,"wikipedia":null,"tags":{"artist_name":"Dalgat Dalgatov","artwork_type":"sculpture","material":"stone","name":"Πειρασμος","name:el":"Πειρασμος","name:en":"Temptation","start_date":"2016","tourism":"artwork"}}},{"type":"Feature","id":"node/9248553246","geometry":{"type":"Point","coordinates":[34.0221763,34.9843966]},"properties":{"osm_type":"node","osm_id":9248553246,"category":"artwork","name":"The Fisher Man","wikidata":null,"wikipedia":null,"tags":{"artist_name":"Maria Kyprianou","artwork_type":"sculpture","name":"The Fisher Man","tourism":"artwork"}}},{"type":"Feature","id":"node/9248553248","geometry":{"type":"Point","coordinates":[34.0187358,34.9851961]},"properties":{"osm_type":"node","osm_id":9248553248,"category":"artwork","name":"Odysseus","wikidata":null,"wikipedia":null,"tags":{"artist_name":"Saeid Ahmadi","artwork_type":"sculpture","name":"Odysseus","tourism":"artwork"}}},{"type":"Feature","id":"node/9248553250","geometry":{"type":"Point","coordinates":[34.019853,34.9849999]},"properties":{"osm_type":"node","osm_id":9248553250,"category":"artwork","name":"Gate","wikidata":null,"wikipedia":null,"tags":{"artist_name":"Vasilis Vasiliades","artwork_type":"sculpture","name":"Gate","start_date":"2014","tourism":"artwork"}}},{"type":"Feature","id":"node/9248553252","geometry":{"type":"Point","coordinates":[34.0185595,34.981492]},"properties":{"osm_type":"node","osm_id":9248553252,"category":"artwork","name":"At The Moment","wikidata":null,"wikipedia":null,"tags":{"artist_name":"Zhao Li","artwork_type":"sculpture","material":"stone","name":"At The Moment","tourism":"artwork"}}},{"type":"Feature","id":"node/9248553254","geometry":{"type":"Point","coordinates":[34.0193338,34.9851651]},"properties":{"osm_type":"node","osm_id":9248553254,"category":"artwork","name":"The Protector Winged Lion","wikidata":null,"wikipedia":null,"tags":{"artwork_type":"sculpture","name":"The Protector Winged Lion","tourism":"artwork"}}},{"type":"Feature","id":"node/9248553256","geometry":{"type":"Point","coordinates":[34.0195728,34.9851483]},"properties":{"osm_type":"node","osm_id":9248553256,"category":"artwork","name":"The Rock and Its History","wikidata":null,"wikipedia":null,"tags":{"name":"The Rock and Its History","tourism":"artwork"}}},{"type":"Feature","id":"node/9248553262","geometry":{"type":"Point","coordinates":[34.0173952,34.9853799]},"properties":{"osm_type":"node","osm_id":9248553262,"category":"artwork","name":"Copulations in the Nature","wikidata":null,"wikipedia":null,"tags":{"artist_name":"Viktar Kopach","artwork_type":"sculpture","name":"Copulations in the Nature","tourism":"artwork"}}},{"type":"Feature","id":"node/9248553265","geometry":{"type":"Point","coordinates":[34.0207756,34.9848086]},"properties":{"osm_type":"node","osm_id":9248553265,"category":"artwork","name":"Wisdom","wikidata":null,"wikipedia":null,"tags":{"artist_name":"Serhii Sbitniev","artwork_type":"sculpture","name":"Wisdom","tourism":"artwork"}}},{"type":"Feature","id":"node/9253795200","geometry":{"type":"Point","coordinates":[33.9994136,34.9820231]},"properties":{"osm_type":"node","osm_id":9253795200,"category":"artwork","name":"Ίκαρος","wikidata":null,"wikipedia":null,"tags":{"artwork_type":"sculpture","name":"Ίκαρος","tourism":"artwork"}}},{"type":"Feature","id":"node/9253795204","geometry":{"type":"Point","coordinates":[33.9818293,34.9837661]},"properties":{"osm_type":"node","osm_id":9253795204,"category":"artwork","name":"Observer","wikidata":null,"wikipedia":null,"tags":{"artwork_type":"statue","name":"Observer","name:en":"Observer","tourism":"artwork"}}},{"type":"Feature","id":"node/9261048916","geometry":{"type":"Point","coordinates":[33.3628942,35.1734077]},"properties":{"osm_type":"node","osm_id":9261048916,"category":"monument","name":"Το Μαυσωλείο των Κυπρίων Εθνομαρτύρων","wikidata":null,"wikipedia":null,"tags":{"historic":"monument","image":"https://photos.app.goo.gl/ahsEKm5CmgHqvqBD7","material":"marble","name":"Το Μαυσωλείο των Κυπρίων Εθνομαρτύρων","name:el":"Το Μαυσωλείο των Κυπρίων Εθνομαρτύρων","name:en":"The Mausoleum of the Cypriot National Martyrs","name:es":"El Mausoleo de los Mártires Nacionales Chipriotas"}}},{"type":"Feature","id":"node/9325129744","geometry":{"type":"Point","coordinates":[33.9027571,35.1855664]},"properties":{"osm_type":"node","osm_id":9325129744,"category":"archaeological_site","name":"Amphitheater","wikidata":null,"wikipedia":null,"tags":{"historic":"archaeological_site","name":"Amphitheater"}}},{"type":"Feature","id":"node/9325129745","geometry":{"type":"Point","coordinates":[33.9014081,35.1813605]},"properties":{"osm_type":"node","osm_id":9325129745,"category":"archaeological_site","name":"VII cent. AD Byzantine Walls","wikidata":null,"wikipedia":null,"tags":{"historic":"archaeological_site","name":"VII cent. AD Byzantine Walls"}}},{"type":"Feature","id":"node/9357817897","geometry":{"type":"Point","coordinates":[33.4090446,35.1447077]},"properties":{"osm_type":"node","osm_id":9357817897,"category":"artwork","name":"Ισθμός","wikidata":null,"wikipedia":null,"tags":{"artist_name":"Νάγια Ευαγγέλου","artwork_type":"sculpture","material":"plastic","name":"Ισθμός","tourism":"artwork"}}},{"type":"Feature","id":"node/9357817899","geometry":{"type":"Point","coordinates":[33.4110365,35.1452804]},"properties":{"osm_type":"node","osm_id":9357817899,"category":"artwork","name":"Duality","wikidata":null,"wikipedia":null,"tags":{"artist_name":"Alexandra Assinger;Helene Eisl;Valentin Lichtenberger","artwork_type":"sculpture","material":"metal","name":"Duality","tourism":"artwork"}}},{"type":"Feature","id":"node/9435943539","geometry":{"type":"Point","coordinates":[33.3050379,34.8507417]},"properties":{"osm_type":"node","osm_id":9435943539,"category":"museum","name":"Rural Museum of Kato Drys","wikidata":null,"wikipedia":null,"tags":{"name":"Rural Museum of Kato Drys","name:el":"αγροτικό μουσείο Κάτω Δρυς","tourism":"museum"}}},{"type":"Feature","id":"node/9481976194","geometry":{"type":"Point","coordinates":[33.838885,35.0372088]},"properties":{"osm_type":"node","osm_id":9481976194,"category":"memorial","name":"Μνημείο Απελευθέρωσης & Πεσόντων","wikidata":null,"wikipedia":null,"tags":{"historic":"memorial","name":"Μνημείο Απελευθέρωσης & Πεσόντων","tourism":"attraction"}}},{"type":"Feature","id":"node/9500717166","geometry":{"type":"Point","coordinates":[32.9340546,34.6679037]},"properties":{"osm_type":"node","osm_id":9500717166,"category":"church","name":"Απόστολος Λουκάς","wikidata":null,"wikipedia":null,"tags":{"denomination":"greek_orthodox","historic":"church","name":"Απόστολος Λουκάς","religion":"christian"}}},{"type":"Feature","id":"node/9514230110","geometry":{"type":"Point","coordinates":[32.404624,34.7542996]},"properties":{"osm_type":"node","osm_id":9514230110,"category":"artwork","name":"Poppy","wikidata":null,"wikipedia":null,"tags":{"artist_name":"Andreas Paraskevas","artwork_type":"sculpture","name":"Poppy","tourism":"artwork"}}},{"type":"Feature","id":"node/9631155569","geometry":{"type":"Point","coordinates":[33.3578332,35.1687242]},"properties":{"osm_type":"node","osm_id":9631155569,"category":"theatre","name":"Θέατρο Διόνυσος","wikidata":null,"wikipedia":null,"tags":{"addr:city":"Δήμος Λευκωσίας","addr:housenumber":"29","addr:postcode":"1097","addr:street":"Diagorou","amenity":"theatre","email":"info@theatrodionysos.com","name":"Θέατρο Διόνυσος","operator":"Θέατρο Διόνυσος","phone":"+357  22 818999","website":"http://www.theatrodionysos.com/"}}},{"type":"Feature","id":"node/9633237401","geometry":{"type":"Point","coordinates":[32.4436896,34.9627824]},"properties":{"osm_type":"node","osm_id":9633237401,"category":"ruins","name":"Prophitis Elias","wikidata":null,"wikipedia":null,"tags":{"historic":"ruins","name":"Prophitis Elias"}}},{"type":"Feature","id":"node/9690593451","geometry":{"type":"Point","coordinates":[32.4480101,34.7583119]},"properties":{"osm_type":"node","osm_id":9690593451,"category":"artwork","name":"Millo's Tower","wikidata":null,"wikipedia":null,"tags":{"name":"Millo's Tower","tourism":"artwork"}}},{"type":"Feature","id":"node/9789098151","geometry":{"type":"Point","coordinates":[32.4273461,35.0355871]},"properties":{"osm_type":"node","osm_id":9789098151,"category":"gallery","name":"Irene Athanasiou","wikidata":null,"wikipedia":null,"tags":{"name":"Irene Athanasiou","phone":"99969329","tourism":"gallery"}}},{"type":"Feature","id":"node/9797980514","geometry":{"type":"Point","coordinates":[33.9473905,34.9807854]},"properties":{"osm_type":"node","osm_id":9797980514,"category":"artwork","name":"Welcome","wikidata":null,"wikipedia":null,"tags":{"name":"Welcome","tourism":"artwork"}}},{"type":"Feature","id":"node/9815293043","geometry":{"type":"Point","coordinates":[33.0463379,34.6789276]},"properties":{"osm_type":"node","osm_id":9815293043,"category":"memorial","name":"Πλουτής Σέρβας","wikidata":null,"wikipedia":null,"tags":{"historic":"memorial","memorial":"bust","name":"Πλουτής Σέρβας","name:el":"Πλουτής Σέρβας","name:en":"Ploutis Servas"}}},{"type":"Feature","id":"node/9838947427","geometry":{"type":"Point","coordinates":[33.1610836,35.3499788]},"properties":{"osm_type":"node","osm_id":9838947427,"category":"archaeological_site","name":"Vrysi tou Barba","wikidata":null,"wikipedia":null,"tags":{"historic":"archaeological_site","name":"Vrysi tou Barba"}}},{"type":"Feature","id":"node/9845902517","geometry":{"type":"Point","coordinates":[33.9420683,35.1250054]},"properties":{"osm_type":"node","osm_id":9845902517,"category":"artwork","name":"Namık Kemal Büstü","wikidata":null,"wikipedia":null,"tags":{"artwork_type":"bust","image":"https://photos.app.goo.gl/9pQxxjcn7TjQpndd7","name":"Namık Kemal Büstü","tourism":"artwork"}}},{"type":"Feature","id":"node/9868223941","geometry":{"type":"Point","coordinates":[33.8400842,35.0371792]},"properties":{"osm_type":"node","osm_id":9868223941,"category":"memorial","name":"Πλακέτα Μάχης Πλατείας Αυγόρου 1958","wikidata":null,"wikipedia":null,"tags":{"historic":"memorial","memorial":"plaque","name":"Πλακέτα Μάχης Πλατείας Αυγόρου 1958","tourism":"attraction"}}},{"type":"Feature","id":"node/9868223942","geometry":{"type":"Point","coordinates":[33.840287,35.0381966]},"properties":{"osm_type":"node","osm_id":9868223942,"category":"memorial","name":"Monument Κρίκων","wikidata":null,"wikipedia":null,"tags":{"historic":"memorial","memorial":"war_memorial","name":"Monument Κρίκων","tourism":"attraction"}}},{"type":"Feature","id":"node/9883701773","geometry":{"type":"Point","coordinates":[33.0273953,34.6687859]},"properties":{"osm_type":"node","osm_id":9883701773,"category":"museum","name":"Μουσείο Νερού","wikidata":null,"wikipedia":null,"tags":{"addr:city":"Λεμεσός","addr:housenumber":"66","addr:postcode":"3012","addr:street":"Fragklinou Rousvelt","alt_name":"Water Museum","name":"Μουσείο Νερού","name:el":"Μουσείο Νερού","name:en":"Water Museum and Centre of Water Awareness Development","opening_hours":"Mo-Fr 09:00-13:00; Sa-Su Off; PH Off","operator":"Water Board of Lemesos (WBL)","phone":"+357 25 271 257","start_date":"2008","tourism":"museum","website":"https://eoalemesos.org.cy/en/water-museum"}}},{"type":"Feature","id":"node/9897731525","geometry":{"type":"Point","coordinates":[32.5864373,34.7242496]},"properties":{"osm_type":"node","osm_id":9897731525,"category":"archaeological_site","name":"Souskiou-Vathyrkakas Cemetery","wikidata":"Q25385596","wikipedia":null,"tags":{"historic":"archaeological_site","name":"Souskiou-Vathyrkakas Cemetery","wikidata":"Q25385596"}}},{"type":"Feature","id":"node/9910946755","geometry":{"type":"Point","coordinates":[33.0607735,34.7046507]},"properties":{"osm_type":"node","osm_id":9910946755,"category":"memorial","name":"Γρηγόρης Αυξεντίου","wikidata":null,"wikipedia":null,"tags":{"historic":"memorial","name":"Γρηγόρης Αυξεντίου","name:el":"Γρηγόρης Αυξεντίου","name:en":"Grigoris Afxentiou"}}},{"type":"Feature","id":"node/9959060649","geometry":{"type":"Point","coordinates":[33.3586691,35.1735118]},"properties":{"osm_type":"node","osm_id":9959060649,"category":"museum","name":"Μουσείο Παραμυθιού","wikidata":null,"wikipedia":null,"tags":{"addr:city":"Λευκωσία","addr:housenumber":"34","addr:street":"Γρανικού","name":"Μουσείο Παραμυθιού","name:el":"Μουσείο Παραμυθιού","name:en":"Fairy Tale Museum","opening_hours":"Sa 10:00-14:00; Su-Fr,PH Off","operator":"Systemic Cyprus Institute","phone":"+357 22 376 522","tourism":"museum","website":"https://www.visitcyprus.com/discover-cyprus/culture/museums-galleries/fairytale-museum/"}}},{"type":"Feature","id":"node/9985995520","geometry":{"type":"Point","coordinates":[32.9022978,34.9885522]},"properties":{"osm_type":"node","osm_id":9985995520,"category":"museum","name":"Eliomylos","wikidata":null,"wikipedia":null,"tags":{"name":"Eliomylos","tourism":"museum","website":"https://www.kakopetriavillage.com/museums.html"}}},{"type":"Feature","id":"node/10058247358","geometry":{"type":"Point","coordinates":[33.3656609,35.1679444]},"properties":{"osm_type":"node","osm_id":10058247358,"category":"museum","name":"National Art Gallery","wikidata":null,"wikipedia":null,"tags":{"name":"National Art Gallery","opening_hours":"Mo-Fr 10:00-16:45; Sa 10:00-12:45","tourism":"museum","website":"https://www.nicosia.org.cy/en-GB/discover/picture-galleries/state-gallery-of-contemporary-art/"}}},{"type":"Feature","id":"node/10138383390","geometry":{"type":"Point","coordinates":[32.4051726,35.0395055]},"properties":{"osm_type":"node","osm_id":10138383390,"category":"monument","name":"Old ship \"Maria\"","wikidata":null,"wikipedia":null,"tags":{"historic":"monument","name":"Old ship \"Maria\""}}},{"type":"Feature","id":"node/10175301651","geometry":{"type":"Point","coordinates":[32.4126459,34.7639424]},"properties":{"osm_type":"node","osm_id":10175301651,"category":"gallery","name":"Psifida","wikidata":null,"wikipedia":null,"tags":{"name":"Psifida","tourism":"gallery"}}},{"type":"Feature","id":"node/10250782309","geometry":{"type":"Point","coordinates":[33.3666638,35.1787827]},"properties":{"osm_type":"node","osm_id":10250782309,"category":"artwork","name":"Atatürk","wikidata":null,"wikipedia":null,"tags":{"artwork_type":"bust","image":"https://photos.app.goo.gl/Z7xpFYHXwehuz2118","name":"Atatürk","tourism":"artwork"}}},{"type":"Feature","id":"node/10250782409","geometry":{"type":"Point","coordinates":[33.3620822,35.1813876]},"properties":{"osm_type":"node","osm_id":10250782409,"category":"monument","name":"Dr. Fazıl Küçük","wikidata":null,"wikipedia":null,"tags":{"historic":"monument","name":"Dr. Fazıl Küçük"}}},{"type":"Feature","id":"node/10250782509","geometry":{"type":"Point","coordinates":[33.3614672,35.181846]},"properties":{"osm_type":"node","osm_id":10250782509,"category":"monument","name":"Alikko ile Caher","wikidata":null,"wikipedia":null,"tags":{"historic":"monument","name":"Alikko ile Caher"}}},{"type":"Feature","id":"node/10253491809","geometry":{"type":"Point","coordinates":[33.3257884,35.3370971]},"properties":{"osm_type":"node","osm_id":10253491809,"category":"monument","name":"Atatürk","wikidata":null,"wikipedia":null,"tags":{"historic":"monument","name":"Atatürk"}}},{"type":"Feature","id":"node/10255190583","geometry":{"type":"Point","coordinates":[33.3584744,35.1787384]},"properties":{"osm_type":"node","osm_id":10255190583,"category":"tomb","name":"Dt. Hasmet Muzaffer Gürkan","wikidata":null,"wikipedia":null,"tags":{"historic":"tomb","image":"https://photos.app.goo.gl/X3GoAhMdus2ioYzw9","name":"Dt. Hasmet Muzaffer Gürkan"}}},{"type":"Feature","id":"node/10292719700","geometry":{"type":"Point","coordinates":[33.3672996,35.1526903]},"properties":{"osm_type":"node","osm_id":10292719700,"category":"memorial","name":"Armenian genocide Monument","wikidata":"Q4793188","wikipedia":"en:Armenian Genocide Monument in Nicosia","tags":{"historic":"memorial","material":"stone","name":"Armenian genocide Monument","name:fr":"Mémorial du génocide arménien de Nicosie","wikidata":"Q4793188","wikipedia":"en:Armenian Genocide Monument in Nicosia"}}},{"type":"Feature","id":"node/10301918349","geometry":{"type":"Point","coordinates":[33.0269589,34.7650535]},"properties":{"osm_type":"node","osm_id":10301918349,"category":"museum","name":"Λαογραφικο Μουσείο \"Χριστος Λούης\"","wikidata":null,"wikipedia":null,"tags":{"name":"Λαογραφικο Μουσείο \"Χριστος Λούης\"","tourism":"museum"}}},{"type":"Feature","id":"node/10301924456","geometry":{"type":"Point","coordinates":[33.0268265,34.7651428]},"properties":{"osm_type":"node","osm_id":10301924456,"category":"museum","name":"Γεοργικο Μουσείο Φασουλας","wikidata":null,"wikipedia":null,"tags":{"name":"Γεοργικο Μουσείο Φασουλας","tourism":"museum"}}},{"type":"Feature","id":"node/10302520358","geometry":{"type":"Point","coordinates":[33.0416128,34.6761035]},"properties":{"osm_type":"node","osm_id":10302520358,"category":"arts_centre","name":"NeMe Arts Centre","wikidata":null,"wikipedia":null,"tags":{"addr:city":"Limassol","addr:postcode":"3041","amenity":"arts_centre","name":"NeMe Arts Centre","name:en":"NeMe Arts Centre","website":"https://www.neme.org"}}},{"type":"Feature","id":"node/10372145835","geometry":{"type":"Point","coordinates":[33.0278276,34.6817357]},"properties":{"osm_type":"node","osm_id":10372145835,"category":"artwork","name":"Volunteer Honor","wikidata":null,"wikipedia":null,"tags":{"name":"Volunteer Honor","tourism":"artwork"}}},{"type":"Feature","id":"node/10671770258","geometry":{"type":"Point","coordinates":[32.4103826,34.9373383]},"properties":{"osm_type":"node","osm_id":10671770258,"category":"museum","name":"Κέντρο Πληροφόρησης Γεωλογίας Παλαιοντολογίας Ακάμα","wikidata":null,"wikipedia":null,"tags":{"name":"Κέντρο Πληροφόρησης Γεωλογίας Παλαιοντολογίας Ακάμα","name:el":"Κέντρο Πληροφόρησης Γεωλογίας Παλαιοντολογίας Ακάμα","name:en":"Akamas Geology and Paleontology Information Centre","phone":"+357 26 332332","tourism":"museum"}}},{"type":"Feature","id":"node/10671770273","geometry":{"type":"Point","coordinates":[32.4253895,34.9122817]},"properties":{"osm_type":"node","osm_id":10671770273,"category":"museum","name":"Μουσείου Λαϊκής Τέχνης","wikidata":null,"wikipedia":null,"tags":{"name":"Μουσείου Λαϊκής Τέχνης","name:el":"Μουσείου Λαϊκής Τέχνης","name:en":"Folks Art Museum","tourism":"museum"}}},{"type":"Feature","id":"node/10684095926","geometry":{"type":"Point","coordinates":[33.3716059,34.9770319]},"properties":{"osm_type":"node","osm_id":10684095926,"category":"archaeological_site","name":"Agia Varvara-Almyras","wikidata":null,"wikipedia":null,"tags":{"historic":"archaeological_site","name":"Agia Varvara-Almyras"}}},{"type":"Feature","id":"node/10693926994","geometry":{"type":"Point","coordinates":[32.8106805,34.8485078]},"properties":{"osm_type":"node","osm_id":10693926994,"category":"museum","name":"EOKA Hideout 1955-59","wikidata":null,"wikipedia":null,"tags":{"name":"EOKA Hideout 1955-59","opening_hours":"24/7","tourism":"museum","website":"https://tours.cyprus360guide.com/F11gCiNU5I/40322731p&138.75h&93.18t"}}},{"type":"Feature","id":"node/10716504789","geometry":{"type":"Point","coordinates":[33.072926,34.6896777]},"properties":{"osm_type":"node","osm_id":10716504789,"category":"memorial","name":"Παύλος Κοντίδης Ολυμπιονίκης","wikidata":null,"wikipedia":null,"tags":{"historic":"memorial","material":"metal","memorial":"person","name":"Παύλος Κοντίδης Ολυμπιονίκης"}}},{"type":"Feature","id":"node/10731163285","geometry":{"type":"Point","coordinates":[34.0435047,35.0284843]},"properties":{"osm_type":"node","osm_id":10731163285,"category":"gallery","name":"Carolina Alotus","wikidata":null,"wikipedia":null,"tags":{"email":"carolinaalotus@icloud.com","name":"Carolina Alotus","operator":"Carolina Alotus","phone":"+357 99 882279","tourism":"gallery","website":"https://www.carolinaalotus.com/"}}},{"type":"Feature","id":"node/10801545986","geometry":{"type":"Point","coordinates":[32.9967272,35.1912876]},"properties":{"osm_type":"node","osm_id":10801545986,"category":"artwork","name":"Atatürk heykeli","wikidata":null,"wikipedia":null,"tags":{"artwork_type":"statue","name":"Atatürk heykeli","tourism":"artwork"}}},{"type":"Feature","id":"node/10801545987","geometry":{"type":"Point","coordinates":[32.9916106,35.20232]},"properties":{"osm_type":"node","osm_id":10801545987,"category":"memorial","name":"Gazi Baf Şehitleri Anıtı","wikidata":null,"wikipedia":null,"tags":{"historic":"memorial","name":"Gazi Baf Şehitleri Anıtı"}}},{"type":"Feature","id":"node/10872916872","geometry":{"type":"Point","coordinates":[33.0950151,34.9238995]},"properties":{"osm_type":"node","osm_id":10872916872,"category":"memorial","name":"The three heroes of 1955","wikidata":null,"wikipedia":null,"tags":{"historic":"memorial","memorial":"war_memorial","name":"The three heroes of 1955"}}},{"type":"Feature","id":"node/10874099087","geometry":{"type":"Point","coordinates":[33.0498444,34.6823674]},"properties":{"osm_type":"node","osm_id":10874099087,"category":"museum","name":"Cyprus Theatre Museum","wikidata":null,"wikipedia":null,"tags":{"name":"Cyprus Theatre Museum","name:el":"Θεατρικό Μουσείο Κύπρου","tourism":"museum"}}},{"type":"Feature","id":"node/10913648783","geometry":{"type":"Point","coordinates":[32.9409766,34.783455]},"properties":{"osm_type":"node","osm_id":10913648783,"category":"ruins","name":"Ayia Eleni","wikidata":null,"wikipedia":null,"tags":{"historic":"ruins","name":"Ayia Eleni","ruins":"church"}}},{"type":"Feature","id":"node/10916395249","geometry":{"type":"Point","coordinates":[32.9673894,34.6994865]},"properties":{"osm_type":"node","osm_id":10916395249,"category":"ruins","name":"Άγιος Σίλας","wikidata":null,"wikipedia":null,"tags":{"historic":"ruins","name":"Άγιος Σίλας","name:en":"Agias Silas","ruins":"church"}}},{"type":"Feature","id":"node/10916623937","geometry":{"type":"Point","coordinates":[33.0405822,34.6705778]},"properties":{"osm_type":"node","osm_id":10916623937,"category":"museum","name":"Paradox Museum","wikidata":null,"wikipedia":null,"tags":{"name":"Paradox Museum","tourism":"museum"}}},{"type":"Feature","id":"node/10916728490","geometry":{"type":"Point","coordinates":[33.8509201,35.40602]},"properties":{"osm_type":"node","osm_id":10916728490,"category":"archaeological_site","name":"Vounari (Cyprus)","wikidata":null,"wikipedia":null,"tags":{"historic":"archaeological_site","name":"Vounari (Cyprus)"}}},{"type":"Feature","id":"node/10922057077","geometry":{"type":"Point","coordinates":[33.0429508,34.6764513]},"properties":{"osm_type":"node","osm_id":10922057077,"category":"arts_centre","name":"Diatehnon Arts & Culture","wikidata":null,"wikipedia":null,"tags":{"addr:city":"Limassol","addr:housenumber":"32","addr:street":"Kanari","amenity":"arts_centre","name":"Diatehnon Arts & Culture","website":"https://diatehnon.com"}}},{"type":"Feature","id":"node/10961887636","geometry":{"type":"Point","coordinates":[33.0268175,35.2411578]},"properties":{"osm_type":"node","osm_id":10961887636,"category":"artwork","name":"ODTÜ logosu","wikidata":null,"wikipedia":null,"tags":{"artwork_type":"land_art","name":"ODTÜ logosu","tourism":"artwork"}}},{"type":"Feature","id":"node/10963226044","geometry":{"type":"Point","coordinates":[33.0231716,35.2488807]},"properties":{"osm_type":"node","osm_id":10963226044,"category":"artwork","name":"Bilim Ağacı","wikidata":null,"wikipedia":null,"tags":{"artwork_type":"sculpture","name":"Bilim Ağacı","tourism":"artwork"}}},{"type":"Feature","id":"node/10968006375","geometry":{"type":"Point","coordinates":[32.8242885,34.9705328]},"properties":{"osm_type":"node","osm_id":10968006375,"category":"memorial","name":"Balkan War Memorial","wikidata":null,"wikipedia":null,"tags":{"historic":"memorial","memorial":"war_memorial","name":"Balkan War Memorial"}}},{"type":"Feature","id":"node/10968006378","geometry":{"type":"Point","coordinates":[32.824296,34.9704796]},"properties":{"osm_type":"node","osm_id":10968006378,"category":"artwork","name":"Michael M. Stivaros","wikidata":null,"wikipedia":null,"tags":{"artwork_type":"bust","name":"Michael M. Stivaros","tourism":"artwork"}}},{"type":"Feature","id":"node/11020162278","geometry":{"type":"Point","coordinates":[33.0171648,34.7761349]},"properties":{"osm_type":"node","osm_id":11020162278,"category":"ruins","name":"Ayios Yeorgios","wikidata":null,"wikipedia":null,"tags":{"historic":"ruins","name":"Ayios Yeorgios","ruins":"church"}}},{"type":"Feature","id":"node/11025793884","geometry":{"type":"Point","coordinates":[32.4337274,34.78892]},"properties":{"osm_type":"node","osm_id":11025793884,"category":"memorial","name":"Evagora Pallikaridi","wikidata":null,"wikipedia":null,"tags":{"historic":"memorial","memorial":"plaque","name":"Evagora Pallikaridi"}}},{"type":"Feature","id":"node/11064665029","geometry":{"type":"Point","coordinates":[33.0477315,34.6766589]},"properties":{"osm_type":"node","osm_id":11064665029,"category":"gallery","name":"Lellos point arts & events","wikidata":null,"wikipedia":null,"tags":{"name":"Lellos point arts & events","tourism":"gallery"}}},{"type":"Feature","id":"node/11090499942","geometry":{"type":"Point","coordinates":[33.0490429,34.6789204]},"properties":{"osm_type":"node","osm_id":11090499942,"category":"museum","name":"Δημοτικό Μουσείο Λαικης Τεχνης","wikidata":null,"wikipedia":null,"tags":{"name":"Δημοτικό Μουσείο Λαικης Τεχνης","name:en":"Municipal Museum of Folk Art","opening_hours":"Mo-Fr 08:00-14:30","start_date":"1985","tourism":"museum"}}},{"type":"Feature","id":"node/11238741291","geometry":{"type":"Point","coordinates":[34.24564,35.4989367]},"properties":{"osm_type":"node","osm_id":11238741291,"category":"ruins","name":"Ayois Phokas Kilisesi","wikidata":null,"wikipedia":null,"tags":{"historic":"ruins","name":"Ayois Phokas Kilisesi","ruins":"church"}}},{"type":"Feature","id":"node/11238741292","geometry":{"type":"Point","coordinates":[34.2431939,35.479727]},"properties":{"osm_type":"node","osm_id":11238741292,"category":"ruins","name":"Ayois Ioannis Kilisesi","wikidata":null,"wikipedia":null,"tags":{"historic":"ruins","name":"Ayois Ioannis Kilisesi","ruins":"church"}}},{"type":"Feature","id":"node/11248150628","geometry":{"type":"Point","coordinates":[32.9537694,35.382926]},"properties":{"osm_type":"node","osm_id":11248150628,"category":"artwork","name":"Atatürk Büstü","wikidata":null,"wikipedia":null,"tags":{"artwork_type":"bust","name":"Atatürk Büstü","name:cs":"Atatürkova busta","tourism":"artwork"}}},{"type":"Feature","id":"node/11265117531","geometry":{"type":"Point","coordinates":[32.8086182,34.8478273]},"properties":{"osm_type":"node","osm_id":11265117531,"category":"museum","name":"ΕΙΚΟΝΟΣΚΕΥΟΦΥΛΑΚΙΟ","wikidata":null,"wikipedia":null,"tags":{"name":"ΕΙΚΟΝΟΣΚΕΥΟΦΥΛΑΚΙΟ","name:el":"ΕΙΚΟΝΟΣΚΕΥΟΦΥΛΑΚΙΟ","name:en":"Ecclesiastical Treasury","opening_hours":"Nov-Mar: Mo-Su 08:30-16:00; Apr-Oct: Mo-Su 08:30-18:00","tourism":"museum","wheelchair":"limited"}}},{"type":"Feature","id":"node/11277001898","geometry":{"type":"Point","coordinates":[32.4253052,34.7800169]},"properties":{"osm_type":"node","osm_id":11277001898,"category":"memorial","name":"Ευαγόρας Παλληκαρίδης","wikidata":null,"wikipedia":null,"tags":{"historic":"memorial","memorial":"bust","name":"Ευαγόρας Παλληκαρίδης"}}},{"type":"Feature","id":"node/11303891722","geometry":{"type":"Point","coordinates":[33.3073494,35.154051]},"properties":{"osm_type":"node","osm_id":11303891722,"category":"memorial","name":"Noratlas","wikidata":null,"wikipedia":null,"tags":{"historic":"memorial","memorial":"war_memorial","name":"Noratlas"}}},{"type":"Feature","id":"node/11304913688","geometry":{"type":"Point","coordinates":[33.3360156,35.1687972]},"properties":{"osm_type":"node","osm_id":11304913688,"category":"gallery","name":"Nicholas Ladommatos","wikidata":null,"wikipedia":null,"tags":{"name":"Nicholas Ladommatos","tourism":"gallery"}}},{"type":"Feature","id":"node/11315108608","geometry":{"type":"Point","coordinates":[32.4605226,34.944051]},"properties":{"osm_type":"node","osm_id":11315108608,"category":"ruins","name":"Agias Fotios","wikidata":null,"wikipedia":null,"tags":{"historic":"ruins","name":"Agias Fotios"}}},{"type":"Feature","id":"node/11345240063","geometry":{"type":"Point","coordinates":[33.9176224,35.1376971]},"properties":{"osm_type":"node","osm_id":11345240063,"category":"memorial","name":"gen. Dr. Milan Rastislav Štefánik","wikidata":null,"wikipedia":null,"tags":{"historic":"memorial","memorial":"plaque","name":"gen. Dr. Milan Rastislav Štefánik","start_date":"2016","url":"https://www.vets.cz/vpm/47306-pamaetnik-m-r-stefanik/#47306-pamaetnik-m-r-stefanik"}}},{"type":"Feature","id":"node/11348676929","geometry":{"type":"Point","coordinates":[33.350873,35.1485668]},"properties":{"osm_type":"node","osm_id":11348676929,"category":"arts_centre","name":"SpaceME","wikidata":null,"wikipedia":null,"tags":{"addr:city":"Στρόβολος","addr:housenumber":"32","addr:postcode":"2019","addr:street":"Λεωφόρος Αθαλάσσης","amenity":"arts_centre","name":"SpaceME","opening_hours":"Mo-Su 06:00-21:00"}}},{"type":"Feature","id":"node/11387297172","geometry":{"type":"Point","coordinates":[32.4237362,34.7773457]},"properties":{"osm_type":"node","osm_id":11387297172,"category":"memorial","name":"The genocide of Pontic Greeks","wikidata":null,"wikipedia":null,"tags":{"historic":"memorial","memorial":"plaque","name":"The genocide of Pontic Greeks"}}},{"type":"Feature","id":"node/11395979816","geometry":{"type":"Point","coordinates":[33.0604792,34.706533]},"properties":{"osm_type":"node","osm_id":11395979816,"category":"artwork","name":"I Love Limassol","wikidata":null,"wikipedia":null,"tags":{"artwork_type":"installation","name":"I Love Limassol","tourism":"artwork"}}},{"type":"Feature","id":"node/11402684824","geometry":{"type":"Point","coordinates":[33.0366347,34.6724682]},"properties":{"osm_type":"node","osm_id":11402684824,"category":"gallery","name":"Cornado Fine Arts Centre","wikidata":null,"wikipedia":null,"tags":{"name":"Cornado Fine Arts Centre","tourism":"gallery"}}},{"type":"Feature","id":"node/11414998137","geometry":{"type":"Point","coordinates":[33.0513536,34.6868139]},"properties":{"osm_type":"node","osm_id":11414998137,"category":"memorial","name":"Βικτορ Ν. Ιωαννιδις","wikidata":null,"wikipedia":null,"tags":{"historic":"memorial","memorial":"bust","name":"Βικτορ Ν. Ιωαννιδις"}}},{"type":"Feature","id":"node/11455679473","geometry":{"type":"Point","coordinates":[32.7913446,34.9244457]},"properties":{"osm_type":"node","osm_id":11455679473,"category":"ruins","name":"Αγιος Αντρόνικος","wikidata":null,"wikipedia":null,"tags":{"historic":"ruins","name":"Αγιος Αντρόνικος","name:el":"Αγιος Αντρόνικος","name:en":"Agios Antronikos"}}},{"type":"Feature","id":"node/11466697665","geometry":{"type":"Point","coordinates":[32.9397577,35.2248801]},"properties":{"osm_type":"node","osm_id":11466697665,"category":"artwork","name":"Atatürk heykeli","wikidata":null,"wikipedia":null,"tags":{"artwork_type":"statue","name":"Atatürk heykeli","tourism":"artwork"}}},{"type":"Feature","id":"node/11470881459","geometry":{"type":"Point","coordinates":[32.9349798,34.9206155]},"properties":{"osm_type":"node","osm_id":11470881459,"category":"memorial","name":"EOKA Monument Evagoras Papachristoforou","wikidata":null,"wikipedia":null,"tags":{"historic":"memorial","memorial":"war_memorial","name":"EOKA Monument Evagoras Papachristoforou"}}},{"type":"Feature","id":"node/11499929553","geometry":{"type":"Point","coordinates":[33.0210638,34.6609305]},"properties":{"osm_type":"node","osm_id":11499929553,"category":"artwork","name":"Hands","wikidata":null,"wikipedia":null,"tags":{"artwork_type":"installation","name":"Hands","tourism":"artwork"}}},{"type":"Feature","id":"node/11503325175","geometry":{"type":"Point","coordinates":[33.3608571,35.1695271]},"properties":{"osm_type":"node","osm_id":11503325175,"category":"artwork","name":"The Poet","wikidata":null,"wikipedia":null,"tags":{"artist_name":"Costas Varotsos","artwork_type":"statue","image":"https://photos.app.goo.gl/6FiGRvNnkGeKBc4WA","material":"glass","name":"The Poet","tourism":"artwork"}}},{"type":"Feature","id":"node/11530661184","geometry":{"type":"Point","coordinates":[33.0342505,35.1791417]},"properties":{"osm_type":"node","osm_id":11530661184,"category":"artwork","name":"Atatürk Heykeli","wikidata":null,"wikipedia":null,"tags":{"artwork_type":"statue","name":"Atatürk Heykeli","tourism":"artwork"}}},{"type":"Feature","id":"node/11530744513","geometry":{"type":"Point","coordinates":[33.0521077,35.1755162]},"properties":{"osm_type":"node","osm_id":11530744513,"category":"artwork","name":"Atatürk büstü","wikidata":null,"wikipedia":null,"tags":{"artwork_type":"bust","name":"Atatürk büstü","tourism":"artwork"}}},{"type":"Feature","id":"node/11530787976","geometry":{"type":"Point","coordinates":[33.0925762,35.1879947]},"properties":{"osm_type":"node","osm_id":11530787976,"category":"artwork","name":"Atatürk büstü","wikidata":null,"wikipedia":null,"tags":{"artwork_type":"bust","name":"Atatürk büstü","tourism":"artwork"}}},{"type":"Feature","id":"node/11530852230","geometry":{"type":"Point","coordinates":[33.0609287,35.2028535]},"properties":{"osm_type":"node","osm_id":11530852230,"category":"artwork","name":"Atatürk büstü","wikidata":null,"wikipedia":null,"tags":{"artwork_type":"bust","name":"Atatürk büstü","tourism":"artwork"}}},{"type":"Feature","id":"node/11581970043","geometry":{"type":"Point","coordinates":[33.04872,34.6874246]},"properties":{"osm_type":"node","osm_id":11581970043,"category":"artwork","name":"Flowers Awash","wikidata":null,"wikipedia":null,"tags":{"name":"Flowers Awash","start_date":"2012","tourism":"artwork"}}},{"type":"Feature","id":"node/11602511109","geometry":{"type":"Point","coordinates":[32.3990588,35.0397925]},"properties":{"osm_type":"node","osm_id":11602511109,"category":"monument","name":"Boat ll:3583","wikidata":null,"wikipedia":null,"tags":{"historic":"monument","name":"Boat ll:3583"}}},{"type":"Feature","id":"node/11645697757","geometry":{"type":"Point","coordinates":[33.6016992,34.8171558]},"properties":{"osm_type":"node","osm_id":11645697757,"category":"monument","name":"Η Καλλιπάτειρα","wikidata":null,"wikipedia":null,"tags":{"historic":"monument","name":"Η Καλλιπάτειρα"}}},{"type":"Feature","id":"node/11654079587","geometry":{"type":"Point","coordinates":[33.5793806,34.8919916]},"properties":{"osm_type":"node","osm_id":11654079587,"category":"archaeological_site","name":"Kamares (Bekir Pasha) Aqueduct","wikidata":null,"wikipedia":null,"tags":{"historic":"archaeological_site","name":"Kamares (Bekir Pasha) Aqueduct","tourism":"attraction"}}},{"type":"Feature","id":"node/11655934602","geometry":{"type":"Point","coordinates":[33.0408505,34.6721266]},"properties":{"osm_type":"node","osm_id":11655934602,"category":"museum","name":"Ο Παλιός Χαρουπόμυλος","wikidata":null,"wikipedia":null,"tags":{"addr:city":"Λεμεσός","addr:street":"Βασιλίσσης","name":"Ο Παλιός Χαρουπόμυλος","name:de":"Johannisbrotmühle","name:el":"Ο Παλιός Χαρουπόμυλος","name:en":"Old Carob Mill","opening_hours":"PH Off","operator":"Evagoras Lanitis Foundation","phone":"+357 25 342 123","tourism":"museum","website":"https://www.visitcyprus.com/discover-cyprus/culture/sites-and-monuments/the-old-carob-mill/"}}},{"type":"Feature","id":"node/11688504847","geometry":{"type":"Point","coordinates":[33.0750814,35.3085614]},"properties":{"osm_type":"node","osm_id":11688504847,"category":"artwork","name":"Atatürk büstü","wikidata":null,"wikipedia":null,"tags":{"artwork_type":"bust","name":"Atatürk büstü","tourism":"artwork"}}},{"type":"Feature","id":"node/11688520624","geometry":{"type":"Point","coordinates":[33.0550512,35.3062941]},"properties":{"osm_type":"node","osm_id":11688520624,"category":"artwork","name":"Atatürk büstü","wikidata":null,"wikipedia":null,"tags":{"artwork_type":"bust","name":"Atatürk büstü","tourism":"artwork"}}},{"type":"Feature","id":"node/11698357713","geometry":{"type":"Point","coordinates":[32.3954689,34.8084811]},"properties":{"osm_type":"node","osm_id":11698357713,"category":"monument","name":"Boat","wikidata":null,"wikipedia":null,"tags":{"historic":"monument","name":"Boat"}}},{"type":"Feature","id":"node/11701332437","geometry":{"type":"Point","coordinates":[33.5396453,34.9290014]},"properties":{"osm_type":"node","osm_id":11701332437,"category":"theatre","name":"Θερινό Αμφιθέατρο","wikidata":null,"wikipedia":null,"tags":{"amenity":"theatre","name":"Θερινό Αμφιθέατρο","name:el":"Θερινό Αμφιθέατρο"}}},{"type":"Feature","id":"node/11701454556","geometry":{"type":"Point","coordinates":[33.2390673,34.948886]},"properties":{"osm_type":"node","osm_id":11701454556,"category":"ruins","name":"Kiln","wikidata":null,"wikipedia":null,"tags":{"historic":"ruins","name":"Kiln"}}},{"type":"Feature","id":"node/11750240766","geometry":{"type":"Point","coordinates":[33.3079477,34.8653033]},"properties":{"osm_type":"node","osm_id":11750240766,"category":"museum","name":"Chrisalkora Traditional House","wikidata":null,"wikipedia":null,"tags":{"addr:city":"Πάνω Λεύκαρα","addr:postcode":"7700","name":"Chrisalkora Traditional House","tourism":"museum"}}},{"type":"Feature","id":"node/11799654871","geometry":{"type":"Point","coordinates":[33.0272171,35.258454]},"properties":{"osm_type":"node","osm_id":11799654871,"category":"archaeological_site","name":"Aziz Nikolaos Kilisesi","wikidata":null,"wikipedia":null,"tags":{"historic":"archaeological_site","name":"Aziz Nikolaos Kilisesi","name:el":"Άγιος Νικόλαος","name:en":"Agios Nicolaos Church","ruins":"yes"}}},{"type":"Feature","id":"node/11811343935","geometry":{"type":"Point","coordinates":[33.00802,35.1683128]},"properties":{"osm_type":"node","osm_id":11811343935,"category":"artwork","name":"Atatürk heykel","wikidata":null,"wikipedia":null,"tags":{"artwork_type":"statue","name":"Atatürk heykel","tourism":"artwork"}}},{"type":"Feature","id":"node/11817874643","geometry":{"type":"Point","coordinates":[33.4744213,34.9273319]},"properties":{"osm_type":"node","osm_id":11817874643,"category":"museum","name":"Art Pieces","wikidata":null,"wikipedia":null,"tags":{"name":"Art Pieces","opening_hours":"24/7","tourism":"museum"}}},{"type":"Feature","id":"node/11824416579","geometry":{"type":"Point","coordinates":[32.4030017,34.7594132]},"properties":{"osm_type":"node","osm_id":11824416579,"category":"archaeological_site","name":"Cut through old city wall","wikidata":null,"wikipedia":null,"tags":{"historic":"archaeological_site","name":"Cut through old city wall","tourism":"attraction","wheelchair":"no"}}},{"type":"Feature","id":"node/11824754087","geometry":{"type":"Point","coordinates":[32.4198589,34.7736978]},"properties":{"osm_type":"node","osm_id":11824754087,"category":"artwork","name":"The Dancer","wikidata":null,"wikipedia":null,"tags":{"artist_name":"Rinos Stefani","artwork_type":"statue","material":"metal","name":"The Dancer","tourism":"artwork"}}},{"type":"Feature","id":"node/11824861228","geometry":{"type":"Point","coordinates":[32.422875,34.7747955]},"properties":{"osm_type":"node","osm_id":11824861228,"category":"archaeological_site","name":"Catacombs","wikidata":null,"wikipedia":null,"tags":{"historic":"archaeological_site","name":"Catacombs","tourism":"attraction"}}},{"type":"Feature","id":"node/11832593282","geometry":{"type":"Point","coordinates":[32.4180508,34.755715]},"properties":{"osm_type":"node","osm_id":11832593282,"category":"archaeological_site","name":"Eastern Necropolis","wikidata":null,"wikipedia":null,"tags":{"historic":"archaeological_site","name":"Eastern Necropolis","tourism":"attraction"}}},{"type":"Feature","id":"node/11846822085","geometry":{"type":"Point","coordinates":[33.3588717,35.1409438]},"properties":{"osm_type":"node","osm_id":11846822085,"category":"monument","name":"Ζοδια - Επιστροφη Συλλοροσ Αποφοιτον","wikidata":null,"wikipedia":null,"tags":{"historic":"monument","name":"Ζοδια - Επιστροφη Συλλοροσ Αποφοιτον","name:el":"Ζοδια - Επιστροφη Συλλοροσ Αποφοιτον","name:en":"Zodia Alumni Association"}}},{"type":"Feature","id":"node/11944977097","geometry":{"type":"Point","coordinates":[32.4124776,34.7637685]},"properties":{"osm_type":"node","osm_id":11944977097,"category":"arts_centre","name":"Psifida","wikidata":null,"wikipedia":null,"tags":{"amenity":"arts_centre","name":"Psifida"}}},{"type":"Feature","id":"node/11966184695","geometry":{"type":"Point","coordinates":[33.3551849,35.1780752]},"properties":{"osm_type":"node","osm_id":11966184695,"category":"memorial","name":"60 Years in the Service of Peace","wikidata":null,"wikipedia":null,"tags":{"historic":"memorial","name":"60 Years in the Service of Peace"}}},{"type":"Feature","id":"node/12026650743","geometry":{"type":"Point","coordinates":[33.902782,35.1864155]},"properties":{"osm_type":"node","osm_id":12026650743,"category":"archaeological_site","name":"Palaestra","wikidata":null,"wikipedia":null,"tags":{"historic":"archaeological_site","name":"Palaestra"}}},{"type":"Feature","id":"node/12026650744","geometry":{"type":"Point","coordinates":[33.903482,35.1862051]},"properties":{"osm_type":"node","osm_id":12026650744,"category":"archaeological_site","name":"Lázně","wikidata":null,"wikipedia":null,"tags":{"historic":"archaeological_site","name":"Lázně"}}},{"type":"Feature","id":"node/12033120046","geometry":{"type":"Point","coordinates":[33.0263251,34.663291]},"properties":{"osm_type":"node","osm_id":12033120046,"category":"gallery","name":"PSI Foundation","wikidata":null,"wikipedia":null,"tags":{"addr:city":"Λεμεσός","addr:housenumber":"27","addr:postcode":"3010","addr:street":"Synergatismou","name":"PSI Foundation","opening_hours":"Wed 17:00-22:00; Fr 17:00-22:00; Sa 11:00-14:00,17:00-22:00","operator":"PSI Foundation","tourism":"gallery","website":"https://psi.art/"}}},{"type":"Feature","id":"node/12042267947","geometry":{"type":"Point","coordinates":[34.0201073,34.9848517]},"properties":{"osm_type":"node","osm_id":12042267947,"category":"artwork","name":"The Winds","wikidata":null,"wikipedia":null,"tags":{"artwork_type":"sculpture","material":"stone","name":"The Winds","tourism":"artwork"}}},{"type":"Feature","id":"node/12042267948","geometry":{"type":"Point","coordinates":[34.0200172,34.9849566]},"properties":{"osm_type":"node","osm_id":12042267948,"category":"artwork","name":"Trojan Horse","wikidata":null,"wikipedia":null,"tags":{"artwork_type":"sculpture","material":"stone","name":"Trojan Horse","tourism":"artwork"}}},{"type":"Feature","id":"node/12042267949","geometry":{"type":"Point","coordinates":[34.0200065,34.9848478]},"properties":{"osm_type":"node","osm_id":12042267949,"category":"artwork","name":"Offspring","wikidata":null,"wikipedia":null,"tags":{"artwork_type":"sculpture","material":"stone","name":"Offspring","tourism":"artwork"}}},{"type":"Feature","id":"node/12042269667","geometry":{"type":"Point","coordinates":[34.0179417,34.9852724]},"properties":{"osm_type":"node","osm_id":12042269667,"category":"artwork","name":"Europe and Zeus","wikidata":null,"wikipedia":null,"tags":{"artwork_type":"sculpture","material":"stone","name":"Europe and Zeus","tourism":"artwork"}}},{"type":"Feature","id":"node/12042269668","geometry":{"type":"Point","coordinates":[34.0178254,34.9852806]},"properties":{"osm_type":"node","osm_id":12042269668,"category":"artwork","name":"Hermes","wikidata":null,"wikipedia":null,"tags":{"artwork_type":"sculpture","material":"stone","name":"Hermes","tourism":"artwork"}}},{"type":"Feature","id":"node/12042275751","geometry":{"type":"Point","coordinates":[34.0198086,34.9848342]},"properties":{"osm_type":"node","osm_id":12042275751,"category":"artwork","name":"Aphrodite","wikidata":null,"wikipedia":null,"tags":{"artwork_type":"sculpture","material":"stone","name":"Aphrodite","tourism":"artwork"}}},{"type":"Feature","id":"node/12042283867","geometry":{"type":"Point","coordinates":[34.0182292,34.985221]},"properties":{"osm_type":"node","osm_id":12042283867,"category":"artwork","name":"Flowers for Peace","wikidata":null,"wikipedia":null,"tags":{"artwork_type":"sculpture","material":"stone","name":"Flowers for Peace","tourism":"artwork"}}},{"type":"Feature","id":"node/12042283868","geometry":{"type":"Point","coordinates":[34.0181241,34.9852521]},"properties":{"osm_type":"node","osm_id":12042283868,"category":"artwork","name":"Mermaids in Love","wikidata":null,"wikipedia":null,"tags":{"artwork_type":"sculpture","material":"stone","name":"Mermaids in Love","tourism":"artwork"}}},{"type":"Feature","id":"node/12042285022","geometry":{"type":"Point","coordinates":[34.0190577,34.9852453]},"properties":{"osm_type":"node","osm_id":12042285022,"category":"artwork","name":"Love as a Symbol of Goodness","wikidata":null,"wikipedia":null,"tags":{"artwork_type":"sculpture","material":"stone","name":"Love as a Symbol of Goodness","tourism":"artwork"}}},{"type":"Feature","id":"node/12042285023","geometry":{"type":"Point","coordinates":[34.0205866,34.9847316]},"properties":{"osm_type":"node","osm_id":12042285023,"category":"artwork","name":"Kerveros","wikidata":null,"wikipedia":null,"tags":{"artwork_type":"sculpture","material":"stone","name":"Kerveros","tourism":"artwork"}}},{"type":"Feature","id":"node/12042285024","geometry":{"type":"Point","coordinates":[34.0205967,34.9848635]},"properties":{"osm_type":"node","osm_id":12042285024,"category":"artwork","name":"Artemis","wikidata":null,"wikipedia":null,"tags":{"artwork_type":"sculpture","material":"stone","name":"Artemis","tourism":"artwork"}}},{"type":"Feature","id":"node/12042288851","geometry":{"type":"Point","coordinates":[34.0186685,34.9851122]},"properties":{"osm_type":"node","osm_id":12042288851,"category":"artwork","name":"Sacred Water","wikidata":null,"wikipedia":null,"tags":{"artwork_type":"sculpture","material":"stone","name":"Sacred Water","tourism":"artwork"}}},{"type":"Feature","id":"node/12042288852","geometry":{"type":"Point","coordinates":[34.0184335,34.9848826]},"properties":{"osm_type":"node","osm_id":12042288852,"category":"artwork","name":"The Angel's Name","wikidata":null,"wikipedia":null,"tags":{"artwork_type":"sculpture","material":"stone","name":"The Angel's Name","tourism":"artwork"}}},{"type":"Feature","id":"node/12042289385","geometry":{"type":"Point","coordinates":[34.019415,34.9848197]},"properties":{"osm_type":"node","osm_id":12042289385,"category":"artwork","name":"The Modern Human","wikidata":null,"wikipedia":null,"tags":{"artwork_type":"sculpture","material":"stone","name":"The Modern Human","tourism":"artwork"}}},{"type":"Feature","id":"node/12042289386","geometry":{"type":"Point","coordinates":[34.0191827,34.9847993]},"properties":{"osm_type":"node","osm_id":12042289386,"category":"artwork","name":"Dream","wikidata":null,"wikipedia":null,"tags":{"artwork_type":"sculpture","material":"stone","name":"Dream","tourism":"artwork"}}},{"type":"Feature","id":"node/12042291162","geometry":{"type":"Point","coordinates":[34.018921,34.9845849]},"properties":{"osm_type":"node","osm_id":12042291162,"category":"artwork","name":"Himenoama","wikidata":null,"wikipedia":null,"tags":{"artwork_type":"sculpture","material":"stone","name":"Himenoama","tourism":"artwork"}}},{"type":"Feature","id":"node/12042291163","geometry":{"type":"Point","coordinates":[34.0188042,34.9847356]},"properties":{"osm_type":"node","osm_id":12042291163,"category":"artwork","name":"Solo at the Sea","wikidata":null,"wikipedia":null,"tags":{"artwork_type":"sculpture","material":"stone","name":"Solo at the Sea","tourism":"artwork"}}},{"type":"Feature","id":"node/12042297569","geometry":{"type":"Point","coordinates":[34.0181636,34.985117]},"properties":{"osm_type":"node","osm_id":12042297569,"category":"artwork","name":"The Birth of Aphrodite","wikidata":null,"wikipedia":null,"tags":{"artwork_type":"sculpture","material":"stone","name":"The Birth of Aphrodite","tourism":"artwork"}}},{"type":"Feature","id":"node/12042299069","geometry":{"type":"Point","coordinates":[34.017771,34.9853585]},"properties":{"osm_type":"node","osm_id":12042299069,"category":"artwork","name":"Youth of Hercules","wikidata":null,"wikipedia":null,"tags":{"artwork_type":"sculpture","material":"stone","name":"Youth of Hercules","tourism":"artwork"}}},{"type":"Feature","id":"node/12042299893","geometry":{"type":"Point","coordinates":[34.0175915,34.9854099]},"properties":{"osm_type":"node","osm_id":12042299893,"category":"artwork","name":"Legend of the Sea","wikidata":null,"wikipedia":null,"tags":{"artwork_type":"sculpture","material":"stone","name":"Legend of the Sea","tourism":"artwork"}}},{"type":"Feature","id":"node/12042299894","geometry":{"type":"Point","coordinates":[34.0174528,34.9852808]},"properties":{"osm_type":"node","osm_id":12042299894,"category":"artwork","name":"Icarus","wikidata":null,"wikipedia":null,"tags":{"artwork_type":"sculpture","material":"stone","name":"Icarus","tourism":"artwork"}}},{"type":"Feature","id":"node/12042299895","geometry":{"type":"Point","coordinates":[34.0172317,34.9854244]},"properties":{"osm_type":"node","osm_id":12042299895,"category":"artwork","name":"Uroboros","wikidata":null,"wikipedia":null,"tags":{"artwork_type":"sculpture","material":"stone","name":"Uroboros","tourism":"artwork"}}},{"type":"Feature","id":"node/12042305191","geometry":{"type":"Point","coordinates":[34.0168967,34.9854734]},"properties":{"osm_type":"node","osm_id":12042305191,"category":"artwork","name":"Waves","wikidata":null,"wikipedia":null,"tags":{"artwork_type":"sculpture","material":"stone","name":"Waves","tourism":"artwork"}}},{"type":"Feature","id":"node/12042305192","geometry":{"type":"Point","coordinates":[34.0169216,34.9855821]},"properties":{"osm_type":"node","osm_id":12042305192,"category":"artwork","name":"The Birth of Love","wikidata":null,"wikipedia":null,"tags":{"artwork_type":"sculpture","material":"stone","name":"The Birth of Love","tourism":"artwork"}}},{"type":"Feature","id":"node/12042305193","geometry":{"type":"Point","coordinates":[34.0166888,34.9855729]},"properties":{"osm_type":"node","osm_id":12042305193,"category":"artwork","name":"Great Expectation","wikidata":null,"wikipedia":null,"tags":{"artwork_type":"sculpture","material":"stone","name":"Great Expectation","tourism":"artwork"}}},{"type":"Feature","id":"node/12042496560","geometry":{"type":"Point","coordinates":[32.4051607,34.7782086]},"properties":{"osm_type":"node","osm_id":12042496560,"category":"archaeological_site","name":"Τάφος","wikidata":null,"wikipedia":null,"tags":{"historic":"archaeological_site","name":"Τάφος","name:el":"Τάφος","name:en":"Tomb"}}},{"type":"Feature","id":"node/12062676614","geometry":{"type":"Point","coordinates":[33.3615251,35.1718516]},"properties":{"osm_type":"node","osm_id":12062676614,"category":"museum","name":"Shacolas Observatory","wikidata":null,"wikipedia":null,"tags":{"addr:street":"Λήδρας","alt_name":"Ledra museum observatory","name":"Shacolas Observatory","name:de":"Shacolas Tower Museum & Observatory","name:en":"Shacolas Observatory","opening_hours":"Mo-Sa 10:00-17:00; Su 11:00-17:00","tourism":"museum","website":"https://www.nicosia.org.cy/en-GB/discover/museums/shacolas-tower-museum-observatory/"}}},{"type":"Feature","id":"node/12100155820","geometry":{"type":"Point","coordinates":[32.4411881,34.7886745]},"properties":{"osm_type":"node","osm_id":12100155820,"category":"monument","name":"Resistance Bus","wikidata":null,"wikipedia":null,"tags":{"historic":"monument","name":"Resistance Bus"}}},{"type":"Feature","id":"node/12115453579","geometry":{"type":"Point","coordinates":[33.2365976,35.3448947]},"properties":{"osm_type":"node","osm_id":12115453579,"category":"memorial","name":"Ç1974 ANIT GEMİSİ","wikidata":"Q1050999","wikipedia":"tr:Kıbrıs Harekâtı","tags":{"historic":"memorial","material":"metal","memorial":"ship","name":"Ç1974 ANIT GEMİSİ","name:ar":"سفينة تذكارية تعود لعام 1974","name:en":"C1974 Memorial Ship","name:tr":"Ç1974 ANIT GEMİSİ","wikidata":"Q1050999","wikipedia":"tr:Kıbrıs Harekâtı"}}},{"type":"Feature","id":"node/12115461841","geometry":{"type":"Point","coordinates":[33.4250265,35.0166395]},"properties":{"osm_type":"node","osm_id":12115461841,"category":"archaeological_site","name":"Point 3","wikidata":null,"wikipedia":null,"tags":{"historic":"archaeological_site","name":"Point 3"}}},{"type":"Feature","id":"node/12115461847","geometry":{"type":"Point","coordinates":[33.4237518,35.0161158]},"properties":{"osm_type":"node","osm_id":12115461847,"category":"archaeological_site","name":"Point 4: Settlements and Workshop","wikidata":null,"wikipedia":null,"tags":{"historic":"archaeological_site","name":"Point 4: Settlements and Workshop"}}},{"type":"Feature","id":"node/12117149182","geometry":{"type":"Point","coordinates":[33.6333573,34.9195953]},"properties":{"osm_type":"node","osm_id":12117149182,"category":"museum","name":"Hellenistic period olive press","wikidata":null,"wikipedia":null,"tags":{"name":"Hellenistic period olive press","tourism":"museum"}}},{"type":"Feature","id":"node/12131116093","geometry":{"type":"Point","coordinates":[33.3622108,35.1727843]},"properties":{"osm_type":"node","osm_id":12131116093,"category":"museum","name":"Μουσείο Ιστορίας της Κυπριακής Νομισματοκοπίας","wikidata":null,"wikipedia":null,"tags":{"addr:city":"Λευκωσία","addr:housenumber":"86","addr:postcode":"1011","addr:street":"Φανερωμένης","name":"Μουσείο Ιστορίας της Κυπριακής Νομισματοκοπίας","name:el":"Μουσείο Ιστορίας της Κυπριακής Νομισματοκοπίας","name:en":"Museum of the History of Cypriot Coinage","name:ru":"Музей истории чеканки кипрских монет","opening_hours":"Mo-Su 10:00-19:00","operator":"Bank of Cyprus Cultural Foundation","tourism":"museum","website":"https://www.boccf.org/en-gb/homepage/museums-collections2/museum-of-the-history/"}}},{"type":"Feature","id":"node/12131116094","geometry":{"type":"Point","coordinates":[33.3621817,35.1726655]},"properties":{"osm_type":"node","osm_id":12131116094,"category":"museum","name":"Μουσείο Συλλογής Γεωργίου και Νεφέλης Τζιάπρα Πιερίδη","wikidata":null,"wikipedia":null,"tags":{"name":"Μουσείο Συλλογής Γεωργίου και Νεφέλης Τζιάπρα Πιερίδη","name:el":"Μουσείο Συλλογής Γεωργίου και Νεφέλης Τζιάπρα Πιερίδη","name:en":"Museum of George and Nefeli Giabra Pierides Collection","opening_hours":"Mo-Su 10:00-19:00","operator":"Bank of Cyprus Cultural Foundation","tourism":"museum"}}},{"type":"Feature","id":"node/12185579225","geometry":{"type":"Point","coordinates":[33.3505197,35.187847]},"properties":{"osm_type":"node","osm_id":12185579225,"category":"memorial","name":"Caddenin Şair ve Yazarları","wikidata":null,"wikipedia":null,"tags":{"historic":"memorial","name":"Caddenin Şair ve Yazarları","name:en":"Authors of the Avenue","name:es":"Autores de la Avenida"}}},{"type":"Feature","id":"node/12231403236","geometry":{"type":"Point","coordinates":[33.2382084,35.3445075]},"properties":{"osm_type":"node","osm_id":12231403236,"category":"memorial","name":"Anıt Helikopter","wikidata":null,"wikipedia":null,"tags":{"historic":"memorial","memorial":"aircraft","name":"Anıt Helikopter","name:en":"Helicopter Memorial","name:tr":"Anıt Helikopter"}}},{"type":"Feature","id":"node/12287606223","geometry":{"type":"Point","coordinates":[32.3966409,34.822691]},"properties":{"osm_type":"node","osm_id":12287606223,"category":"archaeological_site","name":"Kissonerga-Skalia","wikidata":null,"wikipedia":null,"tags":{"historic":"archaeological_site","name":"Kissonerga-Skalia"}}},{"type":"Feature","id":"node/12312599211","geometry":{"type":"Point","coordinates":[32.5730133,34.7059174]},"properties":{"osm_type":"node","osm_id":12312599211,"category":"museum","name":"Τοπικό Αρχαιολογικό Μουσείο Παλαιπάφου","wikidata":null,"wikipedia":null,"tags":{"name":"Τοπικό Αρχαιολογικό Μουσείο Παλαιπάφου","name:el":"Τοπικό Αρχαιολογικό Μουσείο Παλαιπάφου","name:en":"Local Archaeological Museum of Palaipafos","opening_hours":"Tu-Su 08:30-17:00; Mo off","operator":"Department of Antiquities","phone":"+357 26432155","tourism":"museum","website":"http://www.culture.gov.cy/dmculture/da/da.nsf/All/D29999253080F9BBC2257199002134BD?OpenDocument","wheelchair":"no"}}},{"type":"Feature","id":"node/12326117002","geometry":{"type":"Point","coordinates":[33.9415116,35.1245816]},"properties":{"osm_type":"node","osm_id":12326117002,"category":"archaeological_site","name":"Namik Kemal Prison and Museum Dungeon","wikidata":null,"wikipedia":null,"tags":{"historic":"archaeological_site","name":"Namik Kemal Prison and Museum Dungeon"}}},{"type":"Feature","id":"node/12326117006","geometry":{"type":"Point","coordinates":[33.9395535,35.1214595]},"properties":{"osm_type":"node","osm_id":12326117006,"category":"city_gate","name":"Famagusta Kapi","wikidata":null,"wikipedia":null,"tags":{"historic":"city_gate","name":"Famagusta Kapi"}}},{"type":"Feature","id":"node/12340400155","geometry":{"type":"Point","coordinates":[33.0731468,34.8902888]},"properties":{"osm_type":"node","osm_id":12340400155,"category":"historic","name":"EOKA Hideout","wikidata":null,"wikipedia":null,"tags":{"historic":"military_hideout","name":"EOKA Hideout","tourism":"attraction"}}},{"type":"Feature","id":"node/12396114015","geometry":{"type":"Point","coordinates":[33.0127724,35.3421149]},"properties":{"osm_type":"node","osm_id":12396114015,"category":"memorial","name":"Antonis Haji Roussos","wikidata":null,"wikipedia":null,"tags":{"historic":"memorial","memorial":"plaque","name":"Antonis Haji Roussos"}}},{"type":"Feature","id":"node/12426319695","geometry":{"type":"Point","coordinates":[33.3511574,35.1488536]},"properties":{"osm_type":"node","osm_id":12426319695,"category":"gallery","name":"Vartan","wikidata":null,"wikipedia":null,"tags":{"addr:city":"Στρόβολος","addr:housenumber":"27","addr:postcode":"2012","addr:street":"Λεωφόρος Αθαλάσσης","name":"Vartan","tourism":"gallery"}}},{"type":"Feature","id":"node/12433283976","geometry":{"type":"Point","coordinates":[32.9996097,34.9153085]},"properties":{"osm_type":"node","osm_id":12433283976,"category":"historic","name":"EOKA Hideout","wikidata":null,"wikipedia":null,"tags":{"historic":"military_hideout","name":"EOKA Hideout","tourism":"attraction"}}},{"type":"Feature","id":"node/12451258221","geometry":{"type":"Point","coordinates":[32.9706395,34.9439177]},"properties":{"osm_type":"node","osm_id":12451258221,"category":"memorial","name":"Η Μάχη του Πεύκου","wikidata":null,"wikipedia":null,"tags":{"historic":"memorial","memorial":"war_memorial","name":"Η Μάχη του Πεύκου","name:en":"Battle of Pefkos Memorial"}}},{"type":"Feature","id":"node/12480037461","geometry":{"type":"Point","coordinates":[32.4246212,35.0350758]},"properties":{"osm_type":"node","osm_id":12480037461,"category":"artwork","name":"θεοδόσης Χ.  Φεσσάς","wikidata":null,"wikipedia":null,"tags":{"artist_name":"edmon1419","artwork_type":"mural","name":"θεοδόσης Χ.  Φεσσάς","tourism":"artwork"}}},{"type":"Feature","id":"node/12480487983","geometry":{"type":"Point","coordinates":[33.0927334,34.9179394]},"properties":{"osm_type":"node","osm_id":12480487983,"category":"monument","name":"Monument to the Fallen of the Turkish Invasion 1974","wikidata":null,"wikipedia":null,"tags":{"historic":"monument","name":"Monument to the Fallen of the Turkish Invasion 1974"}}},{"type":"Feature","id":"node/12480487999","geometry":{"type":"Point","coordinates":[33.0926291,34.922285]},"properties":{"osm_type":"node","osm_id":12480487999,"category":"memorial","name":"EOKA Fighters Memorial","wikidata":null,"wikipedia":null,"tags":{"historic":"memorial","memorial":"plaque","name":"EOKA Fighters Memorial"}}},{"type":"Feature","id":"node/12484764509","geometry":{"type":"Point","coordinates":[33.9281274,35.1304533]},"properties":{"osm_type":"node","osm_id":12484764509,"category":"memorial","name":"Bismillahirrahmanirrahim","wikidata":null,"wikipedia":null,"tags":{"historic":"memorial","image":"https://photos.app.goo.gl/rLx4qh9y6u4sEdaG9","material":"stone","memorial":"plaque","name":"Bismillahirrahmanirrahim"}}},{"type":"Feature","id":"node/12484764833","geometry":{"type":"Point","coordinates":[33.9433566,35.126875]},"properties":{"osm_type":"node","osm_id":12484764833,"category":"artwork","name":"William Shakespeare 1564 – 1616","wikidata":null,"wikipedia":null,"tags":{"artwork_type":"bust","image":"https://photos.app.goo.gl/4HjNPiF2cu8yPRtw7","name":"William Shakespeare 1564 – 1616","tourism":"artwork"}}},{"type":"Feature","id":"node/12485221956","geometry":{"type":"Point","coordinates":[33.9424503,35.124305]},"properties":{"osm_type":"node","osm_id":12485221956,"category":"artwork","name":"The great escape","wikidata":null,"wikipedia":null,"tags":{"artist_name":": Opsis Synopsis / Umay Yilmaz","artwork_type":"mural","image":"https://photos.app.goo.gl/qWDYMoHaHBUMUDxy9","name":"The great escape","tourism":"artwork"}}},{"type":"Feature","id":"node/12485382825","geometry":{"type":"Point","coordinates":[33.9459471,35.1226241]},"properties":{"osm_type":"node","osm_id":12485382825,"category":"tomb","name":"CANBULAT ALİ KARAHASAN 1930 -1964","wikidata":null,"wikipedia":null,"tags":{"historic":"tomb","image":"https://photos.app.goo.gl/XkrENocb39LEZrph8","name":"CANBULAT ALİ KARAHASAN 1930 -1964"}}},{"type":"Feature","id":"node/12485382826","geometry":{"type":"Point","coordinates":[33.9459223,35.1225418]},"properties":{"osm_type":"node","osm_id":12485382826,"category":"tomb","name":"HÜDAVERDİ MUSTAFA KAMİL 1946-1974","wikidata":null,"wikipedia":null,"tags":{"historic":"tomb","image":"https://photos.app.goo.gl/67TreyjVUY7DHSq77","name":"HÜDAVERDİ MUSTAFA KAMİL 1946-1974"}}},{"type":"Feature","id":"node/12485382827","geometry":{"type":"Point","coordinates":[33.9459613,35.1225022]},"properties":{"osm_type":"node","osm_id":12485382827,"category":"tomb","name":"GÜNER KEMAL 1948-1974","wikidata":null,"wikipedia":null,"tags":{"historic":"tomb","image":"https://photos.app.goo.gl/6EEkyjKtTvgX6SK1A","name":"GÜNER KEMAL 1948-1974"}}},{"type":"Feature","id":"node/12485382835","geometry":{"type":"Point","coordinates":[33.9459514,35.1228214]},"properties":{"osm_type":"node","osm_id":12485382835,"category":"tomb","name":"ARİF AHMET 1950 -1974","wikidata":null,"wikipedia":null,"tags":{"historic":"tomb","image":"https://photos.app.goo.gl/YVUsW3f8tRh65kHT6","name":"ARİF AHMET 1950 -1974"}}},{"type":"Feature","id":"node/12485404420","geometry":{"type":"Point","coordinates":[33.9413287,35.1275082]},"properties":{"osm_type":"node","osm_id":12485404420,"category":"artwork","name":"Mustafa Kemal Atatürk","wikidata":null,"wikipedia":null,"tags":{"artwork_type":"bust","image":"https://photos.app.goo.gl/pmW88UydRs1cgSrG9","name":"Mustafa Kemal Atatürk","tourism":"artwork"}}},{"type":"Feature","id":"node/12486817549","geometry":{"type":"Point","coordinates":[33.9036939,35.1867033]},"properties":{"osm_type":"node","osm_id":12486817549,"category":"artwork","name":"Salamis","wikidata":null,"wikipedia":null,"tags":{"artwork_type":"installation","image":"https://photos.app.goo.gl/xKieJV4Xxr1ZPBWx6","name":"Salamis","tourism":"artwork"}}},{"type":"Feature","id":"node/12486817573","geometry":{"type":"Point","coordinates":[33.9025858,35.1849152]},"properties":{"osm_type":"node","osm_id":12486817573,"category":"artwork","name":"Apollo","wikidata":null,"wikipedia":null,"tags":{"artwork_type":"sculpture","image":"https://photos.app.goo.gl/gko5douoSibVu83q9","name":"Apollo","tourism":"artwork"}}},{"type":"Feature","id":"node/12486817574","geometry":{"type":"Point","coordinates":[33.9023959,35.1847641]},"properties":{"osm_type":"node","osm_id":12486817574,"category":"artwork","name":"Melpomene","wikidata":null,"wikipedia":null,"tags":{"artwork_type":"sculpture","name":"Melpomene","tourism":"artwork"}}},{"type":"Feature","id":"node/12488915222","geometry":{"type":"Point","coordinates":[33.3609041,35.1772193]},"properties":{"osm_type":"node","osm_id":12488915222,"category":"artwork","name":"Mustafa Kemal Atatürk","wikidata":null,"wikipedia":null,"tags":{"artwork_type":"bust","image":"https://photos.app.goo.gl/tzbWpUioYqhbMReX8","name":"Mustafa Kemal Atatürk","tourism":"artwork"}}},{"type":"Feature","id":"node/12488915275","geometry":{"type":"Point","coordinates":[33.3563528,35.1760187]},"properties":{"osm_type":"node","osm_id":12488915275,"category":"artwork","name":"Bener Hakkı Hakeri","wikidata":null,"wikipedia":null,"tags":{"artwork_type":"bust","image":"https://photos.app.goo.gl/ByqugRmdxcjkCoPu5","name":"Bener Hakkı Hakeri","tourism":"artwork"}}},{"type":"Feature","id":"node/12489850472","geometry":{"type":"Point","coordinates":[33.3562812,35.1778078]},"properties":{"osm_type":"node","osm_id":12489850472,"category":"artwork","name":"Salahi Şevket","wikidata":null,"wikipedia":null,"tags":{"artwork_type":"bust","image":"https://photos.app.goo.gl/jV9vHzD6JugsB3Uu7","name":"Salahi Şevket","tourism":"artwork"}}},{"type":"Feature","id":"node/12489850473","geometry":{"type":"Point","coordinates":[33.3574611,35.1788776]},"properties":{"osm_type":"node","osm_id":12489850473,"category":"historic","name":"Zehri Çeşme","wikidata":null,"wikipedia":null,"tags":{"amenity":"fountain","historic":"yes","image":"https://photos.app.goo.gl/fJG61hXZpoyMzhRe9","name":"Zehri Çeşme","name:en":"The Fountain Of Zehri","start_date":"1908"}}},{"type":"Feature","id":"node/12493112693","geometry":{"type":"Point","coordinates":[33.3661793,35.1768248]},"properties":{"osm_type":"node","osm_id":12493112693,"category":"artwork","name":"Mustafa Kemal Atatürk","wikidata":null,"wikipedia":null,"tags":{"artwork_type":"bust","image":"https://photos.app.goo.gl/XXY2qtbz9nY8GP289","name":"Mustafa Kemal Atatürk","tourism":"artwork"}}},{"type":"Feature","id":"node/12496697877","geometry":{"type":"Point","coordinates":[34.5880336,35.6952971]},"properties":{"osm_type":"node","osm_id":12496697877,"category":"memorial","name":"Besparmak Trail","wikidata":null,"wikipedia":null,"tags":{"historic":"memorial","image":"https://photos.app.goo.gl/27PGeY2SnTTBikL36","memorial":"stone","name":"Besparmak Trail","url":"https://youtu.be/dXFv0ENbSDU?si=syDJbEqxxsi_-Twk&t=877"}}},{"type":"Feature","id":"node/12496771188","geometry":{"type":"Point","coordinates":[34.1444828,35.4682525]},"properties":{"osm_type":"node","osm_id":12496771188,"category":"artwork","name":"ERENKY KARPAZ BELEDIYESI","wikidata":null,"wikipedia":null,"tags":{"artwork_type":"installation","image":"https://photos.app.goo.gl/ywjPaEUzEmhUi8yP6","name":"ERENKY KARPAZ BELEDIYESI","tourism":"artwork"}}},{"type":"Feature","id":"node/12497007598","geometry":{"type":"Point","coordinates":[33.3630947,35.1732866]},"properties":{"osm_type":"node","osm_id":12497007598,"category":"memorial","name":"ΕΔΩ ΕΡΓΑΣΤΗΚΕ Η ΟΥΡΑΝΙΑ ΚΟΚΚΙΝΟΥ 1929-1993 ΕΚΠΑΙΔΕΥΤΙΚΟΣ ΑΓΩΝΙΣΤΡΙΑ","wikidata":null,"wikipedia":null,"tags":{"historic":"memorial","image":"https://photos.app.goo.gl/AbCkg5pVL5TTHjNm9","memorial":"plaque","name":"ΕΔΩ ΕΡΓΑΣΤΗΚΕ Η ΟΥΡΑΝΙΑ ΚΟΚΚΙΝΟΥ 1929-1993 ΕΚΠΑΙΔΕΥΤΙΚΟΣ ΑΓΩΝΙΣΤΡΙΑ"}}},{"type":"Feature","id":"node/12497007599","geometry":{"type":"Point","coordinates":[33.3630346,35.1732532]},"properties":{"osm_type":"node","osm_id":12497007599,"category":"artwork","name":"ΟΥΡΑΝΙΑ ΚΟΚΚΙΝΟΥ 1929-1993","wikidata":null,"wikipedia":null,"tags":{"artwork_type":"bust","image":"https://photos.app.goo.gl/KJuVQmEfbzP825yeA","name":"ΟΥΡΑΝΙΑ ΚΟΚΚΙΝΟΥ 1929-1993","tourism":"artwork"}}},{"type":"Feature","id":"node/12498506394","geometry":{"type":"Point","coordinates":[33.3613592,35.1695289]},"properties":{"osm_type":"node","osm_id":12498506394,"category":"artwork","name":"ΘΕΜΙΣΤΟΚΛΗΣ ΔΕΡΒΗΣ","wikidata":null,"wikipedia":null,"tags":{"artwork_type":"bust","image":"https://photos.app.goo.gl/mVSzgZvBKwQ6mYa16","material":"stone","name":"ΘΕΜΙΣΤΟΚΛΗΣ ΔΕΡΒΗΣ","tourism":"artwork"}}},{"type":"Feature","id":"node/12501182400","geometry":{"type":"Point","coordinates":[33.3714411,35.1758362]},"properties":{"osm_type":"node","osm_id":12501182400,"category":"memorial","name":"ΣΟΦΙΑ ΒΕΜΠΟ (1910 1978)","wikidata":null,"wikipedia":null,"tags":{"historic":"memorial","image":"https://photos.app.goo.gl/1ghNpZFpuxUQMY556","material":"stone","name":"ΣΟΦΙΑ ΒΕΜΠΟ (1910 1978)"}}},{"type":"Feature","id":"node/12501218101","geometry":{"type":"Point","coordinates":[33.3714352,35.1760968]},"properties":{"osm_type":"node","osm_id":12501218101,"category":"artwork","name":"ΣΤΑΥΡΟΣ ΣΤΥΛΙΑΝΙΔΗΣ ΕΞ ΑΙΓΙΑΛΟΥΣΗΣ 1929-1957","wikidata":null,"wikipedia":null,"tags":{"artwork_type":"bust","image":"https://photos.app.goo.gl/VwkMFbf2R9FCDSNd6","name":"ΣΤΑΥΡΟΣ ΣΤΥΛΙΑΝΙΔΗΣ ΕΞ ΑΙΓΙΑΛΟΥΣΗΣ 1929-1957","tourism":"artwork"}}},{"type":"Feature","id":"node/12501218871","geometry":{"type":"Point","coordinates":[33.3685007,35.1726827]},"properties":{"osm_type":"node","osm_id":12501218871,"category":"memorial","name":"ΤΟ ΜΝΗΜΕΙΟ ΤΗΣ ΜΑΘΗΤΙΩΣΑΣ ΝΕΟΛΑΙΑΣ ΤΟΥ ΑΓΩΝΑΤΗΣ ΕΟΚΑ 1955-1959","wikidata":null,"wikipedia":null,"tags":{"historic":"memorial","image":"https://photos.app.goo.gl/eWTqF13szk2Hx4Gd6","memorial":"sculpture","name":"ΤΟ ΜΝΗΜΕΙΟ ΤΗΣ ΜΑΘΗΤΙΩΣΑΣ ΝΕΟΛΑΙΑΣ ΤΟΥ ΑΓΩΝΑΤΗΣ ΕΟΚΑ 1955-1959"}}},{"type":"Feature","id":"node/12501218874","geometry":{"type":"Point","coordinates":[33.367551,35.1725875]},"properties":{"osm_type":"node","osm_id":12501218874,"category":"artwork","name":"Αρχιεπίσκοπος Λεόντιος","wikidata":null,"wikipedia":null,"tags":{"artwork_type":"bust","image":"https://photos.app.goo.gl/5QEagGUmT99xZn2u5","name":"Αρχιεπίσκοπος Λεόντιος","tourism":"artwork"}}},{"type":"Feature","id":"node/12543421959","geometry":{"type":"Point","coordinates":[33.3183347,35.3419153]},"properties":{"osm_type":"node","osm_id":12543421959,"category":"archaeological_site","name":"Greko-Romen Kaya Mezarları","wikidata":null,"wikipedia":null,"tags":{"historic":"archaeological_site","name":"Greko-Romen Kaya Mezarları","name:en":"Greko-Roman rock graves","name:tr":"Greko-Romen Kaya Mezarları"}}},{"type":"Feature","id":"node/12579146902","geometry":{"type":"Point","coordinates":[33.367276,35.1684398]},"properties":{"osm_type":"node","osm_id":12579146902,"category":"monument","name":"José Martí 1853-1895 National Hero of the Republic of Cuba","wikidata":null,"wikipedia":null,"tags":{"historic":"monument","name":"José Martí 1853-1895 National Hero of the Republic of Cuba"}}},{"type":"Feature","id":"node/12618714370","geometry":{"type":"Point","coordinates":[33.3441312,35.1501557]},"properties":{"osm_type":"node","osm_id":12618714370,"category":"gallery","name":"Marginalia","wikidata":null,"wikipedia":null,"tags":{"name":"Marginalia","tourism":"gallery"}}},{"type":"Feature","id":"node/12652658728","geometry":{"type":"Point","coordinates":[32.8077807,35.1294065]},"properties":{"osm_type":"node","osm_id":12652658728,"category":"memorial","name":"Birleşmiş Milletler Anıtı","wikidata":null,"wikipedia":null,"tags":{"historic":"memorial","material":"stone","memorial":"stone","name":"Birleşmiş Milletler Anıtı"}}},{"type":"Feature","id":"node/12652715229","geometry":{"type":"Point","coordinates":[32.7385001,35.1667356]},"properties":{"osm_type":"node","osm_id":12652715229,"category":"artwork","name":"Mustafa Kemal Atatürk büstü","wikidata":null,"wikipedia":null,"tags":{"artwork_type":"bust","name":"Mustafa Kemal Atatürk büstü","tourism":"artwork"}}},{"type":"Feature","id":"node/12712432415","geometry":{"type":"Point","coordinates":[32.7906765,34.7596413]},"properties":{"osm_type":"node","osm_id":12712432415,"category":"archaeological_site","name":"Τρυπητος πέτρος","wikidata":null,"wikipedia":null,"tags":{"historic":"archaeological_site","name":"Τρυπητος πέτρος"}}},{"type":"Feature","id":"node/12712432416","geometry":{"type":"Point","coordinates":[32.7904659,34.7601127]},"properties":{"osm_type":"node","osm_id":12712432416,"category":"archaeological_site","name":"Τρυπητος πέτρος","wikidata":null,"wikipedia":null,"tags":{"historic":"archaeological_site","name":"Τρυπητος πέτρος"}}},{"type":"Feature","id":"node/12722758904","geometry":{"type":"Point","coordinates":[32.4299119,34.7840946]},"properties":{"osm_type":"node","osm_id":12722758904,"category":"arts_centre","name":"Circle Creative Space","wikidata":null,"wikipedia":null,"tags":{"amenity":"arts_centre","name":"Circle Creative Space"}}},{"type":"Feature","id":"node/12728498632","geometry":{"type":"Point","coordinates":[32.9604554,34.6883741]},"properties":{"osm_type":"node","osm_id":12728498632,"category":"memorial","name":"Πλατεία \"Μάριου Τόκα\"","wikidata":null,"wikipedia":null,"tags":{"historic":"memorial","material":"stone","memorial":"plaque","name":"Πλατεία \"Μάριου Τόκα\""}}},{"type":"Feature","id":"node/12759029401","geometry":{"type":"Point","coordinates":[33.5780092,34.8440497]},"properties":{"osm_type":"node","osm_id":12759029401,"category":"museum","name":"Kition Planetarium and Observatory","wikidata":null,"wikipedia":null,"tags":{"addr:housenumber":"9","addr:postcode":"7550","addr:street":"Ammochostou","email":"planetarium@cytanet.com.cy","name":"Kition Planetarium and Observatory","tourism":"museum","website":"https://www.astronomycyprus.eu/"}}},{"type":"Feature","id":"node/12772287535","geometry":{"type":"Point","coordinates":[32.3932103,34.9557818]},"properties":{"osm_type":"node","osm_id":12772287535,"category":"museum","name":"Inna-Lara Turtle Museum","wikidata":null,"wikipedia":null,"tags":{"name":"Inna-Lara Turtle Museum","opening_hours":"Mo-Fr 10:00-14:00, 15:00-17:30; Sa 10:00-15:00","phone":"+35726332002","tourism":"museum"}}},{"type":"Feature","id":"node/12786448604","geometry":{"type":"Point","coordinates":[33.3609108,35.135471]},"properties":{"osm_type":"node","osm_id":12786448604,"category":"memorial","name":"ΜΝΗΜΕΙΟ ΠΕΣΟΝΤΩΝ ΚΑΙ ΑΦΝΟΟΥΜΕΝΩΝ","wikidata":null,"wikipedia":null,"tags":{"historic":"memorial","material":"stone","memorial":"war_memorial","name":"ΜΝΗΜΕΙΟ ΠΕΣΟΝΤΩΝ ΚΑΙ ΑΦΝΟΟΥΜΕΝΩΝ","name:el":"ΜΝΗΜΕΙΟ ΠΕΣΟΝΤΩΝ ΚΑΙ ΑΦΝΟΟΥΜΕΝΩΝ","name:en":"MEMORIAL TO THE DEAD AND FORGOTTEN"}}},{"type":"Feature","id":"node/12798257291","geometry":{"type":"Point","coordinates":[33.3595817,35.1488235]},"properties":{"osm_type":"node","osm_id":12798257291,"category":"arts_centre","name":"Red Stage Theatre","wikidata":null,"wikipedia":null,"tags":{"amenity":"arts_centre","name":"Red Stage Theatre"}}},{"type":"Feature","id":"node/12798345471","geometry":{"type":"Point","coordinates":[33.3576525,35.1460214]},"properties":{"osm_type":"node","osm_id":12798345471,"category":"museum","name":"Υπαίθριο Μουσείο Νερού","wikidata":null,"wikipedia":null,"tags":{"addr:city":"Στρόβολος","addr:housenumber":"84","addr:postcode":"2023","addr:street":"Λεωφόρος Αθαλάσσης","name":"Υπαίθριο Μουσείο Νερού","name:el":"Υπαίθριο Μουσείο Νερού","name:en":"Outdoor Water Museum","operator":"Nicosia Water Board","tourism":"museum"}}},{"type":"Feature","id":"node/12857034462","geometry":{"type":"Point","coordinates":[33.2999421,34.7656832]},"properties":{"osm_type":"node","osm_id":12857034462,"category":"memorial","name":"Το κοινοτικό πάρκο καλαβάσου \"Μαρία\"","wikidata":null,"wikipedia":null,"tags":{"historic":"memorial","material":"stone","memorial":"plaque","name":"Το κοινοτικό πάρκο καλαβάσου \"Μαρία\""}}},{"type":"Feature","id":"node/12876841712","geometry":{"type":"Point","coordinates":[33.2997014,34.7658475]},"properties":{"osm_type":"node","osm_id":12876841712,"category":"memorial","name":"Μαρία Χ. Νικολαου","wikidata":null,"wikipedia":null,"tags":{"historic":"memorial","memorial":"bust","name":"Μαρία Χ. Νικολαου"}}},{"type":"Feature","id":"node/12905600018","geometry":{"type":"Point","coordinates":[33.9527543,35.0279387]},"properties":{"osm_type":"node","osm_id":12905600018,"category":"memorial","name":"Μνημείο πεσόντων και αγνοουμένων","wikidata":null,"wikipedia":null,"tags":{"historic":"memorial","name":"Μνημείο πεσόντων και αγνοουμένων"}}},{"type":"Feature","id":"node/12927553659","geometry":{"type":"Point","coordinates":[33.3400486,35.1461909]},"properties":{"osm_type":"node","osm_id":12927553659,"category":"museum","name":"ΜΟΥΣΕΙΟ ΕΘΝΟΜΑΡΤΥΡΑ ΑΡΧΙΕΠΙΣΚΟΠΟΥ ΚΥΠΡΙΑΝΟΥ","wikidata":null,"wikipedia":null,"tags":{"name":"ΜΟΥΣΕΙΟ ΕΘΝΟΜΑΡΤΥΡΑ ΑΡΧΙΕΠΙΣΚΟΠΟΥ ΚΥΠΡΙΑΝΟΥ","name:el":"ΜΟΥΣΕΙΟ ΕΘΝΟΜΑΡΤΥΡΑ ΑΡΧΙΕΠΙΣΚΟΠΟΥ ΚΥΠΡΙΑΝΟΥ","name:en":"MUSEUM OF ETHNOMARTYR ARCHBISHOP KYPRIANOS","tourism":"museum"}}},{"type":"Feature","id":"node/13020903803","geometry":{"type":"Point","coordinates":[33.0300876,34.6808738]},"properties":{"osm_type":"node","osm_id":13020903803,"category":"gallery","name":"Art Strokes Gallery","wikidata":null,"wikipedia":null,"tags":{"addr:city":"Limasol - Λεμεσός","addr:housenumber":"42","addr:postcode":"3020","addr:street":"Καρατζά","name":"Art Strokes Gallery","opening_hours":"Mo-Fr 10:00-13:00, 15:00-19:00; Sa 09:00-13:00","phone":"+35725260030","tourism":"gallery","website":"https://www.instagram.com/art_strokes_gallery"}}},{"type":"Feature","id":"node/13051974904","geometry":{"type":"Point","coordinates":[32.5173533,34.7322745]},"properties":{"osm_type":"node","osm_id":13051974904,"category":"monument","name":"Φλωρος Πεττεμεπιδης","wikidata":null,"wikipedia":null,"tags":{"historic":"monument","name":"Φλωρος Πεττεμεπιδης"}}},{"type":"Feature","id":"node/13180231753","geometry":{"type":"Point","coordinates":[33.0440389,34.9482084]},"properties":{"osm_type":"node","osm_id":13180231753,"category":"artwork","name":"Άγαλμα Οδυσσέα Σπετσιώτη","wikidata":null,"wikipedia":null,"tags":{"artwork_type":"statue","name":"Άγαλμα Οδυσσέα Σπετσιώτη","name:el":"Άγαλμα Οδυσσέα Σπετσιώτη","name:en":"Odisseas Spetsiotis Statue","tourism":"artwork"}}},{"type":"Feature","id":"node/13184459669","geometry":{"type":"Point","coordinates":[33.1786028,35.3487777]},"properties":{"osm_type":"node","osm_id":13184459669,"category":"archaeological_site","name":"Sotira","wikidata":null,"wikipedia":null,"tags":{"historic":"archaeological_site","name":"Sotira"}}},{"type":"Feature","id":"node/13184495986","geometry":{"type":"Point","coordinates":[32.5609346,34.9201402]},"properties":{"osm_type":"node","osm_id":13184495986,"category":"archaeological_site","name":"Ais Gorkis","wikidata":null,"wikipedia":null,"tags":{"historic":"archaeological_site","name":"Ais Gorkis"}}},{"type":"Feature","id":"node/13200039544","geometry":{"type":"Point","coordinates":[33.3549854,35.1730182]},"properties":{"osm_type":"node","osm_id":13200039544,"category":"memorial","name":"ΒΛΑΔΙΜΗΡΟΣ ΚΑΥΚΑΡΙΔΗΣ","wikidata":null,"wikipedia":null,"tags":{"historic":"memorial","memorial":"bust","name":"ΒΛΑΔΙΜΗΡΟΣ ΚΑΥΚΑΡΙΔΗΣ","name:es":"Vladimiros Kafkaridis"}}},{"type":"Feature","id":"node/13200039545","geometry":{"type":"Point","coordinates":[33.355581,35.172861]},"properties":{"osm_type":"node","osm_id":13200039545,"category":"artwork","name":"Μνημείο Κωστή Παλαμά","wikidata":null,"wikipedia":null,"tags":{"artwork_type":"sculpture","name":"Μνημείο Κωστή Παλαμά","name:es":"Monumento a Kostís Palamás","tourism":"artwork"}}},{"type":"Feature","id":"node/13204364477","geometry":{"type":"Point","coordinates":[33.3395882,35.1513326]},"properties":{"osm_type":"node","osm_id":13204364477,"category":"monument","name":"ΑΘΛΗΤΙΚΟ ΚΕΝΤΡΟ ΚΩΣΤΑΣ ΠΑΠΑΕΛΛΗΝΑΣ","wikidata":null,"wikipedia":null,"tags":{"historic":"monument","name":"ΑΘΛΗΤΙΚΟ ΚΕΝΤΡΟ ΚΩΣΤΑΣ ΠΑΠΑΕΛΛΗΝΑΣ","name:el":"ΑΘΛΗΤΙΚΟ ΚΕΝΤΡΟ ΚΩΣΤΑΣ ΠΑΠΑΕΛΛΗΝΑΣ","name:en":"Kostas Papellinas Sports Center"}}},{"type":"Feature","id":"node/13234136635","geometry":{"type":"Point","coordinates":[33.366428,35.1739404]},"properties":{"osm_type":"node","osm_id":13234136635,"category":"arts_centre","name":"NiMAC, Nicosia Municipal Arts Centre (Exhibitions)","wikidata":null,"wikipedia":null,"tags":{"addr:city":"Λευκωσία","addr:housenumber":"19","addr:postcode":"1016","addr:street":"Παλιάς Ηλεκτρικής","amenity":"arts_centre","email":"info@nimac.org.cy","name":"NiMAC, Nicosia Municipal Arts Centre (Exhibitions)","opening_hours":"We-Sa 10:00-20:00; Su 10:00-18:00; Mo-Tu Off","phone":"+357 22797400;+357 22432531","website":"https://nimac.org.cy/"}}},{"type":"Feature","id":"node/13234136636","geometry":{"type":"Point","coordinates":[33.3670309,35.1742482]},"properties":{"osm_type":"node","osm_id":13234136636,"category":"arts_centre","name":"NiMAC, Nicosia Municipal Arts Centre (Offices)","wikidata":null,"wikipedia":null,"tags":{"addr:city":"Λευκωσία","addr:postcode":"1016","addr:street":"Τεμπών","amenity":"arts_centre","email":"info@nimac.org.cy","name":"NiMAC, Nicosia Municipal Arts Centre (Offices)","opening_hours":"Mo-Fr 08:00-15:30","phone":"+357 22797400;+357 22432531","website":"https://nimac.org.cy/"}}},{"type":"Feature","id":"node/13276366052","geometry":{"type":"Point","coordinates":[33.3583966,35.1697996]},"properties":{"osm_type":"node","osm_id":13276366052,"category":"museum","name":"ΑΚΙΝΗΤΟΝ ΕΛΛΗΝΙΚΟΥ ΔΗΜΟΣΙΟΥ ΔΩΡΕΑ ΕΥΓΕΝΙΑ","wikidata":null,"wikipedia":null,"tags":{"name":"ΑΚΙΝΗΤΟΝ ΕΛΛΗΝΙΚΟΥ ΔΗΜΟΣΙΟΥ ΔΩΡΕΑ ΕΥΓΕΝΙΑ","tourism":"museum"}}},{"type":"Feature","id":"node/13276532190","geometry":{"type":"Point","coordinates":[33.0437653,34.6738816]},"properties":{"osm_type":"node","osm_id":13276532190,"category":"gallery","name":"The Gallery 45","wikidata":null,"wikipedia":null,"tags":{"name":"The Gallery 45","tourism":"gallery"}}},{"type":"Feature","id":"node/13276532195","geometry":{"type":"Point","coordinates":[33.04554,34.6757427]},"properties":{"osm_type":"node","osm_id":13276532195,"category":"gallery","name":"Eins Gallery","wikidata":null,"wikipedia":null,"tags":{"addr:housenumber":"28","addr:postcode":"3036","addr:street":"Themidos","name":"Eins Gallery","tourism":"gallery","website":"https://einsgallery.com/"}}},{"type":"Feature","id":"node/13276541217","geometry":{"type":"Point","coordinates":[33.0434606,34.6739255]},"properties":{"osm_type":"node","osm_id":13276541217,"category":"gallery","name":"Velychko Gallery","wikidata":null,"wikipedia":null,"tags":{"addr:city":"Limassol","addr:housenumber":"2","addr:postcode":"3036","addr:street":"Kitiou Kyprianou","name":"Velychko Gallery","tourism":"gallery","website":"https://velychko.gallery/"}}},{"type":"Feature","id":"node/13283913176","geometry":{"type":"Point","coordinates":[32.5200605,34.8234543]},"properties":{"osm_type":"node","osm_id":13283913176,"category":"ruins","name":"Εξωκλήσι Αγίου Ματσουκάρη","wikidata":null,"wikipedia":null,"tags":{"historic":"ruins","name":"Εξωκλήσι Αγίου Ματσουκάρη","ruins":"church"}}},{"type":"Feature","id":"node/13290759223","geometry":{"type":"Point","coordinates":[33.3621563,35.1707142]},"properties":{"osm_type":"node","osm_id":13290759223,"category":"museum","name":"Λεβέντειο - Δημοτικό Μουσείο της Λευκωσίας","wikidata":null,"wikipedia":null,"tags":{"name":"Λεβέντειο - Δημοτικό Μουσείο της Λευκωσίας","name:en":"The Leventis Municipal Museum of Nicosia","tourism":"museum"}}},{"type":"Feature","id":"node/13311399676","geometry":{"type":"Point","coordinates":[33.9822461,35.0388993]},"properties":{"osm_type":"node","osm_id":13311399676,"category":"museum","name":"Municipal Museum of National History","wikidata":null,"wikipedia":null,"tags":{"name":"Municipal Museum of National History","tourism":"museum"}}},{"type":"Feature","id":"node/13311460364","geometry":{"type":"Point","coordinates":[32.8094413,34.8486294]},"properties":{"osm_type":"node","osm_id":13311460364,"category":"museum","name":"Wine Press","wikidata":null,"wikipedia":null,"tags":{"name":"Wine Press","tourism":"museum"}}},{"type":"Feature","id":"node/13339210135","geometry":{"type":"Point","coordinates":[33.2029225,34.7374975]},"properties":{"osm_type":"node","osm_id":13339210135,"category":"monument","name":"The Rock","wikidata":null,"wikipedia":null,"tags":{"historic":"monument","material":"stone","name":"The Rock"}}},{"type":"Feature","id":"node/13359828177","geometry":{"type":"Point","coordinates":[33.0088362,34.7726795]},"properties":{"osm_type":"node","osm_id":13359828177,"category":"ruins","name":"Spitali ruins","wikidata":null,"wikipedia":null,"tags":{"historic":"ruins","name":"Spitali ruins"}}},{"type":"Feature","id":"node/13456261534","geometry":{"type":"Point","coordinates":[33.3712272,35.1771839]},"properties":{"osm_type":"node","osm_id":13456261534,"category":"memorial","name":"ΜΝΗΜΕΙΟ ΠΕΣΟΝΤΩΝ","wikidata":null,"wikipedia":null,"tags":{"historic":"memorial","memorial":"war_memorial","name":"ΜΝΗΜΕΙΟ ΠΕΣΟΝΤΩΝ","name:es":"Monumento a los Caídos"}}},{"type":"Feature","id":"node/13456261565","geometry":{"type":"Point","coordinates":[33.3697486,35.1772662]},"properties":{"osm_type":"node","osm_id":13456261565,"category":"memorial","name":"ΚΑΤΙΝΑ ΠΑΠΑΔΟΠΟΥΛΟΥ","wikidata":null,"wikipedia":null,"tags":{"historic":"memorial","memorial":"plaque","name":"ΚΑΤΙΝΑ ΠΑΠΑΔΟΠΟΥΛΟΥ","name:es":"Katina Papadopoulou"}}},{"type":"Feature","id":"node/13456801595","geometry":{"type":"Point","coordinates":[33.3349725,35.1777316]},"properties":{"osm_type":"node","osm_id":13456801595,"category":"memorial","name":"Μνημείο Ηρώων","wikidata":null,"wikipedia":null,"tags":{"historic":"memorial","name":"Μνημείο Ηρώων","name:es":"Monumento a los Héroes"}}},{"type":"Feature","id":"node/13456821495","geometry":{"type":"Point","coordinates":[33.3613864,35.174386]},"properties":{"osm_type":"node","osm_id":13456821495,"category":"memorial","name":"Peace","wikidata":null,"wikipedia":null,"tags":{"historic":"memorial","memorial":"plaque","name":"Peace","name:es":"Paz"}}},{"type":"Feature","id":"node/13456821496","geometry":{"type":"Point","coordinates":[33.3614949,35.1747325]},"properties":{"osm_type":"node","osm_id":13456821496,"category":"artwork","name":"Knock the Door for Peace","wikidata":null,"wikipedia":null,"tags":{"artwork_type":"sculpture","name":"Knock the Door for Peace","name:es":"Llamar a la puerta por la Paz","tourism":"artwork"}}},{"type":"Feature","id":"node/13456821502","geometry":{"type":"Point","coordinates":[33.3619976,35.1797518]},"properties":{"osm_type":"node","osm_id":13456821502,"category":"memorial","name":"Lefkoşa Tekke Bahçesi Şehitliği","wikidata":null,"wikipedia":null,"tags":{"historic":"memorial","name":"Lefkoşa Tekke Bahçesi Şehitliği"}}},{"type":"Feature","id":"node/13456821541","geometry":{"type":"Point","coordinates":[33.3616245,35.1801608]},"properties":{"osm_type":"node","osm_id":13456821541,"category":"museum","name":"Dr. Fazıl Küçük Müzesi","wikidata":null,"wikipedia":null,"tags":{"name":"Dr. Fazıl Küçük Müzesi","name:es":"Museo del Dr. Fazıl Küçük","tourism":"museum"}}},{"type":"Feature","id":"node/13485004811","geometry":{"type":"Point","coordinates":[33.5646711,35.1108654]},"properties":{"osm_type":"node","osm_id":13485004811,"category":"memorial","name":"Dilek Taşı","wikidata":null,"wikipedia":null,"tags":{"historic":"memorial","material":"stone","memorial":"stone","name":"Dilek Taşı"}}},{"type":"Feature","id":"node/13684499381","geometry":{"type":"Point","coordinates":[32.415373,34.7609365]},"properties":{"osm_type":"node","osm_id":13684499381,"category":"monument","name":"Στελιος Λ Σιεπης","wikidata":null,"wikipedia":null,"tags":{"historic":"monument","name":"Στελιος Λ Σιεπης"}}},{"type":"Feature","id":"node/13720805882","geometry":{"type":"Point","coordinates":[32.4173042,34.7616989]},"properties":{"osm_type":"node","osm_id":13720805882,"category":"monument","name":"Pontic Greek genocide","wikidata":null,"wikipedia":null,"tags":{"historic":"monument","name":"Pontic Greek genocide","name:el":"Γενοκτονία των Ελλήνων του Πόντου"}}},{"type":"Feature","id":"node/13725860768","geometry":{"type":"Point","coordinates":[33.0424477,34.7511969]},"properties":{"osm_type":"node","osm_id":13725860768,"category":"ruins","name":"Kastros","wikidata":null,"wikipedia":null,"tags":{"historic":"ruins","name":"Kastros"}}},{"type":"Feature","id":"node/13738476883","geometry":{"type":"Point","coordinates":[33.3635953,35.1820543]},"properties":{"osm_type":"node","osm_id":13738476883,"category":"museum","name":"The National Struggle Museum","wikidata":null,"wikipedia":null,"tags":{"addr:city":"Lefkoşa","addr:street":"İstanbul Sokak","name":"The National Struggle Museum","tourism":"museum","website":"http://www.whatson-northcyprus.com/interest/nicosia/north_nicosia/struggle.htm"}}},{"type":"Feature","id":"node/13767306127","geometry":{"type":"Point","coordinates":[33.366414,35.1736882]},"properties":{"osm_type":"node","osm_id":13767306127,"category":"memorial","name":"20th Anniversary of Accession to the European Union","wikidata":null,"wikipedia":null,"tags":{"historic":"memorial","memorial":"plaque","name":"20th Anniversary of Accession to the European Union"}}},{"type":"Feature","id":"node/13767306128","geometry":{"type":"Point","coordinates":[33.3666785,35.1738294]},"properties":{"osm_type":"node","osm_id":13767306128,"category":"artwork","name":"Υπερβαση","wikidata":null,"wikipedia":null,"tags":{"artist_name":"Constantinos Kalisperas","artwork_type":"installation","name":"Υπερβαση","name:el":"Υπερβαση","name:en":"Excesses","start_date":"2015","tourism":"artwork"}}},{"type":"Feature","id":"node/13767306140","geometry":{"type":"Point","coordinates":[33.3669683,35.1742979]},"properties":{"osm_type":"node","osm_id":13767306140,"category":"memorial","name":"Εκπαιδευτικο Κεντρο Παιδιων","wikidata":null,"wikipedia":null,"tags":{"historic":"memorial","material":"glass","memorial":"plaque","name":"Εκπαιδευτικο Κεντρο Παιδιων","name:el":"Children's Educational Center"}}},{"type":"Feature","id":"node/13776446125","geometry":{"type":"Point","coordinates":[32.9981752,34.692959]},"properties":{"osm_type":"node","osm_id":13776446125,"category":"museum","name":"Ιατρικό Μουσείο Κύπρου","wikidata":null,"wikipedia":null,"tags":{"addr:city":"Δήμος Κάτω Πολεμιδίων","addr:street":"Δρόμος Αριθμός 1","email":"iatrikomouseio@cytanet.com.cy","name":"Ιατρικό Μουσείο Κύπρου","name:el":"Ιατρικό Μουσείο Κύπρου","name:en":"Cyprus Medical Museum","opening_hours":"Mo,We,Sa 09:00-17:00; PH Off","operator":"Limassol Medical Association","phone":"+357 99841541;+357 25713933","start_date":"2012","tourism":"museum","website":"http://www.cyprusmedicalmuseum.org/"}}},{"type":"Feature","id":"node/13776842456","geometry":{"type":"Point","coordinates":[32.8598611,34.8436549]},"properties":{"osm_type":"node","osm_id":13776842456,"category":"museum","name":"Εκκλησιαστικό Μουσείο και Μουσείο Αμπελουργίας στο χωριό Κοιλάνι","wikidata":null,"wikipedia":null,"tags":{"addr:city":"Κοιλάνι","name":"Εκκλησιαστικό Μουσείο και Μουσείο Αμπελουργίας στο χωριό Κοιλάνι","name:el":"Εκκλησιαστικό Μουσείο και Μουσείο Αμπελουργίας στο χωριό Κοιλάνι","name:en":"Ecclesiastical and Viticulture Museums","opening_hours":"PH Off","operator":"Lemesos Bishopric","phone":"+357 25 471 008;+357 99 213 682;+357 99 198 789","tourism":"museum","website":"https://www.visitcyprus.com/discover-cyprus/culture/museums-galleries/ecclesiastical-and-viticulture-museums-koilani-village/"}}},{"type":"Feature","id":"node/13782938552","geometry":{"type":"Point","coordinates":[33.6375675,34.910491]},"properties":{"osm_type":"node","osm_id":13782938552,"category":"museum","name":"Μεσαιωνικό Μουσείο Λάρνακας","wikidata":null,"wikipedia":null,"tags":{"addr:city":"Larnaka","name":"Μεσαιωνικό Μουσείο Λάρνακας","name:el":"Μεσαιωνικό Μουσείο Λάρνακας","name:en":"Larnaka Medieval Museum","opening_hours":"Sep 16-Apr 15 Mo-Fr 08:00-17:00, Sa-Su 09:30-17:00; Apr 16-Sep 15 Mo-Fr 08:00-19:30, Sa-Su 09:30-19:30; PH Off","phone":"+357 24 304 576","tourism":"museum"}}},{"type":"Feature","id":"node/13820574409","geometry":{"type":"Point","coordinates":[33.3960294,35.1407175]},"properties":{"osm_type":"node","osm_id":13820574409,"category":"museum","name":"Μουσείο του Τμήματος Μετεωρολογίας","wikidata":null,"wikipedia":null,"tags":{"name":"Μουσείο του Τμήματος Μετεωρολογίας","name:el":"Μουσείο του Τμήματος Μετεωρολογίας","name:en":"Museum of the Department of Meteorology","operator":"Department of Meteorology","phone":"+357 22 444321","tourism":"museum","website":"https://www.moa.gov.cy/moa/dm/dm.nsf/museum_en/museum_en?OpenDocument"}}},{"type":"Feature","id":"node/13821613666","geometry":{"type":"Point","coordinates":[34.0174476,34.9853668]},"properties":{"osm_type":"node","osm_id":13821613666,"category":"artwork","name":"Athena With Owl","wikidata":null,"wikipedia":null,"tags":{"artwork_type":"sculpture","name":"Athena With Owl","tourism":"artwork"}}},{"type":"Feature","id":"node/13821613671","geometry":{"type":"Point","coordinates":[34.0167803,34.9854382]},"properties":{"osm_type":"node","osm_id":13821613671,"category":"artwork","name":"Drop Of Life - Raining And Sea","wikidata":null,"wikipedia":null,"tags":{"artwork_type":"sculpture","name":"Drop Of Life - Raining And Sea","tourism":"artwork"}}},{"type":"Feature","id":"node/13821613673","geometry":{"type":"Point","coordinates":[34.0169905,34.9854685]},"properties":{"osm_type":"node","osm_id":13821613673,"category":"artwork","name":"Struggle For Peace","wikidata":null,"wikipedia":null,"tags":{"artwork_type":"sculpture","name":"Struggle For Peace","tourism":"artwork"}}},{"type":"Feature","id":"node/13821613676","geometry":{"type":"Point","coordinates":[34.0166782,34.9854543]},"properties":{"osm_type":"node","osm_id":13821613676,"category":"artwork","name":"Hourglass","wikidata":null,"wikipedia":null,"tags":{"artwork_type":"sculpture","name":"Hourglass","tourism":"artwork"}}},{"type":"Feature","id":"node/13821613680","geometry":{"type":"Point","coordinates":[34.0173432,34.9853958]},"properties":{"osm_type":"node","osm_id":13821613680,"category":"artwork","name":"Antik Dream","wikidata":null,"wikipedia":null,"tags":{"artwork_type":"sculpture","name":"Antik Dream","tourism":"artwork"}}},{"type":"Feature","id":"node/13821613681","geometry":{"type":"Point","coordinates":[34.0171441,34.9853584]},"properties":{"osm_type":"node","osm_id":13821613681,"category":"artwork","name":"Dancing Nymph","wikidata":null,"wikipedia":null,"tags":{"artwork_type":"sculpture","name":"Dancing Nymph","tourism":"artwork"}}},{"type":"Feature","id":"node/13821613684","geometry":{"type":"Point","coordinates":[34.0167973,34.9856175]},"properties":{"osm_type":"node","osm_id":13821613684,"category":"artwork","name":"Listen To Your Heart","wikidata":null,"wikipedia":null,"tags":{"artwork_type":"sculpture","name":"Listen To Your Heart","tourism":"artwork"}}},{"type":"Feature","id":"node/13821613685","geometry":{"type":"Point","coordinates":[34.0166856,34.9856396]},"properties":{"osm_type":"node","osm_id":13821613685,"category":"artwork","name":"Wind Mills","wikidata":null,"wikipedia":null,"tags":{"artwork_type":"sculpture","name":"Wind Mills","tourism":"artwork"}}},{"type":"Feature","id":"node/13821613686","geometry":{"type":"Point","coordinates":[34.018022,34.9851227]},"properties":{"osm_type":"node","osm_id":13821613686,"category":"artwork","name":"Listening To The Sea","wikidata":null,"wikipedia":null,"tags":{"artwork_type":"sculpture","name":"Listening To The Sea","tourism":"artwork"}}},{"type":"Feature","id":"node/13821613687","geometry":{"type":"Point","coordinates":[34.0178974,34.9852329]},"properties":{"osm_type":"node","osm_id":13821613687,"category":"artwork","name":"Iris - Goddess Of Rainbow","wikidata":null,"wikipedia":null,"tags":{"artwork_type":"sculpture","name":"Iris - Goddess Of Rainbow","tourism":"artwork"}}},{"type":"Feature","id":"node/13821613690","geometry":{"type":"Point","coordinates":[34.0166171,34.9855406]},"properties":{"osm_type":"node","osm_id":13821613690,"category":"artwork","name":"Tears For Heaven","wikidata":null,"wikipedia":null,"tags":{"artwork_type":"sculpture","name":"Tears For Heaven","tourism":"artwork"}}},{"type":"Feature","id":"node/13821613695","geometry":{"type":"Point","coordinates":[34.0178034,34.9852318]},"properties":{"osm_type":"node","osm_id":13821613695,"category":"artwork","name":"The Birth of Aphrodite","wikidata":null,"wikipedia":null,"tags":{"artwork_type":"sculpture","name":"The Birth of Aphrodite","tourism":"artwork"}}},{"type":"Feature","id":"node/13877593483","geometry":{"type":"Point","coordinates":[33.3653156,35.1801479]},"properties":{"osm_type":"node","osm_id":13877593483,"category":"arts_centre","name":"Lefkosa Sanat Merkezi","wikidata":null,"wikipedia":null,"tags":{"amenity":"arts_centre","name":"Lefkosa Sanat Merkezi","name:en":"Nicosia Art Center","name:tr":"Lefkosa Sanat Merkezi","website":"https://hasder.org/lefkosa-sanat-merkezi-lesam-aciliyor/"}}},{"type":"Feature","id":"node/13877810532","geometry":{"type":"Point","coordinates":[33.3621597,35.1814093]},"properties":{"osm_type":"node","osm_id":13877810532,"category":"artwork","name":"Dr. Fazil Kucuk","wikidata":null,"wikipedia":null,"tags":{"artwork_type":"sculpture","material":"metal","name":"Dr. Fazil Kucuk","tourism":"artwork"}}},{"type":"Feature","id":"node/13950451500","geometry":{"type":"Point","coordinates":[33.0473819,34.6758122]},"properties":{"osm_type":"node","osm_id":13950451500,"category":"arts_centre","name":"Limassol Municipal Arts Center","wikidata":null,"wikipedia":null,"tags":{"amenity":"arts_centre","name":"Limassol Municipal Arts Center"}}},{"type":"Feature","id":"node/13950489416","geometry":{"type":"Point","coordinates":[33.0430706,34.67263]},"properties":{"osm_type":"node","osm_id":13950489416,"category":"gallery","name":"360","wikidata":null,"wikipedia":null,"tags":{"name":"360","tourism":"gallery"}}},{"type":"Feature","id":"node/13984168814","geometry":{"type":"Point","coordinates":[33.1715537,35.3091677]},"properties":{"osm_type":"node","osm_id":13984168814,"category":"ruins","name":"Church Agios Eudokia","wikidata":null,"wikipedia":null,"tags":{"amenity":"place_of_worship","historic":"ruins","name":"Church Agios Eudokia","name:tr":"Aziz Eudokia Kilisesi","religion":"christian"}}},{"type":"Feature","id":"way/8052789","geometry":{"type":"Point","coordinates":[32.4069521,34.7536598]},"properties":{"osm_type":"way","osm_id":8052789,"category":"castle","name":"Paphos Castle","wikidata":"Q2505824","wikipedia":"en:Paphos Castle","tags":{"building":"yes","historic":"castle","name":"Paphos Castle","name:el":"Κάστρο της Πάφου","name:en":"Paphos Castle","name:tr":"Baf Kalesi","opening_hours":"Mo-Su 08:30-17:00","tourism":"attraction","wheelchair":"no","wikidata":"Q2505824","wikipedia":"en:Paphos Castle"}}},{"type":"Feature","id":"way/8053618","geometry":{"type":"Point","coordinates":[33.5988614,34.9123107]},"properties":{"osm_type":"way","osm_id":8053618,"category":"historic","name":"Υδραγωγείο Καμάρες","wikidata":"Q2102612","wikipedia":"en:Kamares Aqueduct","tags":{"alt_name":"Bekir Pasha Aqueduct","historic":"aqueduct","name":"Υδραγωγείο Καμάρες","name:el":"Υδραγωγείο Καμάρες","name:en":"Kamares Aqueduct","name:es":"Acueducto Kamares","opening_hours":"24/7","start_date":"1750","tourism":"attraction","wheelchair":"yes","wikidata":"Q2102612","wikipedia":"en:Kamares Aqueduct"}}},{"type":"Feature","id":"way/20493985","geometry":{"type":"Point","coordinates":[33.3583907,35.1693109]},"properties":{"osm_type":"way","osm_id":20493985,"category":"gallery","name":"A.G Leventis Gallery","wikidata":"Q16960570","wikipedia":"en:Leventis Gallery","tags":{"addr:city":"Nicosia","addr:housenumber":"5","addr:postcode":"1097","addr:street":"Anastasiou G. Leventi","building":"yes","name":"A.G Leventis Gallery","tourism":"gallery","website":"https://leventisgallery.org/","wikidata":"Q16960570","wikipedia":"en:Leventis Gallery"}}},{"type":"Feature","id":"way/20676922","geometry":{"type":"Point","coordinates":[33.6375206,34.916912]},"properties":{"osm_type":"way","osm_id":20676922,"category":"museum","name":"Larnaca Municipal Gallery","wikidata":"Q71413347","wikipedia":null,"tags":{"building":"yes","name":"Larnaca Municipal Gallery","opening_hours":"Oct-Mar: Mo-Fr 10:00-13:00,15:00-18:00; Oct-Mar: Sa 10:00-13:00;Apr-Sep: Mo-Fr 09:00-13:00,16:00-19:00; Apr-Sep: Sa 10:00-13:00","tourism":"museum","wikidata":"Q71413347"}}},{"type":"Feature","id":"way/24781257","geometry":{"type":"Point","coordinates":[33.5890605,34.9014967]},"properties":{"osm_type":"way","osm_id":24781257,"category":"historic","name":"Kamares (Bekir Pasha) Aqueduct","wikidata":null,"wikipedia":null,"tags":{"historic":"aqueduct","name":"Kamares (Bekir Pasha) Aqueduct","ruins":"yes"}}},{"type":"Feature","id":"way/24781592","geometry":{"type":"Point","coordinates":[33.5796813,34.8915202]},"properties":{"osm_type":"way","osm_id":24781592,"category":"historic","name":"Kamares (Bekir Pasha) Aqueduct","wikidata":null,"wikipedia":null,"tags":{"historic":"aqueduct","name":"Kamares (Bekir Pasha) Aqueduct"}}},{"type":"Feature","id":"way/27442231","geometry":{"type":"Point","coordinates":[32.4054756,34.7566521]},"properties":{"osm_type":"way","osm_id":27442231,"category":"historic","name":"The House of Aion","wikidata":null,"wikipedia":null,"tags":{"building":"yes","historic":"yes","name":"The House of Aion","name:de":"Haus des Aion","opening_hours":"Mo-Su 08:30-17:00","phone":"+357 26818173","tourism":"attraction"}}},{"type":"Feature","id":"way/28363441","geometry":{"type":"Point","coordinates":[33.1461894,34.7119992]},"properties":{"osm_type":"way","osm_id":28363441,"category":"archaeological_site","name":"Amathus Port Buildings","wikidata":null,"wikipedia":null,"tags":{"historic":"archaeological_site","name":"Amathus Port Buildings"}}},{"type":"Feature","id":"way/29152752","geometry":{"type":"Point","coordinates":[33.05504,34.683757]},"properties":{"osm_type":"way","osm_id":29152752,"category":"theatre","name":"Open Theatre","wikidata":null,"wikipedia":null,"tags":{"addr:city":"Limassol","addr:housenumber":"307/11","addr:postcode":"3105","addr:street":"28 Oktovriou","amenity":"theatre","building":"house","name":"Open Theatre","name:el":"Κηποθέατρο Λεμεσού"}}},{"type":"Feature","id":"way/29372351","geometry":{"type":"Point","coordinates":[32.5731872,34.7068533]},"properties":{"osm_type":"way","osm_id":29372351,"category":"museum","name":"Palaipaphos","wikidata":"Q53556453","wikipedia":"en:Sanctuary of Aphrodite Paphia","tags":{"alt_name":"Aphrodite's Sanctuary","heritage":"1","historic":"archaeological_site","name":"Palaipaphos","name:el":"Παλαίπαφος","name:en":"Sanctuary of the paphian Aphrodite","tourism":"museum","wikidata":"Q53556453","wikipedia":"en:Sanctuary of Aphrodite Paphia"}}},{"type":"Feature","id":"way/29373836","geometry":{"type":"Point","coordinates":[32.5810204,34.7114923]},"properties":{"osm_type":"way","osm_id":29373836,"category":"archaeological_site","name":null,"wikidata":"Q25393684","wikipedia":null,"tags":{"historic":"archaeological_site","wikidata":"Q25393684"}}},{"type":"Feature","id":"way/29463730","geometry":{"type":"Point","coordinates":[33.3556114,35.1502257]},"properties":{"osm_type":"way","osm_id":29463730,"category":"theatre","name":"Makarios III Amphitheatre","wikidata":null,"wikipedia":null,"tags":{"amenity":"theatre","name":"Makarios III Amphitheatre"}}},{"type":"Feature","id":"way/31746104","geometry":{"type":"Point","coordinates":[33.9426773,35.1248947]},"properties":{"osm_type":"way","osm_id":31746104,"category":"historic","name":"Lala Mustafa Paşa Camii - St. Nicolas Katedrali","wikidata":"Q2047700","wikipedia":"en:Lala Mustafa Pasha Mosque","tags":{"addr:city":"Gazimağusa","addr:country":"CY","addr:street":"Namik Kemal Meydanı","amenity":"place_of_worship","building":"mosque","historic":"yes","image":"https://photos.app.goo.gl/DzFTr64ZqRsfcR9d8","name":"Lala Mustafa Paşa Camii - St. Nicolas Katedrali","name:el":"Τέμενος Λαλά Μουσταφά Πασά - Καθεδρικός ναός Αγίου Νικολάου","name:en":"Lala Mustafa Pasha Mosque - St. Nicholas's Cathedral","name:fr":"Cathédrale Saint-Nicolas","name:lt":"Nikolajus bažnyčia","name:tr":"Lala Mustafa Paşa Camii - St. Nicolas Katedrali","religion":"muslim","wikidata":"Q2047700","wikipedia":"en:Lala Mustafa Pasha Mosque"}}},{"type":"Feature","id":"way/31746866","geometry":{"type":"Point","coordinates":[33.9436007,35.1239418]},"properties":{"osm_type":"way","osm_id":31746866,"category":"church","name":"Rum Ortodoks Aziz George Kilisesi","wikidata":"Q12872128","wikipedia":null,"tags":{"amenity":"place_of_worship","building":"ruin","historic":"church","image":"https://photos.app.goo.gl/89kT3WCKh8B4U7hs8","name":"Rum Ortodoks Aziz George Kilisesi","name:de":"St. Georg-Kirche","name:en":"Church of St. George of the Greeks","religion":"christian","wikidata":"Q12872128"}}},{"type":"Feature","id":"way/47938063","geometry":{"type":"Point","coordinates":[33.3867289,35.1630975]},"properties":{"osm_type":"way","osm_id":47938063,"category":"theatre","name":"Satirikon Theatre","wikidata":null,"wikipedia":null,"tags":{"amenity":"theatre","building":"yes","name":"Satirikon Theatre"}}},{"type":"Feature","id":"way/83759314","geometry":{"type":"Point","coordinates":[32.9341153,34.6652409]},"properties":{"osm_type":"way","osm_id":83759314,"category":"castle","name":"Castle of Kolossi","wikidata":"Q1584818","wikipedia":"en:Kolossi Castle","tags":{"building":"yes","historic":"castle","name":"Castle of Kolossi","name:el":"Κάστρο του Κολοσσιού","name:en":"Castle of Kolossi","name:ru":"замок Колосси","name:tr":"Koloş Kalesi","opening_hours":"Mo-Su 08:30-17:00","phone":"+35725934907","ruins":"yes","tourism":"attraction","wikidata":"Q1584818","wikipedia":"en:Kolossi Castle"}}},{"type":"Feature","id":"way/91295305","geometry":{"type":"Point","coordinates":[33.630497,34.9234381]},"properties":{"osm_type":"way","osm_id":91295305,"category":"archaeological_site","name":"Ancient Kition","wikidata":null,"wikipedia":null,"tags":{"historic":"archaeological_site","name":"Ancient Kition","name:lt":"Kition griuvėsiai","opening_hours":"Apr 16-Sep 15 Mo-Fr 09:30-17:00, Sep 16-Apr 15 Mo-Fr 08:30-16:00","tourism":"attraction"}}},{"type":"Feature","id":"way/96408381","geometry":{"type":"Point","coordinates":[33.222934,35.1538965]},"properties":{"osm_type":"way","osm_id":96408381,"category":"historic","name":"Κρατητήρια Κοκκινοτριμιθιάς","wikidata":"Q12879351","wikipedia":"el:Κρατητήρια Κοκκινοτριμιθιάς","tags":{"historic":"yes","name":"Κρατητήρια Κοκκινοτριμιθιάς","name:el":"Κρατητήρια Κοκκινοτριμιθιάς","name:en":"Kokkinotrimithia Concentration Camp","wikidata":"Q12879351","wikipedia":"el:Κρατητήρια Κοκκινοτριμιθιάς"}}},{"type":"Feature","id":"way/98884308","geometry":{"type":"Point","coordinates":[32.8119292,35.1396639]},"properties":{"osm_type":"way","osm_id":98884308,"category":"theatre","name":"Soloi Theatre","wikidata":null,"wikipedia":null,"tags":{"amenity":"theatre","building":"yes","name":"Soloi Theatre"}}},{"type":"Feature","id":"way/102187375","geometry":{"type":"Point","coordinates":[33.9232755,35.4063942]},"properties":{"osm_type":"way","osm_id":102187375,"category":"castle","name":"Kantara Kalesi","wikidata":"Q1271457","wikipedia":"tr:Kantara Kalesi","tags":{"historic":"castle","name":"Kantara Kalesi","name:de":"Kantara Burg","name:el":"Κάστρο της Καντάρας","name:en":"Kantara Castle","name:es":"Castillo de Kantara","name:fr":"Château de Kantara","name:tr":"Kantara Kalesi","tourism":"attraction","wikidata":"Q1271457","wikipedia":"tr:Kantara Kalesi"}}},{"type":"Feature","id":"way/102189355","geometry":{"type":"Point","coordinates":[33.3554988,35.3073447]},"properties":{"osm_type":"way","osm_id":102189355,"category":"museum","name":"Bellapais Abbey","wikidata":null,"wikipedia":null,"tags":{"name":"Bellapais Abbey","tourism":"museum"}}},{"type":"Feature","id":"way/102190298","geometry":{"type":"Point","coordinates":[33.4100198,35.2873985]},"properties":{"osm_type":"way","osm_id":102190298,"category":"castle","name":"Bufavento Kalesi","wikidata":"Q301376","wikipedia":"en:Buffavento Castle","tags":{"historic":"castle","name":"Bufavento Kalesi","name:de":"Buffavento Burg","name:el":"Βουφαβέντο","name:en":"Buffavento Castle","name:es":"Castillo de Buffavento","name:fr":"Château de Buffavento","name:ru":"замок Буффавенто","name:tr":"Bufavento Kalesi","tourism":"attraction","wikidata":"Q301376","wikipedia":"en:Buffavento Castle"}}},{"type":"Feature","id":"way/104915866","geometry":{"type":"Point","coordinates":[32.405871,34.8130965]},"properties":{"osm_type":"way","osm_id":104915866,"category":"archaeological_site","name":"Lempa Prehistoric Village","wikidata":null,"wikipedia":null,"tags":{"historic":"archaeological_site","name":"Lempa Prehistoric Village","tourism":"attraction"}}},{"type":"Feature","id":"way/113831803","geometry":{"type":"Point","coordinates":[32.39444,34.8034646]},"properties":{"osm_type":"way","osm_id":113831803,"category":"museum","name":"EOKA Museum","wikidata":null,"wikipedia":null,"tags":{"building":"yes","name":"EOKA Museum","tourism":"museum"}}},{"type":"Feature","id":"way/116724647","geometry":{"type":"Point","coordinates":[33.6376696,34.9102879]},"properties":{"osm_type":"way","osm_id":116724647,"category":"museum","name":"Κάστρο Λάρνακας","wikidata":"Q580797","wikipedia":null,"tags":{"historic":"castle","name":"Κάστρο Λάρνακας","name:el":"Κάστρο Λάρνακας","name:en":"Larnaca Castle","name:ru":"Ларнакский замок","opening_hours":"Apr 16-Sep 15 Mo-Fr 08:00-19:30; Apr 16-Sep 15 Sa-Su 09:30-19:30; Sep 16-Apr 15 Mo-Fr 08:00-17:00; Sep 16-Apr 15 Sa-Su 09:30-17:00","tourism":"museum","wheelchair":"limited","wikidata":"Q580797"}}},{"type":"Feature","id":"way/116919987","geometry":{"type":"Point","coordinates":[33.3653573,35.1725631]},"properties":{"osm_type":"way","osm_id":116919987,"category":"historic","name":"Hamam Omerye","wikidata":"Q5644014","wikipedia":null,"tags":{"amenity":"public_bath","building":"public","historic":"building","image":"https://photos.app.goo.gl/NCavkVXSiKE4dzXk7","name":"Hamam Omerye","name:tr":"Ömeriye Hamamı","wikidata":"Q5644014"}}},{"type":"Feature","id":"way/116925189","geometry":{"type":"Point","coordinates":[33.9405881,35.1239786]},"properties":{"osm_type":"way","osm_id":116925189,"category":"church","name":"St. Peter ve St. Paul Kilisesi - Buğday Camii - Sinan Paşa Camii","wikidata":null,"wikipedia":null,"tags":{"historic":"church","name":"St. Peter ve St. Paul Kilisesi - Buğday Camii - Sinan Paşa Camii","name:de":"St. Peter und St. Paul Kathedrale - Sinan Paşa Moschee","name:en":"St. Peter and St. Paul Church - Sinan Pasha Mosque","religion":"christian;muslim"}}},{"type":"Feature","id":"way/124093765","geometry":{"type":"Point","coordinates":[33.397734,35.1519578]},"properties":{"osm_type":"way","osm_id":124093765,"category":"theatre","name":"Skali","wikidata":null,"wikipedia":null,"tags":{"amenity":"theatre","name":"Skali","operator":"Δήμος Αγλαντζιάς"}}},{"type":"Feature","id":"way/131894256","geometry":{"type":"Point","coordinates":[34.0022244,34.9875672]},"properties":{"osm_type":"way","osm_id":131894256,"category":"museum","name":"Δημοτικό Μουσείο Thalassa","wikidata":"Q53636293","wikipedia":null,"tags":{"building":"yes","email":"thalassa.museum@agianapa.org.cy","name":"Δημοτικό Μουσείο Thalassa","name:en":"Thalassa Municipal Museum","name:ru":"Муниципальный морской музей Thalassa","opening_hours":"Mo, Sa 09:00-14:00; Tu-Fr 09:00-17:00","operator":"Pierides Foundation","phone":"+35723816366","start_date":"2005-08","tourism":"museum","website":"https://thalassamuseum.org.cy/el/","wikidata":"Q53636293"}}},{"type":"Feature","id":"way/146902609","geometry":{"type":"Point","coordinates":[33.141547,34.7149738]},"properties":{"osm_type":"way","osm_id":146902609,"category":"archaeological_site","name":"Αμαθούντα","wikidata":"Q2343313","wikipedia":"en:Amathus","tags":{"historic":"archaeological_site","name":"Αμαθούντα","name:de":"Amathous","name:el":"Αμαθούντα","name:en":"Amathus","name:es":"Amatunte","name:fr":"Amathonte","tourism":"attraction","website":"https://www.ancientcyprus.com/sites/amathus","wikidata":"Q2343313","wikipedia":"en:Amathus"}}},{"type":"Feature","id":"way/146902610","geometry":{"type":"Point","coordinates":[33.1405582,34.7140226]},"properties":{"osm_type":"way","osm_id":146902610,"category":"archaeological_site","name":"Αμαθούντα","wikidata":"Q2343313","wikipedia":"en:Amathus","tags":{"historic":"archaeological_site","name":"Αμαθούντα","name:de":"Amathous","name:el":"Αμαθούντα","name:en":"Amathus","name:es":"Amatunte","name:fr":"Amathonte","tourism":"attraction","website":"https://www.ancientcyprus.com/sites/amathus","wikidata":"Q2343313","wikipedia":"en:Amathus"}}},{"type":"Feature","id":"way/149466626","geometry":{"type":"Point","coordinates":[33.5709868,34.8475872]},"properties":{"osm_type":"way","osm_id":149466626,"category":"heritage","name":"Παναγία της Αγγελόκτιστης","wikidata":"Q24914520","wikipedia":"en:Panagia_tis_Angeloktistis","tags":{"addr:city":"Κίτι","amenity":"place_of_worship","building":"church","denomination":"greek_orthodox","heritage":"proposed","name":"Παναγία της Αγγελόκτιστης","name:en":"Panagia Aggeloktisti","name:ru":"Панагия Ангелоктисти","phone":"+357 24 424646","religion":"christian","tourism":"attraction","website":"https://whc.unesco.org/en/tentativelists/5987/","wikidata":"Q24914520","wikipedia":"en:Panagia_tis_Angeloktistis"}}},{"type":"Feature","id":"way/149915736","geometry":{"type":"Point","coordinates":[33.3616325,35.1692324]},"properties":{"osm_type":"way","osm_id":149915736,"category":"historic","name":"D'Avila","wikidata":null,"wikipedia":null,"tags":{"historic":"citywalls","name":"D'Avila","name:ar":"دافيلا","name:el":"Δ'Αβιλα","name:en":"D'Avila","name:tr":"Kara İsmail Burcu","ruins":"yes"}}},{"type":"Feature","id":"way/154898919","geometry":{"type":"Point","coordinates":[33.3223619,35.3416348]},"properties":{"osm_type":"way","osm_id":154898919,"category":"castle","name":"Girne Kalesi","wikidata":"Q1408931","wikipedia":"en:Kyrenia Castle","tags":{"historic":"castle","name":"Girne Kalesi","name:en":"Kyrenia Castle","name:ru":"Киренийский замок","name:tr":"Girne Kalesi","opening_hours":"Apr-Oct Mo-Su 08:00-19:00; Nov-Mar Mo-Su 08:00-17:00","wikidata":"Q1408931","wikipedia":"en:Kyrenia Castle"}}},{"type":"Feature","id":"way/154980621","geometry":{"type":"Point","coordinates":[33.326198,35.3398792]},"properties":{"osm_type":"way","osm_id":154980621,"category":"theatre","name":"Girne Belediyesi Anfitiyatro","wikidata":null,"wikipedia":null,"tags":{"amenity":"theatre","building":"yes","name":"Girne Belediyesi Anfitiyatro"}}},{"type":"Feature","id":"way/158002077","geometry":{"type":"Point","coordinates":[33.3193572,35.3404043]},"properties":{"osm_type":"way","osm_id":158002077,"category":"fort","name":"Round Tower","wikidata":null,"wikipedia":null,"tags":{"building":"yes","historic":"fort","name":"Round Tower"}}},{"type":"Feature","id":"way/166680458","geometry":{"type":"Point","coordinates":[33.0577361,34.6836589]},"properties":{"osm_type":"way","osm_id":166680458,"category":"museum","name":"Limassol Art Museum","wikidata":null,"wikipedia":null,"tags":{"addr:city":"Limassol","addr:housenumber":"311","addr:postcode":"3105","addr:street":"28 Oktovriou","building":"house","name":"Limassol Art Museum","opening_hours":"Mo-Fr 07:45-14:30","tourism":"museum","wheelchair":"yes"}}},{"type":"Feature","id":"way/166955006","geometry":{"type":"Point","coordinates":[32.3203204,34.9023063]},"properties":{"osm_type":"way","osm_id":166955006,"category":"museum","name":"Agios Georgios Ancient Basilikas","wikidata":null,"wikipedia":null,"tags":{"building":"yes","name":"Agios Georgios Ancient Basilikas","tourism":"museum"}}},{"type":"Feature","id":"way/175830695","geometry":{"type":"Point","coordinates":[33.0416711,34.6722537]},"properties":{"osm_type":"way","osm_id":175830695,"category":"castle","name":"Μεσαιωνικό Κάστρο Λεμεσού","wikidata":"Q2247315","wikipedia":"en:Limassol Castle","tags":{"addr:city":"Λεμεσός","addr:postcode":"3042","addr:street":"Ριχάρδου και Βερεγγάριας","building":"yes","historic":"castle","name":"Μεσαιωνικό Κάστρο Λεμεσού","name:de":"Kastell von Limassol","name:el":"Μεσαιωνικό Κάστρο Λεμεσού","name:en":"Limassol Medieval Castle","name:es":"Castillo Medieval de Limasol","name:ru":"Лимасольский замок","tourism":"attraction","website":"https://www.visitcyprus.com/discover-cyprus/culture/sites-and-monuments/lemesos-limassol-medieval-castle/","wikidata":"Q2247315","wikipedia":"en:Limassol Castle"}}},{"type":"Feature","id":"way/185873017","geometry":{"type":"Point","coordinates":[33.2443464,35.0296126]},"properties":{"osm_type":"way","osm_id":185873017,"category":"archaeological_site","name":"Ταμασσός","wikidata":"Q1720688","wikipedia":"en:Tamassos","tags":{"historic":"archaeological_site","name":"Ταμασσός","name:de":"Tamassos","name:el":"Ταμασσός","name:en":"Tamassos","name:es":"Tamasos","name:fr":"Tamassos","name:ru":"Тамассос","opening_hours":"Apr 16 - Sep 15 Mo-Fr 09:30-17:00; Sep 16 - Apr 15 Mo-Fr 08:30-16:00; Sa-Su Off; PH Off","phone":"+357 22 622 619","tourism":"attraction","website":"https://www.visitcyprus.com/discover-cyprus/culture/sites-and-monuments/tamasos-archaeological-site/","wheelchair":"yes","wikidata":"Q1720688","wikipedia":"en:Tamassos"}}},{"type":"Feature","id":"way/187995127","geometry":{"type":"Point","coordinates":[32.9906446,35.2006988]},"properties":{"osm_type":"way","osm_id":187995127,"category":"museum","name":"Güzelyurt Arkeoloji ve Doğa Müzesi","wikidata":"Q116771671","wikipedia":null,"tags":{"building":"yes","name":"Güzelyurt Arkeoloji ve Doğa Müzesi","name:en":"Archeology and Nature Museum","tourism":"museum","wikidata":"Q116771671"}}},{"type":"Feature","id":"way/188734751","geometry":{"type":"Point","coordinates":[33.1141792,34.7047528]},"properties":{"osm_type":"way","osm_id":188734751,"category":"theatre","name":"Onisilos Theatre","wikidata":null,"wikipedia":null,"tags":{"amenity":"theatre","building":"house","name":"Onisilos Theatre","tourism":"attraction"}}},{"type":"Feature","id":"way/190472832","geometry":{"type":"Point","coordinates":[33.4230881,35.0158254]},"properties":{"osm_type":"way","osm_id":190472832,"category":"archaeological_site","name":"Idalion","wikidata":"Q1656624","wikipedia":"en:Idalium","tags":{"alt_name":"Idalium","historic":"archaeological_site","name":"Idalion","name:ru":"Идалион","opening_hours":"Mo-Fr 08:30-16:00; PH off","tourism":"attraction","website":"https://www.visitcyprus.com/index.php/en/discovercyprus/rural/sites-monuments/40846-ancient-idalion-archaeological-site","wikidata":"Q1656624","wikipedia":"en:Idalium"}}},{"type":"Feature","id":"way/190507540","geometry":{"type":"Point","coordinates":[33.5643846,35.1573541]},"properties":{"osm_type":"way","osm_id":190507540,"category":"historic","name":"Afir Pasha Aqueduct","wikidata":null,"wikipedia":null,"tags":{"historic":"aqueduct","name":"Afir Pasha Aqueduct"}}},{"type":"Feature","id":"way/191187209","geometry":{"type":"Point","coordinates":[33.5332679,35.2859366]},"properties":{"osm_type":"way","osm_id":191187209,"category":"museum","name":"Herbarium","wikidata":null,"wikipedia":null,"tags":{"building":"yes","name":"Herbarium","tourism":"museum"}}},{"type":"Feature","id":"way/191265197","geometry":{"type":"Point","coordinates":[33.0469789,34.9790771]},"properties":{"osm_type":"way","osm_id":191265197,"category":"heritage","name":"Ιερός Ναός Τιμίου Σταυρού του Αγιασμάτι","wikidata":null,"wikipedia":null,"tags":{"addr:city":"Platanistasa","amenity":"place_of_worship","building":"church","denomination":"greek_orthodox","heritage":"1","name":"Ιερός Ναός Τιμίου Σταυρού του Αγιασμάτι","name:el":"Ιερός Ναός Τιμίου Σταυρού του Αγιασμάτι","name:en":"Church of the Holy Cross of Agiasmati","name:tr":"Agiasmati'nin Gerçek Haç Kilisesi","opening_hours":"\"Opening hours are sporadic. If the priest cannot be found, ask for the key at the coffee shop in Platanistasa village centre.\"","phone":"+357 99677216;+357 22652562","religion":"christian","tourism":"attraction","website":"https://www.visitcyprus.com/index.php/en/discovercyprus/rural/rural-religious-routes/874-byzantine-route-10-painted-churches-of-troodos-religious-route","wheelchair":"yes"}}},{"type":"Feature","id":"way/191577114","geometry":{"type":"Point","coordinates":[32.5247737,34.8151237]},"properties":{"osm_type":"way","osm_id":191577114,"category":"ruins","name":"Agios Gennadios Church","wikidata":null,"wikipedia":null,"tags":{"amenity":"place_of_worship","building":"church","historic":"ruins","name":"Agios Gennadios Church","religion":"christian"}}},{"type":"Feature","id":"way/197653504","geometry":{"type":"Point","coordinates":[32.9211096,34.7567466]},"properties":{"osm_type":"way","osm_id":197653504,"category":"ruins","name":"Εκκλησία Αγίου Νικολάο","wikidata":null,"wikipedia":null,"tags":{"building":"church","historic":"ruins","name":"Εκκλησία Αγίου Νικολάο","name:en":"Church of Saint Nicholas","ruins":"church","tourism":"attraction"}}},{"type":"Feature","id":"way/197857338","geometry":{"type":"Point","coordinates":[34.2249748,35.5446764]},"properties":{"osm_type":"way","osm_id":197857338,"category":"archaeological_site","name":"Ayia Trias","wikidata":null,"wikipedia":"de:Agia Trias","tags":{"amenity":"place_of_worship","historic":"archaeological_site","name":"Ayia Trias","religion":"christian","ruins":"yes","wikipedia":"de:Agia Trias"}}},{"type":"Feature","id":"way/198430147","geometry":{"type":"Point","coordinates":[33.9429057,35.1267233]},"properties":{"osm_type":"way","osm_id":198430147,"category":"ruins","name":"Latinlerin Aziz George Kilisesi","wikidata":"Q2318514","wikipedia":"de:St. Georg der Lateiner (Famagusta)","tags":{"addr:city":"Gazimağusa","building":"church","denomination":"roman_catholic","historic":"ruins","image":"https://photos.app.goo.gl/oYp8PU39HM1K4fRv8","name":"Latinlerin Aziz George Kilisesi","name:de":"St. Georg der Lateiner","name:en":"Church of St. George of the Latins","name:tr":"Latinlerin St. George Kilisesi","ruins":"yes","wikidata":"Q2318514","wikipedia":"de:St. Georg der Lateiner (Famagusta)"}}},{"type":"Feature","id":"way/198430162","geometry":{"type":"Point","coordinates":[33.9363857,35.1273164]},"properties":{"osm_type":"way","osm_id":198430162,"category":"church","name":"Gançvor Manastırı","wikidata":"Q4133388","wikipedia":"tr:Ganchvor Manastırı","tags":{"addr:city":"Gazimağusa","building":"church","denomination":"armenian_apostolic","historic":"church","name":"Gançvor Manastırı","name:de":"Armenische Kirche","name:el":"Παναγία του Καντσβώρ","name:en":"Ganchvor Sourp Asdvadzadzin","name:hy":"Կանչուոր Սուրբ Աստուածածին","name:tr":"Gançvor Manastırı","wikidata":"Q4133388","wikipedia":"tr:Ganchvor Manastırı"}}},{"type":"Feature","id":"way/198430165","geometry":{"type":"Point","coordinates":[33.9365534,35.1270821]},"properties":{"osm_type":"way","osm_id":198430165,"category":"church","name":"Karmelit Kilisesi","wikidata":null,"wikipedia":null,"tags":{"addr:city":"Gazimağusa","building":"church","historic":"church","name":"Karmelit Kilisesi","name:de":"Karmeliten-Kirche","name:el":"Εκκλησία των Καρμελιτών","name:en":"St. Mary's Church - Carmelite Church","name:tr":"Karmelit Kilisesi","ruins":"yes"}}},{"type":"Feature","id":"way/199114449","geometry":{"type":"Point","coordinates":[33.3032808,34.7524955]},"properties":{"osm_type":"way","osm_id":199114449,"category":"archaeological_site","name":"Kalavasos-Tenta","wikidata":"Q1404714","wikipedia":"en:Tenta, Cyprus","tags":{"historic":"archaeological_site","name":"Kalavasos-Tenta","opening_hours":"Mo-Fr 08:00-16:00; Sa-Su Off; PH off","operator":"Department of Antiquities","phone":"+357 24 304 169","tourism":"attraction","website":"https://www.kalavasos.org/tenta","wheelchair":"no","wikidata":"Q1404714","wikipedia":"en:Tenta, Cyprus"}}},{"type":"Feature","id":"way/205975664","geometry":{"type":"Point","coordinates":[33.3225955,35.2250108]},"properties":{"osm_type":"way","osm_id":205975664,"category":"museum","name":"Cyprus Car Museum","wikidata":null,"wikipedia":null,"tags":{"building":"yes","name":"Cyprus Car Museum","tourism":"museum"}}},{"type":"Feature","id":"way/216895647","geometry":{"type":"Point","coordinates":[32.3212611,34.9017934]},"properties":{"osm_type":"way","osm_id":216895647,"category":"ruins","name":"Basilika A","wikidata":null,"wikipedia":null,"tags":{"historic":"ruins","name":"Basilika A","ruins":"church"}}},{"type":"Feature","id":"way/216895651","geometry":{"type":"Point","coordinates":[32.3217281,34.9025768]},"properties":{"osm_type":"way","osm_id":216895651,"category":"ruins","name":"Basilika C","wikidata":null,"wikipedia":null,"tags":{"historic":"ruins","name":"Basilika C","ruins":"church"}}},{"type":"Feature","id":"way/217500351","geometry":{"type":"Point","coordinates":[32.4071686,34.7597817]},"properties":{"osm_type":"way","osm_id":217500351,"category":"ruins","name":"Asclepieion","wikidata":null,"wikipedia":null,"tags":{"historic":"ruins","name":"Asclepieion","tourism":"attraction"}}},{"type":"Feature","id":"way/217500352","geometry":{"type":"Point","coordinates":[32.4071415,34.7602502]},"properties":{"osm_type":"way","osm_id":217500352,"category":"theatre","name":"Roman Odeon","wikidata":"Q55068927","wikipedia":null,"tags":{"alt_name":"Paphos Ancient Odeon","amenity":"theatre","building":"ruins","historic":"ruins","name":"Roman Odeon","tourism":"attraction","wheelchair":"limited","wikidata":"Q55068927"}}},{"type":"Feature","id":"way/217500353","geometry":{"type":"Point","coordinates":[32.4097163,34.7575993]},"properties":{"osm_type":"way","osm_id":217500353,"category":"castle","name":"Saranta Kolones","wikidata":"Q2224564","wikipedia":"en:Saranta Kolones","tags":{"addr:city":"Paphos","building":"ruins","historic":"castle","name":"Saranta Kolones","name:de":"Saranta Kolones","name:el":"Κάστρο Σαράντα Κολώνες","name:en":"Saranta Kolones","start_date":"1192","tourism":"attraction","website":"https://www.visitpafos.org.cy/proud-heritage/archaeological-sites/","wikidata":"Q2224564","wikipedia":"en:Saranta Kolones"}}},{"type":"Feature","id":"way/217500354","geometry":{"type":"Point","coordinates":[32.4057428,34.7583276]},"properties":{"osm_type":"way","osm_id":217500354,"category":"ruins","name":"The House of Dionysos","wikidata":null,"wikipedia":null,"tags":{"historic":"ruins","name":"The House of Dionysos","name:de":"Haus des Dionysos","ruins":"house","tourism":"attraction"}}},{"type":"Feature","id":"way/217500355","geometry":{"type":"Point","coordinates":[32.4036963,34.7567531]},"properties":{"osm_type":"way","osm_id":217500355,"category":"ruins","name":"The House of Orpheus","wikidata":null,"wikipedia":null,"tags":{"historic":"ruins","name":"The House of Orpheus","name:de":"Haus des Orpheus","ruins":"house","tourism":"attraction"}}},{"type":"Feature","id":"way/217500356","geometry":{"type":"Point","coordinates":[32.4101814,34.7624515]},"properties":{"osm_type":"way","osm_id":217500356,"category":"ruins","name":"Toumpallos","wikidata":null,"wikipedia":null,"tags":{"historic":"ruins","name":"Toumpallos","name:ru":"Подземный комплекс","tourism":"attraction"}}},{"type":"Feature","id":"way/217501050","geometry":{"type":"Point","coordinates":[32.4055844,34.7567245]},"properties":{"osm_type":"way","osm_id":217501050,"category":"ruins","name":"House of Aion","wikidata":"Q55068547","wikipedia":null,"tags":{"historic":"ruins","name":"House of Aion","name:de":"Haus des Aion","tourism":"attraction","wikidata":"Q55068547"}}},{"type":"Feature","id":"way/220788477","geometry":{"type":"Point","coordinates":[32.4910821,34.9907399]},"properties":{"osm_type":"way","osm_id":220788477,"category":"museum","name":"Byzantine museum","wikidata":null,"wikipedia":null,"tags":{"building":"yes","name":"Byzantine museum","tourism":"museum"}}},{"type":"Feature","id":"way/221241980","geometry":{"type":"Point","coordinates":[32.3616262,34.8529529]},"properties":{"osm_type":"way","osm_id":221241980,"category":"museum","name":"Μουσείο Παλαιόκαστρου","wikidata":null,"wikipedia":null,"tags":{"building":"yes","name":"Μουσείο Παλαιόκαστρου","name:el":"Μουσείο Παλαιόκαστρου","name:en":"Museum of the mycenaean colonisation of Cyprus","name:ru":"Музей микенской колонизации Кипра","opening_hours":"Mo-Tu, Th-Fr 08:30-16:00","tourism":"museum","website":"https://www.visitpafos.org.cy/points-of-interest/maa-paleokastro/#1642405341700-4f1e6fd2-b389","wheelchair":"no"}}},{"type":"Feature","id":"way/221246153","geometry":{"type":"Point","coordinates":[32.3431211,34.8936968]},"properties":{"osm_type":"way","osm_id":221246153,"category":"museum","name":"Traditional Art Museum","wikidata":null,"wikipedia":null,"tags":{"building":"yes","name":"Traditional Art Museum","operator":"Pafos Bird and animal Park","tourism":"museum"}}},{"type":"Feature","id":"way/221246154","geometry":{"type":"Point","coordinates":[32.3429108,34.8936777]},"properties":{"osm_type":"way","osm_id":221246154,"category":"museum","name":"Natural History Museum","wikidata":null,"wikipedia":null,"tags":{"building":"yes","name":"Natural History Museum","operator":"Pafos Zoo","tourism":"museum"}}},{"type":"Feature","id":"way/222364709","geometry":{"type":"Point","coordinates":[32.4097503,34.8102955]},"properties":{"osm_type":"way","osm_id":222364709,"category":"artwork","name":"Great Wall of Lempa","wikidata":null,"wikipedia":null,"tags":{"artwork_type":"sculpture","name":"Great Wall of Lempa","tourism":"artwork"}}},{"type":"Feature","id":"way/222371237","geometry":{"type":"Point","coordinates":[32.5722904,34.7083629]},"properties":{"osm_type":"way","osm_id":222371237,"category":"ruins","name":"House of Leda","wikidata":null,"wikipedia":null,"tags":{"historic":"ruins","name":"House of Leda"}}},{"type":"Feature","id":"way/229241937","geometry":{"type":"Point","coordinates":[33.6044835,34.8866909]},"properties":{"osm_type":"way","osm_id":229241937,"category":"ruins","name":"Dromolaxia-Byzakia Excavation Site","wikidata":null,"wikipedia":null,"tags":{"historic":"ruins","name":"Dromolaxia-Byzakia Excavation Site","name:en":"Hala Sultan Tekke Excavation Site"}}},{"type":"Feature","id":"way/231981717","geometry":{"type":"Point","coordinates":[33.3813975,34.7460869]},"properties":{"osm_type":"way","osm_id":231981717,"category":"archaeological_site","name":"Maroni Vournes","wikidata":null,"wikipedia":null,"tags":{"historic":"archaeological_site","name":"Maroni Vournes"}}},{"type":"Feature","id":"way/231983163","geometry":{"type":"Point","coordinates":[33.0876756,35.2903512]},"properties":{"osm_type":"way","osm_id":231983163,"category":"archaeological_site","name":"Pigades Tapınağı","wikidata":null,"wikipedia":null,"tags":{"historic":"archaeological_site","name":"Pigades Tapınağı","name:en":"Sanctuary of Pigadhes","name:ru":"святилище Пегадес"}}},{"type":"Feature","id":"way/232029232","geometry":{"type":"Point","coordinates":[33.3031103,34.75068]},"properties":{"osm_type":"way","osm_id":232029232,"category":"archaeological_site","name":"Kalavasos Ayios Dhimitrios","wikidata":"Q1625222","wikipedia":null,"tags":{"historic":"archaeological_site","name":"Kalavasos Ayios Dhimitrios","wikidata":"Q1625222"}}},{"type":"Feature","id":"way/244617222","geometry":{"type":"Point","coordinates":[32.6106815,34.6857277]},"properties":{"osm_type":"way","osm_id":244617222,"category":"ruins","name":"Kiln","wikidata":null,"wikipedia":null,"tags":{"historic":"ruins","name":"Kiln"}}},{"type":"Feature","id":"way/244625516","geometry":{"type":"Point","coordinates":[32.6086907,34.6794208]},"properties":{"osm_type":"way","osm_id":244625516,"category":"ruins","name":"Ancient Olive Press","wikidata":null,"wikipedia":null,"tags":{"historic":"ruins","name":"Ancient Olive Press"}}},{"type":"Feature","id":"way/253959946","geometry":{"type":"Point","coordinates":[32.8242703,34.9826507]},"properties":{"osm_type":"way","osm_id":253959946,"category":"heritage","name":"Panagia tou Moutoulla","wikidata":"Q13548161","wikipedia":"en:Moutoullas","tags":{"amenity":"place_of_worship","building":"church","denomination":"greek_orthodox","heritage":"1","name":"Panagia tou Moutoulla","opening_hours":"Sep-May Mo-Fr 07:30-15:00; Sa-Su off; Jun-Aug Mo-Fr 08:00-15:00, Sa-Su 09:00-15:00","phone":"+357 22 952 677;+357 97 733 480","religion":"christian","website":"https://www.visitcyprus.com/index.php/en/discovercyprus/rural/sites-monuments/725-panagia-tou-moutoulla-church","wheelchair":"yes","wikidata":"Q13548161","wikipedia":"en:Moutoullas"}}},{"type":"Feature","id":"way/253967122","geometry":{"type":"Point","coordinates":[32.8305438,34.9919371]},"properties":{"osm_type":"way","osm_id":253967122,"category":"museum","name":"Byzantine Art Museum","wikidata":null,"wikipedia":null,"tags":{"building":"yes","name":"Byzantine Art Museum","name:ru":"Византийский музей","opening_hours":"Mo-Su 09:00-17:00","tourism":"museum"}}},{"type":"Feature","id":"way/253967124","geometry":{"type":"Point","coordinates":[32.83026,34.9922193]},"properties":{"osm_type":"way","osm_id":253967124,"category":"heritage","name":"Agios Ioannis Lambadistis","wikidata":null,"wikipedia":null,"tags":{"addr:city":"Καλοπαναγιώτης","amenity":"monastery","building":"yes","denomination":"greek_orthodox","heritage":"1","name":"Agios Ioannis Lambadistis","name:el":"Αγίου Ιωάννου του Λαμπαδιστού","name:ru":"Монастырь св.Иоанна Лампадиста","opening_hours":"Sep-Apr: Mo-Su 09:00-13:00, 15:00-17:00; May-Aug: Mo-Su 09:00-13:00, 16:00-18:00","phone":"+357 22 953 460","religion":"christian","tourism":"attraction","website":"https://www.visitcyprus.com/discover-cyprus/rural/sites-monuments/agios-ioannis-lampadistis-church-2/","wheelchair":"limited"}}},{"type":"Feature","id":"way/254027754","geometry":{"type":"Point","coordinates":[33.6021849,34.8326716]},"properties":{"osm_type":"way","osm_id":254027754,"category":"historic","name":"Pyrgos tis Rigainas","wikidata":null,"wikipedia":null,"tags":{"building":"tower","historic":"yes","name":"Pyrgos tis Rigainas","name:el":"Πύργος της Ρήγαινας","name:en":"Rigainas Tower"}}},{"type":"Feature","id":"way/255063675","geometry":{"type":"Point","coordinates":[33.3711941,35.1742384]},"properties":{"osm_type":"way","osm_id":255063675,"category":"city_gate","name":"Πύλη Αμμοχώστου","wikidata":"Q6046232","wikipedia":null,"tags":{"building":"yes","historic":"city_gate","image":"https://photos.app.goo.gl/ywiJoP3nmVBMvd1w7","name":"Πύλη Αμμοχώστου","name:el":"Πύλη Αμμοχώστου","name:en":"Famagusta Gate","name:ru":"Ворота Фамагусты","name:tr":"Mağusa Kapısı","wikidata":"Q6046232"}}},{"type":"Feature","id":"way/259391074","geometry":{"type":"Point","coordinates":[33.8706346,35.1656393]},"properties":{"osm_type":"way","osm_id":259391074,"category":"archaeological_site","name":"Enkomi","wikidata":"Q1343280","wikipedia":"en:Enkomi","tags":{"historic":"archaeological_site","name":"Enkomi","name:el":"Έγκωμη","name:en":"Enkomi","name:tr":"Enkomi","opening_hours":"Mo-Sa 10:00-18:00","wikidata":"Q1343280","wikipedia":"en:Enkomi"}}},{"type":"Feature","id":"way/261167003","geometry":{"type":"Point","coordinates":[33.0498314,34.6825067]},"properties":{"osm_type":"way","osm_id":261167003,"category":"arts_centre","name":"Panos Solomonides Cultural Centre","wikidata":null,"wikipedia":null,"tags":{"addr:housenumber":"8","addr:postcode":"3032","addr:street":"Πάνου Σολομωνίδη","amenity":"arts_centre","building":"government","name":"Panos Solomonides Cultural Centre","name:el":"Δημοτικό Πολιτιστικό Κέντρο Πάνος Σολομωνίδης"}}},{"type":"Feature","id":"way/269171005","geometry":{"type":"Point","coordinates":[33.0438909,34.6812933]},"properties":{"osm_type":"way","osm_id":269171005,"category":"theatre","name":"Pattihio Municipal Theatre","wikidata":null,"wikipedia":null,"tags":{"addr:city":"Limassol","addr:housenumber":"4","addr:postcode":"3027","addr:street":"Αγίας Ζώνης","alt_name":"Patticheio Theater","amenity":"theatre","building":"civic","name":"Pattihio Municipal Theatre","name:el":"Παττίχειο Δημοτικό Θέατρο","opening_hours":"Mo-Fr 10:00-13:00,16:00-19:00,Sa 10:00-13:00","website":"https://www.pattihio.com.cy/"}}},{"type":"Feature","id":"way/277112283","geometry":{"type":"Point","coordinates":[32.8961113,35.0036542]},"properties":{"osm_type":"way","osm_id":277112283,"category":"heritage","name":"Παναγία Ποδίθου","wikidata":null,"wikipedia":null,"tags":{"addr:city":"Galata","amenity":"place_of_worship","building":"chapel","denomination":"greek_orthodox","heritage":"1","name":"Παναγία Ποδίθου","name:el":"Παναγία Ποδίθου","name:en":"Panagia Podithou","opening_hours":"Tu-Sa 09:00-16:00; Su 11:00-16:00; Mo off","phone":"+357 99 671 776","religion":"christian","tourism":"attraction","website":"https://www.visitcyprus.com/discover-cyprus/culture/sites-and-monuments/panagia-podithou-church/","wheelchair":"yes"}}},{"type":"Feature","id":"way/277119889","geometry":{"type":"Point","coordinates":[32.8895466,34.9772717]},"properties":{"osm_type":"way","osm_id":277119889,"category":"heritage","name":"Agios Nikolaos tis Stegis","wikidata":"Q31841104","wikipedia":null,"tags":{"amenity":"place_of_worship","building":"yes","denomination":"greek_orthodox","heritage":"1","name":"Agios Nikolaos tis Stegis","opening_hours":"Tu-Sa 09:00-16:00; Su 11:00-16:00; Mo off","phone":"+357 22 922 583","religion":"christian","tourism":"attraction","website":"https://www.visitcyprus.com/index.php/en/discovercyprus/rural/sites-monuments/715-agios-nikolaos-tis-stegis-church","wheelchair":"yes","wikidata":"Q31841104"}}},{"type":"Feature","id":"way/277120622","geometry":{"type":"Point","coordinates":[32.8314271,34.967702]},"properties":{"osm_type":"way","osm_id":277120622,"category":"heritage","name":"Ιερός Ναός Αρχαγγέλου Μιχαήλ","wikidata":"Q31024834","wikipedia":null,"tags":{"addr:city":"Pedoulas","amenity":"place_of_worship","building":"yes","denomination":"greek_orthodox","heritage":"1","name":"Ιερός Ναός Αρχαγγέλου Μιχαήλ","name:en":"Church of Archangelos Michail","name:ru":"Церковь Архангела Михаила","opening_hours":"Mo-Su 09:00-18:00; PH off","phone":"+357 99 112 352","religion":"christian","tourism":"attraction","website":"https://www.visitcyprus.com/index.php/en/discovercyprus/rural/sites-monuments/item/716-archangelos-michael-church","wheelchair":"yes","wikidata":"Q31024834"}}},{"type":"Feature","id":"way/277120623","geometry":{"type":"Point","coordinates":[32.8311452,34.9676019]},"properties":{"osm_type":"way","osm_id":277120623,"category":"museum","name":"Byzantine Museum","wikidata":null,"wikipedia":null,"tags":{"building":"yes","name":"Byzantine Museum","tourism":"museum"}}},{"type":"Feature","id":"way/277278246","geometry":{"type":"Point","coordinates":[33.0072007,34.9654448]},"properties":{"osm_type":"way","osm_id":277278246,"category":"historic","name":"Παναγίας του Άρακα","wikidata":"Q12881190","wikipedia":"en:Panagia tou Araka","tags":{"addr:city":"Lagoudera","amenity":"place_of_worship","building":"yes","denomination":"greek_orthodox","heritage":"1","historic":"yes","name":"Παναγίας του Άρακα","name:el":"Παναγίας του Άρακα","name:en":"Panagia tou Araka","name:ru":"Церковь Панагия (Богородицы) ту Арака","opening_hours":"May-Oct Mo-Sa 09:00-13:30,14:30-18:00; May-Oct Su 10:00-13:30, 14:30-18:00; Nov-Apr Mo-Sa 09:00-13:00,14:30-17:00; Nov-Apr Su 10:00-13:00, 14:30-17:00","religion":"christian","tourism":"attraction","website":"https://www.visitcyprus.com/index.php/en/discovercyprus/rural/sites-monuments/723-panagia-tou-araka-church","wikidata":"Q12881190","wikipedia":"en:Panagia tou Araka"}}},{"type":"Feature","id":"way/277283292","geometry":{"type":"Point","coordinates":[33.0947302,34.9217852]},"properties":{"osm_type":"way","osm_id":277283292,"category":"heritage","name":"Μεταμόρφωσης του Σωτήρος","wikidata":"Q31024939","wikipedia":null,"tags":{"amenity":"place_of_worship","building":"yes","denomination":"greek_orthodox","heritage":"1","name":"Μεταμόρφωσης του Σωτήρος","name:en":"Transfiguration of the Saviour Church","name:ru":"Церковь Преображения Господня (Metamrphosis tou Sotiros) из списка ЮНЕСКО ( нач.16 в.)","opening_hours":"Tu-Fr 10:00-13:00 || \"Afternoon and weekend visits by prior appointment\"","phone":"+357 99 974 230","religion":"christian","tourism":"attraction","website":"https://www.visitcyprus.com/discover-cyprus/rural/sites-monuments/metamorfosis-tou-sotiros-church-2/","wheelchair":"yes","wikidata":"Q31024939"}}},{"type":"Feature","id":"way/277511335","geometry":{"type":"Point","coordinates":[33.0805417,35.1302361]},"properties":{"osm_type":"way","osm_id":277511335,"category":"monument","name":"Ιερός Ναός Οσίων Βαρνάβα και Ιλαρίωνος","wikidata":null,"wikipedia":null,"tags":{"addr:city":"Περιστερώνα","amenity":"place_of_worship","building":"yes","denomination":"greek_orthodox","heritage":"proposed","historic":"monument","name":"Ιερός Ναός Οσίων Βαρνάβα και Ιλαρίωνος","name:el":"Ιερός Ναός Οσίων Βαρνάβα και Ιλαρίωνος","name:en":"Church of Saints Barnabas and Hilarion","religion":"christian","tourism":"attraction","website":"https://whc.unesco.org/en/tentativelists/1874/"}}},{"type":"Feature","id":"way/291174729","geometry":{"type":"Point","coordinates":[33.2987885,35.1115521]},"properties":{"osm_type":"way","osm_id":291174729,"category":"theatre","name":"Lakatamia Municipal Amphitheatre","wikidata":null,"wikipedia":null,"tags":{"amenity":"theatre","building":"yes","name":"Lakatamia Municipal Amphitheatre"}}},{"type":"Feature","id":"way/291412820","geometry":{"type":"Point","coordinates":[32.8298051,34.9667246]},"properties":{"osm_type":"way","osm_id":291412820,"category":"museum","name":"Folk Museum","wikidata":null,"wikipedia":null,"tags":{"building":"yes","name":"Folk Museum","tourism":"museum"}}},{"type":"Feature","id":"way/305790575","geometry":{"type":"Point","coordinates":[33.3641991,35.1761386]},"properties":{"osm_type":"way","osm_id":305790575,"category":"historic","name":"Bedesten (St Nicholas Church)","wikidata":"Q20949051","wikipedia":"tr:Bedesten (Lefkoşa)","tags":{"addr:street":"Kuyumcular Sokak","building":"church","historic":"building","image":"https://photos.app.goo.gl/4gf61DqQquD9UDhbA","name":"Bedesten (St Nicholas Church)","wikidata":"Q20949051","wikipedia":"tr:Bedesten (Lefkoşa)"}}},{"type":"Feature","id":"way/307764211","geometry":{"type":"Point","coordinates":[33.3618015,35.1816411]},"properties":{"osm_type":"way","osm_id":307764211,"category":"city_gate","name":"Girne Kapısı","wikidata":"Q6452341","wikipedia":"tr:Girne Kapısı","tags":{"building":"yes","historic":"city_gate","name":"Girne Kapısı","name:en":"Kyrenia Gate","name:es":"Puerta de Kirenia","name:tr":"Girne Kapısı","tourism":"information","wikidata":"Q6452341","wikipedia":"tr:Girne Kapısı"}}},{"type":"Feature","id":"way/309626999","geometry":{"type":"Point","coordinates":[33.9011787,35.1837666]},"properties":{"osm_type":"way","osm_id":309626999,"category":"archaeological_site","name":"Reservoir","wikidata":null,"wikipedia":null,"tags":{"historic":"archaeological_site","name":"Reservoir","ruins":"yes","tourism":"attraction"}}},{"type":"Feature","id":"way/309627004","geometry":{"type":"Point","coordinates":[33.902582,35.1847862]},"properties":{"osm_type":"way","osm_id":309627004,"category":"theatre","name":"Ancient Theater","wikidata":"Q767089","wikipedia":"en:Salamis, Cyprus","tags":{"amenity":"theatre","building":"yes","historic":"archaeological_site","image":"https://photos.app.goo.gl/e3MSmvK5hPC85Uxr9","name":"Ancient Theater","ruins":"yes","tourism":"attraction","url":"https://youtu.be/BdiccSD-wlI?si=uD1E9xxG7E4NdftM&t=388","wikidata":"Q767089","wikipedia":"en:Salamis, Cyprus"}}},{"type":"Feature","id":"way/326870268","geometry":{"type":"Point","coordinates":[33.140518,34.7119478]},"properties":{"osm_type":"way","osm_id":326870268,"category":"archaeological_site","name":"Αμαθούντα","wikidata":"Q2343313","wikipedia":"en:Amathus","tags":{"historic":"archaeological_site","name":"Αμαθούντα","name:de":"Amathous","name:el":"Αμαθούντα","name:en":"Amathus","name:es":"Amatunte","name:fr":"Amathonte","tourism":"attraction","website":"https://www.ancientcyprus.com/sites/amathus","wikidata":"Q2343313","wikipedia":"en:Amathus"}}},{"type":"Feature","id":"way/331964706","geometry":{"type":"Point","coordinates":[33.3557526,35.1717327]},"properties":{"osm_type":"way","osm_id":331964706,"category":"museum","name":"Κυπριακό Μουσείο","wikidata":"Q1148462","wikipedia":null,"tags":{"addr:city":"Λευκωσία","addr:housenumber":"1","addr:postcode":"1096","addr:street":"Λεωφόρος Μίκη Θεοδωράκη","alt_name":"Cyprus Archaeological Museum","building":"yes","email":"antiquitiesdept@da.mcw.gov.cy","name":"Κυπριακό Μουσείο","name:de":"Zypernmuseum","name:el":"Κυπριακό Μουσείο","name:en":"Cyprus Museum","name:es":"Museo de Chipre","name:tr":"Kıbrıs Müzesi","opening_hours":"Tu-Fr 08:00-18:00; Sa 09:00-17:00; Su 10:00-13:00; We[-1] 08:00-20:00; Mo off","phone":"+357 22 865 85;+357 22 865 888;+357 2286 5864","tourism":"museum","website":"https://www.mcw.gov.cy/mcw/da/da.nsf","wheelchair":"yes","wikidata":"Q1148462"}}},{"type":"Feature","id":"way/335736570","geometry":{"type":"Point","coordinates":[33.9973107,35.4104809]},"properties":{"osm_type":"way","osm_id":335736570,"category":"arts_centre","name":"Arts and Culture Centre","wikidata":null,"wikipedia":null,"tags":{"amenity":"arts_centre","building":"yes","name":"Arts and Culture Centre"}}},{"type":"Feature","id":"way/336056043","geometry":{"type":"Point","coordinates":[33.4407192,35.0651857]},"properties":{"osm_type":"way","osm_id":336056043,"category":"castle","name":"Ottoman Fortress","wikidata":null,"wikipedia":null,"tags":{"historic":"castle","name":"Ottoman Fortress"}}},{"type":"Feature","id":"way/337979156","geometry":{"type":"Point","coordinates":[32.3864944,34.7874959]},"properties":{"osm_type":"way","osm_id":337979156,"category":"historic","name":"MV Demetrios II","wikidata":"Q117086872","wikipedia":"en:MV Demetrios II","tags":{"alt_name":"Dimitrios II","building":"yes","historic":"wreck","name":"MV Demetrios II","wikidata":"Q117086872","wikipedia":"en:MV Demetrios II"}}},{"type":"Feature","id":"way/347101864","geometry":{"type":"Point","coordinates":[33.9330872,35.1167356]},"properties":{"osm_type":"way","osm_id":347101864,"category":"monument","name":"Suphi Ezel Türbesi","wikidata":null,"wikipedia":null,"tags":{"historic":"monument","name":"Suphi Ezel Türbesi"}}},{"type":"Feature","id":"way/348035496","geometry":{"type":"Point","coordinates":[33.9397278,35.1205292]},"properties":{"osm_type":"way","osm_id":348035496,"category":"monument","name":"Kutup Osman Türbesi","wikidata":null,"wikipedia":null,"tags":{"building":"yes","historic":"monument","name":"Kutup Osman Türbesi"}}},{"type":"Feature","id":"way/350161944","geometry":{"type":"Point","coordinates":[34.3813153,35.6066181]},"properties":{"osm_type":"way","osm_id":350161944,"category":"museum","name":"Dipkarpaz Zeytinyaği Müzesi","wikidata":null,"wikipedia":null,"tags":{"building":"yes","name":"Dipkarpaz Zeytinyaği Müzesi","tourism":"museum"}}},{"type":"Feature","id":"way/397602623","geometry":{"type":"Point","coordinates":[33.9030342,35.1792626]},"properties":{"osm_type":"way","osm_id":397602623,"category":"archaeological_site","name":"Salamis","wikidata":null,"wikipedia":"tr:Salamis","tags":{"historic":"archaeological_site","name":"Salamis","name:cs":"Archeologická lokalita Salamis","name:ru":"Саламин","wikipedia":"tr:Salamis"}}},{"type":"Feature","id":"way/397693200","geometry":{"type":"Point","coordinates":[32.3285509,34.9050038]},"properties":{"osm_type":"way","osm_id":397693200,"category":"archaeological_site","name":"The Necropolis at Meletis Forest","wikidata":null,"wikipedia":null,"tags":{"historic":"archaeological_site","name":"The Necropolis at Meletis Forest"}}},{"type":"Feature","id":"way/399071936","geometry":{"type":"Point","coordinates":[33.4232972,35.0192229]},"properties":{"osm_type":"way","osm_id":399071936,"category":"museum","name":"Τοπικό Μουσείο Αρχαίου Ιδαλίου","wikidata":null,"wikipedia":null,"tags":{"building":"yes","name":"Τοπικό Μουσείο Αρχαίου Ιδαλίου","name:el":"Τοπικό Μουσείο Αρχαίου Ιδαλίου","name:en":"Local Archaeological Museum of Ancient Idalion","opening_hours":"Mo-Fr 08:30-16:00","phone":"+357 22 444888","tourism":"museum","website":"https://www.dali.org.cy/el/episkeptes/2-%CE%B1%CF%81%CF%87%CE%B1%CE%B9%CE%BF%CE%BB%CE%BF%CE%B3%CE%B9%CE%BA%CE%AC-%CE%BC%CE%BF%CF%85%CF%83%CE%B5%CE%AF%CE%B1"}}},{"type":"Feature","id":"way/399511078","geometry":{"type":"Point","coordinates":[32.6405751,34.8366999]},"properties":{"osm_type":"way","osm_id":399511078,"category":"historic","name":"Water Mill","wikidata":null,"wikipedia":null,"tags":{"historic":"aqueduct","name":"Water Mill","ruins":"yes"}}},{"type":"Feature","id":"way/399511083","geometry":{"type":"Point","coordinates":[32.6444583,34.8344249]},"properties":{"osm_type":"way","osm_id":399511083,"category":"historic","name":"Water Mill","wikidata":null,"wikipedia":null,"tags":{"historic":"aqueduct","name":"Water Mill","ruins":"yes"}}},{"type":"Feature","id":"way/426404491","geometry":{"type":"Point","coordinates":[33.3550696,35.1726374]},"properties":{"osm_type":"way","osm_id":426404491,"category":"theatre","name":"Δημοτικό Θέατρο Λευκωσίας","wikidata":"Q60038489","wikipedia":"en:Nicosia Municipal Theater","tags":{"addr:city":"Λευκωσία","addr:housenumber":"4","addr:postcode":"1097","addr:street":"Λεωφόρος Μίκη Θεοδωράκη","amenity":"theatre","building":"yes","email":"theatre@nicosiamunicipality.org.cy","name":"Δημοτικό Θέατρο Λευκωσίας","name:el":"Δημοτικό Θέατρο Λευκωσίας","name:en":"Nicosia Municipal Theater","name:tr":"Lefkoşa Belediye Tiyatrosu","operator":"Nicosia Muncipalitty","phone":"+357 22 797979","wikidata":"Q60038489","wikipedia":"en:Nicosia Municipal Theater"}}},{"type":"Feature","id":"way/434906067","geometry":{"type":"Point","coordinates":[32.4148631,34.7596061]},"properties":{"osm_type":"way","osm_id":434906067,"category":"ruins","name":"Medieval baths (1191-1489)","wikidata":null,"wikipedia":null,"tags":{"historic":"ruins","name":"Medieval baths (1191-1489)","name:ru":"Средневековые бани (1191-1489)","ruins":"building"}}},{"type":"Feature","id":"way/434906872","geometry":{"type":"Point","coordinates":[32.4139399,34.7612118]},"properties":{"osm_type":"way","osm_id":434906872,"category":"ruins","name":"Amphitheater","wikidata":null,"wikipedia":null,"tags":{"historic":"ruins","name":"Amphitheater","name:ru":"Театр","tourism":"attraction"}}},{"type":"Feature","id":"way/435776367","geometry":{"type":"Point","coordinates":[33.3600747,35.182683]},"properties":{"osm_type":"way","osm_id":435776367,"category":"arts_centre","name":"Milli Kütüphane","wikidata":null,"wikipedia":null,"tags":{"amenity":"arts_centre","building":"yes","name":"Milli Kütüphane"}}},{"type":"Feature","id":"way/435908949","geometry":{"type":"Point","coordinates":[33.3653081,35.1800826]},"properties":{"osm_type":"way","osm_id":435908949,"category":"historic","name":"HasDer","wikidata":null,"wikipedia":null,"tags":{"addr:street":"Kadıfe Sokak","historic":"yes","name":"HasDer"}}},{"type":"Feature","id":"way/435908955","geometry":{"type":"Point","coordinates":[33.3619295,35.1807657]},"properties":{"osm_type":"way","osm_id":435908955,"category":"historic","name":"Mevlevi Tekkesi","wikidata":null,"wikipedia":null,"tags":{"historic":"building","name":"Mevlevi Tekkesi","name:es":"Convento de los Mevleví","name:tr":"Mevlevi Tekkesi","tourism":"attraction"}}},{"type":"Feature","id":"way/457762035","geometry":{"type":"Point","coordinates":[32.7402274,34.9836723]},"properties":{"osm_type":"way","osm_id":457762035,"category":"museum","name":"Kykkos Museum","wikidata":null,"wikipedia":null,"tags":{"name":"Kykkos Museum","name:en":"Kykkos Museum","opening_hours":"Mo-Su 10:00-18:00","tourism":"museum"}}},{"type":"Feature","id":"way/460609071","geometry":{"type":"Point","coordinates":[32.9924308,35.2021713]},"properties":{"osm_type":"way","osm_id":460609071,"category":"theatre","name":"Atatürk Kültür Merkezi","wikidata":null,"wikipedia":null,"tags":{"amenity":"theatre","building":"yes","name":"Atatürk Kültür Merkezi","operator":"Güzelyurt Belediyeis"}}},{"type":"Feature","id":"way/461071902","geometry":{"type":"Point","coordinates":[33.7316192,35.2597298]},"properties":{"osm_type":"way","osm_id":461071902,"category":"memorial","name":"Atatürk Meydanı","wikidata":null,"wikipedia":null,"tags":{"historic":"memorial","name":"Atatürk Meydanı","name:ar":"ميدان أتاترك"}}},{"type":"Feature","id":"way/461071903","geometry":{"type":"Point","coordinates":[33.7328338,35.2594773]},"properties":{"osm_type":"way","osm_id":461071903,"category":"memorial","name":"Geçitkale Şehitler Anıtı","wikidata":null,"wikipedia":null,"tags":{"historic":"memorial","name":"Geçitkale Şehitler Anıtı"}}},{"type":"Feature","id":"way/467059115","geometry":{"type":"Point","coordinates":[33.3656597,35.1766366]},"properties":{"osm_type":"way","osm_id":467059115,"category":"museum","name":"Taş Eserler Müzesi","wikidata":null,"wikipedia":null,"tags":{"building":"yes","image":"https://photos.app.goo.gl/dHqWh6rE8F7mVHLk6","name":"Taş Eserler Müzesi","name:en":"Medieval Lapidary Museum","name:es":"Museo Lapidario Medieval","name:tr":"Taş Eserler Müzesi","tourism":"museum","website":"https://lefkosabelediyesi.org/tarihi-ve-turistik-yerler/26"}}},{"type":"Feature","id":"way/467059271","geometry":{"type":"Point","coordinates":[33.3654135,35.1762182]},"properties":{"osm_type":"way","osm_id":467059271,"category":"museum","name":"The Eaved House","wikidata":null,"wikipedia":null,"tags":{"addr:city":"Lefkoşa","addr:street":"Kütüphane Sokak","building":"yes","image":"https://photos.app.goo.gl/ibLKMZ414E7Y4CWZ7","name":"The Eaved House","name:en":"The Eaved House","opening_hours":"Mo-Fr 9:00-16:00; Sa-Su Off","tourism":"museum"}}},{"type":"Feature","id":"way/467059364","geometry":{"type":"Point","coordinates":[33.3651466,35.1765417]},"properties":{"osm_type":"way","osm_id":467059364,"category":"museum","name":"Sultan Mahmud Library","wikidata":null,"wikipedia":null,"tags":{"building":"yes","name":"Sultan Mahmud Library","tourism":"museum"}}},{"type":"Feature","id":"way/467191939","geometry":{"type":"Point","coordinates":[33.3604994,35.1784786]},"properties":{"osm_type":"way","osm_id":467191939,"category":"historic","name":"Mahkemeler Binası","wikidata":"Q20760338","wikipedia":"tr:Mahkemeler Binası","tags":{"building":"yes","historic":"building","image":"https://photos.app.goo.gl/zkqhpr256KkEMAAv6","name":"Mahkemeler Binası","name:en":"British Colonial Law Courts","name:tr":"Mahkemeler Binası","tourism":"attraction","wikidata":"Q20760338","wikipedia":"tr:Mahkemeler Binası"}}},{"type":"Feature","id":"way/471488134","geometry":{"type":"Point","coordinates":[32.33932,34.8730603]},"properties":{"osm_type":"way","osm_id":471488134,"category":"historic","name":"Edro III","wikidata":"Q22093748","wikipedia":null,"tags":{"historic":"wreck","name":"Edro III","name:ru":"Едро III","tourism":"attraction","wikidata":"Q22093748"}}},{"type":"Feature","id":"way/493408895","geometry":{"type":"Point","coordinates":[33.6254316,34.9060517]},"properties":{"osm_type":"way","osm_id":493408895,"category":"theatre","name":"Παττίιχειο Αμφιθέατρο","wikidata":null,"wikipedia":null,"tags":{"amenity":"theatre","name":"Παττίιχειο Αμφιθέατρο","name:en":"Pattichion Amphitheater"}}},{"type":"Feature","id":"way/493412499","geometry":{"type":"Point","coordinates":[33.6265403,34.9160688]},"properties":{"osm_type":"way","osm_id":493412499,"category":"theatre","name":"Larnaca Theatre","wikidata":null,"wikipedia":null,"tags":{"amenity":"theatre","building":"public","name":"Larnaca Theatre","name:ar":"مسرح لرنقة"}}},{"type":"Feature","id":"way/504726167","geometry":{"type":"Point","coordinates":[33.0605887,35.3210398]},"properties":{"osm_type":"way","osm_id":504726167,"category":"museum","name":"Mavi Köşk","wikidata":"Q123784385","wikipedia":"tr:Mavi Köşk","tags":{"building":"house","name":"Mavi Köşk","name:cs":"Modrý dům","name:en":"Blue House","operator":"Army","tourism":"museum","wikidata":"Q123784385","wikipedia":"tr:Mavi Köşk"}}},{"type":"Feature","id":"way/505072519","geometry":{"type":"Point","coordinates":[33.3819352,35.1453856]},"properties":{"osm_type":"way","osm_id":505072519,"category":"museum","name":"RIK Radio Museum","wikidata":null,"wikipedia":null,"tags":{"addr:city":"Αγλαντζιά","addr:postcode":"2120","addr:street":"Rik Avenue","building":"yes","email":"rik@cybc.com.cy","name":"RIK Radio Museum","operator":"Cyprus Broadcasting Corporation (RIK)","phone":"+357 22862000","tourism":"museum","website":"https://www.cyprushighlights.com/en/museum-broadcasting-rik/"}}},{"type":"Feature","id":"way/512533505","geometry":{"type":"Point","coordinates":[32.9337201,34.666603]},"properties":{"osm_type":"way","osm_id":512533505,"category":"historic","name":"Historic aqueduct","wikidata":null,"wikipedia":null,"tags":{"historic":"aqueduct","name":"Historic aqueduct"}}},{"type":"Feature","id":"way/514596209","geometry":{"type":"Point","coordinates":[32.4254993,35.0390252]},"properties":{"osm_type":"way","osm_id":514596209,"category":"archaeological_site","name":"Marion Ruins","wikidata":null,"wikipedia":null,"tags":{"historic":"archaeological_site","name":"Marion Ruins"}}},{"type":"Feature","id":"way/515453054","geometry":{"type":"Point","coordinates":[33.6269542,34.9164498]},"properties":{"osm_type":"way","osm_id":515453054,"category":"museum","name":"Museum of Natural History","wikidata":null,"wikipedia":null,"tags":{"addr:city":"Larnaka","building":"yes","name":"Museum of Natural History","name:ar":"متحف التاريخ الطبيعي","tourism":"museum"}}},{"type":"Feature","id":"way/515453094","geometry":{"type":"Point","coordinates":[33.632879,34.9206054]},"properties":{"osm_type":"way","osm_id":515453094,"category":"archaeological_site","name":"Ancient Military Port of Kition","wikidata":null,"wikipedia":null,"tags":{"historic":"archaeological_site","name":"Ancient Military Port of Kition"}}},{"type":"Feature","id":"way/516377970","geometry":{"type":"Point","coordinates":[32.4078477,34.7557644]},"properties":{"osm_type":"way","osm_id":516377970,"category":"ruins","name":"Basilica of Panagia Limeniotissa","wikidata":null,"wikipedia":null,"tags":{"historic":"ruins","name":"Basilica of Panagia Limeniotissa","name:el":"Βασιλική Παναγίας Λιμενιώτισσας"}}},{"type":"Feature","id":"way/530833623","geometry":{"type":"Point","coordinates":[33.1422051,34.7102324]},"properties":{"osm_type":"way","osm_id":530833623,"category":"archaeological_site","name":"Αμαθούντα","wikidata":"Q2343313","wikipedia":"en:Amathus","tags":{"historic":"archaeological_site","name":"Αμαθούντα","name:de":"Amathous","name:el":"Αμαθούντα","name:en":"Amathus","name:es":"Amatunte","name:fr":"Amathonte","tourism":"attraction","website":"https://www.ancientcyprus.com/sites/amathus","wikidata":"Q2343313","wikipedia":"en:Amathus"}}},{"type":"Feature","id":"way/535009556","geometry":{"type":"Point","coordinates":[33.3411648,35.1472002]},"properties":{"osm_type":"way","osm_id":535009556,"category":"theatre","name":"Live Stage","wikidata":null,"wikipedia":null,"tags":{"addr:street":"Λεωφόρος Αρχιεπισκόπου Κυπριανού","amenity":"theatre","building":"yes","name":"Live Stage"}}},{"type":"Feature","id":"way/536176503","geometry":{"type":"Point","coordinates":[33.3732075,35.1402116]},"properties":{"osm_type":"way","osm_id":536176503,"category":"museum","name":"Κέντρο Κυπριακής Χειροτεχνίας","wikidata":null,"wikipedia":null,"tags":{"addr:city":"Στρόβολος","addr:housenumber":"186","addr:postcode":"2025","addr:street":"Λεωφόρος Αθαλάσσης","building":"yes","name":"Κέντρο Κυπριακής Χειροτεχνίας","name:en":"Cyprus Handicrafts Centre","phone":"+357 22 305 024","tourism":"museum","website":"https://www.meci.gov.cy/meci/chs/chs.nsf/home2/home2?openform"}}},{"type":"Feature","id":"way/537755075","geometry":{"type":"Point","coordinates":[33.3602603,35.1729652]},"properties":{"osm_type":"way","osm_id":537755075,"category":"gallery","name":"Κυκλαδες","wikidata":null,"wikipedia":null,"tags":{"addr:city":"Λευκωσία","addr:postcode":"1010","addr:street":"Περικλέους","building":"yes","name":"Κυκλαδες","tourism":"gallery"}}},{"type":"Feature","id":"way/539311380","geometry":{"type":"Point","coordinates":[33.3554981,35.1972038]},"properties":{"osm_type":"way","osm_id":539311380,"category":"theatre","name":"Lefkosa Belediye Tiyatrosu","wikidata":null,"wikipedia":null,"tags":{"addr:city":"Lefkoşa","addr:street":"Şht. Osman Benlı Sokak","amenity":"theatre","building":"yes","name":"Lefkosa Belediye Tiyatrosu"}}},{"type":"Feature","id":"way/539516916","geometry":{"type":"Point","coordinates":[33.3616179,35.1810361]},"properties":{"osm_type":"way","osm_id":539516916,"category":"museum","name":"Walled City Museum","wikidata":null,"wikipedia":null,"tags":{"addr:street":"Tanzimat Sokak","building":"yes","name":"Walled City Museum","tourism":"museum"}}},{"type":"Feature","id":"way/539700803","geometry":{"type":"Point","coordinates":[33.3608113,35.1663442]},"properties":{"osm_type":"way","osm_id":539700803,"category":"gallery","name":"Golden Gallery","wikidata":null,"wikipedia":null,"tags":{"addr:housenumber":"8","addr:street":"Mnasiadou","building":"yes","name":"Golden Gallery","tourism":"gallery"}}},{"type":"Feature","id":"way/541309637","geometry":{"type":"Point","coordinates":[33.9586515,35.0694259]},"properties":{"osm_type":"way","osm_id":541309637,"category":"museum","name":"Culture Centre of Famagusta","wikidata":null,"wikipedia":null,"tags":{"building":"yes","name":"Culture Centre of Famagusta","opening_hours":"Summer: Mon-Sat 7:30-17:00; Winter: Mon-Sat 7:30-15:00","tourism":"museum"}}},{"type":"Feature","id":"way/545042694","geometry":{"type":"Point","coordinates":[33.5708465,35.3468772]},"properties":{"osm_type":"way","osm_id":545042694,"category":"artwork","name":"Esentepeye Hoşgeldiniz Heykeli","wikidata":null,"wikipedia":null,"tags":{"name":"Esentepeye Hoşgeldiniz Heykeli","name:en":"Welcome to Esentepe Statue","tourism":"artwork"}}},{"type":"Feature","id":"way/545043259","geometry":{"type":"Point","coordinates":[33.5807226,35.3404641]},"properties":{"osm_type":"way","osm_id":545043259,"category":"monument","name":"Esentepe Atatürk Heykeli","wikidata":null,"wikipedia":null,"tags":{"historic":"monument","name":"Esentepe Atatürk Heykeli"}}},{"type":"Feature","id":"way/557622810","geometry":{"type":"Point","coordinates":[33.3262598,35.22699]},"properties":{"osm_type":"way","osm_id":557622810,"category":"theatre","name":"AKKM","wikidata":null,"wikipedia":null,"tags":{"amenity":"theatre","building":"yes","name":"AKKM"}}},{"type":"Feature","id":"way/557626990","geometry":{"type":"Point","coordinates":[32.996781,35.1934181]},"properties":{"osm_type":"way","osm_id":557626990,"category":"museum","name":"Güzelyurt Tren İstasyonu Müzesi","wikidata":"Q115130321","wikipedia":null,"tags":{"building":"yes","name":"Güzelyurt Tren İstasyonu Müzesi","tourism":"museum","wikidata":"Q115130321"}}},{"type":"Feature","id":"way/558046071","geometry":{"type":"Point","coordinates":[33.0356002,35.1797001]},"properties":{"osm_type":"way","osm_id":558046071,"category":"arts_centre","name":"Akçay El Sanatları ve Kültür Evi","wikidata":null,"wikipedia":null,"tags":{"amenity":"arts_centre","building":"yes","name":"Akçay El Sanatları ve Kültür Evi"}}},{"type":"Feature","id":"way/576870907","geometry":{"type":"Point","coordinates":[32.9247608,34.7577043]},"properties":{"osm_type":"way","osm_id":576870907,"category":"archaeological_site","name":"Πανω Μαντηλαρης","wikidata":null,"wikipedia":null,"tags":{"historic":"archaeological_site","name":"Πανω Μαντηλαρης","name:el":"Πανω Μαντηλαρης","name:en":"Pano Mantilaris","website":"https://pleiades.stoa.org/places/164241957"}}},{"type":"Feature","id":"way/576871086","geometry":{"type":"Point","coordinates":[32.9219146,34.7583424]},"properties":{"osm_type":"way","osm_id":576871086,"category":"archaeological_site","name":"Paliotaverna","wikidata":null,"wikipedia":null,"tags":{"historic":"archaeological_site","name":"Paliotaverna"}}},{"type":"Feature","id":"way/577623551","geometry":{"type":"Point","coordinates":[33.3702877,35.2044197]},"properties":{"osm_type":"way","osm_id":577623551,"category":"memorial","name":"ELEKTRİK ODASI","wikidata":null,"wikipedia":null,"tags":{"historic":"memorial","name":"ELEKTRİK ODASI"}}},{"type":"Feature","id":"way/587513903","geometry":{"type":"Point","coordinates":[32.7311682,34.9824815]},"properties":{"osm_type":"way","osm_id":587513903,"category":"historic","name":"Θρονί της Παναγίας","wikidata":null,"wikipedia":null,"tags":{"building":"church","historic":"wayside_shrine","name":"Θρονί της Παναγίας","name:en":"Throni Shrine","religion":"christian"}}},{"type":"Feature","id":"way/589751452","geometry":{"type":"Point","coordinates":[33.3163025,35.1303718]},"properties":{"osm_type":"way","osm_id":589751452,"category":"memorial","name":"Iroon Pesonton Koinotitas Kontemenou 1974","wikidata":null,"wikipedia":null,"tags":{"historic":"memorial","memorial":"war_memorial","name":"Iroon Pesonton Koinotitas Kontemenou 1974"}}},{"type":"Feature","id":"way/619147851","geometry":{"type":"Point","coordinates":[33.5898169,34.8751783]},"properties":{"osm_type":"way","osm_id":619147851,"category":"theatre","name":"Δημοτικό Αμφιθέατρο Δρομολαξιάς","wikidata":null,"wikipedia":null,"tags":{"addr:city":"Larnaca","addr:housenumber":"5","addr:postcode":"7020","addr:street":"Dim. Severi","amenity":"theatre","building":"yes","name":"Δημοτικό Αμφιθέατρο Δρομολαξιάς","name:en":"Public Amphitheater of Dromolaksia"}}},{"type":"Feature","id":"way/629050857","geometry":{"type":"Point","coordinates":[32.8292153,34.9933404]},"properties":{"osm_type":"way","osm_id":629050857,"category":"museum","name":"House of Lavrentios","wikidata":null,"wikipedia":null,"tags":{"building":"yes","name":"House of Lavrentios","tourism":"museum"}}},{"type":"Feature","id":"way/629275217","geometry":{"type":"Point","coordinates":[33.3711342,35.1749363]},"properties":{"osm_type":"way","osm_id":629275217,"category":"theatre","name":"Θέατρο Ένα","wikidata":null,"wikipedia":null,"tags":{"addr:city":"Nicosia","addr:housenumber":"4","addr:postcode":"1016","addr:street":"Leoforos Athinas","amenity":"theatre","building":"yes","email":"theatroena@cytanet.com.cy","name":"Θέατρο Ένα","name:en":"Theatro Ena","phone":"22348203","website":"https://www.theatroena.com.cy/"}}},{"type":"Feature","id":"way/629275251","geometry":{"type":"Point","coordinates":[33.3703029,35.1715457]},"properties":{"osm_type":"way","osm_id":629275251,"category":"monument","name":"Μνημείο Ελευθερίας","wikidata":"Q30605496","wikipedia":"en:Liberty Monument (Nicosia)","tags":{"historic":"monument","image":"https://photos.app.goo.gl/nbc4ns1HFwdvNLjE8","name":"Μνημείο Ελευθερίας","name:en":"Liberty Monument","name:es":"Monumento a la Libertad","start_date":"1973","wikidata":"Q30605496","wikipedia":"en:Liberty Monument (Nicosia)"}}},{"type":"Feature","id":"way/629941933","geometry":{"type":"Point","coordinates":[33.1442998,34.7117904]},"properties":{"osm_type":"way","osm_id":629941933,"category":"archaeological_site","name":"Αμαθούντα","wikidata":"Q2343313","wikipedia":"en:Amathus","tags":{"historic":"archaeological_site","name":"Αμαθούντα","name:de":"Amathous","name:el":"Αμαθούντα","name:en":"Amathus","name:es":"Amatunte","name:fr":"Amathonte","opening_hours":"Nov-Mar 08:00-17:00; Apr-May 08:00-18:00; Jun-Aug 08:00-19:30; Sep-Oct 08:00-18:00","tourism":"attraction","website":"https://www.ancientcyprus.com/sites/amathus","wheelchair":"no","wikidata":"Q2343313","wikipedia":"en:Amathus"}}},{"type":"Feature","id":"way/630871182","geometry":{"type":"Point","coordinates":[32.9344982,34.6654524]},"properties":{"osm_type":"way","osm_id":630871182,"category":"historic","name":"Historic aequaduct","wikidata":null,"wikipedia":null,"tags":{"historic":"aqueduct","name":"Historic aequaduct"}}},{"type":"Feature","id":"way/630871183","geometry":{"type":"Point","coordinates":[32.9344197,34.6655899]},"properties":{"osm_type":"way","osm_id":630871183,"category":"historic","name":"Historic aequaduct","wikidata":null,"wikipedia":null,"tags":{"historic":"aqueduct","name":"Historic aequaduct"}}},{"type":"Feature","id":"way/630871185","geometry":{"type":"Point","coordinates":[32.9343492,34.6651225]},"properties":{"osm_type":"way","osm_id":630871185,"category":"archaeological_site","name":"Kolossi Castle","wikidata":null,"wikipedia":null,"tags":{"historic":"archaeological_site","name":"Kolossi Castle"}}},{"type":"Feature","id":"way/631238710","geometry":{"type":"Point","coordinates":[32.4137501,34.7581081]},"properties":{"osm_type":"way","osm_id":631238710,"category":"archaeological_site","name":"Chrysopolitissa complex","wikidata":null,"wikipedia":null,"tags":{"historic":"archaeological_site","name":"Chrysopolitissa complex","tourism":"attraction"}}},{"type":"Feature","id":"way/631602072","geometry":{"type":"Point","coordinates":[32.4338458,34.8703653]},"properties":{"osm_type":"way","osm_id":631602072,"category":"theatre","name":"Amphitheatre","wikidata":null,"wikipedia":null,"tags":{"amenity":"theatre","name":"Amphitheatre","name:de":"Amphitheater","name:ru":"Амфитеатр","ruins":"yes"}}},{"type":"Feature","id":"way/632318611","geometry":{"type":"Point","coordinates":[33.7521486,35.3754955]},"properties":{"osm_type":"way","osm_id":632318611,"category":"memorial","name":"Kadir Kılınç Meydanı","wikidata":null,"wikipedia":null,"tags":{"historic":"memorial","memorial":"statue","name":"Kadir Kılınç Meydanı"}}},{"type":"Feature","id":"way/633617694","geometry":{"type":"Point","coordinates":[32.4070023,34.7747927]},"properties":{"osm_type":"way","osm_id":633617694,"category":"archaeological_site","name":"Τάφος 1","wikidata":"Q71990847","wikipedia":null,"tags":{"historic":"archaeological_site","name":"Τάφος 1","name:el":"Τάφος 1","name:en":"Tomb 1","tourism":"attraction","website":"https://digitalguides.com.cy/antiquities/qr-72/","wheelchair":"limited","wikidata":"Q71990847"}}},{"type":"Feature","id":"way/646828083","geometry":{"type":"Point","coordinates":[33.8800022,35.1747472]},"properties":{"osm_type":"way","osm_id":646828083,"category":"museum","name":"Archaelogical Museum","wikidata":null,"wikipedia":null,"tags":{"building":"yes","name":"Archaelogical Museum","tourism":"museum"}}},{"type":"Feature","id":"way/658189658","geometry":{"type":"Point","coordinates":[33.3254795,35.2050432]},"properties":{"osm_type":"way","osm_id":658189658,"category":"tomb","name":"Mausoleum of Denktaş","wikidata":null,"wikipedia":null,"tags":{"building":"yes","historic":"tomb","name":"Mausoleum of Denktaş"}}},{"type":"Feature","id":"way/663905177","geometry":{"type":"Point","coordinates":[33.5894984,34.9023937]},"properties":{"osm_type":"way","osm_id":663905177,"category":"historic","name":"Kamares (Bekir Pasha) Aqueduct","wikidata":null,"wikipedia":"en:Kamares Aqueduct","tags":{"historic":"aqueduct","name":"Kamares (Bekir Pasha) Aqueduct","ruins":"yes","start_date":"1750","wikipedia":"en:Kamares Aqueduct"}}},{"type":"Feature","id":"way/663905178","geometry":{"type":"Point","coordinates":[33.5901231,34.9030716]},"properties":{"osm_type":"way","osm_id":663905178,"category":"historic","name":"Kamares (Bekir Pasha) Aqueduct","wikidata":null,"wikipedia":null,"tags":{"historic":"aqueduct","name":"Kamares (Bekir Pasha) Aqueduct","ruins":"yes"}}},{"type":"Feature","id":"way/675936623","geometry":{"type":"Point","coordinates":[33.3575719,35.173175]},"properties":{"osm_type":"way","osm_id":675936623,"category":"theatre","name":"Κινηματοθέατρο Παλλάς","wikidata":null,"wikipedia":null,"tags":{"addr:city":"Nicosia","addr:housenumber":"24","addr:postcode":"1513","addr:street":"Rigenis","amenity":"theatre","building":"yes","name":"Κινηματοθέατρο Παλλάς","name:el":"Κινηματοθέατρο Παλλάς","name:en":"Pallas cinema-theatre"}}},{"type":"Feature","id":"way/675936624","geometry":{"type":"Point","coordinates":[33.3574332,35.1734111]},"properties":{"osm_type":"way","osm_id":675936624,"category":"arts_centre","name":"Casteliotissa Medieval Hall","wikidata":"Q79247546","wikipedia":null,"tags":{"amenity":"arts_centre","building":"yes","name":"Casteliotissa Medieval Hall","start_date":"1787","wikidata":"Q79247546"}}},{"type":"Feature","id":"way/676391771","geometry":{"type":"Point","coordinates":[33.3491913,35.1905115]},"properties":{"osm_type":"way","osm_id":676391771,"category":"museum","name":"Barbarlık Müzesi","wikidata":"Q6079508","wikipedia":"tr:Barbarlık Müzesi","tags":{"building":"house","name":"Barbarlık Müzesi","tourism":"museum","wikidata":"Q6079508","wikipedia":"tr:Barbarlık Müzesi"}}},{"type":"Feature","id":"way/687210307","geometry":{"type":"Point","coordinates":[33.3717789,35.2823103]},"properties":{"osm_type":"way","osm_id":687210307,"category":"artwork","name":"\"Ne mutlu Türküm diyene\". K. Atatürk","wikidata":null,"wikipedia":"en:Flag of Northern Cyprus","tags":{"image":"https://photos.app.goo.gl/iBr25qoRBv6HZKHh9","name":"\"Ne mutlu Türküm diyene\". K. Atatürk","tourism":"artwork","wikipedia":"en:Flag of Northern Cyprus"}}},{"type":"Feature","id":"way/690862700","geometry":{"type":"Point","coordinates":[33.9487447,35.1099501]},"properties":{"osm_type":"way","osm_id":690862700,"category":"museum","name":"Famagusta Archaeological Museum","wikidata":null,"wikipedia":null,"tags":{"building":"yes","name":"Famagusta Archaeological Museum","tourism":"museum"}}},{"type":"Feature","id":"way/696520263","geometry":{"type":"Point","coordinates":[32.939935,35.1767401]},"properties":{"osm_type":"way","osm_id":696520263,"category":"memorial","name":"Malya Şehitleri Anıtı","wikidata":null,"wikipedia":null,"tags":{"historic":"memorial","name":"Malya Şehitleri Anıtı"}}},{"type":"Feature","id":"way/701173119","geometry":{"type":"Point","coordinates":[32.8469204,35.1470027]},"properties":{"osm_type":"way","osm_id":701173119,"category":"memorial","name":"Cengiz Topel","wikidata":null,"wikipedia":null,"tags":{"historic":"memorial","name":"Cengiz Topel"}}},{"type":"Feature","id":"way/701824597","geometry":{"type":"Point","coordinates":[32.9903168,35.1981835]},"properties":{"osm_type":"way","osm_id":701824597,"category":"museum","name":"Güzelyurt Belediyesi Kültür Evi","wikidata":null,"wikipedia":null,"tags":{"building":"yes","name":"Güzelyurt Belediyesi Kültür Evi","tourism":"museum"}}},{"type":"Feature","id":"way/721881420","geometry":{"type":"Point","coordinates":[32.9902293,35.2005446]},"properties":{"osm_type":"way","osm_id":721881420,"category":"monument","name":"Şehitlik","wikidata":null,"wikipedia":null,"tags":{"historic":"monument","name":"Şehitlik"}}},{"type":"Feature","id":"way/722874806","geometry":{"type":"Point","coordinates":[33.2352059,35.3453893]},"properties":{"osm_type":"way","osm_id":722874806,"category":"memorial","name":"Ç1974 GEMİ MÜZESİ","wikidata":null,"wikipedia":null,"tags":{"historic":"memorial","memorial":"obelisk","name":"Ç1974 GEMİ MÜZESİ"}}},{"type":"Feature","id":"way/732111160","geometry":{"type":"Point","coordinates":[33.9445727,35.125228]},"properties":{"osm_type":"way","osm_id":732111160,"category":"historic","name":"Aziz Antuan Hastanesi","wikidata":null,"wikipedia":null,"tags":{"building":"yes","historic":"building","image":"https://photos.app.goo.gl/6QjTfhFAv55F1BFf7","name":"Aziz Antuan Hastanesi","name:en":"Hospital of St. Antoine","ruins":"yes"}}},{"type":"Feature","id":"way/732111161","geometry":{"type":"Point","coordinates":[33.944108,35.1227127]},"properties":{"osm_type":"way","osm_id":732111161,"category":"historic","name":"Aziz Zoni Kilisesi","wikidata":null,"wikipedia":null,"tags":{"building":"yes","historic":"building","name":"Aziz Zoni Kilisesi","name:en":"St. Zoni Church"}}},{"type":"Feature","id":"way/732111162","geometry":{"type":"Point","coordinates":[33.9444383,35.1231672]},"properties":{"osm_type":"way","osm_id":732111162,"category":"historic","name":"Aziz Nikolaos Kilisesi","wikidata":null,"wikipedia":null,"tags":{"building":"yes","historic":"building","name":"Aziz Nikolaos Kilisesi","name:en":"St. Nikolaos Church"}}},{"type":"Feature","id":"way/732111163","geometry":{"type":"Point","coordinates":[33.9409967,35.124874]},"properties":{"osm_type":"way","osm_id":732111163,"category":"historic","name":"Fransisken Kilisesi ve Manastırı","wikidata":null,"wikipedia":null,"tags":{"building":"church","historic":"building","image":"https://photos.app.goo.gl/tEVctdqTwFBeiC577","name":"Fransisken Kilisesi ve Manastırı","name:el":"Άγιος Φραγκίσκος","name:en":"Franciscan Church and Monastery","name:ru":"Церковь св. Франциска","name:tr":"Fransisken Kilisesi ve Manastırı","ruins":"yes"}}},{"type":"Feature","id":"way/732111164","geometry":{"type":"Point","coordinates":[33.9375328,35.1257163]},"properties":{"osm_type":"way","osm_id":732111164,"category":"church","name":"Azize Anna Kilisesi","wikidata":null,"wikipedia":null,"tags":{"historic":"church","name":"Azize Anna Kilisesi","name:el":"Αγία Άννα","name:en":"St. Anne Church","name:tr":"Azize Anna Kilisesi"}}},{"type":"Feature","id":"way/733117112","geometry":{"type":"Point","coordinates":[33.1257292,35.3409169]},"properties":{"osm_type":"way","osm_id":733117112,"category":"ruins","name":"Sina Monastery","wikidata":null,"wikipedia":null,"tags":{"amenity":"monastery","historic":"ruins","name":"Sina Monastery","religion":"christian"}}},{"type":"Feature","id":"way/733209911","geometry":{"type":"Point","coordinates":[33.9386801,35.12526]},"properties":{"osm_type":"way","osm_id":733209911,"category":"historic","name":"Ay İkserino Kilisesi - Nesturi Kilisesi","wikidata":"Q24718394","wikipedia":"en:Nestorian Church (Famagusta)","tags":{"building":"yes","historic":"building","name":"Ay İkserino Kilisesi - Nesturi Kilisesi","name:el":"Άγιος Γεώργιος ο Εξορινός","name:en":"Nestorian Church of St. George the Exiler","name:tr":"Ay İkserino Kilisesi - Nesturi Kilisesi","start_date":"1360","wikidata":"Q24718394","wikipedia":"en:Nestorian Church (Famagusta)"}}},{"type":"Feature","id":"way/733362349","geometry":{"type":"Point","coordinates":[33.1909328,35.3531793]},"properties":{"osm_type":"way","osm_id":733362349,"category":"ruins","name":"Acheiropoietos Monastery","wikidata":"Q4673592","wikipedia":null,"tags":{"historic":"ruins","name":"Acheiropoietos Monastery","wikidata":"Q4673592"}}},{"type":"Feature","id":"way/779189204","geometry":{"type":"Point","coordinates":[32.8111292,35.1400565]},"properties":{"osm_type":"way","osm_id":779189204,"category":"ruins","name":"Soli","wikidata":null,"wikipedia":"en:Soli, Cyprus","tags":{"historic":"ruins","name":"Soli","name:el":"Σόλοι","name:en":"Soli","name:tr":"Soli","wikipedia":"en:Soli, Cyprus"}}},{"type":"Feature","id":"way/779698837","geometry":{"type":"Point","coordinates":[34.3493361,35.5433514]},"properties":{"osm_type":"way","osm_id":779698837,"category":"ruins","name":"Sykadha","wikidata":null,"wikipedia":null,"tags":{"historic":"ruins","name":"Sykadha"}}},{"type":"Feature","id":"way/779698839","geometry":{"type":"Point","coordinates":[34.373041,35.6290616]},"properties":{"osm_type":"way","osm_id":779698839,"category":"ruins","name":"Karpasia","wikidata":"Q1734309","wikipedia":"en:Karpasia (town)","tags":{"historic":"ruins","name":"Karpasia","wikidata":"Q1734309","wikipedia":"en:Karpasia (town)"}}},{"type":"Feature","id":"way/779708664","geometry":{"type":"Point","coordinates":[34.2912183,35.4878393]},"properties":{"osm_type":"way","osm_id":779708664,"category":"ruins","name":"Nitovikla Castle","wikidata":null,"wikipedia":null,"tags":{"historic":"ruins","name":"Nitovikla Castle"}}},{"type":"Feature","id":"way/779708667","geometry":{"type":"Point","coordinates":[34.2592336,35.5633554]},"properties":{"osm_type":"way","osm_id":779708667,"category":"ruins","name":"Vikla Fortress","wikidata":null,"wikipedia":null,"tags":{"historic":"ruins","name":"Vikla Fortress"}}},{"type":"Feature","id":"way/779708675","geometry":{"type":"Point","coordinates":[34.2251043,35.5447496]},"properties":{"osm_type":"way","osm_id":779708675,"category":"ruins","name":"Agia Trias Basilica","wikidata":null,"wikipedia":null,"tags":{"historic":"ruins","name":"Agia Trias Basilica"}}},{"type":"Feature","id":"way/796447015","geometry":{"type":"Point","coordinates":[33.4997733,34.8040972]},"properties":{"osm_type":"way","osm_id":796447015,"category":"museum","name":"Μουσείο Κώστα Αργυρού","wikidata":null,"wikipedia":null,"tags":{"addr:city":"Mazotos","addr:housenumber":"7","addr:postcode":"7577","addr:street":"Costa Argyrou","building":"yes","email":"info@costasargyroumuseum.org","name":"Μουσείο Κώστα Αργυρού","name:el":"Μουσείο Κώστα Αργυρού","name:en":"The Costas Argyrou Museum","opening_hours":"Oct-May We-Su 09:00-16:30; Jun-Sep We-Su 10:00-17:00; Mo,Tu,PH Off","phone":"+357 24 433 335","tourism":"museum","website":"https://costasargyroumuseum.org/"}}},{"type":"Feature","id":"way/808434888","geometry":{"type":"Point","coordinates":[33.4037415,35.1440143]},"properties":{"osm_type":"way","osm_id":808434888,"category":"museum","name":"Visitors Centre of the Athalassa National Forest Park","wikidata":null,"wikipedia":null,"tags":{"addr:city":"Aglantzia","addr:housenumber":"1","addr:postcode":"2116","addr:street":"Keryneias Avenue","building":"yes","email":"nicosiadiv@fd.moa.gov.cy","name":"Visitors Centre of the Athalassa National Forest Park","opening_hours":"Mo-Fr 08:00-14:30","phone":"+35722462906","tourism":"museum","website":"https://www.moa.gov.cy/moa/fd/fd.nsf/fd58_en/fd58_en?OpenDocument"}}},{"type":"Feature","id":"way/808783874","geometry":{"type":"Point","coordinates":[33.3618223,35.1706151]},"properties":{"osm_type":"way","osm_id":808783874,"category":"museum","name":"Λεβέντειο Δημοτικό Μουσείο Λευκωσίας","wikidata":"Q6535231","wikipedia":null,"tags":{"addr:city":"Nicosia","addr:housenumber":"17","addr:street":"Ιπποκράτους","building":"yes","name":"Λεβέντειο Δημοτικό Μουσείο Λευκωσίας","name:el":"Λεβέντειο Δημοτικό Μουσείο Λευκωσίας","name:en":"The Leventis Municipal Museum of Nicosia","name:tr":"Leventis Belediye Müzesi","opening_hours":"Tu-Su 10:00-16:30; PH off","tourism":"museum","website":"https://leventismuseum.org.cy/","wikidata":"Q6535231"}}},{"type":"Feature","id":"way/808783875","geometry":{"type":"Point","coordinates":[33.3678003,35.173482]},"properties":{"osm_type":"way","osm_id":808783875,"category":"museum","name":"Μουσείο Λαϊκής Τέχνης","wikidata":null,"wikipedia":null,"tags":{"building":"yes","name":"Μουσείο Λαϊκής Τέχνης","name:el":"Μουσείο Λαϊκής Τέχνης","name:en":"Cyprus Folk Art Museum","name:tr":"Kıbrıs Halk Sanatları Müzesi","opening_hours":"Mo-Fr 09:30-16:00; Sa 09:30-13:00","phone":"+357 22 432578","tourism":"museum"}}},{"type":"Feature","id":"way/808783877","geometry":{"type":"Point","coordinates":[33.3679176,35.1737043]},"properties":{"osm_type":"way","osm_id":808783877,"category":"museum","name":"Μουσείο Αγώνος","wikidata":null,"wikipedia":null,"tags":{"addr:city":"Λευκωσία","addr:postcode":"1016","addr:street":"Αρχιεπισκόπου Κυπριανού Πλατεία","building":"yes","name":"Μουσείο Αγώνος","name:el":"Μουσείο Αγώνος","name:en":"National Struggle Museum","name:tr":"Milli Mücadele Müzesi","opening_hours":"Mo-Fr 08:00-14:30","phone":"+357 22 305878","tourism":"museum"}}},{"type":"Feature","id":"way/808783878","geometry":{"type":"Point","coordinates":[33.3775332,35.1818906]},"properties":{"osm_type":"way","osm_id":808783878,"category":"museum","name":"Zampelas Art Museum","wikidata":null,"wikipedia":null,"tags":{"building":"yes","name":"Zampelas Art Museum","operator":"Michael - Lucy Zampellas","tourism":"museum"}}},{"type":"Feature","id":"way/808783879","geometry":{"type":"Point","coordinates":[33.3667664,35.1718713]},"properties":{"osm_type":"way","osm_id":808783879,"category":"museum","name":"Αρχοντικό Χατζηγεωργάκη Κορνέσιου","wikidata":"Q5637923","wikipedia":"en:Hadjigeorgakis Kornesios Mansion","tags":{"addr:city":"Λευκωσία","addr:housenumber":"20","addr:postcode":"1016","addr:street":"Πατριάρχου Γρηγορίου Ε'","building":"house","name":"Αρχοντικό Χατζηγεωργάκη Κορνέσιου","name:el":"Αρχοντικό Χατζηγεωργάκη Κορνέσιου","name:en":"Hadjigeorgakis Kornesios Mansion","opening_hours":"Tu-Fr 08:30-15:30; We 08:30-17:00; Sa 09:30-15:30; Su-Mo off; PH off","tourism":"museum","website":"https://www.nicosia.org.cy/en-GB/discover/museums/hadjigeorgakis-kornesios/","wikidata":"Q5637923","wikipedia":"en:Hadjigeorgakis Kornesios Mansion"}}},{"type":"Feature","id":"way/824979277","geometry":{"type":"Point","coordinates":[32.4231383,34.7781831]},"properties":{"osm_type":"way","osm_id":824979277,"category":"theatre","name":"Markideion Theater","wikidata":null,"wikipedia":null,"tags":{"amenity":"theatre","building":"yes","name":"Markideion Theater","name:el":"Μαρκιδειο Δημοτικο Θεατρο","name:en":"Markideion Theater"}}},{"type":"Feature","id":"way/837412361","geometry":{"type":"Point","coordinates":[32.4061278,34.8131575]},"properties":{"osm_type":"way","osm_id":837412361,"category":"archaeological_site","name":"Reconstructed Prehistoric Village","wikidata":null,"wikipedia":null,"tags":{"historic":"archaeological_site","name":"Reconstructed Prehistoric Village","tourism":"attraction"}}},{"type":"Feature","id":"way/838168208","geometry":{"type":"Point","coordinates":[33.2109139,35.2886554]},"properties":{"osm_type":"way","osm_id":838168208,"category":"ruins","name":"Bileşşe","wikidata":null,"wikipedia":null,"tags":{"historic":"ruins","name":"Bileşşe","name:el":"Πλέχια","name:en":"Plasha","name:tr":"Bileşşe","ruins":"village"}}},{"type":"Feature","id":"way/845859544","geometry":{"type":"Point","coordinates":[33.2761407,35.2976423]},"properties":{"osm_type":"way","osm_id":845859544,"category":"ruins","name":"British Barracks","wikidata":null,"wikipedia":null,"tags":{"historic":"ruins","name":"British Barracks"}}},{"type":"Feature","id":"way/857485491","geometry":{"type":"Point","coordinates":[33.0305918,35.2455938]},"properties":{"osm_type":"way","osm_id":857485491,"category":"museum","name":"Bilim ve Teknoloji Merkezi UFO","wikidata":null,"wikipedia":null,"tags":{"building":"yes","name":"Bilim ve Teknoloji Merkezi UFO","name:en":"Science and Technology Center UFO","name:tr":"Bilim ve Teknoloji Merkezi UFO","tourism":"museum"}}},{"type":"Feature","id":"way/857485566","geometry":{"type":"Point","coordinates":[33.0247058,35.2492215]},"properties":{"osm_type":"way","osm_id":857485566,"category":"arts_centre","name":"Art Workshop","wikidata":null,"wikipedia":null,"tags":{"amenity":"arts_centre","building":"yes","name":"Art Workshop","wheelchair":"no"}}},{"type":"Feature","id":"way/881391514","geometry":{"type":"Point","coordinates":[33.9068556,35.0966399]},"properties":{"osm_type":"way","osm_id":881391514,"category":"ruins","name":"Strovilia","wikidata":null,"wikipedia":null,"tags":{"historic":"ruins","name":"Strovilia"}}},{"type":"Feature","id":"way/886758454","geometry":{"type":"Point","coordinates":[32.619978,35.1881162]},"properties":{"osm_type":"way","osm_id":886758454,"category":"artwork","name":"Turkish Flag","wikidata":null,"wikipedia":null,"tags":{"name":"Turkish Flag","tourism":"artwork"}}},{"type":"Feature","id":"way/886758455","geometry":{"type":"Point","coordinates":[32.6198089,35.1879925]},"properties":{"osm_type":"way","osm_id":886758455,"category":"artwork","name":"North Cyprus Flag","wikidata":null,"wikipedia":null,"tags":{"name":"North Cyprus Flag","tourism":"artwork"}}},{"type":"Feature","id":"way/888901123","geometry":{"type":"Point","coordinates":[33.0655442,34.8676516]},"properties":{"osm_type":"way","osm_id":888901123,"category":"historic","name":"oil pressery","wikidata":null,"wikipedia":null,"tags":{"building":"yes","historic":"building","name":"oil pressery"}}},{"type":"Feature","id":"way/893313747","geometry":{"type":"Point","coordinates":[33.0122528,35.3420923]},"properties":{"osm_type":"way","osm_id":893313747,"category":"museum","name":"Koruçam Kültür Merkezi Halk Müzesi","wikidata":null,"wikipedia":null,"tags":{"building":"school","name":"Koruçam Kültür Merkezi Halk Müzesi","name:cs":"Muzeum kulturního centra Kormakitis","tourism":"museum"}}},{"type":"Feature","id":"way/894281085","geometry":{"type":"Point","coordinates":[32.69117,35.183188]},"properties":{"osm_type":"way","osm_id":894281085,"category":"ruins","name":"Μεσαιωνικός Πύργος - Παρατηρητήριο","wikidata":null,"wikipedia":null,"tags":{"historic":"ruins","name":"Μεσαιωνικός Πύργος - Παρατηρητήριο","ruins":"tower"}}},{"type":"Feature","id":"way/903139442","geometry":{"type":"Point","coordinates":[33.3707331,35.1747176]},"properties":{"osm_type":"way","osm_id":903139442,"category":"museum","name":"Κρατική Πινακοθήκη Σύγχρονης Τέχνης - ΣΠΕΛ","wikidata":null,"wikipedia":null,"tags":{"addr:city":"Nicosia","addr:housenumber":"73","addr:postcode":"1016","addr:street":"Ammochostou","building":"yes","email":"info@moca.org.cy","image":"https://photos.app.goo.gl/d2RMWfGNqAicjdXH6","name":"Κρατική Πινακοθήκη Σύγχρονης Τέχνης - ΣΠΕΛ","name:el":"Κρατική Πινακοθήκη Σύγχρονης Τέχνης - ΣΠΕΛ","name:en":"State Gallery of Contemporary Art - SPEL","tourism":"museum","website":"https://www.moca.org.cy/"}}},{"type":"Feature","id":"way/906918541","geometry":{"type":"Point","coordinates":[34.358032,35.6049851]},"properties":{"osm_type":"way","osm_id":906918541,"category":"ruins","name":"Asprokolymbos","wikidata":null,"wikipedia":null,"tags":{"historic":"ruins","name":"Asprokolymbos"}}},{"type":"Feature","id":"way/906918546","geometry":{"type":"Point","coordinates":[34.5129495,35.6624128]},"properties":{"osm_type":"way","osm_id":906918546,"category":"ruins","name":"Korakas","wikidata":null,"wikipedia":null,"tags":{"historic":"ruins","name":"Korakas"}}},{"type":"Feature","id":"way/906918555","geometry":{"type":"Point","coordinates":[34.2823214,35.5646544]},"properties":{"osm_type":"way","osm_id":906918555,"category":"ruins","name":"Villoures","wikidata":null,"wikipedia":null,"tags":{"historic":"ruins","name":"Villoures"}}},{"type":"Feature","id":"way/906918563","geometry":{"type":"Point","coordinates":[34.308708,35.5233501]},"properties":{"osm_type":"way","osm_id":906918563,"category":"ruins","name":"Agia Anna","wikidata":null,"wikipedia":null,"tags":{"historic":"ruins","name":"Agia Anna"}}},{"type":"Feature","id":"way/906918577","geometry":{"type":"Point","coordinates":[34.0621763,35.4825099]},"properties":{"osm_type":"way","osm_id":906918577,"category":"ruins","name":"Agios Epiphanos","wikidata":null,"wikipedia":null,"tags":{"historic":"ruins","name":"Agios Epiphanos"}}},{"type":"Feature","id":"way/906918589","geometry":{"type":"Point","coordinates":[33.9794444,35.3240631]},"properties":{"osm_type":"way","osm_id":906918589,"category":"ruins","name":"Gastria Kalesi","wikidata":"Q42378071","wikipedia":"tr:Gastria Kalesi","tags":{"historic":"ruins","name":"Gastria Kalesi","name:el":"Κάστρο της Γαστριάς","name:en":"Gastria Castle","ruins":"fort","wikidata":"Q42378071","wikipedia":"tr:Gastria Kalesi"}}},{"type":"Feature","id":"way/906943515","geometry":{"type":"Point","coordinates":[33.5270664,35.2996682]},"properties":{"osm_type":"way","osm_id":906943515,"category":"ruins","name":"Attalo","wikidata":null,"wikipedia":null,"tags":{"historic":"ruins","name":"Attalo"}}},{"type":"Feature","id":"way/906943516","geometry":{"type":"Point","coordinates":[33.5364904,35.3007205]},"properties":{"osm_type":"way","osm_id":906943516,"category":"ruins","name":"Agios Georgios","wikidata":null,"wikipedia":null,"tags":{"historic":"ruins","name":"Agios Georgios"}}},{"type":"Feature","id":"way/906943517","geometry":{"type":"Point","coordinates":[33.4683986,35.322124]},"properties":{"osm_type":"way","osm_id":906943517,"category":"ruins","name":"Vorkaris","wikidata":null,"wikipedia":null,"tags":{"historic":"ruins","name":"Vorkaris"}}},{"type":"Feature","id":"way/906943518","geometry":{"type":"Point","coordinates":[33.3007866,35.3173063]},"properties":{"osm_type":"way","osm_id":906943518,"category":"ruins","name":"Phaneromeni Church","wikidata":null,"wikipedia":null,"tags":{"historic":"ruins","name":"Phaneromeni Church"}}},{"type":"Feature","id":"way/906943519","geometry":{"type":"Point","coordinates":[33.2402831,35.2851746]},"properties":{"osm_type":"way","osm_id":906943519,"category":"ruins","name":"Aqueduct","wikidata":null,"wikipedia":null,"tags":{"historic":"ruins","name":"Aqueduct"}}},{"type":"Feature","id":"way/906943521","geometry":{"type":"Point","coordinates":[33.5139406,35.086489]},"properties":{"osm_type":"way","osm_id":906943521,"category":"ruins","name":"Agios Epiphanos","wikidata":null,"wikipedia":null,"tags":{"historic":"ruins","name":"Agios Epiphanos"}}},{"type":"Feature","id":"way/906943544","geometry":{"type":"Point","coordinates":[33.7466845,35.137702]},"properties":{"osm_type":"way","osm_id":906943544,"category":"ruins","name":"Agios Georgios","wikidata":null,"wikipedia":null,"tags":{"historic":"ruins","name":"Agios Georgios"}}},{"type":"Feature","id":"way/906943545","geometry":{"type":"Point","coordinates":[33.7467751,35.1417543]},"properties":{"osm_type":"way","osm_id":906943545,"category":"ruins","name":"Sigur Kalesi","wikidata":"Q48791104","wikipedia":"tr:Sigur Kalesi","tags":{"historic":"ruins","name":"Sigur Kalesi","name:el":"Κάστρο της Σιγουρής","name:en":"Sigouri Castle","name:tr":"Sigur Kalesi","ruins":"castle","wikidata":"Q48791104","wikipedia":"tr:Sigur Kalesi"}}},{"type":"Feature","id":"way/906948901","geometry":{"type":"Point","coordinates":[33.8851509,35.2260426]},"properties":{"osm_type":"way","osm_id":906948901,"category":"ruins","name":"Paradisitossa","wikidata":null,"wikipedia":null,"tags":{"historic":"ruins","name":"Paradisitossa"}}},{"type":"Feature","id":"way/906948903","geometry":{"type":"Point","coordinates":[33.7737555,35.2539369]},"properties":{"osm_type":"way","osm_id":906948903,"category":"ruins","name":"Agios Elias","wikidata":null,"wikipedia":null,"tags":{"historic":"ruins","name":"Agios Elias"}}},{"type":"Feature","id":"way/908517856","geometry":{"type":"Point","coordinates":[32.9509718,35.3014678]},"properties":{"osm_type":"way","osm_id":908517856,"category":"archaeological_site","name":"Akdeniz Kral Mezarları","wikidata":null,"wikipedia":null,"tags":{"historic":"archaeological_site","name":"Akdeniz Kral Mezarları","name:en":"Akdeniz King Tombs"}}},{"type":"Feature","id":"way/908517859","geometry":{"type":"Point","coordinates":[33.0012988,35.2243057]},"properties":{"osm_type":"way","osm_id":908517859,"category":"archaeological_site","name":"Toumba tou Skourou","wikidata":"Q25381188","wikipedia":null,"tags":{"historic":"archaeological_site","name":"Toumba tou Skourou","wikidata":"Q25381188"}}},{"type":"Feature","id":"way/908517861","geometry":{"type":"Point","coordinates":[33.7125649,35.099924]},"properties":{"osm_type":"way","osm_id":908517861,"category":"ruins","name":"Lusignan Mansion","wikidata":null,"wikipedia":null,"tags":{"historic":"ruins","name":"Lusignan Mansion"}}},{"type":"Feature","id":"way/963617108","geometry":{"type":"Point","coordinates":[33.0475887,34.9457446]},"properties":{"osm_type":"way","osm_id":963617108,"category":"museum","name":"Μουσείο Λαϊκής Τέχνης","wikidata":null,"wikipedia":null,"tags":{"building":"yes","name":"Μουσείο Λαϊκής Τέχνης","name:el":"Μουσείο Λαϊκής Τέχνης","name:en":"Museum of Folk Art","name:tr":"Halk Sanatları Müzesi","tourism":"museum"}}},{"type":"Feature","id":"way/966813911","geometry":{"type":"Point","coordinates":[32.9176323,34.9267737]},"properties":{"osm_type":"way","osm_id":966813911,"category":"museum","name":"Troodos Geopark","wikidata":null,"wikipedia":null,"tags":{"building":"yes","name":"Troodos Geopark","tourism":"museum"}}},{"type":"Feature","id":"way/966958754","geometry":{"type":"Point","coordinates":[33.1001973,34.7195113]},"properties":{"osm_type":"way","osm_id":966958754,"category":"theatre","name":"Mouttagiaka Community Amphitheatre","wikidata":null,"wikipedia":null,"tags":{"amenity":"theatre","building":"yes","name":"Mouttagiaka Community Amphitheatre"}}},{"type":"Feature","id":"way/969552429","geometry":{"type":"Point","coordinates":[33.020392,34.9136325]},"properties":{"osm_type":"way","osm_id":969552429,"category":"museum","name":"Εκκλησιαστικο και Λαογραφικο Μουσειο","wikidata":null,"wikipedia":null,"tags":{"building":"yes","name":"Εκκλησιαστικο και Λαογραφικο Μουσειο","name:de":"Volkskundemuseum","tourism":"museum"}}},{"type":"Feature","id":"way/972035602","geometry":{"type":"Point","coordinates":[33.9496156,35.1152041]},"properties":{"osm_type":"way","osm_id":972035602,"category":"tomb","name":"Pertev Pasha Tomb","wikidata":null,"wikipedia":null,"tags":{"building":"yes","historic":"tomb","name":"Pertev Pasha Tomb","tomb":"yes"}}},{"type":"Feature","id":"way/977165452","geometry":{"type":"Point","coordinates":[33.965457,35.0663964]},"properties":{"osm_type":"way","osm_id":977165452,"category":"theatre","name":"Αμφιθέατρο Δερύνειας","wikidata":null,"wikipedia":null,"tags":{"amenity":"theatre","building":"yes","name":"Αμφιθέατρο Δερύνειας"}}},{"type":"Feature","id":"way/977529302","geometry":{"type":"Point","coordinates":[33.3660661,35.1735499]},"properties":{"osm_type":"way","osm_id":977529302,"category":"archaeological_site","name":"Archaeological Park of the old Nicosia town hall","wikidata":null,"wikipedia":null,"tags":{"historic":"archaeological_site","name":"Archaeological Park of the old Nicosia town hall","name:en":"Archaeological Park of the old Nicosia town hall","tourism":"attraction"}}},{"type":"Feature","id":"way/977529306","geometry":{"type":"Point","coordinates":[33.367273,35.1733491]},"properties":{"osm_type":"way","osm_id":977529306,"category":"museum","name":"Βυζαντινό Μουσείο","wikidata":null,"wikipedia":null,"tags":{"addr:city":"Λευκωσία","addr:postcode":"1016","addr:street":"Αρχιεπισκόπου Κυπριανού Πλατεία","building":"yes","name":"Βυζαντινό Μουσείο","name:el":"Βυζαντινό Μουσείο","name:en":"Byzantine Museum","name:tr":"Bizans Müzesi","opening_hours":"Mo-Fr 09:00-16:00","tourism":"museum"}}},{"type":"Feature","id":"way/977529307","geometry":{"type":"Point","coordinates":[33.3667241,35.1739292]},"properties":{"osm_type":"way","osm_id":977529307,"category":"museum","name":"Δημοτικό Κέντρο Τεχνών Λευκωσίας","wikidata":"Q68682443","wikipedia":null,"tags":{"addr:city":"Δήμος Λευκωσίας","addr:housenumber":"19","addr:postcode":"1016","addr:street":"Παλιάς Ηλεκτρικής","amenity":"arts_centre","building":"yes","name":"Δημοτικό Κέντρο Τεχνών Λευκωσίας","name:el":"Δημοτικό Κέντρο Τεχνών Λευκωσίας","name:en":"Nicosia Municipal Arts Centre","opening_hours":"We-Sa 10:00-20:00; Su 10:00-18:00; Mo-Tu Off","tourism":"museum","website":"https://www.nimac.org.cy/","wikidata":"Q68682443"}}},{"type":"Feature","id":"way/984250654","geometry":{"type":"Point","coordinates":[32.9015395,35.0416671]},"properties":{"osm_type":"way","osm_id":984250654,"category":"museum","name":"Cyprus Railways Museum","wikidata":null,"wikipedia":null,"tags":{"addr:city":"Ευρύχου","building":"yes","name":"Cyprus Railways Museum","opening_hours":"Mo-Th 08:30-16:00; Fr 08:00-16:00; Sa-Su off","phone":"+357 22 933 010","tourism":"museum","website":"https://www.visitcyprus.com/disabled-access-2/cyprus-railway-museum/"}}},{"type":"Feature","id":"way/986026546","geometry":{"type":"Point","coordinates":[32.4355148,34.7362136]},"properties":{"osm_type":"way","osm_id":986026546,"category":"archaeological_site","name":"Pachyammos sanctuary","wikidata":"Q112771862","wikipedia":null,"tags":{"historic":"archaeological_site","name":"Pachyammos sanctuary","wikidata":"Q112771862"}}},{"type":"Feature","id":"way/991911357","geometry":{"type":"Point","coordinates":[32.9663311,34.8930201]},"properties":{"osm_type":"way","osm_id":991911357,"category":"heritage","name":"Τιμίου Σταυρού","wikidata":"Q31025023","wikipedia":null,"tags":{"addr:city":"Pelendri","amenity":"place_of_worship","building":"church","denomination":"greek_orthodox","heritage":"1","name":"Τιμίου Σταυρού","name:el":"Τιμίου Σταυρού","name:en":"Timios Stavros","opening_hours":"May-Oct Mo-Fr 10:00-13:00,15:00-17:00; May-Oct Sa 09:00-13:00; May-Oct Su off; Nov-Apr Mo-Fr 09:00-12:00,13:00-16:30; Nov-Apr Sa 09:00-13:00; Nov-Apr Su off","phone":"+357 99 909 393;+357 99 662 286","religion":"christian","tourism":"attraction","website":"https://www.visitcyprus.com/discover-cyprus/culture/sites-and-monuments/timios-stavros-church-in-pelendri-village/","wikidata":"Q31025023"}}},{"type":"Feature","id":"way/998132940","geometry":{"type":"Point","coordinates":[33.0927233,34.9225323]},"properties":{"osm_type":"way","osm_id":998132940,"category":"museum","name":"Byzantine Heritage Museum of Palaiochori","wikidata":null,"wikipedia":null,"tags":{"building":"yes","name":"Byzantine Heritage Museum of Palaiochori","opening_hours":"Di-Fr 10:00 - 13:00","tourism":"museum"}}},{"type":"Feature","id":"way/1003641939","geometry":{"type":"Point","coordinates":[32.403614,34.7569154]},"properties":{"osm_type":"way","osm_id":1003641939,"category":"artwork","name":"Orpheus and the beasts","wikidata":null,"wikipedia":null,"tags":{"artwork_type":"mosaic","name":"Orpheus and the beasts","name:el":"Ο Ορφέας και τα θηρία","name:en":"Orpheus and the beasts","tourism":"artwork"}}},{"type":"Feature","id":"way/1003641941","geometry":{"type":"Point","coordinates":[32.403637,34.7569893]},"properties":{"osm_type":"way","osm_id":1003641941,"category":"artwork","name":"Hercules and Amazon mosaic","wikidata":null,"wikipedia":null,"tags":{"artwork_type":"mosaic","name":"Hercules and Amazon mosaic","tourism":"artwork"}}},{"type":"Feature","id":"way/1016837714","geometry":{"type":"Point","coordinates":[33.5118031,35.0285022]},"properties":{"osm_type":"way","osm_id":1016837714,"category":"archaeological_site","name":"Malloura Archaeological Site","wikidata":null,"wikipedia":null,"tags":{"historic":"archaeological_site","name":"Malloura Archaeological Site"}}},{"type":"Feature","id":"way/1019423926","geometry":{"type":"Point","coordinates":[33.8454251,35.0387293]},"properties":{"osm_type":"way","osm_id":1019423926,"category":"monument","name":"Τάφοι Ηρώων ΕΟΚΑ 1955 - 1959","wikidata":null,"wikipedia":null,"tags":{"historic":"monument","name":"Τάφοι Ηρώων ΕΟΚΑ 1955 - 1959"}}},{"type":"Feature","id":"way/1020897849","geometry":{"type":"Point","coordinates":[33.5449949,34.7731808]},"properties":{"osm_type":"way","osm_id":1020897849,"category":"historic","name":"Ναυάγιο Μαζωτού","wikidata":null,"wikipedia":null,"tags":{"historic":"wreck","name":"Ναυάγιο Μαζωτού"}}},{"type":"Feature","id":"way/1024998781","geometry":{"type":"Point","coordinates":[33.3698651,35.1721268]},"properties":{"osm_type":"way","osm_id":1024998781,"category":"historic","name":"Παλιό υδραγωγείο","wikidata":"Q7084617","wikipedia":"en:Nicosia aqueduct","tags":{"historic":"aqueduct","name":"Παλιό υδραγωγείο","name:en":"Old Nicosia Aqueduct","name:es":"Antiguo acueducto","wikidata":"Q7084617","wikipedia":"en:Nicosia aqueduct"}}},{"type":"Feature","id":"way/1028095752","geometry":{"type":"Point","coordinates":[33.8496376,35.0314725]},"properties":{"osm_type":"way","osm_id":1028095752,"category":"monument","name":"Μνημείο Ηρωών Απελευθερωτικού Αγώνα ΕΟΚΑ 1955 - 1959","wikidata":null,"wikipedia":null,"tags":{"historic":"monument","name":"Μνημείο Ηρωών Απελευθερωτικού Αγώνα ΕΟΚΑ 1955 - 1959"}}},{"type":"Feature","id":"way/1028095764","geometry":{"type":"Point","coordinates":[33.8498984,35.0316336]},"properties":{"osm_type":"way","osm_id":1028095764,"category":"monument","name":"Εσωτερικό Μνημείο","wikidata":null,"wikipedia":null,"tags":{"historic":"monument","name":"Εσωτερικό Μνημείο"}}},{"type":"Feature","id":"way/1028479312","geometry":{"type":"Point","coordinates":[33.8388985,35.0372413]},"properties":{"osm_type":"way","osm_id":1028479312,"category":"monument","name":"Μνημείο Απελευθέρωσης & Πεσόντων","wikidata":null,"wikipedia":null,"tags":{"historic":"monument","name":"Μνημείο Απελευθέρωσης & Πεσόντων"}}},{"type":"Feature","id":"way/1028479316","geometry":{"type":"Point","coordinates":[33.8398799,35.0397814]},"properties":{"osm_type":"way","osm_id":1028479316,"category":"museum","name":"Εθνογραφικό Μουσείο Αυγόρου","wikidata":null,"wikipedia":null,"tags":{"name":"Εθνογραφικό Μουσείο Αυγόρου","tourism":"museum"}}},{"type":"Feature","id":"way/1032869422","geometry":{"type":"Point","coordinates":[33.0408318,34.6887114]},"properties":{"osm_type":"way","osm_id":1032869422,"category":"theatre","name":"Laniteio Theatre","wikidata":null,"wikipedia":null,"tags":{"amenity":"theatre","building":"yes","name":"Laniteio Theatre","operator":"Laniteio"}}},{"type":"Feature","id":"way/1034448049","geometry":{"type":"Point","coordinates":[32.4908128,34.8789528]},"properties":{"osm_type":"way","osm_id":1034448049,"category":"museum","name":"Στρατόπεδο συγκέντρωσης Πολεμίου","wikidata":null,"wikipedia":null,"tags":{"name":"Στρατόπεδο συγκέντρωσης Πολεμίου","name:en":"Polemi Concentration Camp","tourism":"museum"}}},{"type":"Feature","id":"way/1036036230","geometry":{"type":"Point","coordinates":[32.4228983,34.9568695]},"properties":{"osm_type":"way","osm_id":1036036230,"category":"historic","name":"Casino","wikidata":null,"wikipedia":null,"tags":{"building":"yes","historic":"building","name":"Casino","start_date":"1878"}}},{"type":"Feature","id":"way/1047395016","geometry":{"type":"Point","coordinates":[33.3711187,35.1263103]},"properties":{"osm_type":"way","osm_id":1047395016,"category":"theatre","name":"Θέατρο Αποθήκες ΘΟΚ","wikidata":null,"wikipedia":null,"tags":{"addr:city":"Strovolos","addr:housenumber":"29","addr:postcode":"2030","addr:street":"Kambou","amenity":"theatre","building":"yes","name":"Θέατρο Αποθήκες ΘΟΚ","operator":"Cyprus Thetaer Organisation","phone":"+357 22 864370","website":"https://www.thoc.org.cy/"}}},{"type":"Feature","id":"way/1047395017","geometry":{"type":"Point","coordinates":[33.3780561,35.1188602]},"properties":{"osm_type":"way","osm_id":1047395017,"category":"theatre","name":"Θέατρο Μασκαρίνι","wikidata":null,"wikipedia":null,"tags":{"addr:city":"Latsia","addr:housenumber":"4","addr:street":"Athalassis","amenity":"theatre","building":"yes","name":"Θέατρο Μασκαρίνι","phone":"+357 22 270420","website":"https://maskarini.info/"}}},{"type":"Feature","id":"way/1047395018","geometry":{"type":"Point","coordinates":[33.3802162,35.1189136]},"properties":{"osm_type":"way","osm_id":1047395018,"category":"theatre","name":"Θέατρο Ανεμώνα","wikidata":null,"wikipedia":null,"tags":{"addr:city":"Latsia","addr:housenumber":"17","addr:postcode":"2221","addr:street":"Kantaras","amenity":"theatre","building":"yes","name":"Θέατρο Ανεμώνα","phone":"+357 7000 7721"}}},{"type":"Feature","id":"way/1047616458","geometry":{"type":"Point","coordinates":[32.449038,34.9522792]},"properties":{"osm_type":"way","osm_id":1047616458,"category":"museum","name":"Sto Mouseio","wikidata":null,"wikipedia":null,"tags":{"building":"yes","name":"Sto Mouseio","tourism":"museum"}}},{"type":"Feature","id":"way/1064008503","geometry":{"type":"Point","coordinates":[33.9164565,35.0296823]},"properties":{"osm_type":"way","osm_id":1064008503,"category":"memorial","name":"Άγαλμα Φώτη Πίττα","wikidata":null,"wikipedia":null,"tags":{"historic":"memorial","memorial":"statue","name":"Άγαλμα Φώτη Πίττα"}}},{"type":"Feature","id":"way/1065904039","geometry":{"type":"Point","coordinates":[33.5481257,35.0731112]},"properties":{"osm_type":"way","osm_id":1065904039,"category":"archaeological_site","name":"Bamboulari tis Koukouninas (Golgoi)","wikidata":null,"wikipedia":null,"tags":{"historic":"archaeological_site","name":"Bamboulari tis Koukouninas (Golgoi)"}}},{"type":"Feature","id":"way/1067079826","geometry":{"type":"Point","coordinates":[33.9457282,34.9851246]},"properties":{"osm_type":"way","osm_id":1067079826,"category":"monument","name":"Atelier","wikidata":null,"wikipedia":null,"tags":{"historic":"monument","name":"Atelier"}}},{"type":"Feature","id":"way/1071947315","geometry":{"type":"Point","coordinates":[33.8402865,35.0381966]},"properties":{"osm_type":"way","osm_id":1071947315,"category":"monument","name":"Monument Κρίκων","wikidata":null,"wikipedia":null,"tags":{"historic":"monument","name":"Monument Κρίκων"}}},{"type":"Feature","id":"way/1073582162","geometry":{"type":"Point","coordinates":[32.407199,34.7983645]},"properties":{"osm_type":"way","osm_id":1073582162,"category":"theatre","name":"Chloraka Amphitheater","wikidata":null,"wikipedia":null,"tags":{"amenity":"theatre","building":"yes","name":"Chloraka Amphitheater","tourism":"attraction"}}},{"type":"Feature","id":"way/1086932111","geometry":{"type":"Point","coordinates":[33.3567256,35.1737307]},"properties":{"osm_type":"way","osm_id":1086932111,"category":"city_gate","name":"Πύλη Πάφου","wikidata":"Q6024651","wikipedia":null,"tags":{"building":"yes","historic":"city_gate","name":"Πύλη Πάφου","name:el":"Πύλη Πάφου","name:en":"Paphos Gate","name:es":"Puerta de Pafos","name:tr":"Baf Kapısı","wikidata":"Q6024651"}}},{"type":"Feature","id":"way/1088473564","geometry":{"type":"Point","coordinates":[33.3686606,35.1740863]},"properties":{"osm_type":"way","osm_id":1088473564,"category":"museum","name":"Μουσεία Παγκυπρίου Γυμνασίου","wikidata":null,"wikipedia":null,"tags":{"building":"yes","email":"pgmuseum@cytanet.com.cy","name":"Μουσεία Παγκυπρίου Γυμνασίου","name:el":"Μουσεία Παγκυπρίου Γυμνασίου","name:en":"Museums of the Pancyprian Gymnasium","name:ru":"Музеи Панкипрской гимназии","opening_hours":"Mo-Fr 09:00-15:30; We 09:00-17:00; Sa 09:00-13:00","phone":"+357 22 466 014","tourism":"museum","website":"https://lyk-pagkyprion-lef.schools.ac.cy/index.php/el/mouseia"}}},{"type":"Feature","id":"way/1088845116","geometry":{"type":"Point","coordinates":[33.3693194,35.1751651]},"properties":{"osm_type":"way","osm_id":1088845116,"category":"arts_centre","name":"Art Gallery","wikidata":null,"wikipedia":null,"tags":{"amenity":"arts_centre","building":"yes","image":"https://photos.app.goo.gl/8nSDqFbXZZAs6Xzn7","name":"Art Gallery"}}},{"type":"Feature","id":"way/1091043551","geometry":{"type":"Point","coordinates":[33.370285,35.1748312]},"properties":{"osm_type":"way","osm_id":1091043551,"category":"museum","name":"Δημοτικό Μουσείο Χαρακτικής","wikidata":null,"wikipedia":null,"tags":{"addr:city":"Λευκωσία","addr:postcode":"1016","addr:street":"Αμμοχώστου Λεωφόρος","building":"yes","name":"Δημοτικό Μουσείο Χαρακτικής","name:el":"Δημοτικό Μουσείο Χαρακτικής","name:en":"Municipal Museum of Engraving","tourism":"museum"}}},{"type":"Feature","id":"way/1091059677","geometry":{"type":"Point","coordinates":[33.3685071,35.1756711]},"properties":{"osm_type":"way","osm_id":1091059677,"category":"museum","name":"Κέντρο Εικαστικών Τεχνών και Έρευνας","wikidata":null,"wikipedia":null,"tags":{"addr:city":"Λευκωσία","addr:housenumber":"285","addr:postcode":"1017","addr:street":"Ερμού","building":"yes","image":"https://photos.app.goo.gl/zaBN9tjeAuDtx5i38","name":"Κέντρο Εικαστικών Τεχνών και Έρευνας","name:el":"Κέντρο Εικαστικών Τεχνών και Έρευνας","name:en":"Centre of Visual Arts and Research","name:tr":"Görsel Sanatlar ve Araştırma Merkezi","operator":"Nicosia Town Hall","tourism":"museum","website":"https://www.nicosia.org.cy/en-GB/discover/museums/centre-of-visual-arts-and-research/"}}},{"type":"Feature","id":"way/1094472480","geometry":{"type":"Point","coordinates":[33.3556181,35.1655158]},"properties":{"osm_type":"way","osm_id":1094472480,"category":"archaeological_site","name":"Τοπικό Αρχαιολογικό Μουσείο των Λεδρών","wikidata":null,"wikipedia":null,"tags":{"addr:city":"Lefkosia","addr:postcode":"1066","addr:street":"Ανδρέα Δημητρίου","alt_name":"Ledron Archaeological Local Museum","email":"info@visitnicosia.com.cy;antiquitiesdept@da.mcw.gov.cy","historic":"archaeological_site","name":"Τοπικό Αρχαιολογικό Μουσείο των Λεδρών","name:el":"Τοπικό Αρχαιολογικό Μουσείο των Λεδρών","name:en":"Local Archaeological Museum Ledroi","opening_hours":"Mo-Fr 08:30-16:00, Sa-Su off","phone":"+357 22 889 600","tourism":"attraction","website":"https://www.ledroimuseum.com/"}}},{"type":"Feature","id":"way/1095185091","geometry":{"type":"Point","coordinates":[33.3431963,35.1439631]},"properties":{"osm_type":"way","osm_id":1095185091,"category":"theatre","name":"Δημοτικό Θέατρο Στροβολου","wikidata":null,"wikipedia":null,"tags":{"amenity":"theatre","building":"civic","name":"Δημοτικό Θέατρο Στροβολου","name:el":"Δημοτικό Θέατρο Στροβολου","name:en":"Strovolos Municipal Theatre"}}},{"type":"Feature","id":"way/1099011957","geometry":{"type":"Point","coordinates":[33.3742917,35.1447515]},"properties":{"osm_type":"way","osm_id":1099011957,"category":"museum","name":"Μουσείο Αστυνομίας Κύπρου","wikidata":"Q2684047","wikipedia":null,"tags":{"addr:city":"Αγλαντζιά","building":"yes","name":"Μουσείο Αστυνομίας Κύπρου","name:el":"Μουσείο Αστυνομίας Κύπρου","name:en":"Cyprus Police Museum","opening_hours":"Mo-Fr 09:00-13:00; Sa,Su,PH Off","phone":"+357 22 808 793","tourism":"museum","website":"https://www.police.gov.cy","wikidata":"Q2684047"}}},{"type":"Feature","id":"way/1099695474","geometry":{"type":"Point","coordinates":[33.9412639,35.125401]},"properties":{"osm_type":"way","osm_id":1099695474,"category":"historic","name":"Mağusa Surları","wikidata":"Q23641867","wikipedia":"en:Fortifications of Famagusta","tags":{"historic":"citywalls","material":"stone","name":"Mağusa Surları","name:el":"Εντός των Τειχών Πόλη της Αμμοχώστου","name:en":"Famagusta within the walls","wikidata":"Q23641867","wikipedia":"en:Fortifications of Famagusta"}}},{"type":"Feature","id":"way/1101925644","geometry":{"type":"Point","coordinates":[33.3439822,34.7971229]},"properties":{"osm_type":"way","osm_id":1101925644,"category":"archaeological_site","name":"Choirokoitia Neolithic Settlement","wikidata":"Q385086","wikipedia":"en:Khirokitia","tags":{"heritage":"1","historic":"archaeological_site","name:el":"Αρχαιολογικός Χώρος ΧώροΧοιροκοιτία","name:en":"Choirokoitia Neolithic Settlement","name:lt":"Choirokoitia Neolithic Settlement","name:ru":"Археопарк Хирокития","tourism":"attraction","website":"https://www.culture.gov.cy/dmculture/DA/DA.nsf/All/C8EA2288088D1EB042257A7800241510?OpenDocument","wikidata":"Q385086","wikipedia":"en:Khirokitia"}}},{"type":"Feature","id":"way/1101925655","geometry":{"type":"Point","coordinates":[33.3436158,34.7968378]},"properties":{"osm_type":"way","osm_id":1101925655,"category":"archaeological_site","name":"Choirokoitia Remains","wikidata":null,"wikipedia":null,"tags":{"historic":"archaeological_site","name":"Choirokoitia Remains"}}},{"type":"Feature","id":"way/1101925698","geometry":{"type":"Point","coordinates":[33.3450481,34.7968869]},"properties":{"osm_type":"way","osm_id":1101925698,"category":"museum","name":"Reconstructed houses","wikidata":null,"wikipedia":null,"tags":{"name":"Reconstructed houses","tourism":"museum"}}},{"type":"Feature","id":"way/1102027951","geometry":{"type":"Point","coordinates":[32.4049888,34.756705]},"properties":{"osm_type":"way","osm_id":1102027951,"category":"artwork","name":"Mosaic","wikidata":null,"wikipedia":null,"tags":{"artwork_type":"mosaic","name":"Mosaic","tourism":"artwork"}}},{"type":"Feature","id":"way/1105629550","geometry":{"type":"Point","coordinates":[33.893096,35.0084392]},"properties":{"osm_type":"way","osm_id":1105629550,"category":"museum","name":"Αχυρώνας Λιοπετρίου","wikidata":null,"wikipedia":null,"tags":{"building":"yes","name":"Αχυρώνας Λιοπετρίου","tourism":"museum"}}},{"type":"Feature","id":"way/1106877571","geometry":{"type":"Point","coordinates":[32.8657536,34.8772434]},"properties":{"osm_type":"way","osm_id":1106877571,"category":"historic","name":"Milia Medieval Bridge","wikidata":null,"wikipedia":null,"tags":{"historic":"bridge","name":"Milia Medieval Bridge","name:en":"Milia Medieval Bridge","tourism":"attraction"}}},{"type":"Feature","id":"way/1106949957","geometry":{"type":"Point","coordinates":[33.6199194,34.9375457]},"properties":{"osm_type":"way","osm_id":1106949957,"category":"museum","name":"Μνημείο Αντώνη Παπαδόπουλου","wikidata":null,"wikipedia":null,"tags":{"building":"yes","name":"Μνημείο Αντώνη Παπαδόπουλου","tourism":"museum"}}},{"type":"Feature","id":"way/1108580405","geometry":{"type":"Point","coordinates":[33.6579848,34.98042]},"properties":{"osm_type":"way","osm_id":1108580405,"category":"arts_centre","name":"L'animadell'arte","wikidata":null,"wikipedia":null,"tags":{"addr:street":"Mesaorias","amenity":"arts_centre","building":"yes","name":"L'animadell'arte"}}},{"type":"Feature","id":"way/1124712234","geometry":{"type":"Point","coordinates":[32.4246461,35.0373082]},"properties":{"osm_type":"way","osm_id":1124712234,"category":"archaeological_site","name":"Ancient Sanctuary at Marion","wikidata":null,"wikipedia":null,"tags":{"historic":"archaeological_site","name":"Ancient Sanctuary at Marion"}}},{"type":"Feature","id":"way/1133517223","geometry":{"type":"Point","coordinates":[32.7732073,35.1592456]},"properties":{"osm_type":"way","osm_id":1133517223,"category":"archaeological_site","name":"Vouni Palace","wikidata":"Q22988546","wikipedia":null,"tags":{"historic":"archaeological_site","name":"Vouni Palace","wikidata":"Q22988546"}}},{"type":"Feature","id":"way/1136003620","geometry":{"type":"Point","coordinates":[33.3531668,35.1714942]},"properties":{"osm_type":"way","osm_id":1136003620,"category":"museum","name":"Νέο Κυπριακό Μουσείο","wikidata":null,"wikipedia":null,"tags":{"building":"construction","name":"Νέο Κυπριακό Μουσείο","name:el":"Νέο Κυπριακό Μουσείο","name:en":"New Cyprus Museum","name:tr":"Yeni Kıbrıs Müzesi","tourism":"museum"}}},{"type":"Feature","id":"way/1147378230","geometry":{"type":"Point","coordinates":[32.3211243,34.9021996]},"properties":{"osm_type":"way","osm_id":1147378230,"category":"archaeological_site","name":"Agios Georgios Ancient Basilikas","wikidata":null,"wikipedia":null,"tags":{"building":"yes","historic":"archaeological_site","name":"Agios Georgios Ancient Basilikas","tourism":"attraction"}}},{"type":"Feature","id":"way/1149443626","geometry":{"type":"Point","coordinates":[33.0492934,34.6787815]},"properties":{"osm_type":"way","osm_id":1149443626,"category":"museum","name":"Municipal Museum of Folk Art","wikidata":null,"wikipedia":null,"tags":{"addr:city":"Limassol","addr:housenumber":"253","addr:street":"Agiou Andreou","building":"yes","name":"Municipal Museum of Folk Art","tourism":"museum"}}},{"type":"Feature","id":"way/1153468020","geometry":{"type":"Point","coordinates":[33.3153344,35.1677743]},"properties":{"osm_type":"way","osm_id":1153468020,"category":"theatre","name":"Αμφιθέατρο Αγίου Δομετίου","wikidata":null,"wikipedia":null,"tags":{"amenity":"theatre","name":"Αμφιθέατρο Αγίου Δομετίου"}}},{"type":"Feature","id":"way/1157137375","geometry":{"type":"Point","coordinates":[32.841807,35.1067859]},"properties":{"osm_type":"way","osm_id":1157137375,"category":"monument","name":"Maden İşçileri Anıtı","wikidata":null,"wikipedia":null,"tags":{"historic":"monument","name":"Maden İşçileri Anıtı"}}},{"type":"Feature","id":"way/1158569046","geometry":{"type":"Point","coordinates":[33.5127078,35.0252981]},"properties":{"osm_type":"way","osm_id":1158569046,"category":"archaeological_site","name":"Malloura","wikidata":null,"wikipedia":null,"tags":{"historic":"archaeological_site","name":"Malloura"}}},{"type":"Feature","id":"way/1173111503","geometry":{"type":"Point","coordinates":[33.1787151,34.744081]},"properties":{"osm_type":"way","osm_id":1173111503,"category":"archaeological_site","name":"Pyrgos-Mavrorarki Bronze Age archaeological site","wikidata":null,"wikipedia":null,"tags":{"historic":"archaeological_site","name":"Pyrgos-Mavrorarki Bronze Age archaeological site"}}},{"type":"Feature","id":"way/1181368494","geometry":{"type":"Point","coordinates":[32.4303264,34.771814]},"properties":{"osm_type":"way","osm_id":1181368494,"category":"museum","name":"Paphos Archaeological Museum","wikidata":"Q3329448","wikipedia":null,"tags":{"addr:city":"Pafos","addr:housenumber":"53","addr:postcode":"8100","addr:street":"Griva Digeni Avenue","name":"Paphos Archaeological Museum","name:el":"Αρχαιολογικό Μουσείο Πάφου","name:en":"Paphos Archaeological Museum","opening_hours":"Tu-Su 9:00-16:30; Mo,PH off","phone":"+357 26955801","tourism":"museum","website":"https://www.mcw.gov.cy/mcw/da/da.nsf/All/306F2D157B5C878FC225719900205580?OpenDocument","wheelchair":"yes","wikidata":"Q3329448"}}},{"type":"Feature","id":"way/1185539766","geometry":{"type":"Point","coordinates":[32.4233171,34.7808932]},"properties":{"osm_type":"way","osm_id":1185539766,"category":"arts_centre","name":"Home of Arts & Literature","wikidata":null,"wikipedia":null,"tags":{"amenity":"arts_centre","building":"yes","name":"Home of Arts & Literature","name:el":"Στέγη Γραμμάτων και Τεχνών","name:en":"Home of Arts & Literature"}}},{"type":"Feature","id":"way/1189826758","geometry":{"type":"Point","coordinates":[32.4517238,34.7605609]},"properties":{"osm_type":"way","osm_id":1189826758,"category":"museum","name":"Pafos Byzantine Museum","wikidata":null,"wikipedia":null,"tags":{"name":"Pafos Byzantine Museum","opening_hours":"Mo-Fr 08:00-16:00","operator":"Bishopric Pafos","tourism":"museum"}}},{"type":"Feature","id":"way/1216196112","geometry":{"type":"Point","coordinates":[32.9156284,34.6859932]},"properties":{"osm_type":"way","osm_id":1216196112,"category":"archaeological_site","name":"Stone Age House","wikidata":null,"wikipedia":null,"tags":{"historic":"archaeological_site","name":"Stone Age House"}}},{"type":"Feature","id":"way/1221043960","geometry":{"type":"Point","coordinates":[32.4654987,34.9405182]},"properties":{"osm_type":"way","osm_id":1221043960,"category":"ruins","name":"Watermill Ruin","wikidata":null,"wikipedia":null,"tags":{"historic":"ruins","name":"Watermill Ruin"}}},{"type":"Feature","id":"way/1221062100","geometry":{"type":"Point","coordinates":[32.6773411,34.8867907]},"properties":{"osm_type":"way","osm_id":1221062100,"category":"ruins","name":"Water Mill","wikidata":null,"wikipedia":null,"tags":{"historic":"ruins","name":"Water Mill"}}},{"type":"Feature","id":"way/1223342405","geometry":{"type":"Point","coordinates":[32.6893822,34.7907483]},"properties":{"osm_type":"way","osm_id":1223342405,"category":"monument","name":"Old bridge","wikidata":null,"wikipedia":null,"tags":{"historic":"monument","name":"Old bridge"}}},{"type":"Feature","id":"way/1223471746","geometry":{"type":"Point","coordinates":[32.5462957,34.8363913]},"properties":{"osm_type":"way","osm_id":1223471746,"category":"ruins","name":"Μοναστήρι της Κάτω Παναγίας","wikidata":null,"wikipedia":null,"tags":{"building":"ruins","historic":"ruins","name":"Μοναστήρι της Κάτω Παναγίας","name:el":"Μοναστήρι της Κάτω Παναγίας","name:en":"Kato Pangias Monastery","name:tr":"Aşağı Panaya Manastırı","ruins":"church"}}},{"type":"Feature","id":"way/1223892955","geometry":{"type":"Point","coordinates":[32.9234853,34.712142]},"properties":{"osm_type":"way","osm_id":1223892955,"category":"archaeological_site","name":"Erimi Laonin tou Porakou","wikidata":null,"wikipedia":null,"tags":{"historic":"archaeological_site","name":"Erimi Laonin tou Porakou"}}},{"type":"Feature","id":"way/1223896793","geometry":{"type":"Point","coordinates":[33.3959709,34.9843702]},"properties":{"osm_type":"way","osm_id":1223896793,"category":"archaeological_site","name":"Alambra, Area A","wikidata":null,"wikipedia":null,"tags":{"historic":"archaeological_site","name":"Alambra, Area A"}}},{"type":"Feature","id":"way/1223897060","geometry":{"type":"Point","coordinates":[33.3969898,34.9859241]},"properties":{"osm_type":"way","osm_id":1223897060,"category":"archaeological_site","name":"Alambra, Area B","wikidata":null,"wikipedia":null,"tags":{"historic":"archaeological_site","name":"Alambra, Area B"}}},{"type":"Feature","id":"way/1223897288","geometry":{"type":"Point","coordinates":[33.3977375,34.9851357]},"properties":{"osm_type":"way","osm_id":1223897288,"category":"archaeological_site","name":"Alambra, Area C","wikidata":null,"wikipedia":null,"tags":{"historic":"archaeological_site","name":"Alambra, Area C"}}},{"type":"Feature","id":"way/1233767210","geometry":{"type":"Point","coordinates":[32.8276608,34.9873645]},"properties":{"osm_type":"way","osm_id":1233767210,"category":"ruins","name":"Kykkos Watermill","wikidata":null,"wikipedia":null,"tags":{"historic":"ruins","name":"Kykkos Watermill","ruins":"building"}}},{"type":"Feature","id":"way/1238353085","geometry":{"type":"Point","coordinates":[33.5594739,35.1540929]},"properties":{"osm_type":"way","osm_id":1238353085,"category":"memorial","name":"Pigadi ornithi","wikidata":null,"wikipedia":null,"tags":{"building":"ruins","historic":"memorial","name":"Pigadi ornithi","name:en":"Pigadi ornithi"}}},{"type":"Feature","id":"way/1250559289","geometry":{"type":"Point","coordinates":[32.8495712,35.1122984]},"properties":{"osm_type":"way","osm_id":1250559289,"category":"memorial","name":"Taç Giyme Anıtı","wikidata":null,"wikipedia":null,"tags":{"historic":"memorial","material":"stone","memorial":"memorial","name":"Taç Giyme Anıtı","name:en":"Coronation Monument"}}},{"type":"Feature","id":"way/1252102866","geometry":{"type":"Point","coordinates":[33.4655013,34.8541631]},"properties":{"osm_type":"way","osm_id":1252102866,"category":"museum","name":"Olive tree museum","wikidata":null,"wikipedia":null,"tags":{"building":"yes","name":"Olive tree museum","tourism":"museum"}}},{"type":"Feature","id":"way/1254342710","geometry":{"type":"Point","coordinates":[33.3291593,34.799081]},"properties":{"osm_type":"way","osm_id":1254342710,"category":"ruins","name":"Βασιλικός Οίκος","wikidata":null,"wikipedia":null,"tags":{"historic":"ruins","name":"Βασιλικός Οίκος","ruins":"building"}}},{"type":"Feature","id":"way/1256479895","geometry":{"type":"Point","coordinates":[33.3620408,35.1848521]},"properties":{"osm_type":"way","osm_id":1256479895,"category":"historic","name":"GI- KOOP Istasyon","wikidata":null,"wikipedia":null,"tags":{"building":"commercial","historic":"building","name":"GI- KOOP Istasyon"}}},{"type":"Feature","id":"way/1258755791","geometry":{"type":"Point","coordinates":[33.240142,34.9492853]},"properties":{"osm_type":"way","osm_id":1258755791,"category":"ruins","name":"Helidonia","wikidata":null,"wikipedia":null,"tags":{"historic":"ruins","name":"Helidonia","ruins":"wall"}}},{"type":"Feature","id":"way/1275196362","geometry":{"type":"Point","coordinates":[33.0411455,34.6723209]},"properties":{"osm_type":"way","osm_id":1275196362,"category":"museum","name":"Μουσείο Βιομηχανικής Φαρμακευτικής Τάκη Παττίχη","wikidata":null,"wikipedia":null,"tags":{"addr:city":"Λεμεσός","addr:postcode":"3042","addr:street":"Βασιλίσσης","building":"yes","email":"contact@pattichismuseum.cy","name":"Μουσείο Βιομηχανικής Φαρμακευτικής Τάκη Παττίχη","name:de":"Takis Pattichis Museum der industriellen Pharmazie","name:el":"Μουσείο Βιομηχανικής Φαρμακευτικής Τάκη Παττίχη","name:en":"Takis Pattichis Museum of Industrial Pharmacy","opening_hours":"Tu-Sa 09:30-18:00, Su 09:30-17:30","operator":"Charalambos & Elena Pattihis Foundation","start_date":"2022","tourism":"museum","website":"https://www.pattichismuseum.cy/en/home/"}}},{"type":"Feature","id":"way/1275724171","geometry":{"type":"Point","coordinates":[33.3586182,35.142425]},"properties":{"osm_type":"way","osm_id":1275724171,"category":"monument","name":"Monument to the Fallen and Missing","wikidata":null,"wikipedia":null,"tags":{"historic":"monument","name":"Monument to the Fallen and Missing","name:el":"Μνημείο Πεσόντων και Αγνοουμένων","name:en":"Monument to the Fallen and Missing"}}},{"type":"Feature","id":"way/1282380279","geometry":{"type":"Point","coordinates":[33.4981741,35.0448435]},"properties":{"osm_type":"way","osm_id":1282380279,"category":"memorial","name":"Kavazoğlu and Misiaoulis","wikidata":null,"wikipedia":null,"tags":{"historic":"memorial","material":"metal","memorial":"sculpture","name":"Kavazoğlu and Misiaoulis","name:el":"Καβάζογλου και Μισιαούλη","name:en":"Kavazoğlu and Misiaoulis","name:tr":"Kavazoğlu ve Mişauli"}}},{"type":"Feature","id":"way/1283292856","geometry":{"type":"Point","coordinates":[32.9506836,34.9743497]},"properties":{"osm_type":"way","osm_id":1283292856,"category":"heritage","name":"Ιερά Μονή Παναγίας Χρυσοκουρδαλιώτισσας","wikidata":"Q22985602","wikipedia":null,"tags":{"addr:city":"Κούρδαλι","amenity":"place_of_worship","building":"yes","denomination":"greek_orthodox","email":"i.m.kourdali@hotmail.com","heritage":"proposed","name":"Ιερά Μονή Παναγίας Χρυσοκουρδαλιώτισσας","name:en":"Holy Monastery of Virgin Mary the Chrysokourdaliotissa","phone":"+357 9977 0592","religion":"christian","tourism":"attraction","website":"https://whc.unesco.org/en/tentativelists/1672/","wikidata":"Q22985602"}}},{"type":"Feature","id":"way/1288140887","geometry":{"type":"Point","coordinates":[32.7382643,35.1815236]},"properties":{"osm_type":"way","osm_id":1288140887,"category":"ruins","name":"Yeşilırmak Kayası","wikidata":null,"wikipedia":null,"tags":{"historic":"ruins","name":"Yeşilırmak Kayası","name:el":"Πέτρα του Λιμνίτη"}}},{"type":"Feature","id":"way/1296284913","geometry":{"type":"Point","coordinates":[32.3427974,34.8936994]},"properties":{"osm_type":"way","osm_id":1296284913,"category":"museum","name":"Traditional Clothes Museum","wikidata":null,"wikipedia":null,"tags":{"building":"yes","name":"Traditional Clothes Museum","operator":"Pafos Zoo","tourism":"museum"}}},{"type":"Feature","id":"way/1296291596","geometry":{"type":"Point","coordinates":[32.343165,34.89323]},"properties":{"osm_type":"way","osm_id":1296291596,"category":"theatre","name":"Bird Display Amphitheatre","wikidata":null,"wikipedia":null,"tags":{"amenity":"theatre","name":"Bird Display Amphitheatre","operator":"Pafos Zoo"}}},{"type":"Feature","id":"way/1297643029","geometry":{"type":"Point","coordinates":[33.1563632,35.1650292]},"properties":{"osm_type":"way","osm_id":1297643029,"category":"theatre","name":"Διώνειο Αμφιθέατρο Δένειας","wikidata":null,"wikipedia":null,"tags":{"amenity":"theatre","name":"Διώνειο Αμφιθέατρο Δένειας","operator":"Κοινότητα Δένειας"}}},{"type":"Feature","id":"way/1307696452","geometry":{"type":"Point","coordinates":[32.4194284,34.7775181]},"properties":{"osm_type":"way","osm_id":1307696452,"category":"historic","name":"Ottoman Hamam","wikidata":"Q106858347","wikipedia":"en:Hammam","tags":{"alt_name":"Ottoman Hammam;Turkish Baths, Ktima-Paphos","building":"yes","heritage":"yes","historic":"hammam","name":"Ottoman Hamam","ruins":"yes","tourism":"attraction","wikidata":"Q106858347","wikipedia":"en:Hammam"}}},{"type":"Feature","id":"way/1308299539","geometry":{"type":"Point","coordinates":[33.4230856,35.0173281]},"properties":{"osm_type":"way","osm_id":1308299539,"category":"archaeological_site","name":"Point 1: The Lower City, Section A","wikidata":null,"wikipedia":null,"tags":{"historic":"archaeological_site","name":"Point 1: The Lower City, Section A"}}},{"type":"Feature","id":"way/1308299540","geometry":{"type":"Point","coordinates":[33.4238668,35.0168254]},"properties":{"osm_type":"way","osm_id":1308299540,"category":"archaeological_site","name":"Point 2: The Lower City, Section B","wikidata":null,"wikipedia":null,"tags":{"historic":"archaeological_site","name":"Point 2: The Lower City, Section B"}}},{"type":"Feature","id":"way/1310455255","geometry":{"type":"Point","coordinates":[33.3617215,35.1728552]},"properties":{"osm_type":"way","osm_id":1310455255,"category":"theatre","name":"Faneromeni 26","wikidata":null,"wikipedia":null,"tags":{"addr:city":"Λευκωσία","addr:housenumber":"8690","addr:postcode":"1011","addr:street":"Faneromenis","amenity":"theatre","name":"Faneromeni 26","operator":"Bank of Cyprus Cultural Foundation"}}},{"type":"Feature","id":"way/1312340769","geometry":{"type":"Point","coordinates":[33.0667897,35.2110487]},"properties":{"osm_type":"way","osm_id":1312340769,"category":"artwork","name":"Ne mutlu Türküm diyene","wikidata":null,"wikipedia":null,"tags":{"name":"Ne mutlu Türküm diyene","tourism":"artwork"}}},{"type":"Feature","id":"way/1314242138","geometry":{"type":"Point","coordinates":[34.063357,35.0024958]},"properties":{"osm_type":"way","osm_id":1314242138,"category":"archaeological_site","name":"Paralimni-Nissia","wikidata":null,"wikipedia":null,"tags":{"historic":"archaeological_site","name":"Paralimni-Nissia"}}},{"type":"Feature","id":"way/1321477435","geometry":{"type":"Point","coordinates":[32.9989409,34.9262649]},"properties":{"osm_type":"way","osm_id":1321477435,"category":"museum","name":"Αστεροσκοπείο Τροόδους","wikidata":null,"wikipedia":null,"tags":{"addr:city":"Αγρίδια","addr:postcode":"4872","building":"yes","email":"hello@troodosobservatory.com","name":"Αστεροσκοπείο Τροόδους","name:el":"Αστεροσκοπείο Τροόδους","name:en":"Troodos Observatory","phone":"+357 25314556","tourism":"museum","website":"https://www.troodosobservatory.com/"}}},{"type":"Feature","id":"way/1327613534","geometry":{"type":"Point","coordinates":[33.0343402,35.2472129]},"properties":{"osm_type":"way","osm_id":1327613534,"category":"ruins","name":"Arkhangelos Kilisesi","wikidata":null,"wikipedia":null,"tags":{"building":"ruins","denomination":"greek_orthodox","historic":"ruins","name":"Arkhangelos Kilisesi","name:en":"Arkhangelos Church","religion":"christian"}}},{"type":"Feature","id":"way/1332258913","geometry":{"type":"Point","coordinates":[33.9413718,35.1221974]},"properties":{"osm_type":"way","osm_id":1332258913,"category":"theatre","name":"disused: Sinemas","wikidata":null,"wikipedia":null,"tags":{"amenity":"theatre","building":"commercial","name":"disused: Sinemas"}}},{"type":"Feature","id":"way/1334219605","geometry":{"type":"Point","coordinates":[32.3960776,34.8244761]},"properties":{"osm_type":"way","osm_id":1334219605,"category":"archaeological_site","name":"Kissonerga Mosfilia","wikidata":"Q100825695","wikipedia":"de:Kissonerga-Mosphilia","tags":{"historic":"archaeological_site","name":"Kissonerga Mosfilia","opening_hours":"24/7","wheelchair":"limited","wikidata":"Q100825695","wikipedia":"de:Kissonerga-Mosphilia"}}},{"type":"Feature","id":"way/1334219606","geometry":{"type":"Point","coordinates":[32.3961208,34.8243571]},"properties":{"osm_type":"way","osm_id":1334219606,"category":"historic","name":"Pithos House","wikidata":null,"wikipedia":null,"tags":{"building":"yes","historic":"building","name":"Pithos House"}}},{"type":"Feature","id":"way/1349586475","geometry":{"type":"Point","coordinates":[33.9395951,35.1287943]},"properties":{"osm_type":"way","osm_id":1349586475,"category":"city_gate","name":"Yenikapi","wikidata":null,"wikipedia":null,"tags":{"building":"yes","historic":"city_gate","image":"https://photos.app.goo.gl/kGQqXt7VFJuaUgXSA","name":"Yenikapi"}}},{"type":"Feature","id":"way/1349762219","geometry":{"type":"Point","coordinates":[33.9469589,35.1233025]},"properties":{"osm_type":"way","osm_id":1349762219,"category":"city_gate","name":"Cambulat Kapi","wikidata":null,"wikipedia":null,"tags":{"building":"yes","historic":"city_gate","name":"Cambulat Kapi"}}},{"type":"Feature","id":"way/1349838519","geometry":{"type":"Point","coordinates":[33.7566242,35.223532]},"properties":{"osm_type":"way","osm_id":1349838519,"category":"historic","name":"Agia Marina","wikidata":null,"wikipedia":null,"tags":{"amenity":"place_of_worship","building":"yes","historic":"yes","image":"https://photos.app.goo.gl/tx91zbCiyhHdnvqx8","name":"Agia Marina","religion":"christian","ruins":"yes","url":"https://youtu.be/LGWGkCzKPYw"}}},{"type":"Feature","id":"way/1350045622","geometry":{"type":"Point","coordinates":[33.3585051,35.1763715]},"properties":{"osm_type":"way","osm_id":1350045622,"category":"museum","name":"Derviş Paşa Konağı","wikidata":"Q21005832","wikipedia":"tr:Derviş Paşa Konağı","tags":{"addr:city":"Lefkoşa","addr:housenumber":"46","addr:street":"Beliğ Paşa Sokak","building":"yes","name":"Derviş Paşa Konağı","name:en":"Dervish Pasha Mansion","name:tr":"Derviş Paşa Konağı","tourism":"museum","wikidata":"Q21005832","wikipedia":"tr:Derviş Paşa Konağı"}}},{"type":"Feature","id":"way/1362058994","geometry":{"type":"Point","coordinates":[33.4384043,35.0652633]},"properties":{"osm_type":"way","osm_id":1362058994,"category":"ruins","name":"Άγιος Μάμας","wikidata":null,"wikipedia":null,"tags":{"building":"ruins","denomination":"greek_orthodox","historic":"ruins","name":"Άγιος Μάμας","name:el":"Άγιος Μάμας","name:en":"Agios Mamas","ruins":"church"}}},{"type":"Feature","id":"way/1367159403","geometry":{"type":"Point","coordinates":[33.8910987,35.2849965]},"properties":{"osm_type":"way","osm_id":1367159403,"category":"museum","name":"İskele Arkeoloji Müzesi","wikidata":null,"wikipedia":null,"tags":{"building":"yes","name":"İskele Arkeoloji Müzesi","operator":"İskele Belediyesi","tourism":"museum"}}},{"type":"Feature","id":"way/1367421540","geometry":{"type":"Point","coordinates":[33.4156932,34.9119364]},"properties":{"osm_type":"way","osm_id":1367421540,"category":"monument","name":"Μνημείο Πεσόντων","wikidata":null,"wikipedia":null,"tags":{"historic":"monument","name":"Μνημείο Πεσόντων"}}},{"type":"Feature","id":"way/1367421542","geometry":{"type":"Point","coordinates":[33.4196646,34.8997269]},"properties":{"osm_type":"way","osm_id":1367421542,"category":"monument","name":"Μνημείο Πεσόντων","wikidata":null,"wikipedia":null,"tags":{"historic":"monument","name":"Μνημείο Πεσόντων","name:el":"Μνημείο Πεσόντων","name:en":"War Memorial"}}},{"type":"Feature","id":"way/1370580513","geometry":{"type":"Point","coordinates":[33.077028,35.0534791]},"properties":{"osm_type":"way","osm_id":1370580513,"category":"ruins","name":"Ancient Watermill","wikidata":null,"wikipedia":null,"tags":{"historic":"ruins","name":"Ancient Watermill"}}},{"type":"Feature","id":"way/1372919073","geometry":{"type":"Point","coordinates":[32.7527946,34.754109]},"properties":{"osm_type":"way","osm_id":1372919073,"category":"archaeological_site","name":"Anogyra-Vlou Archeological Site","wikidata":null,"wikipedia":null,"tags":{"historic":"archaeological_site","name":"Anogyra-Vlou Archeological Site"}}},{"type":"Feature","id":"way/1376662802","geometry":{"type":"Point","coordinates":[32.8936281,35.0417418]},"properties":{"osm_type":"way","osm_id":1376662802,"category":"museum","name":"Cyprus Train Museum","wikidata":"Q130285458","wikipedia":null,"tags":{"alt_name":"Cyprus Railways Museum","name":"Cyprus Train Museum","tourism":"museum","wikidata":"Q130285458"}}},{"type":"Feature","id":"way/1381883569","geometry":{"type":"Point","coordinates":[33.2554356,34.778415]},"properties":{"osm_type":"way","osm_id":1381883569,"category":"museum","name":"Asgata Olive Mill And Flour Mill Museum","wikidata":null,"wikipedia":null,"tags":{"building":"yes","name":"Asgata Olive Mill And Flour Mill Museum","tourism":"museum"}}},{"type":"Feature","id":"way/1385458780","geometry":{"type":"Point","coordinates":[33.4285643,35.0177281]},"properties":{"osm_type":"way","osm_id":1385458780,"category":"theatre","name":"Αμφιθέατρο Ιδαλίου","wikidata":null,"wikipedia":null,"tags":{"alt_name":"Idalion Municipal Theatre","amenity":"theatre","building":"yes","name":"Αμφιθέατρο Ιδαλίου","name:el":"Αμφιθέατρο Ιδαλίου","name:en":"Dali Amphitheatre","official_name":"Αμφιθέατρο Δήμου Ιδαλίου"}}},{"type":"Feature","id":"way/1388955029","geometry":{"type":"Point","coordinates":[33.4382028,34.8061467]},"properties":{"osm_type":"way","osm_id":1388955029,"category":"historic","name":"Πύργος Αλαμινου","wikidata":null,"wikipedia":null,"tags":{"building":"tower","historic":"building","image":"https://commons.wikimedia.org/wiki/File:Alaminos_Tower_(1).jpg","material":"stone","name":"Πύργος Αλαμινου","name:en":"Alaminos Tower","tourism":"attraction"}}},{"type":"Feature","id":"way/1390250966","geometry":{"type":"Point","coordinates":[32.4053208,34.7549574]},"properties":{"osm_type":"way","osm_id":1390250966,"category":"archaeological_site","name":"Paphos amphitheatre","wikidata":"Q28971095","wikipedia":null,"tags":{"historic":"archaeological_site","name":"Paphos amphitheatre","wikidata":"Q28971095"}}},{"type":"Feature","id":"way/1392984181","geometry":{"type":"Point","coordinates":[33.939099,35.1214245]},"properties":{"osm_type":"way","osm_id":1392984181,"category":"castle","name":"Ravelin","wikidata":null,"wikipedia":null,"tags":{"historic":"castle","image":"https://photos.app.goo.gl/GULievFpSHDczk1G7","name":"Ravelin"}}},{"type":"Feature","id":"way/1392984182","geometry":{"type":"Point","coordinates":[33.9475504,35.1229783]},"properties":{"osm_type":"way","osm_id":1392984182,"category":"city_gate","name":"Canbulat Gate & Bastion","wikidata":null,"wikipedia":null,"tags":{"historic":"city_gate","name":"Canbulat Gate & Bastion"}}},{"type":"Feature","id":"way/1392984183","geometry":{"type":"Point","coordinates":[33.9446018,35.1259931]},"properties":{"osm_type":"way","osm_id":1392984183,"category":"city_gate","name":"Porta del Mare Bastion","wikidata":null,"wikipedia":null,"tags":{"historic":"city_gate","image":"https://photos.app.goo.gl/DGnQxpoXoGrQmBvK8","name":"Porta del Mare Bastion","name:en":"Sea Gate"}}},{"type":"Feature","id":"way/1394142218","geometry":{"type":"Point","coordinates":[33.9526211,35.0279388]},"properties":{"osm_type":"way","osm_id":1394142218,"category":"museum","name":"Μουσείο Αγώνος Ε.Ο.Κ.Α. 1955-59","wikidata":null,"wikipedia":null,"tags":{"building":"yes","name":"Μουσείο Αγώνος Ε.Ο.Κ.Α. 1955-59","tourism":"museum"}}},{"type":"Feature","id":"way/1416392833","geometry":{"type":"Point","coordinates":[33.3135302,35.3402745]},"properties":{"osm_type":"way","osm_id":1416392833,"category":"archaeological_site","name":"Girne Ergene Sokak Doğal ve Arkeolojik Sit Alanı","wikidata":null,"wikipedia":null,"tags":{"historic":"archaeological_site","name":"Girne Ergene Sokak Doğal ve Arkeolojik Sit Alanı","operator":"Eski Eserler ve Müzeler Dairesi"}}},{"type":"Feature","id":"way/1420050902","geometry":{"type":"Point","coordinates":[33.3714234,35.2165961]},"properties":{"osm_type":"way","osm_id":1420050902,"category":"monument","name":"Dr. Fazıl Küçük Mozolesi","wikidata":null,"wikipedia":null,"tags":{"building":"yes","historic":"monument","name":"Dr. Fazıl Küçük Mozolesi"}}},{"type":"Feature","id":"way/1427712832","geometry":{"type":"Point","coordinates":[33.3579334,35.1932968]},"properties":{"osm_type":"way","osm_id":1427712832,"category":"museum","name":"Kıbrıs Özel Etnografya Müzesi","wikidata":null,"wikipedia":null,"tags":{"addr:housenumber":"56","addr:street":"Sehit Ecvet Yusuf Cad","building":"yes","email":"info@cyprusem.com","name":"Kıbrıs Özel Etnografya Müzesi","name:en":"Private Ethnographic Museum of Cyprus","opening_hours":"Tu-Su 09:00-17:00","operator":"Ergün Pektas","phone":"+903922271785","tourism":"museum","website":"https://cyprusem.com/"}}},{"type":"Feature","id":"way/1435538107","geometry":{"type":"Point","coordinates":[33.1455878,34.7141549]},"properties":{"osm_type":"way","osm_id":1435538107,"category":"archaeological_site","name":"Αμαθούντα","wikidata":"Q2343313","wikipedia":"en:Amathus","tags":{"historic":"archaeological_site","name":"Αμαθούντα","name:de":"Amathous","name:el":"Αμαθούντα","name:en":"Amathus","name:es":"Amatunte","name:fr":"Amathonte","tourism":"attraction","website":"https://www.ancientcyprus.com/sites/amathus","wikidata":"Q2343313","wikipedia":"en:Amathus"}}},{"type":"Feature","id":"way/1486294958","geometry":{"type":"Point","coordinates":[33.3345538,34.7988969]},"properties":{"osm_type":"way","osm_id":1486294958,"category":"museum","name":"Basketry Museum","wikidata":null,"wikipedia":null,"tags":{"building":"yes","name":"Basketry Museum","tourism":"museum"}}},{"type":"Feature","id":"way/1492233317","geometry":{"type":"Point","coordinates":[33.346952,34.9494567]},"properties":{"osm_type":"way","osm_id":1492233317,"category":"archaeological_site","name":"South Mathiatis Mine","wikidata":null,"wikipedia":null,"tags":{"alt_name":"Mine Stroggylos","heritage":"proposed","historic":"archaeological_site","name":"South Mathiatis Mine","tourism":"attraction","website":"https://whc.unesco.org/en/tentativelists/1674/"}}},{"type":"Feature","id":"way/1492777202","geometry":{"type":"Point","coordinates":[33.6099401,34.8853613]},"properties":{"osm_type":"way","osm_id":1492777202,"category":"heritage","name":"Hala Sultan Tekke","wikidata":"Q1570185","wikipedia":"en:Hala Sultan Tekke","tags":{"addr:city":"Larnaca","addr:country":"CY","denomination":"sufi","email":"contact@halasultan.com","heritage":"proposed","name":"Hala Sultan Tekke","name:de":"Hala Sultan Tekke","name:el":"Τεκές Χαλά Σουλτάνας","name:en":"Hala Sultan Tekke","name:es":"Hala Sultan Tekke","name:fr":"Hala Sultan Tekke","name:hu":"Hala Szultan Tekke mecset","name:ru":"Мечеть Хала Султан Текке","name:tr":"Hala Sultan Tekkesi","name:uk":"Хала Султан Текке","opening_hours":"Nov-Apr 08:30-17:00; May-Oct 8:30-19:30","religion":"muslim","tourism":"attraction","wikidata":"Q1570185","wikipedia":"en:Hala Sultan Tekke"}}},{"type":"Feature","id":"way/1522444348","geometry":{"type":"Point","coordinates":[33.6995992,35.0044525]},"properties":{"osm_type":"way","osm_id":1522444348,"category":"tomb","name":"Royal tombs of Pyla","wikidata":null,"wikipedia":null,"tags":{"building":"yes","historic":"tomb","name":"Royal tombs of Pyla"}}},{"type":"Feature","id":"way/1526468537","geometry":{"type":"Point","coordinates":[33.0804317,35.1300946]},"properties":{"osm_type":"way","osm_id":1526468537,"category":"museum","name":"Βυζαντινο Μθυσειο Περιστερωνας","wikidata":null,"wikipedia":null,"tags":{"building":"yes","name":"Βυζαντινο Μθυσειο Περιστερωνας","name:el":"Βυζαντινο Μθυσειο Περιστερωνας","name:en":"Byzantine Museum of Peristerona","tourism":"museum"}}},{"type":"Feature","id":"way/1534044321","geometry":{"type":"Point","coordinates":[33.1300425,35.3092763]},"properties":{"osm_type":"way","osm_id":1534044321,"category":"ruins","name":"Kathari Monastery","wikidata":null,"wikipedia":null,"tags":{"amenity":"monastery","denomination":"orthodox","historic":"ruins","name":"Kathari Monastery","religion":"christian"}}},{"type":"Feature","id":"relation/1266642","geometry":{"type":"Point","coordinates":[32.408394,34.7560109]},"properties":{"osm_type":"relation","osm_id":1266642,"category":"museum","name":"Archaeological Park","wikidata":null,"wikipedia":null,"tags":{"building":"yes","name":"Archaeological Park","name:de":"Archäologischer Park - Eingang","opening_hours":"Mo-Su 08:30-17:00","tourism":"museum"}}},{"type":"Feature","id":"relation/2580980","geometry":{"type":"Point","coordinates":[33.3625764,35.1762682]},"properties":{"osm_type":"relation","osm_id":2580980,"category":"historic","name":"Büyük Han","wikidata":"Q2332172","wikipedia":"tr:Büyük Han","tags":{"building":"yes","historic":"building","image":"https://photos.app.goo.gl/cRckLBMUCvFSb8ZP9","name":"Büyük Han","name:el":"Μεγάλο Χάνι","name:en":"Great Inn","name:ru":"Караван-сарай Бюйюк-хан","name:tr":"Büyük Han","tourism":"attraction","wikidata":"Q2332172","wikipedia":"tr:Büyük Han"}}},{"type":"Feature","id":"relation/2740924","geometry":{"type":"Point","coordinates":[33.2805829,35.3121828]},"properties":{"osm_type":"relation","osm_id":2740924,"category":"castle","name":"Saint Hilarion Castle","wikidata":"Q2302532","wikipedia":"en:Saint Hilarion Castle","tags":{"historic":"castle","name":"Saint Hilarion Castle","name:cs":"Hrad sv. Hilariona","name:de":"St. Hilarion Burg","name:el":"Κάστρο του Αγίου Ιλαρίωνα","name:en":"Saint Hilarion Castle","name:es":"Castillo de San Hilarión","name:fr":"Château de Saint-Hilarion","name:ru":"Замок Святого Илариона","name:tr":"Saint Hilarion Kalesi","tourism":"attraction","wikidata":"Q2302532","wikipedia":"en:Saint Hilarion Castle"}}},{"type":"Feature","id":"relation/2747685","geometry":{"type":"Point","coordinates":[33.3554988,35.3073447]},"properties":{"osm_type":"relation","osm_id":2747685,"category":"ruins","name":"Bellapais Abbey","wikidata":"Q3014390","wikipedia":"en:Bellapais Abbey","tags":{"building":"yes","historic":"ruins","name":"Bellapais Abbey","name:de":"Abtei Bellapais","name:el":"Αββαείο Μπελαπάις","name:en":"Bellapais Abbey","name:ru":"аббатство Беллапаис","name:tr":"Bellapais Manastırı","opening_hours":"Mo-Su 09:00-19:00","tourism":"attraction","wikidata":"Q3014390","wikipedia":"en:Bellapais Abbey"}}},{"type":"Feature","id":"relation/2879930","geometry":{"type":"Point","coordinates":[32.4046271,34.7567089]},"properties":{"osm_type":"relation","osm_id":2879930,"category":"ruins","name":"The House of Theseus","wikidata":null,"wikipedia":null,"tags":{"historic":"ruins","name":"The House of Theseus","name:de":"Haus des Theseus","tourism":"attraction"}}},{"type":"Feature","id":"relation/3403727","geometry":{"type":"Point","coordinates":[33.362624,35.1770266]},"properties":{"osm_type":"relation","osm_id":3403727,"category":"historic","name":"Kumarcılar Hanı","wikidata":"Q19895663","wikipedia":null,"tags":{"building":"yes","historic":"building","image":"https://photos.app.goo.gl/nkd5A5NNbFF9KRxM7","name":"Kumarcılar Hanı","name:el":"Κουμαρτσιλάρ Χαν","name:tr":"Kumarcılar Hanı","tourism":"attraction","wikidata":"Q19895663"}}},{"type":"Feature","id":"relation/4200191","geometry":{"type":"Point","coordinates":[32.8663749,34.9302417]},"properties":{"osm_type":"relation","osm_id":4200191,"category":"historic","name":"Αταλάντη","wikidata":null,"wikipedia":null,"tags":{"historic":"no","name":"Αταλάντη","name:el":"Αταλάντη","name:en":"Atalante","operator":"Department of Forests"}}},{"type":"Feature","id":"relation/7608187","geometry":{"type":"Point","coordinates":[32.5730959,34.7059522]},"properties":{"osm_type":"relation","osm_id":7608187,"category":"castle","name":"Medieval Castle","wikidata":null,"wikipedia":null,"tags":{"building":"yes","historic":"castle","name":"Medieval Castle"}}},{"type":"Feature","id":"relation/9286819","geometry":{"type":"Point","coordinates":[32.9400802,35.3040237]},"properties":{"osm_type":"relation","osm_id":9286819,"category":"ruins","name":"Melabron","wikidata":null,"wikipedia":null,"tags":{"historic":"ruins","name":"Melabron","tourism":"attraction"}}},{"type":"Feature","id":"relation/11971016","geometry":{"type":"Point","coordinates":[33.3719405,35.2831346]},"properties":{"osm_type":"relation","osm_id":11971016,"category":"artwork","name":"Ay Yıldız","wikidata":"Q207518","wikipedia":null,"tags":{"name":"Ay Yıldız","tourism":"artwork","wikidata":"Q207518"}}},{"type":"Feature","id":"relation/13017112","geometry":{"type":"Point","coordinates":[34.4409792,35.6470123]},"properties":{"osm_type":"relation","osm_id":13017112,"category":"ruins","name":"Aphendrika","wikidata":null,"wikipedia":null,"tags":{"historic":"ruins","name":"Aphendrika"}}},{"type":"Feature","id":"relation/13970957","geometry":{"type":"Point","coordinates":[32.405769,34.7759638]},"properties":{"osm_type":"relation","osm_id":13970957,"category":"archaeological_site","name":"Τάφοι των Βασιλέων","wikidata":"Q1796353","wikipedia":null,"tags":{"heritage":"1","historic":"archaeological_site","name":"Τάφοι των Βασιλέων","name:de":"Königsgräber von Nea Paphos","name:el":"Τάφοι των Βασιλέων","name:en":"Tombs of the Kings","name:fr":"Tombeaux des Rois","name:pl":"Groby Królewskie","name:ru":"Царские гробницы","name:uk":"Гробниці царів у Пафосі","opening_hours":"08:30-16:30; 16:30-17:00 open \"tickets office closed; exit-only\"","tourism":"attraction","wikidata":"Q1796353"}}},{"type":"Feature","id":"relation/13970997","geometry":{"type":"Point","coordinates":[32.4066424,34.7598167]},"properties":{"osm_type":"relation","osm_id":13970997,"category":"archaeological_site","name":"Paphos Archaeological Park","wikidata":"Q12065255","wikipedia":null,"tags":{"heritage":"1","historic":"archaeological_site","name":"Paphos Archaeological Park","name:de":"Archäologischer Park Pafos","name:en":"Paphos Archaeological Park","name:fr":"Parc archéologique de Paphos","name:ru":"Археологический парк Пафоса","tourism":"attraction","wikidata":"Q12065255"}}},{"type":"Feature","id":"relation/14218599","geometry":{"type":"Point","coordinates":[33.0455267,34.8236488]},"properties":{"osm_type":"relation","osm_id":14218599,"category":"historic","name":"Κακομάλλης","wikidata":null,"wikipedia":null,"tags":{"historic":"no","name":"Κακομάλλης","name:en":"Kakomallis Nature Trail"}}},{"type":"Feature","id":"relation/14292759","geometry":{"type":"Point","coordinates":[33.9408013,35.1244775]},"properties":{"osm_type":"relation","osm_id":14292759,"category":"historic","name":"Venedik Sarayı","wikidata":"Q25340095","wikipedia":null,"tags":{"building":"yes","historic":"building","image":"https://photos.app.goo.gl/E6dLNqDVSjhq8x886","name":"Venedik Sarayı","name:el":"Ενετικό Παλάτι του Προβεδιτόρε","name:en":"Venetian Palace","name:tr":"Venedik Sarayı","wikidata":"Q25340095"}}},{"type":"Feature","id":"relation/17194074","geometry":{"type":"Point","coordinates":[33.3555041,35.1681618]},"properties":{"osm_type":"relation","osm_id":17194074,"category":"theatre","name":"Θέατρο Θ.Ο.Κ.","wikidata":"Q60038668","wikipedia":null,"tags":{"addr:city":"Nicosia","addr:housenumber":"9","addr:postcode":"1096","addr:street":"Grigori Afxentiou","amenity":"theatre","building":"yes","email":"info@thoc.org.cy","name":"Θέατρο Θ.Ο.Κ.","name:en":"The Cyprus National Theatre","operator":"Cyprus Theater Organisation","phone":"+357 22 864300","start_date":"2012-10-28","website":"https://www.thoc.org.cy/","wikidata":"Q60038668"}}},{"type":"Feature","id":"relation/17704543","geometry":{"type":"Point","coordinates":[33.3638817,35.1757368]},"properties":{"osm_type":"relation","osm_id":17704543,"category":"historic","name":"Εντός των Τειχών Πόλη της Λευκωσίας - Lefkoşa Surları","wikidata":"Q7919752","wikipedia":"en:Walls of Nicosia","tags":{"historic":"citywalls","material":"stone","name":"Εντός των Τειχών Πόλη της Λευκωσίας - Lefkoşa Surları","name:de":"Altstadt","name:el":"Παλιά Πόλη","name:en":"Nicosia within the walls","name:tr":"Lefkoşa Surları","start_date":"1570","wikidata":"Q7919752","wikipedia":"en:Walls of Nicosia"}}},{"type":"Feature","id":"relation/17934413","geometry":{"type":"Point","coordinates":[33.6334186,34.9192991]},"properties":{"osm_type":"relation","osm_id":17934413,"category":"museum","name":"Archaeological Museum of Larnaca","wikidata":"Q6489690","wikipedia":null,"tags":{"building":"yes","name":"Archaeological Museum of Larnaca","name:el":"Αρχαιολογικό Μουσείο Επαρχίας Λάρνακας","name:en":"Archaeological Museum of Larnaca","opening_hours":"Tu-Su 9:00-16:30; PH off","operator":"Department of Antiquities","phone":"+357 24 304 169","tourism":"museum","website":"https://www.mcw.gov.cy/mcw/da/da.nsf/All/29D729EB7E4EE76FC2257199002074B8?OpenDocument;https://www.visitcyprus.com/index.php/en/discovercyprus/culture/museums-galleries/106-archaeological-museum-of-the-larnaka-larnaca-district","wheelchair":"yes","wikidata":"Q6489690"}}},{"type":"Feature","id":"relation/19212411","geometry":{"type":"Point","coordinates":[33.4425358,35.0477267]},"properties":{"osm_type":"relation","osm_id":19212411,"category":"historic","name":"Μεσαιωνική Αγρέπαυλη Αικατερίνης Κορνάρο","wikidata":null,"wikipedia":null,"tags":{"building":"house","historic":"building","name":"Μεσαιωνική Αγρέπαυλη Αικατερίνης Κορνάρο"}}},{"type":"Feature","id":"relation/19376415","geometry":{"type":"Point","coordinates":[33.3514662,35.334466]},"properties":{"osm_type":"relation","osm_id":19376415,"category":"archaeological_site","name":"Ozanköy-Mines/Katalymata Arkeolojik Sit Alanı","wikidata":null,"wikipedia":null,"tags":{"historic":"archaeological_site","name":"Ozanköy-Mines/Katalymata Arkeolojik Sit Alanı","operator":"Eski Eserler ve Müzeler Dairesi"}}},{"type":"Feature","id":"relation/19378322","geometry":{"type":"Point","coordinates":[33.7503354,35.4050636]},"properties":{"osm_type":"relation","osm_id":19378322,"category":"archaeological_site","name":"Tatlısu Afrodision - Karaburun Arkeolojik Sit Alanı","wikidata":null,"wikipedia":null,"tags":{"historic":"archaeological_site","name":"Tatlısu Afrodision - Karaburun Arkeolojik Sit Alanı","operator":"Eski Eserler ve Müzeler Dairesi"}}},{"type":"Feature","id":"relation/20275426","geometry":{"type":"Point","coordinates":[33.9432754,35.1276906]},"properties":{"osm_type":"relation","osm_id":20275426,"category":"castle","name":"Otello Kalesi","wikidata":"Q7108569","wikipedia":"en:Othello Castle","tags":{"building":"yes","historic":"castle","image":"https://photos.app.goo.gl/vxjdsnGxfDvj7Rd19","name":"Otello Kalesi","name:el":"Πύργος του Οθέλλου","name:en":"Othello's Tower","name:lt":"Pilis","tourism":"attraction","wikidata":"Q7108569","wikipedia":"en:Othello Castle"}}},{"type":"Feature","id":"relation/20511621","geometry":{"type":"Point","coordinates":[33.1445352,34.7123019]},"properties":{"osm_type":"relation","osm_id":20511621,"category":"archaeological_site","name":"Αμαθούντα","wikidata":"Q2343313","wikipedia":"en:Amathus","tags":{"historic":"archaeological_site","name":"Αμαθούντα","name:de":"Amathous","name:el":"Αμαθούντα","name:en":"Amathus","name:es":"Amatunte","name:fr":"Amathonte","tourism":"attraction","website":"https://www.ancientcyprus.com/sites/amathus","wheelchair":"no","wikidata":"Q2343313","wikipedia":"en:Amathus"}}}]}