{"type":"FeatureCollection","features":[{"type":"Feature","id":"node/270193831","geometry":{"type":"Point","coordinates":[-19.4389727,63.6420386]},"properties":{"osm_type":"node","osm_id":270193831,"category":"memorial","name":"Elisabeth Brimnes, Dagmar Kristvinsdóttir, Ivar Finn Stampe","wikidata":null,"wikipedia":null,"tags":{"historic":"memorial","memorial":"plaque","name":"Elisabeth Brimnes, Dagmar Kristvinsdóttir, Ivar Finn Stampe"}}},{"type":"Feature","id":"node/286454052","geometry":{"type":"Point","coordinates":[-14.7444438,65.0945992]},"properties":{"osm_type":"node","osm_id":286454052,"category":"archaeological_site","name":"Hallormsstaðabær","wikidata":null,"wikipedia":null,"tags":{"historic":"archaeological_site","name":"Hallormsstaðabær"}}},{"type":"Feature","id":"node/291733192","geometry":{"type":"Point","coordinates":[-13.937504,65.1982736]},"properties":{"osm_type":"node","osm_id":291733192,"category":"ruins","name":"Skógar","wikidata":null,"wikipedia":null,"tags":{"historic":"ruins","name":"Skógar"}}},{"type":"Feature","id":"node/291733611","geometry":{"type":"Point","coordinates":[-13.7412971,65.2075019]},"properties":{"osm_type":"node","osm_id":291733611,"category":"ruins","name":"Hagi","wikidata":null,"wikipedia":null,"tags":{"historic":"ruins","name":"Hagi"}}},{"type":"Feature","id":"node/291783317","geometry":{"type":"Point","coordinates":[-14.5530554,65.2301216]},"properties":{"osm_type":"node","osm_id":291783317,"category":"memorial","name":"Expatriates to Canada","wikidata":null,"wikipedia":null,"tags":{"historic":"memorial","memorial":"stone","name":"Expatriates to Canada"}}},{"type":"Feature","id":"node/291790666","geometry":{"type":"Point","coordinates":[-14.9530877,65.0409385]},"properties":{"osm_type":"node","osm_id":291790666,"category":"museum","name":"Skriðuklaustur","wikidata":null,"wikipedia":null,"tags":{"name":"Skriðuklaustur","opening_hours":"Apr 01-Oct 15 11:00-17:00; Jun 01-Sep 15 10:00-17:00; \"Can be openned in winter season\"","tourism":"museum","website":"https://www.skriduklaustur.is/","wheelchair":"yes"}}},{"type":"Feature","id":"node/291790745","geometry":{"type":"Point","coordinates":[-14.952266,65.0406142]},"properties":{"osm_type":"node","osm_id":291790745,"category":"archaeological_site","name":"Klaustur","wikidata":null,"wikipedia":null,"tags":{"historic":"archaeological_site","name":"Klaustur","wheelchair":"yes"}}},{"type":"Feature","id":"node/293303695","geometry":{"type":"Point","coordinates":[-21.9121299,64.135903]},"properties":{"osm_type":"node","osm_id":293303695,"category":"artwork","name":"Þorsteinn Erlingsson","wikidata":null,"wikipedia":null,"tags":{"artwork_type":"statue","historic":"memorial","memorial":"bust","name":"Þorsteinn Erlingsson","tourism":"artwork"}}},{"type":"Feature","id":"node/293439601","geometry":{"type":"Point","coordinates":[-21.8518214,64.1620071]},"properties":{"osm_type":"node","osm_id":293439601,"category":"memorial","name":"Skúli Magnússon","wikidata":null,"wikipedia":null,"tags":{"historic":"memorial","name":"Skúli Magnússon"}}},{"type":"Feature","id":"node/294228434","geometry":{"type":"Point","coordinates":[-21.8738652,64.1426311]},"properties":{"osm_type":"node","osm_id":294228434,"category":"ruins","name":"Þvottalaugar","wikidata":null,"wikipedia":null,"tags":{"historic":"ruins","name":"Þvottalaugar","name:en":"Wash House"}}},{"type":"Feature","id":"node/295480918","geometry":{"type":"Point","coordinates":[-21.9222615,64.147607]},"properties":{"osm_type":"node","osm_id":295480918,"category":"artwork","name":"Sólfar","wikidata":"Q1141052","wikipedia":"is:Sólfar","tags":{"artist_name":"Jón Gunnar Árnason","artwork_type":"sculpture","material":"aluminium","name":"Sólfar","name:de":"Sonnenschiff","name:en":"Sun Voyager","name:fr":"Voyageur du Soleil","name:zh":"太陽航海者","start_date":"1990","tourism":"artwork","wheelchair":"limited","wikidata":"Q1141052","wikipedia":"is:Sólfar"}}},{"type":"Feature","id":"node/295788865","geometry":{"type":"Point","coordinates":[-21.9537548,64.1269703]},"properties":{"osm_type":"node","osm_id":295788865,"category":"artwork","name":"Great Auk","wikidata":null,"wikipedia":null,"tags":{"artwork_type":"statue","name:en":"Great Auk","tourism":"artwork"}}},{"type":"Feature","id":"node/318978760","geometry":{"type":"Point","coordinates":[-22.0834954,64.3170798]},"properties":{"osm_type":"node","osm_id":318978760,"category":"memorial","name":"Sjómaðurinn","wikidata":null,"wikipedia":null,"tags":{"historic":"memorial","memorial":"statue","name":"Sjómaðurinn"}}},{"type":"Feature","id":"node/320681936","geometry":{"type":"Point","coordinates":[-15.2048733,64.2442569]},"properties":{"osm_type":"node","osm_id":320681936,"category":"memorial","name":"Seamen's Monument","wikidata":null,"wikipedia":null,"tags":{"historic":"memorial","memorial":"sculpture","name":"Seamen's Monument"}}},{"type":"Feature","id":"node/321007263","geometry":{"type":"Point","coordinates":[-18.0897522,65.6771157]},"properties":{"osm_type":"node","osm_id":321007263,"category":"theatre","name":"Leikfélag Akureyrar","wikidata":null,"wikipedia":null,"tags":{"amenity":"theatre","name":"Leikfélag Akureyrar"}}},{"type":"Feature","id":"node/323278052","geometry":{"type":"Point","coordinates":[-21.9474483,64.1400848]},"properties":{"osm_type":"node","osm_id":323278052,"category":"memorial","name":"Sæmundur á selnum","wikidata":null,"wikipedia":null,"tags":{"addr:city":"Reykjavík","historic":"memorial","memorial":"sculpture","name":"Sæmundur á selnum"}}},{"type":"Feature","id":"node/353128607","geometry":{"type":"Point","coordinates":[-22.0946474,64.3081779]},"properties":{"osm_type":"node","osm_id":353128607,"category":"memorial","name":"Hafmeyjarslysið","wikidata":null,"wikipedia":null,"tags":{"historic":"memorial","memorial":"sculpture","name":"Hafmeyjarslysið"}}},{"type":"Feature","id":"node/358038299","geometry":{"type":"Point","coordinates":[-21.7375959,64.2069429]},"properties":{"osm_type":"node","osm_id":358038299,"category":"artwork","name":"Flatus Lifir","wikidata":null,"wikipedia":null,"tags":{"artwork_type":"graffiti","name":"Flatus Lifir","tourism":"artwork"}}},{"type":"Feature","id":"node/361485042","geometry":{"type":"Point","coordinates":[-21.9404182,64.1464492]},"properties":{"osm_type":"node","osm_id":361485042,"category":"memorial","name":"Tryggvi Gunnarsson","wikidata":null,"wikipedia":null,"tags":{"historic":"memorial","memorial":"bust","name":"Tryggvi Gunnarsson"}}},{"type":"Feature","id":"node/365776950","geometry":{"type":"Point","coordinates":[-21.852806,64.1253856]},"properties":{"osm_type":"node","osm_id":365776950,"category":"artwork","name":"Undir friðar og landnámssól","wikidata":null,"wikipedia":null,"tags":{"artwork_type":"sculpture","name":"Undir friðar og landnámssól","tourism":"artwork"}}},{"type":"Feature","id":"node/367512478","geometry":{"type":"Point","coordinates":[-18.647533,66.0730348]},"properties":{"osm_type":"node","osm_id":367512478,"category":"museum","name":"Náttúrugripasafn Ólafsfjarðar","wikidata":null,"wikipedia":null,"tags":{"name":"Náttúrugripasafn Ólafsfjarðar","tourism":"museum"}}},{"type":"Feature","id":"node/367515089","geometry":{"type":"Point","coordinates":[-18.6455816,66.0731195]},"properties":{"osm_type":"node","osm_id":367515089,"category":"arts_centre","name":"Gallerí Ugla","wikidata":null,"wikipedia":null,"tags":{"amenity":"arts_centre","name":"Gallerí Ugla"}}},{"type":"Feature","id":"node/412440609","geometry":{"type":"Point","coordinates":[-19.0067577,63.4159144]},"properties":{"osm_type":"node","osm_id":412440609,"category":"artwork","name":"För","wikidata":null,"wikipedia":null,"tags":{"artist_name":"Steinunn Þórarinsdóttir","name":"För","name:en":"Voyage","start_date":"2006","tourism":"artwork"}}},{"type":"Feature","id":"node/418774352","geometry":{"type":"Point","coordinates":[-17.3512163,65.8203901]},"properties":{"osm_type":"node","osm_id":418774352,"category":"museum","name":"Grenjaðarstaður","wikidata":null,"wikipedia":null,"tags":{"name":"Grenjaðarstaður","tourism":"museum","website":"https://www.husmus.is/en/grenjadarstadur"}}},{"type":"Feature","id":"node/434285483","geometry":{"type":"Point","coordinates":[-21.8457132,64.0425829]},"properties":{"osm_type":"node","osm_id":434285483,"category":"ruins","name":"Gjárétt","wikidata":null,"wikipedia":null,"tags":{"historic":"ruins","name":"Gjárétt","tourism":"attraction"}}},{"type":"Feature","id":"node/439214156","geometry":{"type":"Point","coordinates":[-23.1274573,66.0681194]},"properties":{"osm_type":"node","osm_id":439214156,"category":"museum","name":"Byggðasafn Vestfjarða","wikidata":null,"wikipedia":null,"tags":{"name":"Byggðasafn Vestfjarða","name:en":"Heritage Museum Westfjords","opening_hours":"May 16-Aug 31 10:00-17:00; Sep 01-Sep 15 11:00-15:00","tourism":"museum","website":"https://www.nedsti.is","wheelchair":"limited"}}},{"type":"Feature","id":"node/440115052","geometry":{"type":"Point","coordinates":[-21.5384308,65.0586289]},"properties":{"osm_type":"node","osm_id":440115052,"category":"museum","name":"Eiríksstaðir","wikidata":"Q10480451","wikipedia":"is:Eiríksstaðir","tags":{"name":"Eiríksstaðir","tourism":"museum","wikidata":"Q10480451","wikipedia":"is:Eiríksstaðir"}}},{"type":"Feature","id":"node/441872659","geometry":{"type":"Point","coordinates":[-15.5203109,65.262442]},"properties":{"osm_type":"node","osm_id":441872659,"category":"museum","name":"Sænautasel","wikidata":null,"wikipedia":null,"tags":{"name":"Sænautasel","tourism":"museum"}}},{"type":"Feature","id":"node/444022429","geometry":{"type":"Point","coordinates":[-21.8719306,64.0971524]},"properties":{"osm_type":"node","osm_id":444022429,"category":"theatre","name":"Leikhúsið","wikidata":null,"wikipedia":null,"tags":{"amenity":"theatre","name":"Leikhúsið","operator":"Leikfélag Kópavogs"}}},{"type":"Feature","id":"node/445065570","geometry":{"type":"Point","coordinates":[-20.2551732,63.4270465]},"properties":{"osm_type":"node","osm_id":445065570,"category":"memorial","name":"Guðlaugssund","wikidata":null,"wikipedia":null,"tags":{"historic":"memorial","name":"Guðlaugssund"}}},{"type":"Feature","id":"node/445065571","geometry":{"type":"Point","coordinates":[-20.2462217,63.4269011]},"properties":{"osm_type":"node","osm_id":445065571,"category":"memorial","name":"Guðlaugssund","wikidata":null,"wikipedia":null,"tags":{"historic":"memorial","name":"Guðlaugssund"}}},{"type":"Feature","id":"node/445090613","geometry":{"type":"Point","coordinates":[-17.8762962,65.7040916]},"properties":{"osm_type":"node","osm_id":445090613,"category":"ruins","name":"Beitarhús","wikidata":null,"wikipedia":null,"tags":{"historic":"ruins","name":"Beitarhús","ruins":"house"}}},{"type":"Feature","id":"node/445108664","geometry":{"type":"Point","coordinates":[-20.3023498,63.4389838]},"properties":{"osm_type":"node","osm_id":445108664,"category":"memorial","name":"Mormónapollur","wikidata":null,"wikipedia":null,"tags":{"historic":"memorial","name":"Mormónapollur"}}},{"type":"Feature","id":"node/450184795","geometry":{"type":"Point","coordinates":[-18.0758923,65.6515982]},"properties":{"osm_type":"node","osm_id":450184795,"category":"museum","name":"Flugsafnið","wikidata":null,"wikipedia":null,"tags":{"email":"flugsafn@flugsafn.is","name":"Flugsafnið","name:en":"Icelandic Aviation museum","opening_hours":"Sa 13:00-16:00","phone":"+354 461 4400","tourism":"museum","website":"https://www.flugsafn.is/"}}},{"type":"Feature","id":"node/451727223","geometry":{"type":"Point","coordinates":[-21.2933902,64.6647076]},"properties":{"osm_type":"node","osm_id":451727223,"category":"museum","name":"Snorrastofa","wikidata":"Q16426829","wikipedia":null,"tags":{"name":"Snorrastofa","opening_hours":"May-Aug Mo-Su,PH 10:00-17:00; Sep-Apr Mo-Fr 10:00-17:00","tourism":"museum","website":"https://www.snorrastofa.is/","wheelchair":"yes","wikidata":"Q16426829"}}},{"type":"Feature","id":"node/457115539","geometry":{"type":"Point","coordinates":[-23.9902664,65.7877496]},"properties":{"osm_type":"node","osm_id":457115539,"category":"museum","name":"Selárdalur","wikidata":null,"wikipedia":null,"tags":{"name":"Selárdalur","tourism":"museum"}}},{"type":"Feature","id":"node/458189716","geometry":{"type":"Point","coordinates":[-14.2831706,64.6575735]},"properties":{"osm_type":"node","osm_id":458189716,"category":"museum","name":"Langabúð","wikidata":null,"wikipedia":null,"tags":{"name":"Langabúð","tourism":"museum"}}},{"type":"Feature","id":"node/458196512","geometry":{"type":"Point","coordinates":[-18.0929302,65.6750298]},"properties":{"osm_type":"node","osm_id":458196512,"category":"memorial","name":"Konur gerðu garðinn","wikidata":null,"wikipedia":null,"tags":{"artist_name":"Tove Olafsson","historic":"memorial","memorial":"stone","name":"Konur gerðu garðinn"}}},{"type":"Feature","id":"node/460436220","geometry":{"type":"Point","coordinates":[-16.2256868,65.1933308]},"properties":{"osm_type":"node","osm_id":460436220,"category":"archaeological_site","name":"Eyvindarkofi","wikidata":null,"wikipedia":null,"tags":{"historic":"archaeological_site","name":"Eyvindarkofi","website":"https://www.ust.is/Natturuvernd/Fridlystsvaedi/Fridlond/nr/1209"}}},{"type":"Feature","id":"node/475909772","geometry":{"type":"Point","coordinates":[-16.9950021,65.6288223]},"properties":{"osm_type":"node","osm_id":475909772,"category":"museum","name":"Fuglasafn Sigurgeirs","wikidata":"Q16424473","wikipedia":"is:Fuglasafn Sigurgeirs","tags":{"name":"Fuglasafn Sigurgeirs","name:en":"Sigurgeirs Bird Museum","phone":"+354 464 4477","tourism":"museum","website":"https://www.fuglasafn.is/","wheelchair":"yes","wikidata":"Q16424473","wikipedia":"is:Fuglasafn Sigurgeirs"}}},{"type":"Feature","id":"node/477367277","geometry":{"type":"Point","coordinates":[-23.6271356,64.765652]},"properties":{"osm_type":"node","osm_id":477367277,"category":"artwork","name":"Bárður Snæfellsás","wikidata":"Q1018856","wikipedia":"de:Bárður Snæfellsás","tags":{"artist_name":"Ragnar Kjartansson","name":"Bárður Snæfellsás","tourism":"artwork","wheelchair":"yes","wikidata":"Q1018856","wikipedia":"de:Bárður Snæfellsás"}}},{"type":"Feature","id":"node/483411310","geometry":{"type":"Point","coordinates":[-22.9635396,64.9978539]},"properties":{"osm_type":"node","osm_id":483411310,"category":"museum","name":"Bjarnarhöfn Museum","wikidata":null,"wikipedia":null,"tags":{"alt_name":"Shark Museum","name":"Bjarnarhöfn Museum","opening_hours":"Mo-Su 09:00-18:00","phone":"+354 438 1581","tourism":"museum","website":"https://bjarnarhofn.is/"}}},{"type":"Feature","id":"node/485230379","geometry":{"type":"Point","coordinates":[-13.6887796,65.1473318]},"properties":{"osm_type":"node","osm_id":485230379,"category":"museum","name":"Náttúrugripasafnið","wikidata":null,"wikipedia":null,"tags":{"addr:city":"Neskaupstaður","addr:housenumber":"2","addr:postcode":"740","addr:street":"Egilsbraut","name":"Náttúrugripasafnið","opening_hours":"Jun-Aug 13:00-17:00","tourism":"museum"}}},{"type":"Feature","id":"node/688998258","geometry":{"type":"Point","coordinates":[-21.9404443,64.1490648]},"properties":{"osm_type":"node","osm_id":688998258,"category":"museum","name":"Listasafn Reykjavíkur","wikidata":"Q3358410","wikipedia":"en:Reykjavik Art Museum","tags":{"name":"Listasafn Reykjavíkur","name:en":"Reykjavik Art Museum","name:ru":"Музей искусств Рейкьявика","tourism":"museum","website":"https://listasafnreykjavikur.is/","wheelchair":"yes","wikidata":"Q3358410","wikipedia":"en:Reykjavik Art Museum"}}},{"type":"Feature","id":"node/688998265","geometry":{"type":"Point","coordinates":[-21.9413926,64.1494664]},"properties":{"osm_type":"node","osm_id":688998265,"category":"museum","name":"Ljósmyndasafn Reykjavíkur","wikidata":"Q16420866","wikipedia":"en:Reykjavík Museum of Photography","tags":{"addr:city":"Reykjavík","name":"Ljósmyndasafn Reykjavíkur","name:en":"Reykjavik Museum of Photography","opening_hours":"Mo-Th 10:00-18:00; Fr 11:00-18:00; Sa, Su 13:00-17:00","tourism":"museum","wikidata":"Q16420866","wikipedia":"en:Reykjavík Museum of Photography"}}},{"type":"Feature","id":"node/688998282","geometry":{"type":"Point","coordinates":[-21.9392189,64.1441073]},"properties":{"osm_type":"node","osm_id":688998282,"category":"museum","name":"Listasafn Íslands","wikidata":"Q3480309","wikipedia":"is:Listasafn Íslands","tags":{"addr:housenumber":"7","addr:postcode":"101","addr:street":"Fríkirkjuvegur","name":"Listasafn Íslands","name:en":"National Gallery of Iceland","name:zh":"冰岛国家美术馆","opening_hours":"Mo-Su 10:00-17:00","tourism":"museum","wheelchair":"yes","wikidata":"Q3480309","wikipedia":"is:Listasafn Íslands"}}},{"type":"Feature","id":"node/694333669","geometry":{"type":"Point","coordinates":[-21.920065,64.5395125]},"properties":{"osm_type":"node","osm_id":694333669,"category":"memorial","name":"Skallagrímshaugur","wikidata":null,"wikipedia":null,"tags":{"historic":"memorial","memorial":"sculpture","name":"Skallagrímshaugur"}}},{"type":"Feature","id":"node/736640284","geometry":{"type":"Point","coordinates":[-21.6137999,64.4279422]},"properties":{"osm_type":"node","osm_id":736640284,"category":"historic","name":"Skógarkirkja","wikidata":null,"wikipedia":null,"tags":{"historic":"wayside_cross","name":"Skógarkirkja"}}},{"type":"Feature","id":"node/828393682","geometry":{"type":"Point","coordinates":[-18.0892522,65.6685532]},"properties":{"osm_type":"node","osm_id":828393682,"category":"historic","name":"Cross","wikidata":null,"wikipedia":null,"tags":{"historic":"wayside_cross","name":"Cross"}}},{"type":"Feature","id":"node/851173912","geometry":{"type":"Point","coordinates":[-18.5327937,65.9740284]},"properties":{"osm_type":"node","osm_id":851173912,"category":"museum","name":"Hvoll","wikidata":null,"wikipedia":null,"tags":{"addr:city":"Dalvík","addr:country":"IS","addr:postcode":"620","addr:street":"Karlsrauðatorg","email":"hvoll@dalvikurbyggd.is","name":"Hvoll","phone":"+354 466 1497","tourism":"museum"}}},{"type":"Feature","id":"node/867501478","geometry":{"type":"Point","coordinates":[-16.2862638,64.8635582]},"properties":{"osm_type":"node","osm_id":867501478,"category":"ruins","name":"Eyvindarkofa","wikidata":null,"wikipedia":null,"tags":{"historic":"ruins","name":"Eyvindarkofa"}}},{"type":"Feature","id":"node/893398623","geometry":{"type":"Point","coordinates":[-16.7749429,65.7026971]},"properties":{"osm_type":"node","osm_id":893398623,"category":"museum","name":"Kröflustöð","wikidata":null,"wikipedia":null,"tags":{"name":"Kröflustöð","name:zh":"克拉夫拉地熱發電廠","opening_hours":"Jun-Aug: Mo-Su 10:00-17:00","tourism":"museum"}}},{"type":"Feature","id":"node/910847866","geometry":{"type":"Point","coordinates":[-20.2932128,65.661912]},"properties":{"osm_type":"node","osm_id":910847866,"category":"museum","name":"Heimilisiðnaðarsafnið Textile Museum","wikidata":null,"wikipedia":null,"tags":{"addr:housenumber":"29","addr:postcode":"540","addr:street":"Árbraut","name":"Heimilisiðnaðarsafnið Textile Museum","tourism":"museum","website":"https://www.textile.is/"}}},{"type":"Feature","id":"node/971164356","geometry":{"type":"Point","coordinates":[-21.9139474,64.1378705]},"properties":{"osm_type":"node","osm_id":971164356,"category":"museum","name":"Kjarvalsstaðir","wikidata":null,"wikipedia":null,"tags":{"addr:city":"Reykjavík","addr:postcode":"105","addr:street":"Flókagata","email":"listasafn@reykjavik.is","name":"Kjarvalsstaðir","opening_hours":"Mo-Su 10:00-17:00","operator":"Listasafn Reykjavíkur","phone":"+354 411 6420","tourism":"museum","website":"https://listasafnreykjavikur.is/kjarvalsstadir","wheelchair":"yes"}}},{"type":"Feature","id":"node/972856108","geometry":{"type":"Point","coordinates":[-21.937104,64.1459237]},"properties":{"osm_type":"node","osm_id":972856108,"category":"artwork","name":"Pallas Athena","wikidata":null,"wikipedia":null,"tags":{"artwork_type":"statue","name":"Pallas Athena","tourism":"artwork"}}},{"type":"Feature","id":"node/1110038051","geometry":{"type":"Point","coordinates":[-21.9397068,64.1471915]},"properties":{"osm_type":"node","osm_id":1110038051,"category":"artwork","name":"Jón Sigurðsson","wikidata":null,"wikipedia":null,"tags":{"alt_name":"Jon Sigurdsson","artist_name":"Einar Jónsson","artwork_type":"statue","historic":"memorial","memorial":"statue","name":"Jón Sigurðsson","name:en":"Jon Sigurdsson","name:is":"Jón Sigurðsson","tourism":"artwork","wheelchair":"yes"}}},{"type":"Feature","id":"node/1194752806","geometry":{"type":"Point","coordinates":[-18.0213977,66.5485685]},"properties":{"osm_type":"node","osm_id":1194752806,"category":"memorial","name":"Arctic Circle Monument","wikidata":null,"wikipedia":null,"tags":{"historic":"memorial","memorial":"statue","name":"Arctic Circle Monument"}}},{"type":"Feature","id":"node/1243688088","geometry":{"type":"Point","coordinates":[-21.5818503,64.1809135]},"properties":{"osm_type":"node","osm_id":1243688088,"category":"museum","name":"Gljúfrasteinn","wikidata":"Q2312229","wikipedia":"is:Gljúfrasteinn","tags":{"name":"Gljúfrasteinn","tourism":"museum","wikidata":"Q2312229","wikipedia":"is:Gljúfrasteinn"}}},{"type":"Feature","id":"node/1243838205","geometry":{"type":"Point","coordinates":[-21.9374058,64.1431055]},"properties":{"osm_type":"node","osm_id":1243838205,"category":"artwork","name":"Berliner Bär","wikidata":null,"wikipedia":null,"tags":{"artwork_type":"sculpture","name":"Berliner Bär","tourism":"artwork"}}},{"type":"Feature","id":"node/1264724303","geometry":{"type":"Point","coordinates":[-21.9427823,64.1473511]},"properties":{"osm_type":"node","osm_id":1264724303,"category":"museum","name":"Reykjavík 871±2","wikidata":"Q7319496","wikipedia":"en:The Settlement Exhibition","tags":{"addr:city":"Reykjavík","addr:country":"IS","addr:housenumber":"16","addr:postcode":"101","addr:street":"Aðalstræti","name":"Reykjavík 871±2","opening_hours":"Mo-Su 10:00-17:00","tourism":"museum","wheelchair":"yes","wikidata":"Q7319496","wikipedia":"en:The Settlement Exhibition"}}},{"type":"Feature","id":"node/1289169849","geometry":{"type":"Point","coordinates":[-21.5368078,65.0586625]},"properties":{"osm_type":"node","osm_id":1289169849,"category":"memorial","name":"Leifur Eiríksson","wikidata":null,"wikipedia":null,"tags":{"historic":"memorial","material":"metal","memorial":"statue","name":"Leifur Eiríksson","name:en":"Leifur Eriksson"}}},{"type":"Feature","id":"node/1341412783","geometry":{"type":"Point","coordinates":[-21.9217185,64.1441681]},"properties":{"osm_type":"node","osm_id":1341412783,"category":"gallery","name":"Arctic Photo","wikidata":null,"wikipedia":null,"tags":{"name":"Arctic Photo","tourism":"gallery"}}},{"type":"Feature","id":"node/1346289787","geometry":{"type":"Point","coordinates":[-21.8700382,64.1405374]},"properties":{"osm_type":"node","osm_id":1346289787,"category":"artwork","name":"Fyssa","wikidata":null,"wikipedia":null,"tags":{"artwork_type":"sculpture","historic":"monument","name":"Fyssa","tourism":"artwork"}}},{"type":"Feature","id":"node/1384849734","geometry":{"type":"Point","coordinates":[-17.5797502,65.7808218]},"properties":{"osm_type":"node","osm_id":1384849734,"category":"museum","name":"Ystafell Transporation museum","wikidata":null,"wikipedia":null,"tags":{"name":"Ystafell Transporation museum","tourism":"museum"}}},{"type":"Feature","id":"node/1407349794","geometry":{"type":"Point","coordinates":[-18.0503847,63.7891263]},"properties":{"osm_type":"node","osm_id":1407349794,"category":"museum","name":"Kirkjubaejarstofa","wikidata":null,"wikipedia":null,"tags":{"name":"Kirkjubaejarstofa","phone":"+354 487 4645","tourism":"museum"}}},{"type":"Feature","id":"node/1467349701","geometry":{"type":"Point","coordinates":[-23.2160481,66.1501599]},"properties":{"osm_type":"node","osm_id":1467349701,"category":"museum","name":"Ósvör","wikidata":"Q16420862","wikipedia":null,"tags":{"name":"Ósvör","tourism":"museum","wikidata":"Q16420862"}}},{"type":"Feature","id":"node/1470766362","geometry":{"type":"Point","coordinates":[-21.9363117,64.1470269]},"properties":{"osm_type":"node","osm_id":1470766362,"category":"artwork","name":"Vatnsberinn","wikidata":null,"wikipedia":null,"tags":{"artwork_type":"sculpture","name":"Vatnsberinn","tourism":"artwork"}}},{"type":"Feature","id":"node/1470797144","geometry":{"type":"Point","coordinates":[-21.9330521,64.1478]},"properties":{"osm_type":"node","osm_id":1470797144,"category":"memorial","name":"Ingólfur Arnarson","wikidata":null,"wikipedia":null,"tags":{"artist_name":"Einar Jónsson","historic":"memorial","memorial":"statue","name":"Ingólfur Arnarson"}}},{"type":"Feature","id":"node/1470797149","geometry":{"type":"Point","coordinates":[-21.9357089,64.147233]},"properties":{"osm_type":"node","osm_id":1470797149,"category":"artwork","name":"Hannes Hafstein","wikidata":null,"wikipedia":null,"tags":{"artist_name":"Einar Jónsson","artwork_type":"statue","material":"metal","memorial":"statue","name":"Hannes Hafstein","start_date":"1928","tourism":"artwork"}}},{"type":"Feature","id":"node/1470797159","geometry":{"type":"Point","coordinates":[-21.935328,64.1474809]},"properties":{"osm_type":"node","osm_id":1470797159,"category":"artwork","name":"Kristján IX","wikidata":null,"wikipedia":null,"tags":{"artist_name":"Einar Jónsson","artwork_type":"statue","material":"metal","memorial":"statue","name":"Kristján IX","name:en":"King Christian IX of Denmark","start_date":"1907..1908","tourism":"artwork"}}},{"type":"Feature","id":"node/1481064591","geometry":{"type":"Point","coordinates":[-21.9483853,64.1432342]},"properties":{"osm_type":"node","osm_id":1481064591,"category":"artwork","name":"Útlagar","wikidata":null,"wikipedia":null,"tags":{"artist_name":"Einar Jónsson","artwork_type":"sculpture","name":"Útlagar","name:en":"Outlaws","start_date":"1901","tourism":"artwork"}}},{"type":"Feature","id":"node/1511563888","geometry":{"type":"Point","coordinates":[-21.9357603,64.1484683]},"properties":{"osm_type":"node","osm_id":1511563888,"category":"museum","name":"Hið Íslenzka Reðasafn","wikidata":"Q177174","wikipedia":"en:Icelandic Phallological Museum","tags":{"addr:city":"Reykjavík","addr:housenumber":"2","addr:postcode":"101","addr:street":"Geirsgata","name":"Hið Íslenzka Reðasafn","name:da":"Det Islandske Fallologiske Museum","name:en":"The Icelandic Phallological Museum","name:ru":"Исландский фаллологический музей","name:zh":"生殖器博物館","opening_hours":"10:00-19:00","tourism":"museum","website":"https://www.phallus.is/","wheelchair":"no","wikidata":"Q177174","wikipedia":"en:Icelandic Phallological Museum"}}},{"type":"Feature","id":"node/1518148243","geometry":{"type":"Point","coordinates":[-16.7318484,65.0464517]},"properties":{"osm_type":"node","osm_id":1518148243,"category":"memorial","name":"Walter von Knebel and Max Rudloff","wikidata":null,"wikipedia":null,"tags":{"historic":"memorial","name":"Walter von Knebel and Max Rudloff"}}},{"type":"Feature","id":"node/1672263371","geometry":{"type":"Point","coordinates":[-21.859273,64.1632751]},"properties":{"osm_type":"node","osm_id":1672263371,"category":"memorial","name":"Friðarsúlan","wikidata":"Q116484","wikipedia":"en:Imagine Peace Tower","tags":{"historic":"memorial","name":"Friðarsúlan","name:en":"Imagine Peace Tower","name:is":"Friðarsúlan","name:zh":"想象世界和平塔","website":"https://imaginepeacetower.com/","wikidata":"Q116484","wikipedia":"en:Imagine Peace Tower"}}},{"type":"Feature","id":"node/1722849873","geometry":{"type":"Point","coordinates":[-21.9488802,64.1531874]},"properties":{"osm_type":"node","osm_id":1722849873,"category":"museum","name":"Víkin","wikidata":"Q7929434","wikipedia":"en:Reykjavík Maritime Museum","tags":{"addr:city":"Reykjavík","name":"Víkin","opening_hours":"Mo-Su 10:00-17:00","tourism":"museum","website":"http://www.sjominjasafn.is","wikidata":"Q7929434","wikipedia":"en:Reykjavík Maritime Museum"}}},{"type":"Feature","id":"node/1750255976","geometry":{"type":"Point","coordinates":[-21.7636794,64.5648166]},"properties":{"osm_type":"node","osm_id":1750255976,"category":"museum","name":"Landbúnaðarsafn Íslands","wikidata":null,"wikipedia":null,"tags":{"name":"Landbúnaðarsafn Íslands","name:en":"The Agricultural Museum of Iceland","tourism":"museum","website":"https://www.landbunadarsafn.is/"}}},{"type":"Feature","id":"node/1764456566","geometry":{"type":"Point","coordinates":[-21.9383226,64.1494032]},"properties":{"osm_type":"node","osm_id":1764456566,"category":"historic","name":"Minør","wikidata":null,"wikipedia":null,"tags":{"addr:city":"Reykjavík","historic":"locomotive","name":"Minør","tourism":"attraction","wheelchair":"yes"}}},{"type":"Feature","id":"node/1786259396","geometry":{"type":"Point","coordinates":[-21.4743865,65.9524869]},"properties":{"osm_type":"node","osm_id":1786259396,"category":"historic","name":"Carl Fr. Jensen","wikidata":null,"wikipedia":null,"tags":{"historic":"grave","name":"Carl Fr. Jensen"}}},{"type":"Feature","id":"node/1787213347","geometry":{"type":"Point","coordinates":[-22.4233794,65.9229827]},"properties":{"osm_type":"node","osm_id":1787213347,"category":"historic","name":"Gamla sundlaug","wikidata":null,"wikipedia":null,"tags":{"alt_name":"Gamla laugin","historic":"yes","name":"Gamla sundlaug"}}},{"type":"Feature","id":"node/1790734535","geometry":{"type":"Point","coordinates":[-14.0918333,65.3028333]},"properties":{"osm_type":"node","osm_id":1790734535,"category":"archaeological_site","name":"Fjallkonan","wikidata":null,"wikipedia":null,"tags":{"historic":"archaeological_site","name":"Fjallkonan"}}},{"type":"Feature","id":"node/1792418190","geometry":{"type":"Point","coordinates":[-23.2073078,65.7346557]},"properties":{"osm_type":"node","osm_id":1792418190,"category":"historic","name":"Dynjandislaug","wikidata":null,"wikipedia":null,"tags":{"historic":"yes","name":"Dynjandislaug"}}},{"type":"Feature","id":"node/1794495005","geometry":{"type":"Point","coordinates":[-21.8047591,65.2328274]},"properties":{"osm_type":"node","osm_id":1794495005,"category":"historic","name":"Guðrúnarlaug","wikidata":null,"wikipedia":null,"tags":{"historic":"yes","name":"Guðrúnarlaug"}}},{"type":"Feature","id":"node/1800110944","geometry":{"type":"Point","coordinates":[-23.3281667,65.9801667]},"properties":{"osm_type":"node","osm_id":1800110944,"category":"ruins","name":"Kroppstaðir","wikidata":null,"wikipedia":null,"tags":{"historic":"ruins","name":"Kroppstaðir"}}},{"type":"Feature","id":"node/1800527144","geometry":{"type":"Point","coordinates":[-24.1573878,65.5625821]},"properties":{"osm_type":"node","osm_id":1800527144,"category":"museum","name":"Hnjótur","wikidata":null,"wikipedia":null,"tags":{"building":"yes","name":"Hnjótur","tourism":"museum"}}},{"type":"Feature","id":"node/1800527159","geometry":{"type":"Point","coordinates":[-22.0841774,65.6028615]},"properties":{"osm_type":"node","osm_id":1800527159,"category":"memorial","name":"Kollabúðir","wikidata":null,"wikipedia":null,"tags":{"historic":"memorial","name":"Kollabúðir"}}},{"type":"Feature","id":"node/1867272781","geometry":{"type":"Point","coordinates":[-23.1279287,66.0743534]},"properties":{"osm_type":"node","osm_id":1867272781,"category":"artwork","name":"Úr álögum","wikidata":null,"wikipedia":null,"tags":{"historic":"memorial","name":"Úr álögum","tourism":"artwork"}}},{"type":"Feature","id":"node/1867272819","geometry":{"type":"Point","coordinates":[-23.1275578,66.0761056]},"properties":{"osm_type":"node","osm_id":1867272819,"category":"artwork","name":"Kuml","wikidata":null,"wikipedia":null,"tags":{"historic":"memorial","material":"stone","memorial":"artwork","name":"Kuml","tourism":"artwork"}}},{"type":"Feature","id":"node/1871454487","geometry":{"type":"Point","coordinates":[-21.9592012,64.0717573]},"properties":{"osm_type":"node","osm_id":1871454487,"category":"artwork","name":"Bjarni Sívertsen","wikidata":null,"wikipedia":null,"tags":{"artwork_type":"bust","memorial":"statue","name":"Bjarni Sívertsen","tourism":"artwork"}}},{"type":"Feature","id":"node/1876237385","geometry":{"type":"Point","coordinates":[-23.1686218,65.5756131]},"properties":{"osm_type":"node","osm_id":1876237385,"category":"memorial","name":"Og nefndu landið Ísland","wikidata":"Q737030","wikipedia":"is:Hrafna-Flóki Vilgerðarson","tags":{"historic":"memorial","material":"stone","memorial":"stone","name":"Og nefndu landið Ísland","wikidata":"Q737030","wikipedia":"is:Hrafna-Flóki Vilgerðarson"}}},{"type":"Feature","id":"node/1906598589","geometry":{"type":"Point","coordinates":[-21.9138198,64.1430744]},"properties":{"osm_type":"node","osm_id":1906598589,"category":"memorial","name":"Klyfjahestur","wikidata":null,"wikipedia":null,"tags":{"historic":"memorial","memorial":"sculpture","name":"Klyfjahestur"}}},{"type":"Feature","id":"node/1920552579","geometry":{"type":"Point","coordinates":[-15.0976825,65.6159462]},"properties":{"osm_type":"node","osm_id":1920552579,"category":"museum","name":"Bustarfell","wikidata":null,"wikipedia":null,"tags":{"name":"Bustarfell","name:de":"Bustarfell","tourism":"museum"}}},{"type":"Feature","id":"node/1929103418","geometry":{"type":"Point","coordinates":[-13.9818641,65.26781]},"properties":{"osm_type":"node","osm_id":1929103418,"category":"artwork","name":"Tvísöngur","wikidata":null,"wikipedia":null,"tags":{"artist_name":"Lukas Kühne","artwork_type":"sculpture","name":"Tvísöngur","tourism":"artwork"}}},{"type":"Feature","id":"node/1976887375","geometry":{"type":"Point","coordinates":[-21.9594714,64.0701355]},"properties":{"osm_type":"node","osm_id":1976887375,"category":"museum","name":"Byggðasafn Hafnarfjarðar","wikidata":null,"wikipedia":null,"tags":{"name":"Byggðasafn Hafnarfjarðar","tourism":"museum","wheelchair":"limited"}}},{"type":"Feature","id":"node/2019040256","geometry":{"type":"Point","coordinates":[-21.8348032,64.0897388]},"properties":{"osm_type":"node","osm_id":2019040256,"category":"historic","name":"Markasteinn","wikidata":null,"wikipedia":null,"tags":{"historic":"boundary_stone","name":"Markasteinn"}}},{"type":"Feature","id":"node/2030839521","geometry":{"type":"Point","coordinates":[-19.7507002,64.1515731]},"properties":{"osm_type":"node","osm_id":2030839521,"category":"ruins","name":"Stöng","wikidata":null,"wikipedia":null,"tags":{"historic":"ruins","name":"Stöng"}}},{"type":"Feature","id":"node/2051930559","geometry":{"type":"Point","coordinates":[-20.1244797,64.3257016]},"properties":{"osm_type":"node","osm_id":2051930559,"category":"memorial","name":"Sigríður Tómasdóttir","wikidata":null,"wikipedia":null,"tags":{"historic":"memorial","material":"stone","memorial":"stele","name":"Sigríður Tómasdóttir"}}},{"type":"Feature","id":"node/2063704705","geometry":{"type":"Point","coordinates":[-18.9069974,66.1544568]},"properties":{"osm_type":"node","osm_id":2063704705,"category":"museum","name":"Gallerí Fríða Gylfadóttir","wikidata":null,"wikipedia":null,"tags":{"name":"Gallerí Fríða Gylfadóttir","tourism":"museum","website":"https://frida.is/"}}},{"type":"Feature","id":"node/2150566517","geometry":{"type":"Point","coordinates":[-23.5130784,66.0507325]},"properties":{"osm_type":"node","osm_id":2150566517,"category":"memorial","name":"Minning þeirra sem fórust í snjóflóðinu á Flateyri þann 26. október 1995.","wikidata":"Q85727229","wikipedia":"en:1995 Flateyri avalanche","tags":{"historic":"memorial","memorial":"plaque","name":"Minning þeirra sem fórust í snjóflóðinu á Flateyri þann 26. október 1995.","wikidata":"Q85727229","wikipedia":"en:1995 Flateyri avalanche"}}},{"type":"Feature","id":"node/2156045035","geometry":{"type":"Point","coordinates":[-22.0445039,64.3198699]},"properties":{"osm_type":"node","osm_id":2156045035,"category":"museum","name":"Byggðarsafnið","wikidata":null,"wikipedia":null,"tags":{"name":"Byggðarsafnið","tourism":"museum"}}},{"type":"Feature","id":"node/2159402037","geometry":{"type":"Point","coordinates":[-20.8392626,64.0430106]},"properties":{"osm_type":"node","osm_id":2159402037,"category":"archaeological_site","name":"Beitarhústóft 440012","wikidata":null,"wikipedia":null,"tags":{"historic":"archaeological_site","name":"Beitarhústóft 440012"}}},{"type":"Feature","id":"node/2159412765","geometry":{"type":"Point","coordinates":[-20.8155841,64.0320401]},"properties":{"osm_type":"node","osm_id":2159412765,"category":"archaeological_site","name":"Gamlar tóftir bæjarins Hraunkots","wikidata":null,"wikipedia":null,"tags":{"historic":"archaeological_site","name":"Gamlar tóftir bæjarins Hraunkots"}}},{"type":"Feature","id":"node/2218536633","geometry":{"type":"Point","coordinates":[-22.433277,63.8407996]},"properties":{"osm_type":"node","osm_id":2218536633,"category":"artwork","name":"Vonin","wikidata":null,"wikipedia":null,"tags":{"name":"Vonin","tourism":"artwork"}}},{"type":"Feature","id":"node/2241488225","geometry":{"type":"Point","coordinates":[-21.1587209,63.8648248]},"properties":{"osm_type":"node","osm_id":2241488225,"category":"artwork","name":"Björgunarsveitin Björg","wikidata":null,"wikipedia":null,"tags":{"artwork_type":"statue","material":"copper","name":"Björgunarsveitin Björg","tourism":"artwork"}}},{"type":"Feature","id":"node/2255993506","geometry":{"type":"Point","coordinates":[-18.0982379,65.6864988]},"properties":{"osm_type":"node","osm_id":2255993506,"category":"monument","name":"Helgi magri og Þórunn hyrna","wikidata":null,"wikipedia":null,"tags":{"historic":"monument","name":"Helgi magri og Þórunn hyrna"}}},{"type":"Feature","id":"node/2292974766","geometry":{"type":"Point","coordinates":[-21.9182611,64.128838]},"properties":{"osm_type":"node","osm_id":2292974766,"category":"artwork","name":"Dansleikur","wikidata":null,"wikipedia":null,"tags":{"artist_name":"Þorbjörg Pálsdóttir","artwork_type":"sculpture","name":"Dansleikur","start_date":"1970","tourism":"artwork"}}},{"type":"Feature","id":"node/2329925623","geometry":{"type":"Point","coordinates":[-21.9093056,64.1116927]},"properties":{"osm_type":"node","osm_id":2329925623,"category":"museum","name":"Náttúrufræðistofa Kópavogs","wikidata":"Q16423229","wikipedia":"is:Náttúrufræðistofa Kópavogs","tags":{"addr:city":"Kópavogur","addr:housenumber":"6a","addr:postcode":"200","addr:street":"Hamraborg","name":"Náttúrufræðistofa Kópavogs","tourism":"museum","website":"https://natkop.kopavogur.is/","wheelchair":"yes","wikidata":"Q16423229","wikipedia":"is:Náttúrufræðistofa Kópavogs"}}},{"type":"Feature","id":"node/2329943504","geometry":{"type":"Point","coordinates":[-21.9506468,64.1426715]},"properties":{"osm_type":"node","osm_id":2329943504,"category":"museum","name":"Tónlistarsafn Íslands","wikidata":null,"wikipedia":null,"tags":{"addr:city":"Reykjavík","addr:housenumber":"3","addr:postcode":"107","addr:street":"Arngrímsgata","name":"Tónlistarsafn Íslands","operator":"Landsbókasafn Íslands-Háskólabókasafn","tourism":"museum"}}},{"type":"Feature","id":"node/2372295445","geometry":{"type":"Point","coordinates":[-21.9090186,64.1251131]},"properties":{"osm_type":"node","osm_id":2372295445,"category":"memorial","name":"Minnismerki óþekkta sjómanninn","wikidata":null,"wikipedia":null,"tags":{"historic":"memorial","name":"Minnismerki óþekkta sjómanninn"}}},{"type":"Feature","id":"node/2372295446","geometry":{"type":"Point","coordinates":[-21.9092042,64.1250829]},"properties":{"osm_type":"node","osm_id":2372295446,"category":"memorial","name":"Minningaöldur sjómannadagsins","wikidata":null,"wikipedia":null,"tags":{"historic":"memorial","name":"Minningaöldur sjómannadagsins"}}},{"type":"Feature","id":"node/2388056452","geometry":{"type":"Point","coordinates":[-21.8585568,64.1374741]},"properties":{"osm_type":"node","osm_id":2388056452,"category":"artwork","name":"Hyrningar VI","wikidata":null,"wikipedia":null,"tags":{"artist_name":"Hallsteinn Sigurðsson","artwork_type":"sculpture","name":"Hyrningar VI","tourism":"artwork"}}},{"type":"Feature","id":"node/2399558242","geometry":{"type":"Point","coordinates":[-22.5096993,63.9796509]},"properties":{"osm_type":"node","osm_id":2399558242,"category":"memorial","name":"Minnisvarði um Jón Þorkelsson","wikidata":null,"wikipedia":null,"tags":{"artist_name":"Ríkharður Jónsson","historic":"memorial","memorial":"statue","name":"Minnisvarði um Jón Þorkelsson"}}},{"type":"Feature","id":"node/2401642331","geometry":{"type":"Point","coordinates":[-21.9323931,64.1146924]},"properties":{"osm_type":"node","osm_id":2401642331,"category":"museum","name":"Þjóðminjasafn Íslands - varðveisla","wikidata":null,"wikipedia":null,"tags":{"name":"Þjóðminjasafn Íslands - varðveisla","tourism":"museum","wheelchair":"yes"}}},{"type":"Feature","id":"node/2410184198","geometry":{"type":"Point","coordinates":[-21.849481,64.1126846]},"properties":{"osm_type":"node","osm_id":2410184198,"category":"artwork","name":"Minnisvarði um Ólaf Kárason","wikidata":null,"wikipedia":null,"tags":{"name":"Minnisvarði um Ólaf Kárason","tourism":"artwork"}}},{"type":"Feature","id":"node/2412854837","geometry":{"type":"Point","coordinates":[-20.9477742,65.395349]},"properties":{"osm_type":"node","osm_id":2412854837,"category":"museum","name":"Selasetur Íslands, Upplýsingamiðstöð","wikidata":null,"wikipedia":null,"tags":{"email":"selasetur@selasetur.is","name":"Selasetur Íslands, Upplýsingamiðstöð","name:en":"Seal Center","opening_hours":"Mo-Su 09:00-18:00","phone":"+354 451 2345","tourism":"museum","website":"https://www.selasetur.is","wheelchair":"yes"}}},{"type":"Feature","id":"node/2428911129","geometry":{"type":"Point","coordinates":[-21.939594,64.1467429]},"properties":{"osm_type":"node","osm_id":2428911129,"category":"memorial","name":"Hallgrimsharpan","wikidata":null,"wikipedia":null,"tags":{"artist_name":"Julius Schau","historic":"memorial","memorial":"obelisk","name":"Hallgrimsharpan","start_date":"1885"}}},{"type":"Feature","id":"node/2428911135","geometry":{"type":"Point","coordinates":[-21.9179259,64.1461319]},"properties":{"osm_type":"node","osm_id":2428911135,"category":"artwork","name":"Islandsvardan","wikidata":null,"wikipedia":null,"tags":{"artist_name":"Jóhann Eyfells","name":"Islandsvardan","tourism":"artwork"}}},{"type":"Feature","id":"node/2428911144","geometry":{"type":"Point","coordinates":[-21.9096868,64.1469585]},"properties":{"osm_type":"node","osm_id":2428911144,"category":"artwork","name":"Samstarf","wikidata":null,"wikipedia":null,"tags":{"artist_name":"Pétur Bjarnason","artwork_type":"sculpture","name":"Samstarf","name:en":"Partnership","name:is":"Samstarf","tourism":"artwork"}}},{"type":"Feature","id":"node/2440903166","geometry":{"type":"Point","coordinates":[-22.9132484,65.3732712]},"properties":{"osm_type":"node","osm_id":2440903166,"category":"ruins","name":"Bátur","wikidata":null,"wikipedia":null,"tags":{"historic":"ruins","name":"Bátur"}}},{"type":"Feature","id":"node/2440903169","geometry":{"type":"Point","coordinates":[-22.9137902,65.3730923]},"properties":{"osm_type":"node","osm_id":2440903169,"category":"ruins","name":"Bátur","wikidata":null,"wikipedia":null,"tags":{"historic":"ruins","name":"Bátur"}}},{"type":"Feature","id":"node/2440950998","geometry":{"type":"Point","coordinates":[-22.8129706,65.3758684]},"properties":{"osm_type":"node","osm_id":2440950998,"category":"ruins","name":"Bátur","wikidata":null,"wikipedia":null,"tags":{"historic":"ruins","name":"Bátur"}}},{"type":"Feature","id":"node/2459734051","geometry":{"type":"Point","coordinates":[-19.1605012,63.944146]},"properties":{"osm_type":"node","osm_id":2459734051,"category":"memorial","name":"Ido Keinan","wikidata":null,"wikipedia":null,"tags":{"historic":"memorial","memorial":"plaque","name":"Ido Keinan"}}},{"type":"Feature","id":"node/2469473295","geometry":{"type":"Point","coordinates":[-16.9595576,63.9845531]},"properties":{"osm_type":"node","osm_id":2469473295,"category":"monument","name":"Gigjukvisl Bridge Memorial","wikidata":null,"wikipedia":null,"tags":{"historic":"monument","name":"Gigjukvisl Bridge Memorial"}}},{"type":"Feature","id":"node/2504820272","geometry":{"type":"Point","coordinates":[-20.5971767,65.4747784]},"properties":{"osm_type":"node","osm_id":2504820272,"category":"ruins","name":"Borgarvirki","wikidata":null,"wikipedia":null,"tags":{"historic":"ruins","name":"Borgarvirki","tourism":"attraction"}}},{"type":"Feature","id":"node/2506015469","geometry":{"type":"Point","coordinates":[-21.1075152,65.2546274]},"properties":{"osm_type":"node","osm_id":2506015469,"category":"museum","name":"Byggðasafn Húnvetninga og Strandamanna","wikidata":null,"wikipedia":null,"tags":{"name":"Byggðasafn Húnvetninga og Strandamanna","tourism":"museum","website":"https://nat.is/reykir-museum/"}}},{"type":"Feature","id":"node/2509441045","geometry":{"type":"Point","coordinates":[-19.8206426,64.1199874]},"properties":{"osm_type":"node","osm_id":2509441045,"category":"museum","name":"Þjóðveldisbærinn","wikidata":null,"wikipedia":null,"tags":{"name":"Þjóðveldisbærinn","name:de":"Grassodenhäuser","tourism":"museum"}}},{"type":"Feature","id":"node/2513830362","geometry":{"type":"Point","coordinates":[-20.9442705,65.3949958]},"properties":{"osm_type":"node","osm_id":2513830362,"category":"museum","name":"Bardúsa verslunarminjasafn","wikidata":null,"wikipedia":null,"tags":{"addr:city":"Hvammstangi","addr:housenumber":"4","addr:postcode":"530","addr:street":"Brekkugata","name":"Bardúsa verslunarminjasafn","phone":"+354 451 2747","tourism":"museum","website":"https://www.facebook.com/pages/Verslunarminjasafn-Bardúsa-Hvammstanga"}}},{"type":"Feature","id":"node/2573921866","geometry":{"type":"Point","coordinates":[-21.5220615,65.7809339]},"properties":{"osm_type":"node","osm_id":2573921866,"category":"museum","name":"Kotbýli kuklarans","wikidata":null,"wikipedia":null,"tags":{"addr:city":"Bjarnarfjörður","addr:country":"IS","addr:postcode":"511","addr:street":"Strandavegur","email":"galdrasyning@holmavik.is","name":"Kotbýli kuklarans","name:en":"The Sorcerer Cottage","phone":"+354 451 3525","tourism":"museum","website":"https://galdrasyning.is/"}}},{"type":"Feature","id":"node/2573935108","geometry":{"type":"Point","coordinates":[-21.5137813,66.0119526]},"properties":{"osm_type":"node","osm_id":2573935108,"category":"museum","name":"Minja- og handverkshúsið Kört","wikidata":null,"wikipedia":null,"tags":{"name":"Minja- og handverkshúsið Kört","tourism":"museum"}}},{"type":"Feature","id":"node/2573938590","geometry":{"type":"Point","coordinates":[-21.5833711,65.6410528]},"properties":{"osm_type":"node","osm_id":2573938590,"category":"museum","name":"The Sheep Farming Museum","wikidata":null,"wikipedia":null,"tags":{"addr:country":"IS","addr:postcode":"511","email":"saudfjarsetur@saudfjarsetur.is","name":"The Sheep Farming Museum","phone":"+354 693 3474","tourism":"museum","website":"https://saudfjarsetur.is","wheelchair":"limited"}}},{"type":"Feature","id":"node/2749641001","geometry":{"type":"Point","coordinates":[-22.6990358,63.8320292]},"properties":{"osm_type":"node","osm_id":2749641001,"category":"museum","name":"Powerplant Exhibition","wikidata":null,"wikipedia":null,"tags":{"name":"Powerplant Exhibition","tourism":"museum","website":"http://www.powerplantearth.is/"}}},{"type":"Feature","id":"node/2749712754","geometry":{"type":"Point","coordinates":[-20.01254,63.9925372]},"properties":{"osm_type":"node","osm_id":2749712754,"category":"museum","name":"Heklusetrið","wikidata":null,"wikipedia":null,"tags":{"name":"Heklusetrið","name:de":"Hekla Informationszentrum","name:en":"Hekla Information Center","name:is":"Heklusetrið","tourism":"museum"}}},{"type":"Feature","id":"node/2771605249","geometry":{"type":"Point","coordinates":[-21.8870954,64.0822374]},"properties":{"osm_type":"node","osm_id":2771605249,"category":"heritage","name":"Vífilsstaðir","wikidata":null,"wikipedia":null,"tags":{"historic":"heritage","name":"Vífilsstaðir"}}},{"type":"Feature","id":"node/2849419826","geometry":{"type":"Point","coordinates":[-23.7959693,66.0104906]},"properties":{"osm_type":"node","osm_id":2849419826,"category":"ruins","name":"Fjallaskagabær","wikidata":null,"wikipedia":null,"tags":{"historic":"ruins","name":"Fjallaskagabær"}}},{"type":"Feature","id":"node/2920578001","geometry":{"type":"Point","coordinates":[-21.871314,64.10536]},"properties":{"osm_type":"node","osm_id":2920578001,"category":"arts_centre","name":"Gallery 16C","wikidata":null,"wikipedia":null,"tags":{"addr:housenumber":"16C","addr:postcode":"201","addr:street":"Dalvegur","amenity":"arts_centre","name":"Gallery 16C","phone":"+354 896 6234","website":"https://www.jonadolf.com","wheelchair":"yes"}}},{"type":"Feature","id":"node/2920913410","geometry":{"type":"Point","coordinates":[-16.0830518,65.7539266]},"properties":{"osm_type":"node","osm_id":2920913410,"category":"ruins","name":"Fagridalur","wikidata":null,"wikipedia":null,"tags":{"historic":"ruins","name":"Fagridalur"}}},{"type":"Feature","id":"node/2925766362","geometry":{"type":"Point","coordinates":[-18.9115557,66.1510878]},"properties":{"osm_type":"node","osm_id":2925766362,"category":"memorial","name":"Bjarni Þorsteinsson","wikidata":null,"wikipedia":null,"tags":{"historic":"memorial","memorial":"bust","name":"Bjarni Þorsteinsson"}}},{"type":"Feature","id":"node/2925808347","geometry":{"type":"Point","coordinates":[-22.2944147,65.8903935]},"properties":{"osm_type":"node","osm_id":2925808347,"category":"ruins","name":"Tunga","wikidata":null,"wikipedia":null,"tags":{"historic":"ruins","name":"Tunga"}}},{"type":"Feature","id":"node/2935922183","geometry":{"type":"Point","coordinates":[-21.7072204,65.1581387]},"properties":{"osm_type":"node","osm_id":2935922183,"category":"memorial","name":"Jón frá Ljárskógum","wikidata":null,"wikipedia":null,"tags":{"historic":"memorial","material":"stone","name":"Jón frá Ljárskógum","name:en":"Jón Jónsson","start_date":"1986-10-19"}}},{"type":"Feature","id":"node/2935922194","geometry":{"type":"Point","coordinates":[-23.7375837,65.5258262]},"properties":{"osm_type":"node","osm_id":2935922194,"category":"memorial","name":"Kleifabúi","wikidata":null,"wikipedia":null,"tags":{"historic":"memorial","name":"Kleifabúi"}}},{"type":"Feature","id":"node/2936915389","geometry":{"type":"Point","coordinates":[-18.9050128,66.1490666]},"properties":{"osm_type":"node","osm_id":2936915389,"category":"memorial","name":"Lífsbjörg","wikidata":null,"wikipedia":null,"tags":{"historic":"memorial","memorial":"stone","name":"Lífsbjörg"}}},{"type":"Feature","id":"node/2939876611","geometry":{"type":"Point","coordinates":[-19.1245794,65.3884979]},"properties":{"osm_type":"node","osm_id":2939876611,"category":"ruins","name":"Tyrfingsstadir á Kjálka","wikidata":null,"wikipedia":null,"tags":{"historic":"ruins","name":"Tyrfingsstadir á Kjálka"}}},{"type":"Feature","id":"node/2939948247","geometry":{"type":"Point","coordinates":[-18.9100024,66.1514003]},"properties":{"osm_type":"node","osm_id":2939948247,"category":"museum","name":"Ljóðasetur Íslands","wikidata":null,"wikipedia":null,"tags":{"addr:city":"Siglufjörður","addr:housenumber":"5","addr:postcode":"580","addr:street":"Túngata","name":"Ljóðasetur Íslands","tourism":"museum"}}},{"type":"Feature","id":"node/2939999260","geometry":{"type":"Point","coordinates":[-18.7650048,66.1783108]},"properties":{"osm_type":"node","osm_id":2939999260,"category":"memorial","name":"Flugslys í Héðinsfirði","wikidata":null,"wikipedia":null,"tags":{"historic":"memorial","memorial":"celtic_cross","name":"Flugslys í Héðinsfirði"}}},{"type":"Feature","id":"node/2946113759","geometry":{"type":"Point","coordinates":[-14.8274638,65.7527338]},"properties":{"osm_type":"node","osm_id":2946113759,"category":"memorial","name":"Minnisvarði um drukknaða sjómenn","wikidata":null,"wikipedia":null,"tags":{"artist_name":"Bjarki Björgólfsson","historic":"memorial","material":"stone","memorial":"stele","name":"Minnisvarði um drukknaða sjómenn","start_date":"2005"}}},{"type":"Feature","id":"node/2946126427","geometry":{"type":"Point","coordinates":[-14.0222081,64.9319022]},"properties":{"osm_type":"node","osm_id":2946126427,"category":"memorial","name":"Gideon","wikidata":null,"wikipedia":null,"tags":{"historic":"memorial","memorial":"statue","name":"Gideon"}}},{"type":"Feature","id":"node/2946126430","geometry":{"type":"Point","coordinates":[-14.0230514,64.9319715]},"properties":{"osm_type":"node","osm_id":2946126430,"category":"memorial","name":"Rex NS-3","wikidata":null,"wikipedia":null,"tags":{"historic":"memorial","memorial":"vehicle","name":"Rex NS-3"}}},{"type":"Feature","id":"node/2946131665","geometry":{"type":"Point","coordinates":[-14.8266602,65.7533619]},"properties":{"osm_type":"node","osm_id":2946131665,"category":"memorial","name":"Íslendingar sem fóru frá Vopnafirði til Vesturheims","wikidata":null,"wikipedia":null,"tags":{"historic":"memorial","memorial":"plaque","name":"Íslendingar sem fóru frá Vopnafirði til Vesturheims"}}},{"type":"Feature","id":"node/2946131667","geometry":{"type":"Point","coordinates":[-14.8264345,65.7535184]},"properties":{"osm_type":"node","osm_id":2946131667,"category":"museum","name":"Múlastofa","wikidata":null,"wikipedia":null,"tags":{"name":"Múlastofa","tourism":"museum"}}},{"type":"Feature","id":"node/2946455415","geometry":{"type":"Point","coordinates":[-22.3603337,65.8518856]},"properties":{"osm_type":"node","osm_id":2946455415,"category":"ruins","name":"Brekka","wikidata":null,"wikipedia":null,"tags":{"historic":"ruins","name":"Brekka"}}},{"type":"Feature","id":"node/2948444094","geometry":{"type":"Point","coordinates":[-14.2846369,64.6564916]},"properties":{"osm_type":"node","osm_id":2948444094,"category":"memorial","name":"Eysteinn Jónsson","wikidata":null,"wikipedia":null,"tags":{"historic":"memorial","memorial":"bust","name":"Eysteinn Jónsson"}}},{"type":"Feature","id":"node/2949852309","geometry":{"type":"Point","coordinates":[-15.6779879,64.2449002]},"properties":{"osm_type":"node","osm_id":2949852309,"category":"memorial","name":"Jón Eiríksson","wikidata":null,"wikipedia":null,"tags":{"historic":"memorial","material":"concrete","memorial":"stele","name":"Jón Eiríksson"}}},{"type":"Feature","id":"node/2952812739","geometry":{"type":"Point","coordinates":[-19.111012,65.7332055]},"properties":{"osm_type":"node","osm_id":2952812739,"category":"museum","name":"Nýibær","wikidata":null,"wikipedia":null,"tags":{"addr:postcode":"551","name":"Nýibær","tourism":"museum"}}},{"type":"Feature","id":"node/2952812740","geometry":{"type":"Point","coordinates":[-19.1118111,65.7327646]},"properties":{"osm_type":"node","osm_id":2952812740,"category":"museum","name":"Sögusetur Íslenska Hestsins","wikidata":null,"wikipedia":null,"tags":{"name":"Sögusetur Íslenska Hestsins","name:en":"Icelandic Horse History Center","phone":"+354 455 6345","tourism":"museum","website":"https://www.sogusetur.is/"}}},{"type":"Feature","id":"node/2953491254","geometry":{"type":"Point","coordinates":[-19.0141372,63.4175761]},"properties":{"osm_type":"node","osm_id":2953491254,"category":"museum","name":"Kötlusetur - Katla visitor centre","wikidata":null,"wikipedia":null,"tags":{"addr:postcode":"870","name":"Kötlusetur - Katla visitor centre","phone":"+354 897 1395","tourism":"museum","website":"https://www.kotlusetur.is/","wheelchair":"yes"}}},{"type":"Feature","id":"node/2955914203","geometry":{"type":"Point","coordinates":[-21.9174618,64.129154]},"properties":{"osm_type":"node","osm_id":2955914203,"category":"artwork","name":"Hitavættur","wikidata":null,"wikipedia":null,"tags":{"name":"Hitavættur","tourism":"artwork"}}},{"type":"Feature","id":"node/2956598148","geometry":{"type":"Point","coordinates":[-20.996286,63.9373913]},"properties":{"osm_type":"node","osm_id":2956598148,"category":"museum","name":"Fischersetur","wikidata":null,"wikipedia":null,"tags":{"addr:city":"Selfoss","addr:housenumber":"21","addr:postcode":"800","addr:street":"Austurvegur","name":"Fischersetur","name:en":"The Bobby Fischer Center","name:is":"Fischersetur","opening_hours":"May 15-Sep 15 Mo-Su 13:00-16:00; Sep 16-May 14 off","tourism":"museum","website":"https://www.fischersetur.is/","wheelchair":"no"}}},{"type":"Feature","id":"node/2985054734","geometry":{"type":"Point","coordinates":[-21.9483603,64.1527645]},"properties":{"osm_type":"node","osm_id":2985054734,"category":"artwork","name":"World Within Worlds","wikidata":null,"wikipedia":null,"tags":{"alt_name":"EVE Monument","artist_name":"Sigurður Guðmundsson","artwork_type":"sculpture","name":"World Within Worlds","tourism":"artwork","website":"https://www.eve.com/monument/"}}},{"type":"Feature","id":"node/2989486209","geometry":{"type":"Point","coordinates":[-21.8365896,64.1183151]},"properties":{"osm_type":"node","osm_id":2989486209,"category":"theatre","name":"Leikhópurinn Lotta","wikidata":null,"wikipedia":null,"tags":{"amenity":"theatre","name":"Leikhópurinn Lotta","opening_hours":"We 18:00-19:00"}}},{"type":"Feature","id":"node/2998984564","geometry":{"type":"Point","coordinates":[-21.9050297,64.104656]},"properties":{"osm_type":"node","osm_id":2998984564,"category":"memorial","name":"Kópavogsfundurinn","wikidata":null,"wikipedia":null,"tags":{"historic":"memorial","name":"Kópavogsfundurinn","wheelchair":"no"}}},{"type":"Feature","id":"node/3008671013","geometry":{"type":"Point","coordinates":[-22.0981696,64.3176726]},"properties":{"osm_type":"node","osm_id":3008671013,"category":"historic","name":"Ghost ship","wikidata":null,"wikipedia":null,"tags":{"historic":"ship","name":"Ghost ship"}}},{"type":"Feature","id":"node/3009373775","geometry":{"type":"Point","coordinates":[-21.9436389,64.1502473]},"properties":{"osm_type":"node","osm_id":3009373775,"category":"gallery","name":"Fiskhöllin","wikidata":null,"wikipedia":null,"tags":{"name":"Fiskhöllin","tourism":"gallery"}}},{"type":"Feature","id":"node/3020677514","geometry":{"type":"Point","coordinates":[-17.3371143,66.0469902]},"properties":{"osm_type":"node","osm_id":3020677514,"category":"museum","name":"Safnahúsið","wikidata":null,"wikipedia":null,"tags":{"name":"Safnahúsið","name:en":"The Culture House","opening_hours":"Jun 1-Aug 31 10:00-18:00; Sep 1-May 31 Mo-Fr 10:00-18:00, Sa 10:00-14:00","tourism":"museum","website":"https://www.husmus.is/"}}},{"type":"Feature","id":"node/3028801912","geometry":{"type":"Point","coordinates":[-21.9219399,64.1443523]},"properties":{"osm_type":"node","osm_id":3028801912,"category":"gallery","name":"Art 67","wikidata":null,"wikipedia":null,"tags":{"addr:city":"Reykjavík","addr:country":"IS","addr:postcode":"101","addr:street":"Laugavegur","name":"Art 67","tourism":"gallery","wheelchair":"yes"}}},{"type":"Feature","id":"node/3069903570","geometry":{"type":"Point","coordinates":[-18.907144,66.1501253]},"properties":{"osm_type":"node","osm_id":3069903570,"category":"museum","name":"Þjóðlagasetur sr. Bjarna Þorsteinssonar","wikidata":null,"wikipedia":null,"tags":{"email":"setur@folkmusik.is","name":"Þjóðlagasetur sr. Bjarna Þorsteinssonar","name:en":"Folk Music Centre","name:is":"Þjóðlagasetur sr. Bjarna Þorsteinssonar","phone":"+354 467 2300","tourism":"museum","website":"https://www.folkmusik.is"}}},{"type":"Feature","id":"node/3069903582","geometry":{"type":"Point","coordinates":[-18.9042239,66.1486253]},"properties":{"osm_type":"node","osm_id":3069903582,"category":"museum","name":"Slippurinn","wikidata":null,"wikipedia":null,"tags":{"name":"Slippurinn","tourism":"museum"}}},{"type":"Feature","id":"node/3069903583","geometry":{"type":"Point","coordinates":[-18.907081,66.1499513]},"properties":{"osm_type":"node","osm_id":3069903583,"category":"memorial","name":"Hafliði Guðmundsson","wikidata":null,"wikipedia":null,"tags":{"historic":"memorial","memorial":"stone","name":"Hafliði Guðmundsson"}}},{"type":"Feature","id":"node/3069907763","geometry":{"type":"Point","coordinates":[-18.9064522,66.151011]},"properties":{"osm_type":"node","osm_id":3069907763,"category":"arts_centre","name":"Herhúsið","wikidata":null,"wikipedia":null,"tags":{"amenity":"arts_centre","name":"Herhúsið","website":"https://www.herhusid.com/"}}},{"type":"Feature","id":"node/3101274402","geometry":{"type":"Point","coordinates":[-22.5254306,63.9710065]},"properties":{"osm_type":"node","osm_id":3101274402,"category":"museum","name":"Slökkviliðsminjasafn","wikidata":null,"wikipedia":null,"tags":{"name":"Slökkviliðsminjasafn","tourism":"museum"}}},{"type":"Feature","id":"node/3111994968","geometry":{"type":"Point","coordinates":[-21.9047345,64.105525]},"properties":{"osm_type":"node","osm_id":3111994968,"category":"artwork","name":"Kópur","wikidata":null,"wikipedia":null,"tags":{"artist_name":"Grímur Marinó","artwork_type":"sculpture","material":"metal","name":"Kópur","start_date":"1998","tourism":"artwork"}}},{"type":"Feature","id":"node/3124479618","geometry":{"type":"Point","coordinates":[-21.8618107,64.164243]},"properties":{"osm_type":"node","osm_id":3124479618,"category":"memorial","name":"Ankeri - 7. apríl 1906","wikidata":null,"wikipedia":null,"tags":{"historic":"memorial","name":"Ankeri - 7. apríl 1906"}}},{"type":"Feature","id":"node/3125601875","geometry":{"type":"Point","coordinates":[-21.8334483,64.1574161]},"properties":{"osm_type":"node","osm_id":3125601875,"category":"archaeological_site","name":"Þorpið","wikidata":null,"wikipedia":null,"tags":{"historic":"archaeological_site","name":"Þorpið"}}},{"type":"Feature","id":"node/3158202267","geometry":{"type":"Point","coordinates":[-13.6887745,65.1472845]},"properties":{"osm_type":"node","osm_id":3158202267,"category":"museum","name":"Málverkasafn Tryggva Ólafssonar","wikidata":null,"wikipedia":null,"tags":{"addr:city":"Neskaupstaður","addr:housenumber":"2","addr:postcode":"740","addr:street":"Egilsbraut","name":"Málverkasafn Tryggva Ólafssonar","opening_hours":"Jun-Aug 13:00-17:00","tourism":"museum"}}},{"type":"Feature","id":"node/3158202565","geometry":{"type":"Point","coordinates":[-13.6887771,65.1472338]},"properties":{"osm_type":"node","osm_id":3158202565,"category":"museum","name":"Sjóminja- og smiðjumunasafn Jósafats Hinrikssonar","wikidata":null,"wikipedia":null,"tags":{"addr:city":"Neskaupstaður","addr:housenumber":"2","addr:postcode":"740","addr:street":"Egilsbraut","name":"Sjóminja- og smiðjumunasafn Jósafats Hinrikssonar","opening_hours":"Jun-Aug 13:00-17:00","tourism":"museum"}}},{"type":"Feature","id":"node/3255772374","geometry":{"type":"Point","coordinates":[-21.4006505,64.0373393]},"properties":{"osm_type":"node","osm_id":3255772374,"category":"museum","name":"Jarðhitasýningin","wikidata":null,"wikipedia":null,"tags":{"name":"Jarðhitasýningin","name:en":"Geothermal Energy Exhibition","tourism":"museum","website":"https://www.jardhitasyning.is/","wheelchair":"yes"}}},{"type":"Feature","id":"node/3255779770","geometry":{"type":"Point","coordinates":[-21.1850159,63.9963838]},"properties":{"osm_type":"node","osm_id":3255779770,"category":"museum","name":"Listasafn Árnesinga","wikidata":null,"wikipedia":null,"tags":{"name":"Listasafn Árnesinga","name:en":"LA Art Museum","tourism":"museum"}}},{"type":"Feature","id":"node/3272584574","geometry":{"type":"Point","coordinates":[-18.0877584,65.6776439]},"properties":{"osm_type":"node","osm_id":3272584574,"category":"artwork","name":"Sigling","wikidata":null,"wikipedia":null,"tags":{"artist_name":"Jón Gunnar Árnason","artwork_type":"sculpture","name":"Sigling","tourism":"artwork"}}},{"type":"Feature","id":"node/3498210038","geometry":{"type":"Point","coordinates":[-14.0259121,65.0508492]},"properties":{"osm_type":"node","osm_id":3498210038,"category":"monument","name":"Völvuleiði","wikidata":null,"wikipedia":null,"tags":{"historic":"monument","name":"Völvuleiði"}}},{"type":"Feature","id":"node/3562350063","geometry":{"type":"Point","coordinates":[-14.2951261,64.6619131]},"properties":{"osm_type":"node","osm_id":3562350063,"category":"artwork","name":"Eggin í Gleðivík","wikidata":null,"wikipedia":null,"tags":{"artwork_type":"sculpture","name":"Eggin í Gleðivík","tourism":"artwork","wheelchair":"yes"}}},{"type":"Feature","id":"node/3642821415","geometry":{"type":"Point","coordinates":[-18.9039548,66.1517413]},"properties":{"osm_type":"node","osm_id":3642821415,"category":"museum","name":"Saga Fotografica","wikidata":null,"wikipedia":null,"tags":{"addr:housenumber":"17","addr:street":"Vetrarbraut","name":"Saga Fotografica","opening_hours":"Fr-Su 13:00-16:00","tourism":"museum","website":"https://fotografica.is/"}}},{"type":"Feature","id":"node/3648000675","geometry":{"type":"Point","coordinates":[-22.2370104,63.836295]},"properties":{"osm_type":"node","osm_id":3648000675,"category":"ruins","name":"Selatangar","wikidata":null,"wikipedia":null,"tags":{"historic":"ruins","name":"Selatangar","tourism":"attraction"}}},{"type":"Feature","id":"node/3654464733","geometry":{"type":"Point","coordinates":[-20.9036271,65.5921988]},"properties":{"osm_type":"node","osm_id":3654464733,"category":"monument","name":"Guðmundur Bergþórsson","wikidata":null,"wikipedia":null,"tags":{"historic":"monument","name":"Guðmundur Bergþórsson","name:ru":"памятник поэту"}}},{"type":"Feature","id":"node/3662363786","geometry":{"type":"Point","coordinates":[-21.6648787,64.1622745]},"properties":{"osm_type":"node","osm_id":3662363786,"category":"artwork","name":"Lífslöngun","wikidata":null,"wikipedia":null,"tags":{"artist_name":"Sigurjón Ólafsson","historic":"monument","name":"Lífslöngun","tourism":"artwork"}}},{"type":"Feature","id":"node/3662363790","geometry":{"type":"Point","coordinates":[-21.6654973,64.1623927]},"properties":{"osm_type":"node","osm_id":3662363790,"category":"memorial","name":"Runólfur Jónsson","wikidata":null,"wikipedia":null,"tags":{"historic":"memorial","memorial":"stone","name":"Runólfur Jónsson"}}},{"type":"Feature","id":"node/3662363804","geometry":{"type":"Point","coordinates":[-21.663249,64.1629413]},"properties":{"osm_type":"node","osm_id":3662363804,"category":"artwork","name":"Óðinshrafn","wikidata":null,"wikipedia":null,"tags":{"artist_name":"Ásmundur Sveinsson","historic":"monument","name":"Óðinshrafn","tourism":"artwork"}}},{"type":"Feature","id":"node/3676442516","geometry":{"type":"Point","coordinates":[-20.2614565,63.4438107]},"properties":{"osm_type":"node","osm_id":3676442516,"category":"museum","name":"Skansinn","wikidata":null,"wikipedia":null,"tags":{"name":"Skansinn","tourism":"museum","website":"https://www.visitvestmannaeyjar.is/skansinn"}}},{"type":"Feature","id":"node/3695922209","geometry":{"type":"Point","coordinates":[-21.8237951,64.1010367]},"properties":{"osm_type":"node","osm_id":3695922209,"category":"gallery","name":"Nýlistasafnið","wikidata":null,"wikipedia":null,"tags":{"addr:housenumber":"13-21","addr:postcode":"111","addr:street":"Völvufell","name":"Nýlistasafnið","opening_hours":"Tu-Sa 12:00-17:00","phone":"+354 551 4350","tourism":"gallery","website":"https://www.nylo.is/"}}},{"type":"Feature","id":"node/3696177379","geometry":{"type":"Point","coordinates":[-14.2074214,65.0351422]},"properties":{"osm_type":"node","osm_id":3696177379,"category":"ruins","name":"byssustæði","wikidata":null,"wikipedia":null,"tags":{"historic":"ruins","name":"byssustæði"}}},{"type":"Feature","id":"node/3728408357","geometry":{"type":"Point","coordinates":[-22.7150646,63.8124441]},"properties":{"osm_type":"node","osm_id":3728408357,"category":"artwork","name":"Geirfugl","wikidata":null,"wikipedia":null,"tags":{"artwork_type":"statue","name":"Geirfugl","tourism":"artwork"}}},{"type":"Feature","id":"node/3731156250","geometry":{"type":"Point","coordinates":[-20.2725214,63.448105]},"properties":{"osm_type":"node","osm_id":3731156250,"category":"artwork","name":"Landsíminn","wikidata":null,"wikipedia":null,"tags":{"artwork_type":"statue","name":"Landsíminn","tourism":"artwork"}}},{"type":"Feature","id":"node/3751049212","geometry":{"type":"Point","coordinates":[-21.9324434,64.1496177]},"properties":{"osm_type":"node","osm_id":3751049212,"category":"artwork","name":"Sellóspilarinn","wikidata":null,"wikipedia":null,"tags":{"name":"Sellóspilarinn","tourism":"artwork"}}},{"type":"Feature","id":"node/3798846027","geometry":{"type":"Point","coordinates":[-21.9205556,64.0890499]},"properties":{"osm_type":"node","osm_id":3798846027,"category":"museum","name":"Hönnunarsafn Íslands","wikidata":"Q66382972","wikipedia":"en:Icelandic Museum of Design and Applied Art","tags":{"addr:city":"Garðabær","addr:housenumber":"1","addr:postcode":"210","addr:street":"Garðatorg","name":"Hönnunarsafn Íslands","name:en":"Museum Of Design And Applied Art","opening_hours":"Mo-Su 12:00-17:00, Mo off","tourism":"museum","website":"https://www.honnunarsafn.is/","wikidata":"Q66382972","wikipedia":"en:Icelandic Museum of Design and Applied Art"}}},{"type":"Feature","id":"node/3798846028","geometry":{"type":"Point","coordinates":[-21.9149709,64.0878781]},"properties":{"osm_type":"node","osm_id":3798846028,"category":"archaeological_site","name":"Hofsstaðir","wikidata":null,"wikipedia":null,"tags":{"historic":"archaeological_site","name":"Hofsstaðir"}}},{"type":"Feature","id":"node/3808515513","geometry":{"type":"Point","coordinates":[-21.9432466,64.141643]},"properties":{"osm_type":"node","osm_id":3808515513,"category":"artwork","name":"Hafmeyjan","wikidata":null,"wikipedia":null,"tags":{"artist_name":"Nína Sæ­munds­son","artwork_type":"sculpture","name":"Hafmeyjan","name:ar":"تمثال حورية البحر الصغيرة","name:be":"Русалачка, статуя","name:br":"Ar vorganez vihan","name:ca":"La Sireneta","name:da":"Den lille Havfrue","name:de":"Kleine Meerjungfrau","name:en":"The Little Mermaid","name:es":"La Sirenita","name:eu":"Sirenatxoa","name:fa":"پری دریایی","name:fi":"Pieni merenneito","name:fr":"La Petite Sirène","name:gl":"A sereíña","name:he":"בת הים הקטנה","name:ia":"Parve Sirena","name:it":"Statua della Sirenetta","name:ja":"人魚姫の像","name:ko":"작은 인어상","name:lb":"Kleng Mierjoffer","name:lt":"Undinėlė","name:nl":"De kleine zeemeermin","name:nn":"Den lille havfrue","name:no":"Den lille havfrue","name:pl":"Mała Syrenka","name:pt":"A Pequena Sereia","name:ru":"Русалочка","name:sk":"Malá morská víla","name:sl":"Mala morska deklica","name:sv":"Den lilla sjöjungfrun","name:th":"เงือกน้อย","name:tr":"Küçük Deniz Kızı","name:vi":"Nàng tiên cá","name:war":"An Gutiay nga Kataw","name:zh":"美人魚雕像","tourism":"artwork"}}},{"type":"Feature","id":"node/3811527903","geometry":{"type":"Point","coordinates":[-21.9142848,64.1424329]},"properties":{"osm_type":"node","osm_id":3811527903,"category":"gallery","name":"Gallerí Fold","wikidata":null,"wikipedia":null,"tags":{"name":"Gallerí Fold","tourism":"gallery"}}},{"type":"Feature","id":"node/3890232217","geometry":{"type":"Point","coordinates":[-13.9978639,65.2615776]},"properties":{"osm_type":"node","osm_id":3890232217,"category":"museum","name":"Skaftfell. Center for Visual Art, East Iceland","wikidata":null,"wikipedia":null,"tags":{"addr:city":"Seyðisfjörður","addr:housenumber":"42","addr:postcode":"710","addr:street":"Austurvegur","email":"skaftfell@skaftfell.is","name":"Skaftfell. Center for Visual Art, East Iceland","opening_hours":"Tu-Fr 10:00-17:00; Sa 12:00-17:00","tourism":"museum","website":"https://skaftfell.is/"}}},{"type":"Feature","id":"node/3891077137","geometry":{"type":"Point","coordinates":[-21.9405287,64.1470329]},"properties":{"osm_type":"node","osm_id":3891077137,"category":"artwork","name":"Svarta keilan, minnisvarði um borgaralega óhlýðni","wikidata":"Q45391397","wikipedia":null,"tags":{"artwork_type":"sculpture","historic":"memorial","material":"stone","memorial":"stele","name":"Svarta keilan, minnisvarði um borgaralega óhlýðni","name:en":"The black cone, monument to civil disobedience","name:is":"Svarta keilan, minnisvarði um borgaralega óhlýðni","tourism":"artwork","wikidata":"Q45391397"}}},{"type":"Feature","id":"node/3891077143","geometry":{"type":"Point","coordinates":[-21.9406925,64.1468772]},"properties":{"osm_type":"node","osm_id":3891077143,"category":"artwork","name":"Ingibjörg H. Bjarnason","wikidata":null,"wikipedia":null,"tags":{"artwork_type":"statue","name":"Ingibjörg H. Bjarnason","tourism":"artwork"}}},{"type":"Feature","id":"node/3891080207","geometry":{"type":"Point","coordinates":[-21.935909,64.147028]},"properties":{"osm_type":"node","osm_id":3891080207,"category":"museum","name":"Icelandic Punk Museum","wikidata":null,"wikipedia":null,"tags":{"addr:housenumber":"2","addr:street":"Bankastræti","name":"Icelandic Punk Museum","name:en":"Icelandic Punk Museum","name:is":"Pönksafn Íslands","opening_hours":"Mo-Su 10:00-18:00","tourism":"museum","wheelchair":"no"}}},{"type":"Feature","id":"node/4014709367","geometry":{"type":"Point","coordinates":[-21.9290943,64.1457288]},"properties":{"osm_type":"node","osm_id":4014709367,"category":"artwork","name":"Mural painted house","wikidata":null,"wikipedia":null,"tags":{"artist_name":"Caratoes and Ylja","artwork_type":"mural","name:en":"Mural painted house","tourism":"artwork"}}},{"type":"Feature","id":"node/4016646490","geometry":{"type":"Point","coordinates":[-19.3650331,63.4591238]},"properties":{"osm_type":"node","osm_id":4016646490,"category":"historic","name":"Flugvélaflak á Sólheimasandi","wikidata":"Q24297011","wikipedia":null,"tags":{"historic":"aircraft","name":"Flugvélaflak á Sólheimasandi","name:de":"Flugzeugwrack DC-3","name:en":"Wrecked DC-3 Plane","name:es":"Avion estrellado DC-3","name:fi":"Douglas DC-3 -lentokoneen hylky","name:fr":"Épave de l'avion Douglas DC-3","name:ko":"비행기잔해","name:pl":"Wrak samolotu DC-3","name:uk":"Уламки літака DC-3","name:zh":"飞机残骸","tourism":"attraction","wikidata":"Q24297011"}}},{"type":"Feature","id":"node/4053104925","geometry":{"type":"Point","coordinates":[-21.9311551,64.14627]},"properties":{"osm_type":"node","osm_id":4053104925,"category":"gallery","name":"Mink Viking Portrait Studio","wikidata":null,"wikipedia":null,"tags":{"addr:city":"Reykjavík","addr:housenumber":"11","addr:postcode":"101","addr:street":"Laugavegur","name":"Mink Viking Portrait Studio","tourism":"gallery"}}},{"type":"Feature","id":"node/4163907720","geometry":{"type":"Point","coordinates":[-21.8676922,64.0943525]},"properties":{"osm_type":"node","osm_id":4163907720,"category":"artwork","name":"Stúpa","wikidata":null,"wikipedia":null,"tags":{"artwork_type":"architecture","name":"Stúpa","tourism":"artwork"}}},{"type":"Feature","id":"node/4170047580","geometry":{"type":"Point","coordinates":[-22.6257801,63.9989684]},"properties":{"osm_type":"node","osm_id":4170047580,"category":"artwork","name":"Regnbogi","wikidata":null,"wikipedia":null,"tags":{"artist_name":"Rúrí","artwork_type":"sculpture","material":"glass","name":"Regnbogi","name:en":"Rainbow","name:is":"Regnbogi","tourism":"artwork"}}},{"type":"Feature","id":"node/4234814490","geometry":{"type":"Point","coordinates":[-20.945456,65.397506]},"properties":{"osm_type":"node","osm_id":4234814490,"category":"theatre","name":"Félagsheimilið Hvammstanga","wikidata":null,"wikipedia":null,"tags":{"addr:city":"Hvammstangi","addr:housenumber":"4","addr:postcode":"530","addr:street":"Klapparstígur","amenity":"theatre","name":"Félagsheimilið Hvammstanga","phone":"+354 863 2207","wheelchair":"limited"}}},{"type":"Feature","id":"node/4236613094","geometry":{"type":"Point","coordinates":[-21.9247881,64.1447581]},"properties":{"osm_type":"node","osm_id":4236613094,"category":"gallery","name":"Art Gallery 101","wikidata":null,"wikipedia":null,"tags":{"name":"Art Gallery 101","opening_hours":"Mo-Fr 11:00-18:00; Sa 12:00-16:00; Su 12:00-16:00","tourism":"gallery"}}},{"type":"Feature","id":"node/4248296797","geometry":{"type":"Point","coordinates":[-21.7466247,65.4197479]},"properties":{"osm_type":"node","osm_id":4248296797,"category":"monument","name":"Ólafsdalur","wikidata":null,"wikipedia":null,"tags":{"historic":"monument","name":"Ólafsdalur"}}},{"type":"Feature","id":"node/4270647907","geometry":{"type":"Point","coordinates":[-17.1035624,66.1996314]},"properties":{"osm_type":"node","osm_id":4270647907,"category":"museum","name":"Mánárbakki Minjasafn","wikidata":null,"wikipedia":null,"tags":{"name":"Mánárbakki Minjasafn","name:en":"Back to the Past Mánárbakki Museum","tourism":"museum"}}},{"type":"Feature","id":"node/4273233448","geometry":{"type":"Point","coordinates":[-21.933906,64.1387011]},"properties":{"osm_type":"node","osm_id":4273233448,"category":"artwork","name":"Stóð","wikidata":null,"wikipedia":null,"tags":{"artist_name":"Ragnar Kjartansson","artwork_type":"statue","name":"Stóð","tourism":"artwork"}}},{"type":"Feature","id":"node/4308009428","geometry":{"type":"Point","coordinates":[-20.2711769,63.4369726]},"properties":{"osm_type":"node","osm_id":4308009428,"category":"artwork","name":"Alda aldanna","wikidata":null,"wikipedia":null,"tags":{"artwork_type":"sculpture","name":"Alda aldanna","tourism":"artwork","wheelchair":"limited"}}},{"type":"Feature","id":"node/4308009429","geometry":{"type":"Point","coordinates":[-20.2731341,63.4369505]},"properties":{"osm_type":"node","osm_id":4308009429,"category":"artwork","name":"Guðmundur Einarsson","wikidata":null,"wikipedia":null,"tags":{"artwork_type":"statue","name":"Guðmundur Einarsson","tourism":"artwork","wheelchair":"yes"}}},{"type":"Feature","id":"node/4311341989","geometry":{"type":"Point","coordinates":[-19.155508,66.0644149]},"properties":{"osm_type":"node","osm_id":4311341989,"category":"monument","name":"Hrafna-Flóki","wikidata":null,"wikipedia":null,"tags":{"historic":"monument","name":"Hrafna-Flóki","name:en":"Hrafna-Flóki (Memorial stones for the first viking settler)"}}},{"type":"Feature","id":"node/4311503889","geometry":{"type":"Point","coordinates":[-20.2688687,63.4395292]},"properties":{"osm_type":"node","osm_id":4311503889,"category":"artwork","name":"steinbauti í tjörn","wikidata":null,"wikipedia":null,"tags":{"name":"steinbauti í tjörn","tourism":"artwork"}}},{"type":"Feature","id":"node/4311503989","geometry":{"type":"Point","coordinates":[-20.2669024,63.4397958]},"properties":{"osm_type":"node","osm_id":4311503989,"category":"artwork","name":"minning berglindar","wikidata":null,"wikipedia":null,"tags":{"name":"minning berglindar","tourism":"artwork"}}},{"type":"Feature","id":"node/4315165864","geometry":{"type":"Point","coordinates":[-21.7842851,64.114395]},"properties":{"osm_type":"node","osm_id":4315165864,"category":"artwork","name":"Fallandi gengi","wikidata":null,"wikipedia":null,"tags":{"artist_name":"Ingi Hrafn Hauksson","name":"Fallandi gengi","tourism":"artwork"}}},{"type":"Feature","id":"node/4320266271","geometry":{"type":"Point","coordinates":[-21.9019109,64.1446701]},"properties":{"osm_type":"node","osm_id":4320266271,"category":"artwork","name":"Bjartsýni","wikidata":null,"wikipedia":null,"tags":{"artwork_type":"sculpture","name":"Bjartsýni","tourism":"artwork"}}},{"type":"Feature","id":"node/4320266272","geometry":{"type":"Point","coordinates":[-21.9056594,64.1464879]},"properties":{"osm_type":"node","osm_id":4320266272,"category":"artwork","name":"Einar Benediktsson og ljóðharpan","wikidata":null,"wikipedia":null,"tags":{"artist_name":"Ásmundur Sveinsson","artwork_type":"statue","name":"Einar Benediktsson og ljóðharpan","name:en":"Einar Benediktsson and the Lyric Harp","name:is":"Einar Benediktsson og ljóðharpan","tourism":"artwork"}}},{"type":"Feature","id":"node/4321828317","geometry":{"type":"Point","coordinates":[-14.927125,64.3417166]},"properties":{"osm_type":"node","osm_id":4321828317,"category":"artwork","name":"Red chair","wikidata":null,"wikipedia":null,"tags":{"name":"Red chair","tourism":"artwork"}}},{"type":"Feature","id":"node/4327821656","geometry":{"type":"Point","coordinates":[-21.9226018,64.1382507]},"properties":{"osm_type":"node","osm_id":4327821656,"category":"artwork","name":"Járnsmiðurinn","wikidata":null,"wikipedia":null,"tags":{"artist_name":"Ásmundur Sveinsson","artwork_type":"statue","name":"Járnsmiðurinn","tourism":"artwork"}}},{"type":"Feature","id":"node/4327821657","geometry":{"type":"Point","coordinates":[-21.9250953,64.1419183]},"properties":{"osm_type":"node","osm_id":4327821657,"category":"artwork","name":"Mentor","wikidata":null,"wikipedia":null,"tags":{"artwork_type":"sculpture","name":"Mentor","tourism":"artwork"}}},{"type":"Feature","id":"node/4327821658","geometry":{"type":"Point","coordinates":[-21.9135095,64.1381559]},"properties":{"osm_type":"node","osm_id":4327821658,"category":"artwork","name":"Minnismerki um Nínu Tryggvadóttur","wikidata":null,"wikipedia":null,"tags":{"artist_name":"Sigurjón Ólafsson","artwork_type":"sculpture","name":"Minnismerki um Nínu Tryggvadóttur","tourism":"artwork"}}},{"type":"Feature","id":"node/4327821659","geometry":{"type":"Point","coordinates":[-21.8152297,64.1048351]},"properties":{"osm_type":"node","osm_id":4327821659,"category":"artwork","name":"Mynd","wikidata":null,"wikipedia":null,"tags":{"artist_name":"Sigurður Guðmundsson","artwork_type":"sculpture","name":"Mynd","tourism":"artwork"}}},{"type":"Feature","id":"node/4327821661","geometry":{"type":"Point","coordinates":[-21.932412,64.1385813]},"properties":{"osm_type":"node","osm_id":4327821661,"category":"artwork","name":"Pomona","wikidata":null,"wikipedia":null,"tags":{"artist_name":"Jóhannes C. Bjerg","artwork_type":"statue","name":"Pomona","tourism":"artwork"}}},{"type":"Feature","id":"node/4327821662","geometry":{"type":"Point","coordinates":[-21.9272501,64.1416698]},"properties":{"osm_type":"node","osm_id":4327821662,"category":"artwork","name":"Preasens historicum","wikidata":null,"wikipedia":null,"tags":{"artwork_type":"sculpture","name":"Preasens historicum","tourism":"artwork"}}},{"type":"Feature","id":"node/4327821663","geometry":{"type":"Point","coordinates":[-21.9029292,64.1381464]},"properties":{"osm_type":"node","osm_id":4327821663,"category":"artwork","name":"Saltfiskstöflun","wikidata":null,"wikipedia":null,"tags":{"artist_name":"Sigurjón Ólafsson","artwork_type":"sculpture","name":"Saltfiskstöflun","tourism":"artwork"}}},{"type":"Feature","id":"node/4327821668","geometry":{"type":"Point","coordinates":[-21.9347794,64.1460833]},"properties":{"osm_type":"node","osm_id":4327821668,"category":"artwork","name":"Bríetarbrekka","wikidata":null,"wikipedia":null,"tags":{"artist_name":"Ólöf Nordal","artwork_type":"monument","name":"Bríetarbrekka","tourism":"artwork","website":"http://lukrskjol.reykjavik.is/utilistaverk/bvs/pdf/H-127.pdf"}}},{"type":"Feature","id":"node/4328281605","geometry":{"type":"Point","coordinates":[-21.8699683,64.1402046]},"properties":{"osm_type":"node","osm_id":4328281605,"category":"artwork","name":"Án titils","wikidata":null,"wikipedia":null,"tags":{"artist_name":"Helgi Gíslason","artwork_type":"statue","name":"Án titils","start_date":"1982","tourism":"artwork"}}},{"type":"Feature","id":"node/4328281606","geometry":{"type":"Point","coordinates":[-21.885295,64.1413722]},"properties":{"osm_type":"node","osm_id":4328281606,"category":"artwork","name":"Andvarp","wikidata":null,"wikipedia":null,"tags":{"artist_name":"Ásmundur Sveinsson","artwork_type":"sculpture","name":"Andvarp","tourism":"artwork"}}},{"type":"Feature","id":"node/4328281607","geometry":{"type":"Point","coordinates":[-21.8850607,64.1415591]},"properties":{"osm_type":"node","osm_id":4328281607,"category":"artwork","name":"Dýrkun","wikidata":null,"wikipedia":null,"tags":{"artist_name":"Ásmundur Sveinsson","artwork_type":"statue","name":"Dýrkun","tourism":"artwork"}}},{"type":"Feature","id":"node/4328281608","geometry":{"type":"Point","coordinates":[-21.8853645,64.1413879]},"properties":{"osm_type":"node","osm_id":4328281608,"category":"artwork","name":"Galdramaður","wikidata":null,"wikipedia":null,"tags":{"artist_name":"Ásmundur Sveinsson","artwork_type":"sculpture","name":"Galdramaður","tourism":"artwork"}}},{"type":"Feature","id":"node/4328281609","geometry":{"type":"Point","coordinates":[-21.8849653,64.1416886]},"properties":{"osm_type":"node","osm_id":4328281609,"category":"artwork","name":"Garðyrkjumaður","wikidata":null,"wikipedia":null,"tags":{"artist_name":"Ásmundur Sveinsson","artwork_type":"statue","name":"Garðyrkjumaður","tourism":"artwork"}}},{"type":"Feature","id":"node/4328281610","geometry":{"type":"Point","coordinates":[-21.8795382,64.1407619]},"properties":{"osm_type":"node","osm_id":4328281610,"category":"artwork","name":"Gísli Halldórsson, arkitekt","wikidata":null,"wikipedia":null,"tags":{"artwork_type":"statue","historic":"memorial","memorial":"statue","name":"Gísli Halldórsson, arkitekt","tourism":"artwork"}}},{"type":"Feature","id":"node/4328281611","geometry":{"type":"Point","coordinates":[-21.8850533,64.1413758]},"properties":{"osm_type":"node","osm_id":4328281611,"category":"artwork","name":"Gólfþvottur","wikidata":null,"wikipedia":null,"tags":{"artist_name":"Ásmundur Sveinsson","artwork_type":"sculpture","name":"Gólfþvottur","tourism":"artwork"}}},{"type":"Feature","id":"node/4328281612","geometry":{"type":"Point","coordinates":[-21.8842143,64.141459]},"properties":{"osm_type":"node","osm_id":4328281612,"category":"artwork","name":"Helreiðin","wikidata":null,"wikipedia":null,"tags":{"artist_name":"Ásmundur Sveinsson","artwork_type":"sculpture","name":"Helreiðin","tourism":"artwork"}}},{"type":"Feature","id":"node/4328281613","geometry":{"type":"Point","coordinates":[-21.885739,64.1414915]},"properties":{"osm_type":"node","osm_id":4328281613,"category":"artwork","name":"Kona að strokka","wikidata":null,"wikipedia":null,"tags":{"artist_name":"Ásmundur Sveinsson","artwork_type":"statue","name":"Kona að strokka","tourism":"artwork"}}},{"type":"Feature","id":"node/4328281614","geometry":{"type":"Point","coordinates":[-21.8858674,64.1415711]},"properties":{"osm_type":"node","osm_id":4328281614,"category":"artwork","name":"Kona með Amor","wikidata":null,"wikipedia":null,"tags":{"artist_name":"Ásmundur Sveinsson","artwork_type":"statue","name":"Kona með Amor","tourism":"artwork"}}},{"type":"Feature","id":"node/4328281615","geometry":{"type":"Point","coordinates":[-21.8859197,64.1416163]},"properties":{"osm_type":"node","osm_id":4328281615,"category":"artwork","name":"Kossinn","wikidata":null,"wikipedia":null,"tags":{"artist_name":"Ásmundur Sveinsson","artwork_type":"statue","name":"Kossinn","tourism":"artwork"}}},{"type":"Feature","id":"node/4328281616","geometry":{"type":"Point","coordinates":[-21.8674887,64.1482947]},"properties":{"osm_type":"node","osm_id":4328281616,"category":"artwork","name":"Landkönnuðurinn Þorfinnur karlsefni","wikidata":null,"wikipedia":null,"tags":{"artist_name":"Einar Jónsson","artwork_type":"statue","name":"Landkönnuðurinn Þorfinnur karlsefni","tourism":"artwork"}}},{"type":"Feature","id":"node/4328281617","geometry":{"type":"Point","coordinates":[-21.8861742,64.1416659]},"properties":{"osm_type":"node","osm_id":4328281617,"category":"artwork","name":"Móðir Jörð","wikidata":null,"wikipedia":null,"tags":{"artist_name":"Ásmundur Sveinsson","artwork_type":"sculpture","name":"Móðir Jörð","tourism":"artwork"}}},{"type":"Feature","id":"node/4328281618","geometry":{"type":"Point","coordinates":[-21.8670958,64.138458]},"properties":{"osm_type":"node","osm_id":4328281618,"category":"artwork","name":"Móðir jörð","wikidata":null,"wikipedia":null,"tags":{"artist_name":"Ásmundur Sveinsson","artwork_type":"statue","name":"Móðir jörð","tourism":"artwork"}}},{"type":"Feature","id":"node/4328281619","geometry":{"type":"Point","coordinates":[-21.8856213,64.1415592]},"properties":{"osm_type":"node","osm_id":4328281619,"category":"artwork","name":"Móðir mín í kví kví","wikidata":null,"wikipedia":null,"tags":{"artist_name":"Ásmundur Sveinsson","artwork_type":"statue","name":"Móðir mín í kví kví","tourism":"artwork"}}},{"type":"Feature","id":"node/4328281620","geometry":{"type":"Point","coordinates":[-21.8855806,64.1416134]},"properties":{"osm_type":"node","osm_id":4328281620,"category":"artwork","name":"Piltur og stúlka","wikidata":null,"wikipedia":null,"tags":{"artist_name":"Ásmundur Sveinsson","artwork_type":"statue","name":"Piltur og stúlka","tourism":"artwork"}}},{"type":"Feature","id":"node/4328281621","geometry":{"type":"Point","coordinates":[-21.8678275,64.147411]},"properties":{"osm_type":"node","osm_id":4328281621,"category":"artwork","name":"Sjómaður","wikidata":null,"wikipedia":null,"tags":{"artist_name":"Sigurjón Ólafsson","artwork_type":"sculpture","name":"Sjómaður","tourism":"artwork"}}},{"type":"Feature","id":"node/4328281622","geometry":{"type":"Point","coordinates":[-21.8851287,64.1413649]},"properties":{"osm_type":"node","osm_id":4328281622,"category":"artwork","name":"Stríð og flótti","wikidata":null,"wikipedia":null,"tags":{"artist_name":"Ásmundur Sveinsson","artwork_type":"sculpture","name":"Stríð og flótti","tourism":"artwork"}}},{"type":"Feature","id":"node/4328281623","geometry":{"type":"Point","coordinates":[-21.8849418,64.1415643]},"properties":{"osm_type":"node","osm_id":4328281623,"category":"artwork","name":"Systur (Útþrá)","wikidata":null,"wikipedia":null,"tags":{"artist_name":"Ásmundur Sveinsson","artwork_type":"statue","name":"Systur (Útþrá)","tourism":"artwork"}}},{"type":"Feature","id":"node/4328281624","geometry":{"type":"Point","coordinates":[-21.8683105,64.1388661]},"properties":{"osm_type":"node","osm_id":4328281624,"category":"artwork","name":"Systur","wikidata":null,"wikipedia":null,"tags":{"artist_name":"Ásmundur Sveinsson","artwork_type":"statue","name":"Systur","tourism":"artwork"}}},{"type":"Feature","id":"node/4328281625","geometry":{"type":"Point","coordinates":[-21.8858302,64.1417384]},"properties":{"osm_type":"node","osm_id":4328281625,"category":"artwork","name":"Tröllkona","wikidata":null,"wikipedia":null,"tags":{"artist_name":"Ásmundur Sveinsson","artwork_type":"sculpture","name":"Tröllkona","tourism":"artwork"}}},{"type":"Feature","id":"node/4328281626","geometry":{"type":"Point","coordinates":[-21.885076,64.1411743]},"properties":{"osm_type":"node","osm_id":4328281626,"category":"artwork","name":"Vatnsberinn","wikidata":null,"wikipedia":null,"tags":{"artist_name":"Ásmundur Sveinsson","artwork_type":"statue","name":"Vatnsberinn","tourism":"artwork"}}},{"type":"Feature","id":"node/4328281627","geometry":{"type":"Point","coordinates":[-21.8851509,64.1417237]},"properties":{"osm_type":"node","osm_id":4328281627,"category":"artwork","name":"Veðurspámaður","wikidata":null,"wikipedia":null,"tags":{"artist_name":"Ásmundur Sveinsson","artwork_type":"statue","name":"Veðurspámaður","tourism":"artwork"}}},{"type":"Feature","id":"node/4328281629","geometry":{"type":"Point","coordinates":[-21.8599376,64.1391709]},"properties":{"osm_type":"node","osm_id":4328281629,"category":"memorial","name":"Helgi Hóseasson","wikidata":null,"wikipedia":null,"tags":{"historic":"memorial","material":"wood","memorial":"bench","name":"Helgi Hóseasson"}}},{"type":"Feature","id":"node/4328281638","geometry":{"type":"Point","coordinates":[-21.8711914,64.1406617]},"properties":{"osm_type":"node","osm_id":4328281638,"category":"memorial","name":"Þorsteinn Einarsson, íþróttafulltrúi","wikidata":null,"wikipedia":null,"tags":{"historic":"memorial","memorial":"bust","name":"Þorsteinn Einarsson, íþróttafulltrúi"}}},{"type":"Feature","id":"node/4328281639","geometry":{"type":"Point","coordinates":[-21.8729864,64.1422904]},"properties":{"osm_type":"node","osm_id":4328281639,"category":"artwork","name":"Þvottakona","wikidata":null,"wikipedia":null,"tags":{"artist_name":"Ásmundur Sveinsson","artwork_type":"statue","name":"Þvottakona","tourism":"artwork"}}},{"type":"Feature","id":"node/4330028474","geometry":{"type":"Point","coordinates":[-21.8444819,64.1083252]},"properties":{"osm_type":"node","osm_id":4330028474,"category":"artwork","name":"Sólarauga","wikidata":null,"wikipedia":null,"tags":{"artist_name":"Jón Gunnar Árnason","artwork_type":"sculpture","name":"Sólarauga","tourism":"artwork"}}},{"type":"Feature","id":"node/4337281296","geometry":{"type":"Point","coordinates":[-21.9351209,64.1469911]},"properties":{"osm_type":"node","osm_id":4337281296,"category":"artwork","name":"Rætur","wikidata":null,"wikipedia":null,"tags":{"name":"Rætur","tourism":"artwork"}}},{"type":"Feature","id":"node/4342452706","geometry":{"type":"Point","coordinates":[-21.9402656,64.1416809]},"properties":{"osm_type":"node","osm_id":4342452706,"category":"memorial","name":"Bertel Thorvaldsen","wikidata":null,"wikipedia":null,"tags":{"historic":"memorial","memorial":"statue","name":"Bertel Thorvaldsen"}}},{"type":"Feature","id":"node/4342452707","geometry":{"type":"Point","coordinates":[-21.9394314,64.1440865]},"properties":{"osm_type":"node","osm_id":4342452707,"category":"artwork","name":"Fótboltamaðurinn","wikidata":null,"wikipedia":null,"tags":{"artist_name":"Sigurjón Ólafsson","artwork_type":"sculpture","name":"Fótboltamaðurinn","tourism":"artwork"}}},{"type":"Feature","id":"node/4342452708","geometry":{"type":"Point","coordinates":[-21.9405285,64.142184]},"properties":{"osm_type":"node","osm_id":4342452708,"category":"memorial","name":"Jónas Hallgrímsson","wikidata":null,"wikipedia":null,"tags":{"historic":"memorial","memorial":"statue","name":"Jónas Hallgrímsson"}}},{"type":"Feature","id":"node/4342452709","geometry":{"type":"Point","coordinates":[-21.9382953,64.1455607]},"properties":{"osm_type":"node","osm_id":4342452709,"category":"artwork","name":"Móðurást","wikidata":null,"wikipedia":null,"tags":{"artist_name":"Nína Sæmundsson","artwork_type":"statue","name":"Móðurást","tourism":"artwork"}}},{"type":"Feature","id":"node/4342452710","geometry":{"type":"Point","coordinates":[-21.9388263,64.1430434]},"properties":{"osm_type":"node","osm_id":4342452710,"category":"artwork","name":"Piltur og stúlka","wikidata":null,"wikipedia":null,"tags":{"artist_name":"Ásmundur Sveinsson","artwork_type":"statue","name":"Piltur og stúlka","tourism":"artwork"}}},{"type":"Feature","id":"node/4342452711","geometry":{"type":"Point","coordinates":[-21.9367715,64.1465761]},"properties":{"osm_type":"node","osm_id":4342452711,"category":"artwork","name":"Sr. Friðrik og drengurinn","wikidata":null,"wikipedia":null,"tags":{"artist_name":"Sigurjón Ólafsson","artwork_type":"statue","name":"Sr. Friðrik og drengurinn","tourism":"artwork"}}},{"type":"Feature","id":"node/4342452712","geometry":{"type":"Point","coordinates":[-21.9393141,64.1438972]},"properties":{"osm_type":"node","osm_id":4342452712,"category":"artwork","name":"Stúlkumynd","wikidata":null,"wikipedia":null,"tags":{"artist_name":"Ólöf Pálsdóttir","artwork_type":"statue","name":"Stúlkumynd","tourism":"artwork"}}},{"type":"Feature","id":"node/4342452713","geometry":{"type":"Point","coordinates":[-21.9394226,64.1442258]},"properties":{"osm_type":"node","osm_id":4342452713,"category":"artwork","name":"Víkingurinn","wikidata":null,"wikipedia":null,"tags":{"artist_name":"Sigurjón Ólafsson","artwork_type":"sculpture","name":"Víkingurinn","tourism":"artwork"}}},{"type":"Feature","id":"node/4342452717","geometry":{"type":"Point","coordinates":[-21.9375246,64.146097]},"properties":{"osm_type":"node","osm_id":4342452717,"category":"artwork","name":"Andlit Sólar","wikidata":null,"wikipedia":null,"tags":{"artist_name":"Ásmundur Sveinsson","artwork_type":"sculpture","material":"metal","name":"Andlit Sólar","name:en":"Face of the Sun","start_date":"1969","tourism":"artwork","website":"https://safneign.listasafnreykjavikur.is/is/verk/H-064"}}},{"type":"Feature","id":"node/4342452718","geometry":{"type":"Point","coordinates":[-21.9407883,64.1410825]},"properties":{"osm_type":"node","osm_id":4342452718,"category":"artwork","name":"Á heimleið","wikidata":null,"wikipedia":null,"tags":{"artist_name":"Gunnfríður Jónsdóttir","artwork_type":"statue","name":"Á heimleið","tourism":"artwork"}}},{"type":"Feature","id":"node/4342611890","geometry":{"type":"Point","coordinates":[-21.9451804,64.1477783]},"properties":{"osm_type":"node","osm_id":4342611890,"category":"artwork","name":"Fýkur yfir hæðir","wikidata":null,"wikipedia":null,"tags":{"artist_name":"Ásmundur Sveinsson","artwork_type":"statue","name":"Fýkur yfir hæðir","tourism":"artwork"}}},{"type":"Feature","id":"node/4342611891","geometry":{"type":"Point","coordinates":[-21.9414663,64.1474176]},"properties":{"osm_type":"node","osm_id":4342611891,"category":"memorial","name":"Georg Schierbeck landlæknir","wikidata":null,"wikipedia":null,"tags":{"artist_name":"Helgi Gíslason","historic":"memorial","memorial":"stone","name":"Georg Schierbeck landlæknir"}}},{"type":"Feature","id":"node/4342611892","geometry":{"type":"Point","coordinates":[-21.9412924,64.1485973]},"properties":{"osm_type":"node","osm_id":4342611892,"category":"artwork","name":"Miðja Reykjavikur","wikidata":null,"wikipedia":null,"tags":{"artwork_type":"mural","name":"Miðja Reykjavikur","name:en":"Hub of Reykjavík","name:is":"Miðja Reykjavikur","tourism":"artwork"}}},{"type":"Feature","id":"node/4342611893","geometry":{"type":"Point","coordinates":[-21.9450831,64.141907]},"properties":{"osm_type":"node","osm_id":4342611893,"category":"artwork","name":"Landnámskonan","wikidata":null,"wikipedia":null,"tags":{"artist_name":"Gunnfríður Jónsdóttir","artwork_type":"statue","name":"Landnámskonan","tourism":"artwork"}}},{"type":"Feature","id":"node/4342611894","geometry":{"type":"Point","coordinates":[-21.9437556,64.1420968]},"properties":{"osm_type":"node","osm_id":4342611894,"category":"artwork","name":"Piltur og stúlka (Kata og Stebbi)","wikidata":null,"wikipedia":null,"tags":{"artist_name":"Þorbjörg Pálsdóttir","artwork_type":"statue","name":"Piltur og stúlka (Kata og Stebbi)","tourism":"artwork"}}},{"type":"Feature","id":"node/4342611895","geometry":{"type":"Point","coordinates":[-21.9419384,64.148676]},"properties":{"osm_type":"node","osm_id":4342611895,"category":"artwork","name":"Horfur","wikidata":null,"wikipedia":null,"tags":{"artist_name":"Steinunn Þórarinsdóttir","artwork_type":"statue","name":"Horfur","name:en":"Prospect","name:is":"Horfur","tourism":"artwork"}}},{"type":"Feature","id":"node/4342611896","geometry":{"type":"Point","coordinates":[-21.9419198,64.1473636]},"properties":{"osm_type":"node","osm_id":4342611896,"category":"artwork","name":"Skúli Magnússon","wikidata":null,"wikipedia":null,"tags":{"artist_name":"Guðmundur Einarsson","artwork_type":"statue","historic":"memorial","memorial":"statue","name":"Skúli Magnússon","start_date":"1954-08-18","tourism":"artwork"}}},{"type":"Feature","id":"node/4342611897","geometry":{"type":"Point","coordinates":[-21.9446514,64.1415356]},"properties":{"osm_type":"node","osm_id":4342611897,"category":"artwork","name":"Skúlptúr","wikidata":null,"wikipedia":null,"tags":{"artist_name":"Gerður Helgadóttir","artwork_type":"sculpture","name":"Skúlptúr","tourism":"artwork"}}},{"type":"Feature","id":"node/4342611898","geometry":{"type":"Point","coordinates":[-21.943775,64.1415607]},"properties":{"osm_type":"node","osm_id":4342611898,"category":"artwork","name":"Sonur","wikidata":null,"wikipedia":null,"tags":{"artist_name":"Ólöf Pálsdóttir","artwork_type":"statue","name":"Sonur","tourism":"artwork"}}},{"type":"Feature","id":"node/4342611899","geometry":{"type":"Point","coordinates":[-21.9390911,64.1465412]},"properties":{"osm_type":"node","osm_id":4342611899,"category":"artwork","name":"Séra Bjarni Jónsson","wikidata":null,"wikipedia":null,"tags":{"artwork_type":"bust","memorial":"bust","name":"Séra Bjarni Jónsson","tourism":"artwork"}}},{"type":"Feature","id":"node/4342611900","geometry":{"type":"Point","coordinates":[-21.9403461,64.1457834]},"properties":{"osm_type":"node","osm_id":4342611900,"category":"artwork","name":"Minnisvarði um óþekkta embættismanninn","wikidata":null,"wikipedia":null,"tags":{"alt_name":"Óþekkti embættismaðurinn","artist_name":"Magnús Tómasson","artwork_type":"sculpture","material":"basalt_and_bronze","name":"Minnisvarði um óþekkta embættismanninn","name:de":"Unbekannter Beamter","name:en":"The Unknown Bureaucrat","name:ru":"Неизвестный бюрократ","tourism":"artwork"}}},{"type":"Feature","id":"node/4342611901","geometry":{"type":"Point","coordinates":[-21.9448873,64.1437718]},"properties":{"osm_type":"node","osm_id":4342611901,"category":"artwork","name":"Tómas Guðmundsson","wikidata":null,"wikipedia":null,"tags":{"amenity":"bench","artist_name":"Halla Gunnarsdóttir","artwork_type":"statue","name":"Tómas Guðmundsson","tourism":"artwork"}}},{"type":"Feature","id":"node/4342611905","geometry":{"type":"Point","coordinates":[-21.9394874,64.1465851]},"properties":{"osm_type":"node","osm_id":4342611905,"category":"artwork","name":"Jón Vídalín","wikidata":null,"wikipedia":null,"tags":{"artwork_type":"bust","name":"Jón Vídalín","tourism":"artwork","wheelchair":"yes"}}},{"type":"Feature","id":"node/4342611908","geometry":{"type":"Point","coordinates":[-21.9452308,64.1440715]},"properties":{"osm_type":"node","osm_id":4342611908,"category":"memorial","name":"Ólafur Thors forsætisráðherra","wikidata":null,"wikipedia":null,"tags":{"historic":"memorial","memorial":"statue","name":"Ólafur Thors forsætisráðherra"}}},{"type":"Feature","id":"node/4342611909","geometry":{"type":"Point","coordinates":[-21.9444161,64.1433952]},"properties":{"osm_type":"node","osm_id":4342611909,"category":"artwork","name":"Úr álögum","wikidata":null,"wikipedia":null,"tags":{"artwork_type":"sculpture","name":"Úr álögum","tourism":"artwork"}}},{"type":"Feature","id":"node/4344541174","geometry":{"type":"Point","coordinates":[-21.0850869,65.1442847]},"properties":{"osm_type":"node","osm_id":4344541174,"category":"artwork","name":"Minnisvarði um landpósta","wikidata":null,"wikipedia":null,"tags":{"artist_name":"Grímur Marinó Steindórsson","artwork_type":"sculpture","name":"Minnisvarði um landpósta","tourism":"artwork"}}},{"type":"Feature","id":"node/4344609321","geometry":{"type":"Point","coordinates":[-18.0911429,65.6819761]},"properties":{"osm_type":"node","osm_id":4344609321,"category":"artwork","name":"Akurey","wikidata":null,"wikipedia":null,"tags":{"artist_name":"Sólveig Baldursdóttir","artwork_type":"sculpture","name":"Akurey","tourism":"artwork"}}},{"type":"Feature","id":"node/4344609322","geometry":{"type":"Point","coordinates":[-18.0929717,65.6766701]},"properties":{"osm_type":"node","osm_id":4344609322,"category":"memorial","name":"Brynjólfur Sveinsson kennari","wikidata":null,"wikipedia":null,"tags":{"historic":"memorial","memorial":"stone","name":"Brynjólfur Sveinsson kennari"}}},{"type":"Feature","id":"node/4344609323","geometry":{"type":"Point","coordinates":[-18.0846436,65.6845112]},"properties":{"osm_type":"node","osm_id":4344609323,"category":"artwork","name":"Farið","wikidata":null,"wikipedia":null,"tags":{"artist_name":"Pétur Bjarnason","artwork_type":"sculpture","name":"Farið","tourism":"artwork"}}},{"type":"Feature","id":"node/4344609324","geometry":{"type":"Point","coordinates":[-18.0858927,65.6678702]},"properties":{"osm_type":"node","osm_id":4344609324,"category":"memorial","name":"Friðbjörn Steinsson","wikidata":null,"wikipedia":null,"tags":{"historic":"memorial","memorial":"bust","name":"Friðbjörn Steinsson"}}},{"type":"Feature","id":"node/4344609325","geometry":{"type":"Point","coordinates":[-18.092735,65.6760901]},"properties":{"osm_type":"node","osm_id":4344609325,"category":"memorial","name":"Halldóra Ólafsdóttir skólameistarafrú","wikidata":null,"wikipedia":null,"tags":{"historic":"memorial","memorial":"bust","name":"Halldóra Ólafsdóttir skólameistarafrú"}}},{"type":"Feature","id":"node/4344609326","geometry":{"type":"Point","coordinates":[-18.092228,65.6750174]},"properties":{"osm_type":"node","osm_id":4344609326,"category":"memorial","name":"Jón Rögnvaldsson","wikidata":null,"wikipedia":null,"tags":{"historic":"memorial","memorial":"bust","name":"Jón Rögnvaldsson"}}},{"type":"Feature","id":"node/4344609327","geometry":{"type":"Point","coordinates":[-18.0853139,65.6669066]},"properties":{"osm_type":"node","osm_id":4344609327,"category":"memorial","name":"Jón Sveinsson \"Nonni\"","wikidata":null,"wikipedia":null,"tags":{"artist_name":"Nína Sæmundsson","historic":"memorial","memorial":"statue","name":"Jón Sveinsson \"Nonni\""}}},{"type":"Feature","id":"node/4344609328","geometry":{"type":"Point","coordinates":[-18.0912522,65.6820033]},"properties":{"osm_type":"node","osm_id":4344609328,"category":"artwork","name":"Lahti","wikidata":null,"wikipedia":null,"tags":{"artwork_type":"sculpture","name":"Lahti","tourism":"artwork"}}},{"type":"Feature","id":"node/4344609329","geometry":{"type":"Point","coordinates":[-18.0945605,65.6751677]},"properties":{"osm_type":"node","osm_id":4344609329,"category":"memorial","name":"Margrethe Schiöth","wikidata":null,"wikipedia":null,"tags":{"artist_name":"Jónas Jakobsson","historic":"memorial","memorial":"bust","name":"Margrethe Schiöth"}}},{"type":"Feature","id":"node/4344609330","geometry":{"type":"Point","coordinates":[-18.0921804,65.6755018]},"properties":{"osm_type":"node","osm_id":4344609330,"category":"memorial","name":"Matthías Jochumsson","wikidata":null,"wikipedia":null,"tags":{"artist_name":"Ríkarður Jónsson","historic":"memorial","memorial":"bust","name":"Matthías Jochumsson"}}},{"type":"Feature","id":"node/4344609331","geometry":{"type":"Point","coordinates":[-18.0940949,65.6746715]},"properties":{"osm_type":"node","osm_id":4344609331,"category":"artwork","name":"Móðir jörð","wikidata":null,"wikipedia":null,"tags":{"artist_name":"Hrefna Harðardóttir","artwork_type":"mural","name":"Móðir jörð","name:en":"Mother Goddess","name:is":"Móðir jörð","tourism":"artwork"}}},{"type":"Feature","id":"node/4344609332","geometry":{"type":"Point","coordinates":[-18.0911292,65.6820184]},"properties":{"osm_type":"node","osm_id":4344609332,"category":"artwork","name":"Randers","wikidata":null,"wikipedia":null,"tags":{"artwork_type":"sculpture","name":"Randers","tourism":"artwork"}}},{"type":"Feature","id":"node/4344609333","geometry":{"type":"Point","coordinates":[-18.0794472,65.685195]},"properties":{"osm_type":"node","osm_id":4344609333,"category":"artwork","name":"Samstaða","wikidata":null,"wikipedia":null,"tags":{"artist_name":"Jóhann Ingimarsson","artwork_type":"sculpture","name":"Samstaða","name:en":"Solidarity","tourism":"artwork"}}},{"type":"Feature","id":"node/4344609334","geometry":{"type":"Point","coordinates":[-18.0926468,65.6760815]},"properties":{"osm_type":"node","osm_id":4344609334,"category":"memorial","name":"Sigurður Guðmundsson skólameistari","wikidata":null,"wikipedia":null,"tags":{"historic":"memorial","memorial":"bust","name":"Sigurður Guðmundsson skólameistari"}}},{"type":"Feature","id":"node/4344609335","geometry":{"type":"Point","coordinates":[-18.0821552,65.6850286]},"properties":{"osm_type":"node","osm_id":4344609335,"category":"artwork","name":"Sjávarvætturinn Skari","wikidata":null,"wikipedia":null,"tags":{"artwork_type":"sculpture","name":"Sjávarvætturinn Skari","tourism":"artwork"}}},{"type":"Feature","id":"node/4344609336","geometry":{"type":"Point","coordinates":[-18.0874328,65.6821527]},"properties":{"osm_type":"node","osm_id":4344609336,"category":"artwork","name":"Súlan EA 300","wikidata":null,"wikipedia":null,"tags":{"artwork_type":"sculpture","name":"Súlan EA 300","tourism":"artwork"}}},{"type":"Feature","id":"node/4344609337","geometry":{"type":"Point","coordinates":[-18.1008785,65.6804641]},"properties":{"osm_type":"node","osm_id":4344609337,"category":"artwork","name":"Harpa bænarinnar","wikidata":null,"wikipedia":null,"tags":{"artist_name":"Ásmundur Sveinsson","artwork_type":"sculpture","name":"Harpa bænarinnar","name:en":"The Harp of Prayer","name:is":"Harpa bænarinnar","tourism":"artwork"}}},{"type":"Feature","id":"node/4344609338","geometry":{"type":"Point","coordinates":[-18.0928936,65.6772651]},"properties":{"osm_type":"node","osm_id":4344609338,"category":"artwork","name":"Útilegumaðurinn","wikidata":null,"wikipedia":null,"tags":{"alt_name":"Útlagar","artist_name":"Einar Jónsson","artwork_type":"statue","name":"Útilegumaðurinn","name:en":"The Outlaw","name:is":"Útilegumaðurinn","start_date":"1900","tourism":"artwork"}}},{"type":"Feature","id":"node/4344609339","geometry":{"type":"Point","coordinates":[-18.0911067,65.6819984]},"properties":{"osm_type":"node","osm_id":4344609339,"category":"artwork","name":"Västerås","wikidata":null,"wikipedia":null,"tags":{"artwork_type":"sculpture","name":"Västerås","tourism":"artwork"}}},{"type":"Feature","id":"node/4344609345","geometry":{"type":"Point","coordinates":[-18.0856258,65.6730559]},"properties":{"osm_type":"node","osm_id":4344609345,"category":"artwork","name":"Þrívídd","wikidata":null,"wikipedia":null,"tags":{"artist_name":"Nói","artwork_type":"sculpture","name":"Þrívídd","tourism":"artwork"}}},{"type":"Feature","id":"node/4344609352","geometry":{"type":"Point","coordinates":[-18.0912184,65.6819881]},"properties":{"osm_type":"node","osm_id":4344609352,"category":"artwork","name":"Ålesund","wikidata":null,"wikipedia":null,"tags":{"artwork_type":"sculpture","name":"Ålesund","tourism":"artwork"}}},{"type":"Feature","id":"node/4346235573","geometry":{"type":"Point","coordinates":[-18.1022719,65.679103]},"properties":{"osm_type":"node","osm_id":4346235573,"category":"memorial","name":"Davíð leggur Golíat","wikidata":null,"wikipedia":null,"tags":{"historic":"memorial","memorial":"stone","name":"Davíð leggur Golíat"}}},{"type":"Feature","id":"node/4346656745","geometry":{"type":"Point","coordinates":[-18.0918758,65.6801268]},"properties":{"osm_type":"node","osm_id":4346656745,"category":"gallery","name":"deiglan","wikidata":null,"wikipedia":null,"tags":{"addr:city":"Akureyri","addr:housenumber":"23","addr:postcode":"600","addr:street":"Kaupvangsstræti","name":"deiglan","tourism":"gallery","website":"https://listagil.is/?page_id=765"}}},{"type":"Feature","id":"node/4409504194","geometry":{"type":"Point","coordinates":[-18.1926355,65.8511769]},"properties":{"osm_type":"node","osm_id":4409504194,"category":"arts_centre","name":"Verksmiðjan á Hjalteyri","wikidata":null,"wikipedia":null,"tags":{"amenity":"arts_centre","name":"Verksmiðjan á Hjalteyri"}}},{"type":"Feature","id":"node/4423999199","geometry":{"type":"Point","coordinates":[-21.1540479,63.864651]},"properties":{"osm_type":"node","osm_id":4423999199,"category":"museum","name":"Húsið","wikidata":null,"wikipedia":null,"tags":{"name":"Húsið","tourism":"museum"}}},{"type":"Feature","id":"node/4491062278","geometry":{"type":"Point","coordinates":[-13.8745405,64.8323412]},"properties":{"osm_type":"node","osm_id":4491062278,"category":"arts_centre","name":"Fish Factory - Creative Centre Stöðvarfjörður","wikidata":null,"wikipedia":null,"tags":{"addr:city":"Stöðvarfjörður","addr:country":"IS","addr:housenumber":"1","addr:postcode":"755","addr:street":"Bankastræti","amenity":"arts_centre","name":"Fish Factory - Creative Centre Stöðvarfjörður"}}},{"type":"Feature","id":"node/4523607925","geometry":{"type":"Point","coordinates":[-21.955259,64.0676938]},"properties":{"osm_type":"node","osm_id":4523607925,"category":"gallery","name":"Hafnarborg","wikidata":"Q15961654","wikipedia":"en:Hafnarborg","tags":{"name":"Hafnarborg","opening_hours":"We-Mo 12:00-17:00","tourism":"gallery","website":"https://hafnarborg.is/","wikidata":"Q15961654","wikipedia":"en:Hafnarborg"}}},{"type":"Feature","id":"node/4527157480","geometry":{"type":"Point","coordinates":[-21.0002743,63.9382477]},"properties":{"osm_type":"node","osm_id":4527157480,"category":"theatre","name":"Litla leikhúsið við Sigtún","wikidata":null,"wikipedia":null,"tags":{"addr:city":"Selfoss","addr:housenumber":"1","addr:postcode":"800","addr:street":"Sigtún","amenity":"theatre","name":"Litla leikhúsið við Sigtún","operator":"Leikfélag Selfoss"}}},{"type":"Feature","id":"node/4552189070","geometry":{"type":"Point","coordinates":[-21.9338156,64.1544191]},"properties":{"osm_type":"node","osm_id":4552189070,"category":"artwork","name":"Þúfan","wikidata":null,"wikipedia":null,"tags":{"artist_name":"Ólöf Nordal","artwork_type":"land_art","name":"Þúfan","name:da":"Tuen","tourism":"artwork"}}},{"type":"Feature","id":"node/4629943072","geometry":{"type":"Point","coordinates":[-18.0847885,65.6667821]},"properties":{"osm_type":"node","osm_id":4629943072,"category":"artwork","name":"Útþrá","wikidata":null,"wikipedia":null,"tags":{"artist_name":"Elísabet Geirmundsdóttir","artwork_type":"statue","name":"Útþrá","tourism":"artwork"}}},{"type":"Feature","id":"node/4652154908","geometry":{"type":"Point","coordinates":[-21.9296178,64.1419338]},"properties":{"osm_type":"node","osm_id":4652154908,"category":"artwork","name":"Alda Aldanna","wikidata":null,"wikipedia":null,"tags":{"artist_name":"Einar Jónsson","artwork_type":"sculpture","material":"bronze","name":"Alda Aldanna","name:en":"The wave of ages","tourism":"artwork"}}},{"type":"Feature","id":"node/4652154909","geometry":{"type":"Point","coordinates":[-21.9298458,64.14188]},"properties":{"osm_type":"node","osm_id":4652154909,"category":"artwork","name":"Vor","wikidata":null,"wikipedia":null,"tags":{"artist_name":"Einar Jónsson","artwork_type":"sculpture","material":"bronze","name":"Vor","name:en":"Spring","tourism":"artwork"}}},{"type":"Feature","id":"node/4652162215","geometry":{"type":"Point","coordinates":[-21.9293488,64.1417542]},"properties":{"osm_type":"node","osm_id":4652162215,"category":"artwork","name":"Protection","wikidata":null,"wikipedia":null,"tags":{"artwork_type":"sculpture","name":"Protection","tourism":"artwork"}}},{"type":"Feature","id":"node/4652162216","geometry":{"type":"Point","coordinates":[-21.929848,64.1419713]},"properties":{"osm_type":"node","osm_id":4652162216,"category":"artwork","name":"Jól","wikidata":null,"wikipedia":null,"tags":{"artist_name":"Einar Jónsson","artwork_type":"sculpture","material":"bronze","name":"Jól","tourism":"artwork"}}},{"type":"Feature","id":"node/4652162220","geometry":{"type":"Point","coordinates":[-22.7276031,65.0767736]},"properties":{"osm_type":"node","osm_id":4652162220,"category":"museum","name":"Æðarsetur Íslands","wikidata":null,"wikipedia":null,"tags":{"name":"Æðarsetur Íslands","name:en":"Eider Duck Museum","name:is":"Æðarsetur Íslands","tourism":"museum","website":"https://www.eider.is/"}}},{"type":"Feature","id":"node/4652162827","geometry":{"type":"Point","coordinates":[-21.9226279,64.5355931]},"properties":{"osm_type":"node","osm_id":4652162827,"category":"artwork","name":"Brákin","wikidata":null,"wikipedia":null,"tags":{"artist_name":"Bjarni Þór Bjarnason","artwork_type":"sculpture","image":"https://en.wikipedia.org/wiki/File:Minnismerki_um_%C3%9Eorger%C3%B0i_br%C3%A1k_-_4.jpg","material":"concrete;metal","name":"Brákin","start_date":"1997","tourism":"artwork"}}},{"type":"Feature","id":"node/4652162828","geometry":{"type":"Point","coordinates":[-21.9239437,64.5351136]},"properties":{"osm_type":"node","osm_id":4652162828,"category":"memorial","name":"Brákarsund","wikidata":null,"wikipedia":null,"tags":{"historic":"memorial","memorial":"plaque","name":"Brákarsund"}}},{"type":"Feature","id":"node/4652162832","geometry":{"type":"Point","coordinates":[-21.9289655,64.1416513]},"properties":{"osm_type":"node","osm_id":4652162832,"category":"artwork","name":"Ýmir og Auðhumila","wikidata":null,"wikipedia":null,"tags":{"artist_name":"Einar Jónsson","artwork_type":"sculpture","material":"bronze","name":"Ýmir og Auðhumila","tourism":"artwork"}}},{"type":"Feature","id":"node/4656403187","geometry":{"type":"Point","coordinates":[-14.024241,65.1898059]},"properties":{"osm_type":"node","osm_id":4656403187,"category":"memorial","name":"Sveinn Ólafsson","wikidata":null,"wikipedia":null,"tags":{"historic":"memorial","name":"Sveinn Ólafsson"}}},{"type":"Feature","id":"node/4782312582","geometry":{"type":"Point","coordinates":[-21.7051103,63.8362056]},"properties":{"osm_type":"node","osm_id":4782312582,"category":"memorial","name":"Landsýn","wikidata":null,"wikipedia":null,"tags":{"historic":"memorial","memorial":"statue","name":"Landsýn"}}},{"type":"Feature","id":"node/4812010221","geometry":{"type":"Point","coordinates":[-21.2354958,63.8818976]},"properties":{"osm_type":"node","osm_id":4812010221,"category":"artwork","name":"chair","wikidata":null,"wikipedia":null,"tags":{"name":"chair","tourism":"artwork"}}},{"type":"Feature","id":"node/4814194624","geometry":{"type":"Point","coordinates":[-15.2056206,64.2492336]},"properties":{"osm_type":"node","osm_id":4814194624,"category":"artwork","name":"Akurey SF 52","wikidata":null,"wikipedia":null,"tags":{"name":"Akurey SF 52","name:en":"Boat","tourism":"artwork"}}},{"type":"Feature","id":"node/4816640831","geometry":{"type":"Point","coordinates":[-18.6309853,66.0783929]},"properties":{"osm_type":"node","osm_id":4816640831,"category":"artwork","name":"Anchor","wikidata":null,"wikipedia":null,"tags":{"name:en":"Anchor","tourism":"artwork"}}},{"type":"Feature","id":"node/4819830626","geometry":{"type":"Point","coordinates":[-19.646712,65.7472132]},"properties":{"osm_type":"node","osm_id":4819830626,"category":"artwork","name":"Horse statue","wikidata":null,"wikipedia":null,"tags":{"name:de":"Pferdestatur","name:en":"Horse statue","tourism":"artwork"}}},{"type":"Feature","id":"node/4838445621","geometry":{"type":"Point","coordinates":[-22.5549081,65.0479884]},"properties":{"osm_type":"node","osm_id":4838445621,"category":"historic","name":"Shipwreck","wikidata":null,"wikipedia":null,"tags":{"historic":"wreck","name:en":"Shipwreck"}}},{"type":"Feature","id":"node/4888480254","geometry":{"type":"Point","coordinates":[-21.948576,64.1533108]},"properties":{"osm_type":"node","osm_id":4888480254,"category":"museum","name":"Sjóminjasafnið í Reykjavík","wikidata":"Q7929434","wikipedia":"is:Sjóminjasafnið í Reykjavík","tags":{"addr:city":"Reykjavík","addr:housenumber":"8","addr:postcode":"101","addr:street":"Grandagarður","name":"Sjóminjasafnið í Reykjavík","name:en":"Reykjavík Maritime Museum","operator":"Borg­ar­sögu­safn","tourism":"museum","website":"https://borgarsogusafn.is/","wikidata":"Q7929434","wikipedia":"is:Sjóminjasafnið í Reykjavík"}}},{"type":"Feature","id":"node/4908912524","geometry":{"type":"Point","coordinates":[-20.3989315,65.5015734]},"properties":{"osm_type":"node","osm_id":4908912524,"category":"memorial","name":"Þrístapar","wikidata":null,"wikipedia":null,"tags":{"historic":"memorial","name":"Þrístapar","name:en":"Þrístapar"}}},{"type":"Feature","id":"node/4929504371","geometry":{"type":"Point","coordinates":[-20.2781761,64.3272262]},"properties":{"osm_type":"node","osm_id":4929504371,"category":"memorial","name":"Bergþór úr Bláfelli","wikidata":null,"wikipedia":null,"tags":{"historic":"memorial","memorial":"stone","name":"Bergþór úr Bláfelli"}}},{"type":"Feature","id":"node/4937180324","geometry":{"type":"Point","coordinates":[-23.6340181,64.7670204]},"properties":{"osm_type":"node","osm_id":4937180324,"category":"monument","name":"Jules Verne Monument","wikidata":null,"wikipedia":null,"tags":{"historic":"monument","name:en":"Jules Verne Monument"}}},{"type":"Feature","id":"node/4946565333","geometry":{"type":"Point","coordinates":[-22.5561547,64.0074618]},"properties":{"osm_type":"node","osm_id":4946565333,"category":"historic","name":"Baldur, KE97","wikidata":null,"wikipedia":null,"tags":{"historic":"ship","name":"Baldur, KE97","tourism":"attraction"}}},{"type":"Feature","id":"node/4949148121","geometry":{"type":"Point","coordinates":[-22.5573993,64.0076193]},"properties":{"osm_type":"node","osm_id":4949148121,"category":"museum","name":"Duus Museum","wikidata":null,"wikipedia":null,"tags":{"addr:city":"Keflavík","addr:country":"IS","addr:housenumber":"2-8","addr:postcode":"230","addr:street":"Duusgata","email":"duushus@reykjanesbaer.is","name":"Duus Museum","opening_hours":"12:00-17:00","tourism":"museum","website":"https://sofn.reykjanesbaer.is/duushus"}}},{"type":"Feature","id":"node/4998692684","geometry":{"type":"Point","coordinates":[-21.9446856,64.1563842]},"properties":{"osm_type":"node","osm_id":4998692684,"category":"museum","name":"Aurora Reykjavik Northern Lights Center","wikidata":null,"wikipedia":null,"tags":{"addr:housenumber":"53","addr:postcode":"101","addr:street":"Fiskislóð","building":"office","name":"Aurora Reykjavik Northern Lights Center","opening_hours":"Mar-Oct: Mo-Su 09:00-20:00; Nov-Feb: Mo-Su 09:00-18:00","phone":"+354 780-4500","tourism":"museum","website":"https://aurorareykjavik.is/"}}},{"type":"Feature","id":"node/5009883054","geometry":{"type":"Point","coordinates":[-21.9303265,64.1442401]},"properties":{"osm_type":"node","osm_id":5009883054,"category":"gallery","name":"Kaolin Keramik Gallery","wikidata":null,"wikipedia":null,"tags":{"addr:city":"Reykjavík","addr:housenumber":"22","addr:postcode":"101","addr:street":"Skólavörðustígur","name":"Kaolin Keramik Gallery","tourism":"gallery"}}},{"type":"Feature","id":"node/5009973251","geometry":{"type":"Point","coordinates":[-21.9280824,64.1429238]},"properties":{"osm_type":"node","osm_id":5009973251,"category":"gallery","name":"Art Ceramic Studio Gallery","wikidata":null,"wikipedia":null,"tags":{"addr:city":"Reykjavík","addr:postcode":"101","addr:street":"Skólavörðustígur","name":"Art Ceramic Studio Gallery","tourism":"gallery"}}},{"type":"Feature","id":"node/5053600365","geometry":{"type":"Point","coordinates":[-23.1257674,66.075667]},"properties":{"osm_type":"node","osm_id":5053600365,"category":"artwork","name":"Sjómannastyttan","wikidata":null,"wikipedia":null,"tags":{"artist_name":"Ragnar Kjartansson","artwork_type":"statue","historic":"memorial","memorial":"statue","name":"Sjómannastyttan","name:de":"Fischerdenkmal","tourism":"artwork"}}},{"type":"Feature","id":"node/5058216241","geometry":{"type":"Point","coordinates":[-23.1259893,66.0682695]},"properties":{"osm_type":"node","osm_id":5058216241,"category":"memorial","name":"QP13","wikidata":null,"wikipedia":null,"tags":{"historic":"memorial","memorial":"plaque","name":"QP13"}}},{"type":"Feature","id":"node/5143294759","geometry":{"type":"Point","coordinates":[-18.0178312,66.563415]},"properties":{"osm_type":"node","osm_id":5143294759,"category":"memorial","name":"Orbis et Globus","wikidata":null,"wikipedia":null,"tags":{"historic":"memorial","memorial":"stone","name":"Orbis et Globus"}}},{"type":"Feature","id":"node/5155178539","geometry":{"type":"Point","coordinates":[-20.2168479,63.863925]},"properties":{"osm_type":"node","osm_id":5155178539,"category":"museum","name":"Sagnagarður Soil Conservation Visitor Centre","wikidata":null,"wikipedia":null,"tags":{"addr:postcode":"851","addr:street":"Gunnarsholt","name:en":"Sagnagarður Soil Conservation Visitor Centre","opening_hours":"Mo-Su 09:00-17:00","tourism":"museum","website":"https://land.is/2847-2/"}}},{"type":"Feature","id":"node/5179071722","geometry":{"type":"Point","coordinates":[-18.081173,65.6612551]},"properties":{"osm_type":"node","osm_id":5179071722,"category":"museum","name":"Mótorhjólasafn Íslands","wikidata":null,"wikipedia":null,"tags":{"addr:city":"Akureyri","addr:housenumber":"2","addr:postcode":"600","addr:street":"Krókeyri","email":"motorhjolasafn@motorhjolasafn.is","name":"Mótorhjólasafn Íslands","name:en":"The Motorcycle Museum of Iceland","opening_hours":"Jun-Aug 13:00-17:00; Sep-May: Sa-Su 13:00-16:00","phone":"+354 866 3500","start_date":"May 2011","tourism":"museum","website":"https://motorhjolasafn.is/"}}},{"type":"Feature","id":"node/5206976331","geometry":{"type":"Point","coordinates":[-16.4244506,66.2951931]},"properties":{"osm_type":"node","osm_id":5206976331,"category":"museum","name":"Bóka- og Byggðasafn","wikidata":null,"wikipedia":null,"tags":{"name":"Bóka- og Byggðasafn","tourism":"museum"}}},{"type":"Feature","id":"node/5235527966","geometry":{"type":"Point","coordinates":[-22.9506755,65.6264434]},"properties":{"osm_type":"node","osm_id":5235527966,"category":"historic","name":"Vegavinnubaðið","wikidata":null,"wikipedia":null,"tags":{"historic":"yes","name":"Vegavinnubaðið"}}},{"type":"Feature","id":"node/5282814347","geometry":{"type":"Point","coordinates":[-21.9165117,64.0884365]},"properties":{"osm_type":"node","osm_id":5282814347,"category":"artwork","name":"Uppsprettan","wikidata":null,"wikipedia":null,"tags":{"addr:city":"Garðabær","addr:postcode":"210","addr:street":"Kirkjulundur","artist_name":"Pétur Bjarnason","artwork_type":"sculpture","material":"bronze","name":"Uppsprettan","start_date":"1995","tourism":"artwork"}}},{"type":"Feature","id":"node/5282814367","geometry":{"type":"Point","coordinates":[-21.9284428,64.0902541]},"properties":{"osm_type":"node","osm_id":5282814367,"category":"artwork","name":"Landslag","wikidata":null,"wikipedia":null,"tags":{"addr:city":"Garðabær","addr:postcode":"210","artist_name":"Brynhildur Þorgeirsdóttir","artwork_type":"sculpture","name":"Landslag","start_date":"1997","tourism":"artwork"}}},{"type":"Feature","id":"node/5282814368","geometry":{"type":"Point","coordinates":[-21.9247844,64.0926134]},"properties":{"osm_type":"node","osm_id":5282814368,"category":"artwork","name":"Hönnun","wikidata":null,"wikipedia":null,"tags":{"addr:city":"Garðabær","addr:postcode":"210","addr:street":"Silfurtún","artist_name":"Magnús Tómasson","artwork_type":"sculpture","name":"Hönnun","start_date":"2001","tourism":"artwork"}}},{"type":"Feature","id":"node/5282814369","geometry":{"type":"Point","coordinates":[-21.9188444,64.1002961]},"properties":{"osm_type":"node","osm_id":5282814369,"category":"memorial","name":"Wegener-stöpullinn","wikidata":null,"wikipedia":null,"tags":{"addr:city":"Garðabær","addr:postcode":"210","addr:street":"Hegranes","artist_name":"Alfred Wegener","historic":"memorial","material":"stone","memorial":"stele","name":"Wegener-stöpullinn","name:en":"Wegener Pillar","name:is":"Wegener-stöpullinn","start_date":"1930-04"}}},{"type":"Feature","id":"node/5284658984","geometry":{"type":"Point","coordinates":[-21.9641042,64.0642861]},"properties":{"osm_type":"node","osm_id":5284658984,"category":"memorial","name":"Steinbogi","wikidata":null,"wikipedia":null,"tags":{"historic":"memorial","material":"stone","memorial":"sculpture","name":"Steinbogi","start_date":"2003"}}},{"type":"Feature","id":"node/5461412421","geometry":{"type":"Point","coordinates":[-15.7109171,66.2077226]},"properties":{"osm_type":"node","osm_id":5461412421,"category":"museum","name":"The Islandic Leadersheep Information Center","wikidata":null,"wikipedia":null,"tags":{"addr:postcode":"681","addr:street":"Svalbarðsskóli","name:de":"Isländisches Informationszentrum für Führerschafe","name:en":"The Islandic Leadersheep Information Center","opening_hours":"Mo-Su 11:00-18:00","tourism":"museum","website":"https://www.forystusetur.is/"}}},{"type":"Feature","id":"node/5462715524","geometry":{"type":"Point","coordinates":[-15.2615873,66.2454334]},"properties":{"osm_type":"node","osm_id":5462715524,"category":"museum","name":"Sauðanes","wikidata":null,"wikipedia":null,"tags":{"name":"Sauðanes","name:en":"Sauðaneshús Local Folk Museum","tourism":"museum"}}},{"type":"Feature","id":"node/5579440289","geometry":{"type":"Point","coordinates":[-18.0839757,65.6652012]},"properties":{"osm_type":"node","osm_id":5579440289,"category":"memorial","name":"Káinn","wikidata":null,"wikipedia":null,"tags":{"historic":"memorial","memorial":"memorial","name":"Káinn"}}},{"type":"Feature","id":"node/5641478322","geometry":{"type":"Point","coordinates":[-14.2854358,64.656699]},"properties":{"osm_type":"node","osm_id":5641478322,"category":"museum","name":"Steinasafn Auðunns","wikidata":null,"wikipedia":null,"tags":{"name":"Steinasafn Auðunns","name:de":"Steine und Kristalle Ausstellung","name:en":"Auðunn's Mineral Collection","opening_hours":"Mo-Su 10:00-18:00","tourism":"museum"}}},{"type":"Feature","id":"node/5669654004","geometry":{"type":"Point","coordinates":[-13.8672675,65.2897765]},"properties":{"osm_type":"node","osm_id":5669654004,"category":"ruins","name":"Gnýstaður","wikidata":null,"wikipedia":null,"tags":{"historic":"ruins","name":"Gnýstaður"}}},{"type":"Feature","id":"node/5695085648","geometry":{"type":"Point","coordinates":[-21.995044,64.1553435]},"properties":{"osm_type":"node","osm_id":5695085648,"category":"ruins","name":"Camp Grótta","wikidata":null,"wikipedia":null,"tags":{"historic":"ruins","name":"Camp Grótta"}}},{"type":"Feature","id":"node/5739413125","geometry":{"type":"Point","coordinates":[-14.0794986,65.2308485]},"properties":{"osm_type":"node","osm_id":5739413125,"category":"monument","name":"Monument to Þorbjörn Arnoddsson","wikidata":null,"wikipedia":null,"tags":{"historic":"monument","name":"Monument to Þorbjörn Arnoddsson"}}},{"type":"Feature","id":"node/5748810495","geometry":{"type":"Point","coordinates":[-21.0534471,64.1001587]},"properties":{"osm_type":"node","osm_id":5748810495,"category":"historic","name":"Æskulýðskrossinn - The Youth Cross","wikidata":null,"wikipedia":null,"tags":{"historic":"wayside_cross","name":"Æskulýðskrossinn - The Youth Cross"}}},{"type":"Feature","id":"node/5758734521","geometry":{"type":"Point","coordinates":[-18.2083229,65.4472198]},"properties":{"osm_type":"node","osm_id":5758734521,"category":"museum","name":"Smámunasafnið","wikidata":null,"wikipedia":null,"tags":{"name:en":"Smámunasafnið","tourism":"museum"}}},{"type":"Feature","id":"node/5761593238","geometry":{"type":"Point","coordinates":[-23.1269103,66.0680803]},"properties":{"osm_type":"node","osm_id":5761593238,"category":"memorial","name":null,"wikidata":"Q115803146","wikipedia":"is:Ásgeirsverslun","tags":{"historic":"memorial","material":"stone","memorial":"obelisk","wikidata":"Q115803146","wikipedia":"is:Ásgeirsverslun"}}},{"type":"Feature","id":"node/5766842135","geometry":{"type":"Point","coordinates":[-18.0862544,65.6664658]},"properties":{"osm_type":"node","osm_id":5766842135,"category":"museum","name":"Minjasafnið á Akureyri","wikidata":"Q81401148","wikipedia":null,"tags":{"name":"Minjasafnið á Akureyri","name:en":"Akureyri Museum","name:is":"Minjasafnið á Akureyri","opening_hours":"Jun 01-Sep 15: Mo-Su 10:00-17:00; Sep 16-May 31: Mo-Su 13:00-16:00","tourism":"museum","website":"https://www.minjasafnid.is/","wikidata":"Q81401148"}}},{"type":"Feature","id":"node/5768450626","geometry":{"type":"Point","coordinates":[-21.9419437,64.0828154]},"properties":{"osm_type":"node","osm_id":5768450626,"category":"artwork","name":"Jötnar","wikidata":null,"wikipedia":null,"tags":{"artist_name":"Grímur Marinó Steindórsson","artwork_type":"sculpture","material":"steel","name":"Jötnar","start_date":"2000","tourism":"artwork"}}},{"type":"Feature","id":"node/5782458189","geometry":{"type":"Point","coordinates":[-14.5580268,64.8057531]},"properties":{"osm_type":"node","osm_id":5782458189,"category":"monument","name":"Hjálmar Guðmundsson","wikidata":null,"wikipedia":null,"tags":{"historic":"monument","name":"Hjálmar Guðmundsson"}}},{"type":"Feature","id":"node/5833523051","geometry":{"type":"Point","coordinates":[-19.5540474,64.8659414]},"properties":{"osm_type":"node","osm_id":5833523051,"category":"artwork","name":"Prisoners of freedom","wikidata":null,"wikipedia":null,"tags":{"artwork_type":"sculpture","name":"Prisoners of freedom","tourism":"artwork"}}},{"type":"Feature","id":"node/5849438824","geometry":{"type":"Point","coordinates":[-23.4932872,65.9034958]},"properties":{"osm_type":"node","osm_id":5849438824,"category":"artwork","name":"Kaleikur","wikidata":null,"wikipedia":null,"tags":{"artist_name":"Jón Sigurpálsson","historic":"memorial","memorial":"memorial","name":"Kaleikur","start_date":"1999-10-10","tourism":"artwork"}}},{"type":"Feature","id":"node/5887816239","geometry":{"type":"Point","coordinates":[-14.8270418,65.7551053]},"properties":{"osm_type":"node","osm_id":5887816239,"category":"memorial","name":"Gunnar Gunnarsson skáld","wikidata":null,"wikipedia":null,"tags":{"historic":"memorial","memorial":"bust","name":"Gunnar Gunnarsson skáld"}}},{"type":"Feature","id":"node/5910172285","geometry":{"type":"Point","coordinates":[-21.9452537,64.1541828]},"properties":{"osm_type":"node","osm_id":5910172285,"category":"artwork","name":"Mural Painting","wikidata":null,"wikipedia":null,"tags":{"name:en":"Mural Painting","tourism":"artwork"}}},{"type":"Feature","id":"node/5910172385","geometry":{"type":"Point","coordinates":[-21.9432528,64.150528]},"properties":{"osm_type":"node","osm_id":5910172385,"category":"artwork","name":"Mural painting","wikidata":null,"wikipedia":null,"tags":{"name:en":"Mural painting","tourism":"artwork"}}},{"type":"Feature","id":"node/5929493685","geometry":{"type":"Point","coordinates":[-14.0007001,64.9264864]},"properties":{"osm_type":"node","osm_id":5929493685,"category":"museum","name":"The French Museum","wikidata":null,"wikipedia":null,"tags":{"name:en":"The French Museum","name:is":"Fransmenn á Íslandi","tourism":"museum"}}},{"type":"Feature","id":"node/6001936185","geometry":{"type":"Point","coordinates":[-21.9172648,64.1426484]},"properties":{"osm_type":"node","osm_id":6001936185,"category":"museum","name":"Tales from Iceland","wikidata":null,"wikipedia":null,"tags":{"name:en":"Tales from Iceland","tourism":"museum"}}},{"type":"Feature","id":"node/6044979247","geometry":{"type":"Point","coordinates":[-23.8986791,64.7534585]},"properties":{"osm_type":"node","osm_id":6044979247,"category":"historic","name":"Aflraunasteinar","wikidata":null,"wikipedia":null,"tags":{"historic":"lifting_stone","name":"Aflraunasteinar","name:en":"Dritvík Stones","tourism":"attraction"}}},{"type":"Feature","id":"node/6119004769","geometry":{"type":"Point","coordinates":[-22.0886351,66.288403]},"properties":{"osm_type":"node","osm_id":6119004769,"category":"ruins","name":"Nestún","wikidata":null,"wikipedia":null,"tags":{"historic":"ruins","name":"Nestún"}}},{"type":"Feature","id":"node/6119016278","geometry":{"type":"Point","coordinates":[-22.1521925,66.2545209]},"properties":{"osm_type":"node","osm_id":6119016278,"category":"ruins","name":"Þaralátursfjörður","wikidata":null,"wikipedia":null,"tags":{"historic":"ruins","name":"Þaralátursfjörður"}}},{"type":"Feature","id":"node/6266465345","geometry":{"type":"Point","coordinates":[-14.858827,65.9635386]},"properties":{"osm_type":"node","osm_id":6266465345,"category":"ruins","name":"Nýibær","wikidata":null,"wikipedia":null,"tags":{"historic":"ruins","name":"Nýibær"}}},{"type":"Feature","id":"node/6273043609","geometry":{"type":"Point","coordinates":[-21.0643982,63.8363327]},"properties":{"osm_type":"node","osm_id":6273043609,"category":"museum","name":"Draugasetrið","wikidata":null,"wikipedia":null,"tags":{"addr:city":"Stokkseyri","addr:housenumber":"9","addr:postcode":"825","addr:street":"Hafnargata","email":"draugasetrid@draugasetrid.is","name":"Draugasetrið","name:de":"Geisterzentrum","name:en":"The Ghost Centre","phone":"+354 895 0020","tourism":"museum","website":"https://www.draugasetrid.is/"}}},{"type":"Feature","id":"node/6279527360","geometry":{"type":"Point","coordinates":[-21.9866117,64.1535539]},"properties":{"osm_type":"node","osm_id":6279527360,"category":"artwork","name":"Maður og kona","wikidata":null,"wikipedia":null,"tags":{"artist_name":"Hallsteinn Sigurðsson","artwork_type":"sculpture","material":"aluminium","name":"Maður og kona","start_date":"1989","tourism":"artwork","website":"https://www.seltjarnarnes.is/is/mannlif-nattura/menning/listaverk-baejarins/hallsteinn-sigurdsson-madur-og-kona"}}},{"type":"Feature","id":"node/6310319848","geometry":{"type":"Point","coordinates":[-19.2857928,65.5033985]},"properties":{"osm_type":"node","osm_id":6310319848,"category":"memorial","name":"Battle of Örlygsstaðir memorial","wikidata":"Q2427731","wikipedia":"is:Örlygsstaðabardagi","tags":{"historic":"memorial","memorial":"cross","name:en":"Battle of Örlygsstaðir memorial","start_date":"1988","wikidata":"Q2427731","wikipedia":"is:Örlygsstaðabardagi"}}},{"type":"Feature","id":"node/6310949903","geometry":{"type":"Point","coordinates":[-21.9202978,64.5395748]},"properties":{"osm_type":"node","osm_id":6310949903,"category":"memorial","name":"Egill Skallagrímsson reiðir lík Böðvars","wikidata":null,"wikipedia":null,"tags":{"artist_name":"Anne Marie Carl-Nielsen","historic":"memorial","memorial":"statue","name":"Egill Skallagrímsson reiðir lík Böðvars"}}},{"type":"Feature","id":"node/6310949904","geometry":{"type":"Point","coordinates":[-21.9154031,64.5610768]},"properties":{"osm_type":"node","osm_id":6310949904,"category":"artwork","name":"Sonatorrek","wikidata":null,"wikipedia":null,"tags":{"artist_name":"Ásmundur Sveinsson","artwork_type":"sculpture","name":"Sonatorrek","tourism":"artwork"}}},{"type":"Feature","id":"node/6379447854","geometry":{"type":"Point","coordinates":[-21.967781,64.1418424]},"properties":{"osm_type":"node","osm_id":6379447854,"category":"artwork","name":"Björgun","wikidata":null,"wikipedia":null,"tags":{"artist_name":"Ásmundur Sveinsson","artwork_type":"statue","name":"Björgun","tourism":"artwork"}}},{"type":"Feature","id":"node/6396323587","geometry":{"type":"Point","coordinates":[-21.9916071,64.152623]},"properties":{"osm_type":"node","osm_id":6396323587,"category":"artwork","name":"Trúarbrögðin","wikidata":null,"wikipedia":null,"tags":{"artist_name":"Ásmundur Sveinsson","artwork_type":"sculpture","material":"iron","name":"Trúarbrögðin","start_date":"1975","tourism":"artwork","website":"https://www.seltjarnarnes.is/is/mannlif-nattura/menning/listaverk-baejarins/asmundur-sveinsson-truarbrogdin"}}},{"type":"Feature","id":"node/6446697879","geometry":{"type":"Point","coordinates":[-21.9933271,64.15055]},"properties":{"osm_type":"node","osm_id":6446697879,"category":"artwork","name":"Skyggnst bak við tunglið","wikidata":null,"wikipedia":null,"tags":{"artist_name":"Sigurjón Ólafsson","artwork_type":"sculpture","material":"iron","name":"Skyggnst bak við tunglið","start_date":"1986","tourism":"artwork","website":"https://www.seltjarnarnes.is/is/mannlif-nattura/menning/listaverk-baejarins/sigurjon-olafsson-skyggnst-bak-vid-tunglid"}}},{"type":"Feature","id":"node/6548895586","geometry":{"type":"Point","coordinates":[-22.550263,63.9898957]},"properties":{"osm_type":"node","osm_id":6548895586,"category":"museum","name":"Rokksafn Íslands","wikidata":"Q16976662","wikipedia":null,"tags":{"name":"Rokksafn Íslands","name:en":"Icelandic Museum of Rock 'n' Roll","tourism":"museum","wikidata":"Q16976662"}}},{"type":"Feature","id":"node/6583058914","geometry":{"type":"Point","coordinates":[-19.7590794,64.6115259]},"properties":{"osm_type":"node","osm_id":6583058914,"category":"memorial","name":"Tryggvi Magnússon","wikidata":null,"wikipedia":null,"tags":{"historic":"memorial","memorial":"plaque","name":"Tryggvi Magnússon"}}},{"type":"Feature","id":"node/6595011176","geometry":{"type":"Point","coordinates":[-15.0032655,66.0330343]},"properties":{"osm_type":"node","osm_id":6595011176,"category":"memorial","name":"Kristján Einarsson","wikidata":null,"wikipedia":null,"tags":{"historic":"memorial","name":"Kristján Einarsson"}}},{"type":"Feature","id":"node/6595317660","geometry":{"type":"Point","coordinates":[-19.1577745,63.9232195]},"properties":{"osm_type":"node","osm_id":6595317660,"category":"memorial","name":"Svavar S. Tómasson","wikidata":null,"wikipedia":null,"tags":{"historic":"memorial","memorial":"plaque","name":"Svavar S. Tómasson"}}},{"type":"Feature","id":"node/6602775564","geometry":{"type":"Point","coordinates":[-23.681229,64.754368]},"properties":{"osm_type":"node","osm_id":6602775564,"category":"ruins","name":"Laugarbrekka","wikidata":null,"wikipedia":null,"tags":{"building":"ruins","historic":"ruins","name":"Laugarbrekka"}}},{"type":"Feature","id":"node/6611904588","geometry":{"type":"Point","coordinates":[-22.9905463,66.0254708]},"properties":{"osm_type":"node","osm_id":6611904588,"category":"memorial","name":"Minnismerki um Álftfirðinga sem hvíla í votri gröf","wikidata":null,"wikipedia":null,"tags":{"historic":"memorial","name":"Minnismerki um Álftfirðinga sem hvíla í votri gröf","name:en":"Memorial of Fishermen from Alftafjördur Lost at Sea","website":"https://www.facebook.com/p/Minnisvar%C3%B0i-um-drukkna%C3%B0a-sj%C3%B3menn-fr%C3%A1-S%C3%BA%C3%B0av%C3%ADk-100054369018138/"}}},{"type":"Feature","id":"node/6620378192","geometry":{"type":"Point","coordinates":[-21.2038705,64.5041958]},"properties":{"osm_type":"node","osm_id":6620378192,"category":"memorial","name":"Krosslaug","wikidata":null,"wikipedia":null,"tags":{"historic":"memorial","name":"Krosslaug"}}},{"type":"Feature","id":"node/6620426139","geometry":{"type":"Point","coordinates":[-23.8816574,64.91359]},"properties":{"osm_type":"node","osm_id":6620426139,"category":"memorial","name":"Kristjón Jónsson","wikidata":null,"wikipedia":null,"tags":{"historic":"memorial","memorial":"stone","name":"Kristjón Jónsson"}}},{"type":"Feature","id":"node/6634240128","geometry":{"type":"Point","coordinates":[-21.0710811,64.2623096]},"properties":{"osm_type":"node","osm_id":6634240128,"category":"ruins","name":"Skógarkot","wikidata":null,"wikipedia":null,"tags":{"historic":"ruins","name":"Skógarkot"}}},{"type":"Feature","id":"node/6640595985","geometry":{"type":"Point","coordinates":[-23.5970773,65.6864574]},"properties":{"osm_type":"node","osm_id":6640595985,"category":"museum","name":"Skrímslasetrið","wikidata":null,"wikipedia":null,"tags":{"name":"Skrímslasetrið","name:cs":"Muzeum mořských monster","name:de":"Seeungeheuermuseum","name:en":"Sea Monster Museum","opening_hours":"May 15-Sep 10 10:00-18:00","phone":"+354 456 6666","tourism":"museum","website":"https://skrimsli.is"}}},{"type":"Feature","id":"node/6649719785","geometry":{"type":"Point","coordinates":[-23.6880642,64.7559738]},"properties":{"osm_type":"node","osm_id":6649719785,"category":"memorial","name":"Laugarbrekka","wikidata":null,"wikipedia":null,"tags":{"historic":"memorial","memorial":"sculpture","name":"Laugarbrekka"}}},{"type":"Feature","id":"node/6691774253","geometry":{"type":"Point","coordinates":[-21.9299927,64.1419257]},"properties":{"osm_type":"node","osm_id":6691774253,"category":"artwork","name":"Elli of Þór","wikidata":null,"wikipedia":null,"tags":{"artist_name":"Einar Jónsson","artwork_type":"sculpture","name":"Elli of Þór","name:en":"Thor wrestling with age","tourism":"artwork"}}},{"type":"Feature","id":"node/6702717186","geometry":{"type":"Point","coordinates":[-21.9429854,64.1498302]},"properties":{"osm_type":"node","osm_id":6702717186,"category":"gallery","name":"I8 Gallery","wikidata":null,"wikipedia":null,"tags":{"addr:housenumber":"16","addr:postcode":"101","addr:street":"Tryggvagata","name":"I8 Gallery","opening_hours":"Mo-Fr 11:00-17:00; Sa 13:00-17:00","tourism":"gallery","website":"https://i8.is/"}}},{"type":"Feature","id":"node/6795397357","geometry":{"type":"Point","coordinates":[-18.0897651,65.678619]},"properties":{"osm_type":"node","osm_id":6795397357,"category":"artwork","name":"Vorhús","wikidata":null,"wikipedia":null,"tags":{"name":"Vorhús","opening_hours":"Mo-Fr 11:00-17:00","tourism":"artwork"}}},{"type":"Feature","id":"node/6798953346","geometry":{"type":"Point","coordinates":[-19.4511518,65.5525239]},"properties":{"osm_type":"node","osm_id":6798953346,"category":"museum","name":"Náttúrugripasafn Skagafjarðar","wikidata":null,"wikipedia":null,"tags":{"name":"Náttúrugripasafn Skagafjarðar","tourism":"museum"}}},{"type":"Feature","id":"node/6817730032","geometry":{"type":"Point","coordinates":[-21.8715479,64.1741566]},"properties":{"osm_type":"node","osm_id":6817730032,"category":"memorial","name":"HMCS Skeena","wikidata":null,"wikipedia":null,"tags":{"historic":"memorial","name":"HMCS Skeena"}}},{"type":"Feature","id":"node/6820443458","geometry":{"type":"Point","coordinates":[-22.9913754,66.0304019]},"properties":{"osm_type":"node","osm_id":6820443458,"category":"museum","name":"Arctic Fox Centre","wikidata":null,"wikipedia":null,"tags":{"addr:postcode":"420","addr:street":"Eyrardalur","email":"Melrakki@melrakki.is","name":"Arctic Fox Centre","opening_hours":"Mo-Su 09:00-16:00","phone":"+354 456 4922","tourism":"museum","website":"https://www.melrakki.is/"}}},{"type":"Feature","id":"node/6837022843","geometry":{"type":"Point","coordinates":[-14.9965492,65.0105493]},"properties":{"osm_type":"node","osm_id":6837022843,"category":"artwork","name":"Eilifðardraumurinn","wikidata":null,"wikipedia":null,"tags":{"artist_name":"Ólafur Þórðarson","artwork_type":"sculpture","material":"wood","name":"Eilifðardraumurinn","start_date":"2008","tourism":"artwork"}}},{"type":"Feature","id":"node/6897053697","geometry":{"type":"Point","coordinates":[-22.0680801,64.3199287]},"properties":{"osm_type":"node","osm_id":6897053697,"category":"artwork","name":"Fótboltamenn","wikidata":null,"wikipedia":null,"tags":{"artist_name":"Sigurjón Ólafsson","artwork_type":"sculpture","name":"Fótboltamenn","tourism":"artwork"}}},{"type":"Feature","id":"node/6899350819","geometry":{"type":"Point","coordinates":[-21.8937043,64.086581]},"properties":{"osm_type":"node","osm_id":6899350819,"category":"artwork","name":"Samspil","wikidata":null,"wikipedia":null,"tags":{"artist_name":"Pétur Bjarnason","artwork_type":"sculpture","name":"Samspil","tourism":"artwork"}}},{"type":"Feature","id":"node/6905332529","geometry":{"type":"Point","coordinates":[-21.94316,64.1501496]},"properties":{"osm_type":"node","osm_id":6905332529,"category":"artwork","name":"Skrúfuhringur","wikidata":null,"wikipedia":null,"tags":{"artwork_type":"sculpture","material":"steel","name":"Skrúfuhringur","name:en":"propeller shield","tourism":"artwork"}}},{"type":"Feature","id":"node/7151310570","geometry":{"type":"Point","coordinates":[-21.1298316,64.2561322]},"properties":{"osm_type":"node","osm_id":7151310570,"category":"museum","name":"Þingvellir: Hjarta lands og þjóðar","wikidata":null,"wikipedia":null,"tags":{"name":"Þingvellir: Hjarta lands og þjóðar","name:en":"Þingvellir Exhibition: Heart of Iceland","opening_hours":"Mo-Su 09:00-18:00","operator":"Þingvellir National Park","tourism":"museum","website":"https://www.thingvellir.is/en/things-to-do/","wheelchair":"yes"}}},{"type":"Feature","id":"node/7643090087","geometry":{"type":"Point","coordinates":[-21.9046649,64.1457098]},"properties":{"osm_type":"node","osm_id":7643090087,"category":"artwork","name":"Berlínarmúrinn","wikidata":null,"wikipedia":null,"tags":{"artist_name":"Jakob Wagner","artwork_type":"graffiti","material":"concrete","name":"Berlínarmúrinn","start_date":"2015-10-03","tourism":"artwork"}}},{"type":"Feature","id":"node/7659664349","geometry":{"type":"Point","coordinates":[-22.4380502,66.0690573]},"properties":{"osm_type":"node","osm_id":7659664349,"category":"memorial","name":"Sigvaldi Kaldalóns","wikidata":"Q16425921","wikipedia":"is:Sigvaldi Kaldalóns","tags":{"historic":"memorial","material":"stone","memorial":"stone","name":"Sigvaldi Kaldalóns","wikidata":"Q16425921","wikipedia":"is:Sigvaldi Kaldalóns"}}},{"type":"Feature","id":"node/7756309995","geometry":{"type":"Point","coordinates":[-22.013619,64.0137629]},"properties":{"osm_type":"node","osm_id":7756309995,"category":"ruins","name":"Straumssel","wikidata":null,"wikipedia":null,"tags":{"historic":"ruins","name":"Straumssel"}}},{"type":"Feature","id":"node/7762385792","geometry":{"type":"Point","coordinates":[-21.6829866,64.1665683]},"properties":{"osm_type":"node","osm_id":7762385792,"category":"artwork","name":"Hús tímans - hús skáldsins","wikidata":null,"wikipedia":null,"tags":{"artist_name":"Magnús Tómasson","artwork_type":"sculpture","name":"Hús tímans - hús skáldsins","start_date":"2000-12","tourism":"artwork"}}},{"type":"Feature","id":"node/7766399299","geometry":{"type":"Point","coordinates":[-21.8964389,64.1031437]},"properties":{"osm_type":"node","osm_id":7766399299,"category":"artwork","name":"Upphaf","wikidata":null,"wikipedia":null,"tags":{"artist_name":"Grímur Marinó","artwork_type":"sculpture","material":"metal","name":"Upphaf","start_date":"1994","tourism":"artwork"}}},{"type":"Feature","id":"node/7777557011","geometry":{"type":"Point","coordinates":[-17.3447128,66.0467906]},"properties":{"osm_type":"node","osm_id":7777557011,"category":"museum","name":"Hvalasafnið á Húsavík","wikidata":"Q2543158","wikipedia":"is:Hvalasafnið á Húsavík","tags":{"name":"Hvalasafnið á Húsavík","name:en":"The Húsavík Whale Museum","name:is":"Hvalasafnið á Húsavík","opening_hours":"Apr-Oct 09:00-18:00; Nov-Mar 10:00-16:00","phone":"+354 414 2800","tourism":"museum","website":"https://www.whalemuseum.is/","wheelchair":"limited","wikidata":"Q2543158","wikipedia":"is:Hvalasafnið á Húsavík"}}},{"type":"Feature","id":"node/7779448748","geometry":{"type":"Point","coordinates":[-22.0432118,64.0111742]},"properties":{"osm_type":"node","osm_id":7779448748,"category":"ruins","name":"Óttarstaðasel","wikidata":null,"wikipedia":null,"tags":{"historic":"ruins","name":"Óttarstaðasel"}}},{"type":"Feature","id":"node/7940197598","geometry":{"type":"Point","coordinates":[-22.5556668,64.0018072]},"properties":{"osm_type":"node","osm_id":7940197598,"category":"artwork","name":"17. júní flaggstöngin","wikidata":null,"wikipedia":null,"tags":{"artwork_type":"sculpture","name":"17. júní flaggstöngin","tourism":"artwork"}}},{"type":"Feature","id":"node/7940197599","geometry":{"type":"Point","coordinates":[-22.5555368,64.0007188]},"properties":{"osm_type":"node","osm_id":7940197599,"category":"artwork","name":"Askur Yggdrasils – Lífsins tré","wikidata":null,"wikipedia":null,"tags":{"artist_name":"Erlingur Jónsson","artwork_type":"sculpture","name":"Askur Yggdrasils – Lífsins tré","tourism":"artwork"}}},{"type":"Feature","id":"node/7940197600","geometry":{"type":"Point","coordinates":[-22.5624461,63.9971295]},"properties":{"osm_type":"node","osm_id":7940197600,"category":"artwork","name":"Fuglahúsið","wikidata":null,"wikipedia":null,"tags":{"artist_name":"Sigurður Guðmundsson","artwork_type":"statue","name":"Fuglahúsið","tourism":"artwork"}}},{"type":"Feature","id":"node/7940197601","geometry":{"type":"Point","coordinates":[-22.550859,63.989445]},"properties":{"osm_type":"node","osm_id":7940197601,"category":"artwork","name":"Holskefla","wikidata":null,"wikipedia":null,"tags":{"artist_name":"Sigurjón Ólafsson","artwork_type":"sculpture","name":"Holskefla","tourism":"artwork"}}},{"type":"Feature","id":"node/7940197602","geometry":{"type":"Point","coordinates":[-22.5561671,63.9986423]},"properties":{"osm_type":"node","osm_id":7940197602,"category":"artwork","name":"Ólafur Thors","wikidata":null,"wikipedia":null,"tags":{"artist_name":"Áki Gränz","artwork_type":"statue","name":"Ólafur Thors","tourism":"artwork"}}},{"type":"Feature","id":"node/7940197605","geometry":{"type":"Point","coordinates":[-22.5490677,63.9950498]},"properties":{"osm_type":"node","osm_id":7940197605,"category":"artwork","name":"Þórshamarinn","wikidata":null,"wikipedia":null,"tags":{"artist_name":"Ásmundur Sveinsson","artwork_type":"sculpture","name":"Þórshamarinn","tourism":"artwork"}}},{"type":"Feature","id":"node/7940197606","geometry":{"type":"Point","coordinates":[-22.5569249,64.0028965]},"properties":{"osm_type":"node","osm_id":7940197606,"category":"artwork","name":"Stjörnuþokusmiður","wikidata":null,"wikipedia":null,"tags":{"artist_name":"Erlingur Jónsson","artwork_type":"sculpture","name":"Stjörnuþokusmiður","tourism":"artwork"}}},{"type":"Feature","id":"node/7940197620","geometry":{"type":"Point","coordinates":[-22.549919,64.0003181]},"properties":{"osm_type":"node","osm_id":7940197620,"category":"artwork","name":"Sjávarguðinn Ægir","wikidata":null,"wikipedia":null,"tags":{"artist_name":"Jón Adolf Steinólfsson","artwork_type":"sculpture","material":"stone","name":"Sjávarguðinn Ægir","tourism":"artwork"}}},{"type":"Feature","id":"node/7940204896","geometry":{"type":"Point","coordinates":[-22.5567847,63.9948119]},"properties":{"osm_type":"node","osm_id":7940204896,"category":"artwork","name":"Snúinn Eiffelturn","wikidata":null,"wikipedia":null,"tags":{"artist_name":"Stefán Geir Karlsson","artwork_type":"sculpture","material":"stone","name":"Snúinn Eiffelturn","tourism":"artwork"}}},{"type":"Feature","id":"node/7940209683","geometry":{"type":"Point","coordinates":[-22.548492,63.9971704]},"properties":{"osm_type":"node","osm_id":7940209683,"category":"artwork","name":"Stjáni blái","wikidata":null,"wikipedia":null,"tags":{"artist_name":"Erlingur Jónsson","artwork_type":"sculpture","name":"Stjáni blái","tourism":"artwork"}}},{"type":"Feature","id":"node/7940241169","geometry":{"type":"Point","coordinates":[-23.8864461,64.9140393]},"properties":{"osm_type":"node","osm_id":7940241169,"category":"artwork","name":"Jöklarar","wikidata":null,"wikipedia":null,"tags":{"artist_name":"Ragnar Kjartansson","artwork_type":"sculpture","name":"Jöklarar","tourism":"artwork"}}},{"type":"Feature","id":"node/7941741989","geometry":{"type":"Point","coordinates":[-18.0781631,65.6545006]},"properties":{"osm_type":"node","osm_id":7941741989,"category":"artwork","name":"Flugsýn","wikidata":null,"wikipedia":null,"tags":{"artist_name":"Nói","artwork_type":"sculpture","name":"Flugsýn","name:en":"Aerial Perspective","tourism":"artwork"}}},{"type":"Feature","id":"node/7941921038","geometry":{"type":"Point","coordinates":[-21.9008086,64.0696795]},"properties":{"osm_type":"node","osm_id":7941921038,"category":"artwork","name":"Táknatréð","wikidata":null,"wikipedia":null,"tags":{"artist_name":"Gabríela Friðriksdóttir;Mathias Augustyniak;Michael Amzalag","artwork_type":"sculpture","name":"Táknatréð","tourism":"artwork"}}},{"type":"Feature","id":"node/7944635195","geometry":{"type":"Point","coordinates":[-21.9046289,64.0933242]},"properties":{"osm_type":"node","osm_id":7944635195,"category":"artwork","name":"Bjargfesta","wikidata":null,"wikipedia":null,"tags":{"artist_name":"Sigurður Guðmundsson","artwork_type":"sculpture","name":"Bjargfesta","tourism":"artwork"}}},{"type":"Feature","id":"node/7944784100","geometry":{"type":"Point","coordinates":[-21.9307588,64.0895946]},"properties":{"osm_type":"node","osm_id":7944784100,"category":"artwork","name":"Við Ægisdyr","wikidata":null,"wikipedia":null,"tags":{"artist_name":"Pétur Bjarnason","artwork_type":"sculpture","name":"Við Ægisdyr","tourism":"artwork"}}},{"type":"Feature","id":"node/7944839913","geometry":{"type":"Point","coordinates":[-22.0911685,64.3150255]},"properties":{"osm_type":"node","osm_id":7944839913,"category":"artwork","name":"Ingunn Sveinsdóttir og Haraldur Böðvarsson","wikidata":null,"wikipedia":null,"tags":{"artist_name":"Gyða L. Jónsdóttir","artwork_type":"statue","name":"Ingunn Sveinsdóttir og Haraldur Böðvarsson","tourism":"artwork"}}},{"type":"Feature","id":"node/7944839914","geometry":{"type":"Point","coordinates":[-22.0805858,64.3189839]},"properties":{"osm_type":"node","osm_id":7944839914,"category":"artwork","name":"Þorgeir Jósefsson","wikidata":null,"wikipedia":null,"tags":{"artist_name":"Ríkharður Jónsson","artwork_type":"statue","name":"Þorgeir Jósefsson","tourism":"artwork"}}},{"type":"Feature","id":"node/7944839915","geometry":{"type":"Point","coordinates":[-22.0671088,64.3194235]},"properties":{"osm_type":"node","osm_id":7944839915,"category":"artwork","name":"Gnýr","wikidata":null,"wikipedia":null,"tags":{"artist_name":"Grímur Marinó Steindórsson","artwork_type":"sculpture","name":"Gnýr","tourism":"artwork"}}},{"type":"Feature","id":"node/7947479587","geometry":{"type":"Point","coordinates":[-22.0575168,64.3191223]},"properties":{"osm_type":"node","osm_id":7947479587,"category":"artwork","name":"Kubbaleikur","wikidata":null,"wikipedia":null,"tags":{"artist_name":"Guttormur Jónsson","artwork_type":"sculpture","name":"Kubbaleikur","tourism":"artwork"}}},{"type":"Feature","id":"node/7947484036","geometry":{"type":"Point","coordinates":[-22.0736998,64.3216594]},"properties":{"osm_type":"node","osm_id":7947484036,"category":"artwork","name":"Pýramídísk afstraksjón","wikidata":null,"wikipedia":null,"tags":{"artist_name":"Ásmundur Sveinsson","artwork_type":"sculpture","name":"Pýramídísk afstraksjón","tourism":"artwork"}}},{"type":"Feature","id":"node/8050899922","geometry":{"type":"Point","coordinates":[-21.9110143,64.1123844]},"properties":{"osm_type":"node","osm_id":8050899922,"category":"artwork","name":"Kona á bæn","wikidata":null,"wikipedia":null,"tags":{"artist_name":"Wilhelm Beckmann","artwork_type":"sculpture","material":"concrete","name":"Kona á bæn","tourism":"artwork"}}},{"type":"Feature","id":"node/8200341317","geometry":{"type":"Point","coordinates":[-19.5168182,65.529679]},"properties":{"osm_type":"node","osm_id":8200341317,"category":"monument","name":"Stephan G. Stephansson","wikidata":null,"wikipedia":null,"tags":{"historic":"monument","name":"Stephan G. Stephansson"}}},{"type":"Feature","id":"node/8201873217","geometry":{"type":"Point","coordinates":[-23.6508898,64.751159]},"properties":{"osm_type":"node","osm_id":8201873217,"category":"monument","name":"Interdimensional Hopscotch","wikidata":null,"wikipedia":null,"tags":{"historic":"monument","name:en":"Interdimensional Hopscotch","name:is":"Víddaflakk"}}},{"type":"Feature","id":"node/8201915817","geometry":{"type":"Point","coordinates":[-23.1201363,66.0731907]},"properties":{"osm_type":"node","osm_id":8201915817,"category":"artwork","name":"Norðurpóllinn","wikidata":null,"wikipedia":null,"tags":{"addr:city":"Ísafjörður","addr:housenumber":"5","addr:postcode":"400","addr:street":"Hafnarstræti","artwork_type":"photographies","name":"Norðurpóllinn","tourism":"artwork"}}},{"type":"Feature","id":"node/8307800017","geometry":{"type":"Point","coordinates":[-18.0513807,63.7898822]},"properties":{"osm_type":"node","osm_id":8307800017,"category":"memorial","name":"Hér var Eldmessan","wikidata":null,"wikipedia":null,"tags":{"historic":"memorial","material":"wood","memorial":"stele","name":"Hér var Eldmessan"}}},{"type":"Feature","id":"node/8317194117","geometry":{"type":"Point","coordinates":[-22.5725387,63.9686947]},"properties":{"osm_type":"node","osm_id":8317194117,"category":"historic","name":"F-4E Phantom II","wikidata":null,"wikipedia":null,"tags":{"historic":"aircraft","name":"F-4E Phantom II","tourism":"attraction"}}},{"type":"Feature","id":"node/8318888472","geometry":{"type":"Point","coordinates":[-19.2326639,63.4860383]},"properties":{"osm_type":"node","osm_id":8318888472,"category":"ruins","name":"Fell","wikidata":null,"wikipedia":null,"tags":{"historic":"ruins","name":"Fell"}}},{"type":"Feature","id":"node/8483235320","geometry":{"type":"Point","coordinates":[-22.0059538,64.1537836]},"properties":{"osm_type":"node","osm_id":8483235320,"category":"artwork","name":"Skuggar","wikidata":null,"wikipedia":null,"tags":{"artist_name":"Steinunn Þórarinsdóttir","artwork_type":"statue","material":"aluminium","name":"Skuggar","start_date":"1998","tourism":"artwork","website":"https://www.seltjarnarnes.is/is/mannlif-nattura/menning/listaverk-baejarins/steinunn-thorarinsdottir-skuggar"}}},{"type":"Feature","id":"node/8638099159","geometry":{"type":"Point","coordinates":[-22.4569209,65.1754991]},"properties":{"osm_type":"node","osm_id":8638099159,"category":"ruins","name":"Dagverðarnessel","wikidata":null,"wikipedia":null,"tags":{"historic":"ruins","name":"Dagverðarnessel","operator":"Eyðibýli","ruins":"farm"}}},{"type":"Feature","id":"node/8738822016","geometry":{"type":"Point","coordinates":[-21.943959,64.1496497]},"properties":{"osm_type":"node","osm_id":8738822016,"category":"gallery","name":"Flæði","wikidata":null,"wikipedia":null,"tags":{"name":"Flæði","tourism":"gallery","url":"https://www.flaedi.com/"}}},{"type":"Feature","id":"node/8744910782","geometry":{"type":"Point","coordinates":[-21.9388138,64.1496577]},"properties":{"osm_type":"node","osm_id":8744910782,"category":"artwork","name":"Horft Til Hafs","wikidata":null,"wikipedia":null,"tags":{"artist_name":"Ingi Þ. Gíslason","artwork_type":"statue","material":"bronze","name":"Horft Til Hafs","name:en":"Facing the Sea","start_date":"1997","tourism":"artwork"}}},{"type":"Feature","id":"node/8857023117","geometry":{"type":"Point","coordinates":[-22.8166014,65.9860189]},"properties":{"osm_type":"node","osm_id":8857023117,"category":"museum","name":"Litli Bær","wikidata":null,"wikipedia":null,"tags":{"amenity":"cafe","name":"Litli Bær","tourism":"museum","wheelchair":"no"}}},{"type":"Feature","id":"node/8857951235","geometry":{"type":"Point","coordinates":[-23.5999822,65.6860496]},"properties":{"osm_type":"node","osm_id":8857951235,"category":"museum","name":"Melódíur Minninganna","wikidata":null,"wikipedia":null,"tags":{"name":"Melódíur Minninganna","name:en":"Icelandic Music Museum","tourism":"museum"}}},{"type":"Feature","id":"node/8920045017","geometry":{"type":"Point","coordinates":[-18.0541922,63.7877621]},"properties":{"osm_type":"node","osm_id":8920045017,"category":"artwork","name":"Byrði sögunnar","wikidata":null,"wikipedia":null,"tags":{"artist_name":"Magnús Tómasson","artwork_type":"sculpture","name":"Byrði sögunnar","name:en":"The Burden of History","name:fr":"Le fardeau de l'histoire","tourism":"artwork"}}},{"type":"Feature","id":"node/8933804219","geometry":{"type":"Point","coordinates":[-21.1214814,64.257654]},"properties":{"osm_type":"node","osm_id":8933804219,"category":"archaeological_site","name":"Biskupshólar","wikidata":null,"wikipedia":null,"tags":{"historic":"archaeological_site","name":"Biskupshólar"}}},{"type":"Feature","id":"node/8933900690","geometry":{"type":"Point","coordinates":[-21.9357915,64.1471589]},"properties":{"osm_type":"node","osm_id":8933900690,"category":"gallery","name":"Nullid","wikidata":null,"wikipedia":null,"tags":{"name":"Nullid","tourism":"gallery"}}},{"type":"Feature","id":"node/8949402827","geometry":{"type":"Point","coordinates":[-20.3382268,65.5591271]},"properties":{"osm_type":"node","osm_id":8949402827,"category":"monument","name":"Gullstein","wikidata":null,"wikipedia":null,"tags":{"historic":"monument","name:en":"Gullstein"}}},{"type":"Feature","id":"node/8958161460","geometry":{"type":"Point","coordinates":[-21.9203406,64.5367143]},"properties":{"osm_type":"node","osm_id":8958161460,"category":"museum","name":"Safnahús Borgarfjarðar","wikidata":null,"wikipedia":null,"tags":{"name":"Safnahús Borgarfjarðar","opening_hours":"Mo-Su 13:00-17:00","tourism":"museum"}}},{"type":"Feature","id":"node/9107895228","geometry":{"type":"Point","coordinates":[-21.972203,64.1500138]},"properties":{"osm_type":"node","osm_id":9107895228,"category":"artwork","name":"Sjávarmál","wikidata":null,"wikipedia":null,"tags":{"artist_name":"David Hugo Cabo;Andri Snær Magnason","artwork_type":"sculpture","material":"concrete","name":"Sjávarmál","start_date":"2021","tourism":"artwork","website":"https://barkstudio.is/Sjavarmal"}}},{"type":"Feature","id":"node/9126968467","geometry":{"type":"Point","coordinates":[-21.9485466,64.1478038]},"properties":{"osm_type":"node","osm_id":9126968467,"category":"historic","name":"Lifsverndarklukka","wikidata":null,"wikipedia":null,"tags":{"historic":"bell","name":"Lifsverndarklukka","name:en":"The Protection of Life-Bell","tourism":"attraction"}}},{"type":"Feature","id":"node/9128055311","geometry":{"type":"Point","coordinates":[-22.4856427,63.9672647]},"properties":{"osm_type":"node","osm_id":9128055311,"category":"artwork","name":"Sendiboðinn","wikidata":null,"wikipedia":null,"tags":{"artwork_type":"sculpture","material":"stone","name":"Sendiboðinn","tourism":"artwork"}}},{"type":"Feature","id":"node/9128055312","geometry":{"type":"Point","coordinates":[-22.4840002,63.9680396]},"properties":{"osm_type":"node","osm_id":9128055312,"category":"artwork","name":"Tyrkjavörðutröllin","wikidata":null,"wikipedia":null,"tags":{"artwork_type":"sculpture","material":"stone","name":"Tyrkjavörðutröllin","tourism":"artwork"}}},{"type":"Feature","id":"node/9128055313","geometry":{"type":"Point","coordinates":[-22.4832335,63.9681487]},"properties":{"osm_type":"node","osm_id":9128055313,"category":"artwork","name":"Tyrkjavörðutröllin","wikidata":null,"wikipedia":null,"tags":{"artwork_type":"sculpture","material":"stone","name":"Tyrkjavörðutröllin","tourism":"artwork"}}},{"type":"Feature","id":"node/9128055314","geometry":{"type":"Point","coordinates":[-22.4831193,63.9681603]},"properties":{"osm_type":"node","osm_id":9128055314,"category":"artwork","name":"Tyrkjavörðutröllin","wikidata":null,"wikipedia":null,"tags":{"artwork_type":"sculpture","material":"stone","name":"Tyrkjavörðutröllin","tourism":"artwork"}}},{"type":"Feature","id":"node/9155165498","geometry":{"type":"Point","coordinates":[-18.9097854,66.1506355]},"properties":{"osm_type":"node","osm_id":9155165498,"category":"artwork","name":"Gústi Guðsmaður","wikidata":null,"wikipedia":null,"tags":{"artwork_type":"sculpture","name":"Gústi Guðsmaður","tourism":"artwork"}}},{"type":"Feature","id":"node/9187151326","geometry":{"type":"Point","coordinates":[-21.1205914,64.2574642]},"properties":{"osm_type":"node","osm_id":9187151326,"category":"tomb","name":"Einar Benediktsson","wikidata":null,"wikipedia":null,"tags":{"historic":"tomb","name":"Einar Benediktsson"}}},{"type":"Feature","id":"node/9187151327","geometry":{"type":"Point","coordinates":[-21.1205852,64.2574167]},"properties":{"osm_type":"node","osm_id":9187151327,"category":"tomb","name":"Jónas Hallgrímsson","wikidata":null,"wikipedia":null,"tags":{"historic":"tomb","name":"Jónas Hallgrímsson"}}},{"type":"Feature","id":"node/9291619432","geometry":{"type":"Point","coordinates":[-22.4222763,63.9647736]},"properties":{"osm_type":"node","osm_id":9291619432,"category":"memorial","name":"B-24 Hot Stuff Crash Memorial","wikidata":"Q28457962","wikipedia":"en:Hot Stuff (aircraft)","tags":{"historic":"memorial","material":"stone","memorial":"war_memorial","name":"B-24 Hot Stuff Crash Memorial","start_date":"2018-05-03","wikidata":"Q28457962","wikipedia":"en:Hot Stuff (aircraft)"}}},{"type":"Feature","id":"node/9418063163","geometry":{"type":"Point","coordinates":[-22.5692359,63.9995508]},"properties":{"osm_type":"node","osm_id":9418063163,"category":"artwork","name":null,"wikidata":"Q15518949","wikipedia":null,"tags":{"tourism":"artwork","wikidata":"Q15518949"}}},{"type":"Feature","id":"node/9437550852","geometry":{"type":"Point","coordinates":[-21.9217345,64.1223411]},"properties":{"osm_type":"node","osm_id":9437550852,"category":"memorial","name":"Sveinbjörn Beinteinsson","wikidata":null,"wikipedia":null,"tags":{"historic":"memorial","material":"stone","memorial":"plaque","name":"Sveinbjörn Beinteinsson","start_date":"2010"}}},{"type":"Feature","id":"node/9566490617","geometry":{"type":"Point","coordinates":[-21.947989,64.1446715]},"properties":{"osm_type":"node","osm_id":9566490617,"category":"monument","name":"Memorial to French sailors","wikidata":null,"wikipedia":null,"tags":{"historic":"monument","name:en":"Memorial to French sailors","name:fr":"Monument commémoratif des marins français","name:is":"Minnisvarði yfir Frakkneska sjómenn"}}},{"type":"Feature","id":"node/9642170362","geometry":{"type":"Point","coordinates":[-21.9973472,64.1514244]},"properties":{"osm_type":"node","osm_id":9642170362,"category":"artwork","name":"Amlóði","wikidata":null,"wikipedia":null,"tags":{"artist_name":"Magnús Tómasson","artwork_type":"sculpture","material":"basalt","name":"Amlóði","start_date":"1992","tourism":"artwork","website":"https://www.seltjarnarnes.is/is/mannlif-nattura/menning/listaverk-baejarins/magnus-tomasson-amlodi"}}},{"type":"Feature","id":"node/9779221920","geometry":{"type":"Point","coordinates":[-20.1149616,64.0764556]},"properties":{"osm_type":"node","osm_id":9779221920,"category":"ruins","name":"Ásasel","wikidata":null,"wikipedia":null,"tags":{"historic":"ruins","name":"Ásasel"}}},{"type":"Feature","id":"node/9813789753","geometry":{"type":"Point","coordinates":[-18.2544388,65.9975796]},"properties":{"osm_type":"node","osm_id":9813789753,"category":"ruins","name":"Svinarnes","wikidata":null,"wikipedia":null,"tags":{"historic":"ruins","name":"Svinarnes"}}},{"type":"Feature","id":"node/9844814191","geometry":{"type":"Point","coordinates":[-14.2830485,64.6570602]},"properties":{"osm_type":"node","osm_id":9844814191,"category":"artwork","name":"Frelsi","wikidata":null,"wikipedia":null,"tags":{"artwork_type":"sculpture","name":"Frelsi","tourism":"artwork"}}},{"type":"Feature","id":"node/9848364007","geometry":{"type":"Point","coordinates":[-20.8470688,64.041404]},"properties":{"osm_type":"node","osm_id":9848364007,"category":"archaeological_site","name":"Beitarhústóft 440013","wikidata":null,"wikipedia":null,"tags":{"historic":"archaeological_site","name":"Beitarhústóft 440013"}}},{"type":"Feature","id":"node/9848364008","geometry":{"type":"Point","coordinates":[-20.8327092,64.0400318]},"properties":{"osm_type":"node","osm_id":9848364008,"category":"archaeological_site","name":"Beitarhústóft 440011","wikidata":null,"wikipedia":null,"tags":{"historic":"archaeological_site","name":"Beitarhústóft 440011"}}},{"type":"Feature","id":"node/9848374160","geometry":{"type":"Point","coordinates":[-20.7952693,64.0385667]},"properties":{"osm_type":"node","osm_id":9848374160,"category":"archaeological_site","name":"Hraun","wikidata":null,"wikipedia":null,"tags":{"historic":"archaeological_site","name":"Hraun"}}},{"type":"Feature","id":"node/9862659856","geometry":{"type":"Point","coordinates":[-23.8855061,64.914121]},"properties":{"osm_type":"node","osm_id":9862659856,"category":"museum","name":"Sjóminjasafnið á Hellissandi","wikidata":null,"wikipedia":null,"tags":{"name":"Sjóminjasafnið á Hellissandi","opening_hours":"Mo-Su 11:00-17:00","tourism":"museum"}}},{"type":"Feature","id":"node/9862716532","geometry":{"type":"Point","coordinates":[-23.8901124,64.9159284]},"properties":{"osm_type":"node","osm_id":9862716532,"category":"artwork","name":"Beðið í von","wikidata":null,"wikipedia":null,"tags":{"artwork_type":"installation","material":"metal","name":"Beðið í von","tourism":"artwork"}}},{"type":"Feature","id":"node/9872206540","geometry":{"type":"Point","coordinates":[-21.0031794,63.937161]},"properties":{"osm_type":"node","osm_id":9872206540,"category":"gallery","name":"Gallery Listasel","wikidata":null,"wikipedia":null,"tags":{"name":"Gallery Listasel","tourism":"gallery"}}},{"type":"Feature","id":"node/9883754102","geometry":{"type":"Point","coordinates":[-15.9598064,64.1481612]},"properties":{"osm_type":"node","osm_id":9883754102,"category":"monument","name":"EIÐUR FLUGVIRKJANS","wikidata":null,"wikipedia":null,"tags":{"historic":"monument","name":"EIÐUR FLUGVIRKJANS"}}},{"type":"Feature","id":"node/9907454018","geometry":{"type":"Point","coordinates":[-21.9146157,64.1461298]},"properties":{"osm_type":"node","osm_id":9907454018,"category":"artwork","name":"Fjöruverk","wikidata":null,"wikipedia":null,"tags":{"name":"Fjöruverk","name:en":"The Shore Piece","tourism":"artwork"}}},{"type":"Feature","id":"node/9949254518","geometry":{"type":"Point","coordinates":[-14.3279317,64.657747]},"properties":{"osm_type":"node","osm_id":9949254518,"category":"theatre","name":"Forest Theatre","wikidata":null,"wikipedia":null,"tags":{"amenity":"theatre","name:en":"Forest Theatre"}}},{"type":"Feature","id":"node/9979399430","geometry":{"type":"Point","coordinates":[-21.0096897,64.0942961]},"properties":{"osm_type":"node","osm_id":9979399430,"category":"museum","name":"Orkusýning","wikidata":null,"wikipedia":null,"tags":{"name":"Orkusýning","opening_hours":"Mo-Su 10:00-17:00","operator":"Landsvirkjun","tourism":"museum","website":"https://www.landsvirkjun.is/orkusyning"}}},{"type":"Feature","id":"node/9979508323","geometry":{"type":"Point","coordinates":[-22.5285064,63.9760026]},"properties":{"osm_type":"node","osm_id":9979508323,"category":"artwork","name":"Hrafna-Flóki","wikidata":null,"wikipedia":null,"tags":{"artist_name":"Mark J. Ebbert","artwork_type":"sculpture","material":"marble","name":"Hrafna-Flóki","tourism":"artwork"}}},{"type":"Feature","id":"node/10004494313","geometry":{"type":"Point","coordinates":[-14.3986102,65.2658111]},"properties":{"osm_type":"node","osm_id":10004494313,"category":"historic","name":"Gálgaklettur","wikidata":null,"wikipedia":null,"tags":{"historic":"yes","name":"Gálgaklettur"}}},{"type":"Feature","id":"node/10039030037","geometry":{"type":"Point","coordinates":[-21.9090108,64.1119515]},"properties":{"osm_type":"node","osm_id":10039030037,"category":"arts_centre","name":"Salurinn","wikidata":null,"wikipedia":null,"tags":{"amenity":"arts_centre","name":"Salurinn"}}},{"type":"Feature","id":"node/10091128883","geometry":{"type":"Point","coordinates":[-18.288933,66.0557871]},"properties":{"osm_type":"node","osm_id":10091128883,"category":"ruins","name":"Grímsnes","wikidata":null,"wikipedia":null,"tags":{"historic":"ruins","name":"Grímsnes"}}},{"type":"Feature","id":"node/10126105525","geometry":{"type":"Point","coordinates":[-18.1859266,65.946479]},"properties":{"osm_type":"node","osm_id":10126105525,"category":"museum","name":"Útgerðaminjasafnið á Grenivík","wikidata":null,"wikipedia":null,"tags":{"name":"Útgerðaminjasafnið á Grenivík","name:en":"Grenivík Fishing Museum","tourism":"museum"}}},{"type":"Feature","id":"node/10255511098","geometry":{"type":"Point","coordinates":[-23.1744126,66.0635631]},"properties":{"osm_type":"node","osm_id":10255511098,"category":"ruins","name":"Brúarnesti","wikidata":null,"wikipedia":null,"tags":{"historic":"ruins","name":"Brúarnesti","ruins":"building"}}},{"type":"Feature","id":"node/10288058202","geometry":{"type":"Point","coordinates":[-21.9389793,64.1561311]},"properties":{"osm_type":"node","osm_id":10288058202,"category":"gallery","name":"Marshallhúsið","wikidata":null,"wikipedia":null,"tags":{"name":"Marshallhúsið","name:en":"The Marshall House","opening_hours":"We-Su 12:00-18:00","tourism":"gallery","website":"https://marshallhusid.is/"}}},{"type":"Feature","id":"node/10791124124","geometry":{"type":"Point","coordinates":[-21.9660741,64.3432597]},"properties":{"osm_type":"node","osm_id":10791124124,"category":"memorial","name":"Airplane C-47 Skytrain crash site","wikidata":null,"wikipedia":null,"tags":{"historic":"memorial","name":"Airplane C-47 Skytrain crash site"}}},{"type":"Feature","id":"node/10901083400","geometry":{"type":"Point","coordinates":[-21.9236186,64.1302329]},"properties":{"osm_type":"node","osm_id":10901083400,"category":"ruins","name":"Howitzer Hill","wikidata":null,"wikipedia":null,"tags":{"historic":"ruins","name":"Howitzer Hill","ruins":"military"}}},{"type":"Feature","id":"node/11004060291","geometry":{"type":"Point","coordinates":[-15.2116519,64.2531485]},"properties":{"osm_type":"node","osm_id":11004060291,"category":"museum","name":"Svavarssafn - Listasafn","wikidata":null,"wikipedia":null,"tags":{"name":"Svavarssafn - Listasafn","tourism":"museum","website":"https://www.south.is/en/service/svavarssafn-svavar-gudnason-art-museum"}}},{"type":"Feature","id":"node/11077690905","geometry":{"type":"Point","coordinates":[-20.3054087,65.8230027]},"properties":{"osm_type":"node","osm_id":11077690905,"category":"museum","name":"Spákonuhof","wikidata":null,"wikipedia":null,"tags":{"email":"dagny@marska.is","name":"Spákonuhof","name:en":"The Museum of Prophecies","phone":"+354 861 5089","tourism":"museum"}}},{"type":"Feature","id":"node/11081568953","geometry":{"type":"Point","coordinates":[-22.5437941,63.9744093]},"properties":{"osm_type":"node","osm_id":11081568953,"category":"artwork","name":"Merki Njarðvíkurkaupstaðar","wikidata":null,"wikipedia":null,"tags":{"artist_name":"Áki Guðni Gränz","artwork_type":"sculpture","material":"metal","name":"Merki Njarðvíkurkaupstaðar","tourism":"artwork"}}},{"type":"Feature","id":"node/11081568960","geometry":{"type":"Point","coordinates":[-22.5246884,63.9727912]},"properties":{"osm_type":"node","osm_id":11081568960,"category":"artwork","name":"Kaldárhöfðasverð","wikidata":null,"wikipedia":null,"tags":{"artist_name":"Stefán Geir Karlsson","artwork_type":"sculpture","material":"granite","name":"Kaldárhöfðasverð","tourism":"artwork"}}},{"type":"Feature","id":"node/11081568961","geometry":{"type":"Point","coordinates":[-22.5103968,63.9796634]},"properties":{"osm_type":"node","osm_id":11081568961,"category":"artwork","name":"Minnisvarði um Þjóðhátið 1874","wikidata":null,"wikipedia":null,"tags":{"artwork_type":"stone","material":"stone","name":"Minnisvarði um Þjóðhátið 1874","tourism":"artwork"}}},{"type":"Feature","id":"node/11081568962","geometry":{"type":"Point","coordinates":[-22.5102629,63.9794761]},"properties":{"osm_type":"node","osm_id":11081568962,"category":"memorial","name":"Minningarsteinn um Sveinbjörn Egilsson","wikidata":null,"wikipedia":null,"tags":{"artist_name":"Áki Gränz","historic":"memorial","name":"Minningarsteinn um Sveinbjörn Egilsson"}}},{"type":"Feature","id":"node/11107268262","geometry":{"type":"Point","coordinates":[-19.5278599,63.6925753]},"properties":{"osm_type":"node","osm_id":11107268262,"category":"memorial","name":"Oskar Sigurjónsson","wikidata":null,"wikipedia":null,"tags":{"historic":"memorial","memorial":"plaque","name":"Oskar Sigurjónsson"}}},{"type":"Feature","id":"node/11117583881","geometry":{"type":"Point","coordinates":[-19.9335315,63.6488103]},"properties":{"osm_type":"node","osm_id":11117583881,"category":"historic","name":"DC-3 Airplane wreck Eyvindarholt","wikidata":null,"wikipedia":null,"tags":{"historic":"aircraft","name:en":"DC-3 Airplane wreck Eyvindarholt","tourism":"attraction"}}},{"type":"Feature","id":"node/11146347471","geometry":{"type":"Point","coordinates":[-21.9985299,64.1505071]},"properties":{"osm_type":"node","osm_id":11146347471,"category":"artwork","name":"Ölduspil","wikidata":null,"wikipedia":null,"tags":{"artist_name":"Guðmundur Benediktsson","artwork_type":"sculpture","material":"bronze","name":"Ölduspil","start_date":"1985","tourism":"artwork","website":"https://www.seltjarnarnes.is/is/mannlif-nattura/menning/listaverk-baejarins/gudmundur-benediktsson-olduspil"}}},{"type":"Feature","id":"node/11162503705","geometry":{"type":"Point","coordinates":[-22.6249915,63.9933906]},"properties":{"osm_type":"node","osm_id":11162503705,"category":"artwork","name":"C24 / D24","wikidata":null,"wikipedia":null,"tags":{"name:en":"C24 / D24","tourism":"artwork"}}},{"type":"Feature","id":"node/11174781952","geometry":{"type":"Point","coordinates":[-22.9879313,66.039036]},"properties":{"osm_type":"node","osm_id":11174781952,"category":"memorial","name":"Snjóflóð","wikidata":null,"wikipedia":null,"tags":{"historic":"memorial","name":"Snjóflóð"}}},{"type":"Feature","id":"node/11264481769","geometry":{"type":"Point","coordinates":[-21.6025644,64.0594459]},"properties":{"osm_type":"node","osm_id":11264481769,"category":"artwork","name":"Íslands­vitinn","wikidata":null,"wikipedia":null,"tags":{"artist_name":"Claudio Parmiggi­ani","artwork_type":"sculpture","material":"metal","name":"Íslands­vitinn","start_date":"2000-01-26","tourism":"artwork","website":"https://listasafnreykjavikur.is/en/safneign/verk/1ED91738-C6B4-4128-B652-AAF2111C9E39"}}},{"type":"Feature","id":"node/11388094369","geometry":{"type":"Point","coordinates":[-21.1131062,64.2688122]},"properties":{"osm_type":"node","osm_id":11388094369,"category":"archaeological_site","name":"Gálgaklettar","wikidata":null,"wikipedia":null,"tags":{"historic":"archaeological_site","name":"Gálgaklettar"}}},{"type":"Feature","id":"node/11388094373","geometry":{"type":"Point","coordinates":[-21.0695988,64.2618003]},"properties":{"osm_type":"node","osm_id":11388094373,"category":"archaeological_site","name":"Skógarkot","wikidata":null,"wikipedia":null,"tags":{"historic":"archaeological_site","name":"Skógarkot"}}},{"type":"Feature","id":"node/11388094374","geometry":{"type":"Point","coordinates":[-21.0609186,64.2592726]},"properties":{"osm_type":"node","osm_id":11388094374,"category":"archaeological_site","name":"Þórhallsstaðir","wikidata":null,"wikipedia":null,"tags":{"historic":"archaeological_site","name":"Þórhallsstaðir"}}},{"type":"Feature","id":"node/11388094392","geometry":{"type":"Point","coordinates":[-21.04742,64.2822573]},"properties":{"osm_type":"node","osm_id":11388094392,"category":"archaeological_site","name":"Hrauntún","wikidata":null,"wikipedia":null,"tags":{"historic":"archaeological_site","name":"Hrauntún"}}},{"type":"Feature","id":"node/11388094394","geometry":{"type":"Point","coordinates":[-20.9604429,64.28373]},"properties":{"osm_type":"node","osm_id":11388094394,"category":"archaeological_site","name":"Hrafnabjörg","wikidata":null,"wikipedia":null,"tags":{"historic":"archaeological_site","name":"Hrafnabjörg"}}},{"type":"Feature","id":"node/11388094395","geometry":{"type":"Point","coordinates":[-21.0050254,64.2014828]},"properties":{"osm_type":"node","osm_id":11388094395,"category":"archaeological_site","name":"Ródólfsstaðir","wikidata":null,"wikipedia":null,"tags":{"historic":"archaeological_site","name":"Ródólfsstaðir"}}},{"type":"Feature","id":"node/11388094397","geometry":{"type":"Point","coordinates":[-21.029494,64.232822]},"properties":{"osm_type":"node","osm_id":11388094397,"category":"archaeological_site","name":"Gjábakki","wikidata":null,"wikipedia":null,"tags":{"historic":"archaeological_site","name":"Gjábakki"}}},{"type":"Feature","id":"node/11389554402","geometry":{"type":"Point","coordinates":[-21.0742779,64.2994232]},"properties":{"osm_type":"node","osm_id":11389554402,"category":"archaeological_site","name":"Múlakot","wikidata":null,"wikipedia":null,"tags":{"historic":"archaeological_site","name":"Múlakot"}}},{"type":"Feature","id":"node/11389719055","geometry":{"type":"Point","coordinates":[-21.1225383,64.2595365]},"properties":{"osm_type":"node","osm_id":11389719055,"category":"monument","name":"Lögberg","wikidata":"Q6711348","wikipedia":"is:Lögberg","tags":{"historic":"monument","name":"Lögberg","name:zh":"法律石","ruins":"building","wikidata":"Q6711348","wikipedia":"is:Lögberg"}}},{"type":"Feature","id":"node/11389849343","geometry":{"type":"Point","coordinates":[-21.2816836,64.2483563]},"properties":{"osm_type":"node","osm_id":11389849343,"category":"ruins","name":"Hólkot","wikidata":null,"wikipedia":null,"tags":{"historic":"ruins","name":"Hólkot"}}},{"type":"Feature","id":"node/11389849344","geometry":{"type":"Point","coordinates":[-21.2725511,64.2573446]},"properties":{"osm_type":"node","osm_id":11389849344,"category":"ruins","name":"Selkot","wikidata":null,"wikipedia":null,"tags":{"historic":"ruins","name":"Selkot"}}},{"type":"Feature","id":"node/11389849345","geometry":{"type":"Point","coordinates":[-21.2697853,64.2581684]},"properties":{"osm_type":"node","osm_id":11389849345,"category":"ruins","name":"Melkot","wikidata":null,"wikipedia":null,"tags":{"historic":"ruins","name":"Melkot"}}},{"type":"Feature","id":"node/11389849346","geometry":{"type":"Point","coordinates":[-20.9976298,64.297031]},"properties":{"osm_type":"node","osm_id":11389849346,"category":"archaeological_site","name":"Litla-Hrauntún","wikidata":null,"wikipedia":null,"tags":{"historic":"archaeological_site","name":"Litla-Hrauntún"}}},{"type":"Feature","id":"node/11457476464","geometry":{"type":"Point","coordinates":[-16.6505037,65.4283842]},"properties":{"osm_type":"node","osm_id":11457476464,"category":"archaeological_site","name":"Fermrinámar","wikidata":null,"wikipedia":null,"tags":{"historic":"archaeological_site","name":"Fermrinámar"}}},{"type":"Feature","id":"node/11465768164","geometry":{"type":"Point","coordinates":[-21.9380363,64.1493378]},"properties":{"osm_type":"node","osm_id":11465768164,"category":"artwork","name":"Hafnarsaga","wikidata":null,"wikipedia":null,"tags":{"artwork_type":"sculpture","material":"steel","name":"Hafnarsaga","start_date":"1997","tourism":"artwork"}}},{"type":"Feature","id":"node/11601856040","geometry":{"type":"Point","coordinates":[-13.8745161,64.8329417]},"properties":{"osm_type":"node","osm_id":11601856040,"category":"gallery","name":"Gallerí Snærós","wikidata":null,"wikipedia":null,"tags":{"addr:city":"Stöðvarfjörður","addr:housenumber":"42","addr:postcode":"755","addr:street":"Fjarðarbraut","name":"Gallerí Snærós","tourism":"gallery","wheelchair":"no"}}},{"type":"Feature","id":"node/11608167236","geometry":{"type":"Point","coordinates":[-22.5519083,63.9950488]},"properties":{"osm_type":"node","osm_id":11608167236,"category":"artwork","name":"london phone booth","wikidata":null,"wikipedia":null,"tags":{"artwork_type":"sculpture","name":"london phone booth","tourism":"artwork"}}},{"type":"Feature","id":"node/11643168235","geometry":{"type":"Point","coordinates":[-22.0287544,64.0432631]},"properties":{"osm_type":"node","osm_id":11643168235,"category":"ruins","name":"Kapella","wikidata":null,"wikipedia":null,"tags":{"alt_name":"Kapella heilagrar Barböru","historic":"ruins","name":"Kapella","ruins":"church","website":"https://ferlir.is/kapelluhraun-og-kapellan/"}}},{"type":"Feature","id":"node/11769352603","geometry":{"type":"Point","coordinates":[-22.0655907,64.3267247]},"properties":{"osm_type":"node","osm_id":11769352603,"category":"artwork","name":"Grásleppukarlar í Kalmansvík","wikidata":null,"wikipedia":null,"tags":{"artwork_type":"sculpture","name":"Grásleppukarlar í Kalmansvík","tourism":"artwork"}}},{"type":"Feature","id":"node/11769352604","geometry":{"type":"Point","coordinates":[-22.0609084,64.3317434]},"properties":{"osm_type":"node","osm_id":11769352604,"category":"artwork","name":"sírena","wikidata":null,"wikipedia":null,"tags":{"artwork_type":"sculpture","material":"steel","name":"sírena","tourism":"artwork"}}},{"type":"Feature","id":"node/11769352605","geometry":{"type":"Point","coordinates":[-22.058916,64.3327721]},"properties":{"osm_type":"node","osm_id":11769352605,"category":"artwork","name":"Elínar sæti","wikidata":null,"wikipedia":null,"tags":{"artwork_type":"sculpture","material":"stone","name":"Elínar sæti","tourism":"artwork"}}},{"type":"Feature","id":"node/11891757887","geometry":{"type":"Point","coordinates":[-21.9223562,64.1449721]},"properties":{"osm_type":"node","osm_id":11891757887,"category":"gallery","name":"Gallerí undirgöng","wikidata":null,"wikipedia":null,"tags":{"addr:city":"Reykjavík","addr:housenumber":"76","addr:postcode":"101","addr:street":"Hverfisgata","name":"Gallerí undirgöng","name:en":"Gallery Underpass","tourism":"gallery","website":"https://www.facebook.com/p/Galler%C3%AD-undirg%C3%B6ng-Gallery-Underpass-100071073584734/?locale=ku_TR"}}},{"type":"Feature","id":"node/12004702310","geometry":{"type":"Point","coordinates":[-21.6955798,64.1975266]},"properties":{"osm_type":"node","osm_id":12004702310,"category":"gallery","name":"Tolli","wikidata":null,"wikipedia":null,"tags":{"addr:city":"Reykjavík","addr:housenumber":"14","addr:postcode":"162","addr:street":"Koparslétta","name":"Tolli","opening_hours":"Fr 14:00-18:00","operator":"Tolli ehf.","phone":"+354 820 8696","tourism":"gallery","website":"https://tolli.is"}}},{"type":"Feature","id":"node/12071223840","geometry":{"type":"Point","coordinates":[-20.288924,63.4025686]},"properties":{"osm_type":"node","osm_id":12071223840,"category":"memorial","name":"Gamla gatan","wikidata":null,"wikipedia":null,"tags":{"historic":"memorial","name":"Gamla gatan","name:en":"The Old Path"}}},{"type":"Feature","id":"node/12089468455","geometry":{"type":"Point","coordinates":[-22.6920483,63.8838155]},"properties":{"osm_type":"node","osm_id":12089468455,"category":"monument","name":"Úranus","wikidata":null,"wikipedia":null,"tags":{"historic":"monument","name":"Úranus"}}},{"type":"Feature","id":"node/12095082655","geometry":{"type":"Point","coordinates":[-18.4738347,65.949008]},"properties":{"osm_type":"node","osm_id":12095082655,"category":"memorial","name":"Séra Friðrik Friðriksson","wikidata":null,"wikipedia":null,"tags":{"historic":"memorial","name":"Séra Friðrik Friðriksson"}}},{"type":"Feature","id":"node/12162229953","geometry":{"type":"Point","coordinates":[-21.8719905,64.1494484]},"properties":{"osm_type":"node","osm_id":12162229953,"category":"gallery","name":"Olith","wikidata":null,"wikipedia":null,"tags":{"name":"Olith","tourism":"gallery"}}},{"type":"Feature","id":"node/12168920515","geometry":{"type":"Point","coordinates":[-23.1178682,66.0737185]},"properties":{"osm_type":"node","osm_id":12168920515,"category":"artwork","name":"Fýkur yfir hæðir","wikidata":null,"wikipedia":null,"tags":{"artist_name":"Ásmundur Sveinsson","artwork_type":"statue","name":"Fýkur yfir hæðir","tourism":"artwork"}}},{"type":"Feature","id":"node/12178502253","geometry":{"type":"Point","coordinates":[-21.7292572,64.0656767]},"properties":{"osm_type":"node","osm_id":12178502253,"category":"memorial","name":"Bautasteinn 1","wikidata":null,"wikipedia":null,"tags":{"historic":"memorial","memorial":"stone","name":"Bautasteinn 1"}}},{"type":"Feature","id":"node/12178502254","geometry":{"type":"Point","coordinates":[-21.7292545,64.0655368]},"properties":{"osm_type":"node","osm_id":12178502254,"category":"memorial","name":"Bautasteinn 2","wikidata":null,"wikipedia":null,"tags":{"historic":"memorial","memorial":"stone","name":"Bautasteinn 2"}}},{"type":"Feature","id":"node/12178502255","geometry":{"type":"Point","coordinates":[-21.7294857,64.0654837]},"properties":{"osm_type":"node","osm_id":12178502255,"category":"memorial","name":"Bautasteinn 3","wikidata":null,"wikipedia":null,"tags":{"historic":"memorial","memorial":"stone","name":"Bautasteinn 3"}}},{"type":"Feature","id":"node/12192848524","geometry":{"type":"Point","coordinates":[-23.1296386,66.075815]},"properties":{"osm_type":"node","osm_id":12192848524,"category":"memorial","name":"Hlið úr hvalbeinum","wikidata":null,"wikipedia":null,"tags":{"alt_name":"Whale Bone Gate","historic":"memorial","material":"whale_bones","name":"Hlið úr hvalbeinum"}}},{"type":"Feature","id":"node/12192848525","geometry":{"type":"Point","coordinates":[-23.1397206,66.0713551]},"properties":{"osm_type":"node","osm_id":12192848525,"category":"artwork","name":"Harpa hafsins","wikidata":null,"wikipedia":null,"tags":{"historic":"monument","name":"Harpa hafsins","start_date":"2004-06-19","tourism":"artwork"}}},{"type":"Feature","id":"node/12202531698","geometry":{"type":"Point","coordinates":[-23.5222384,66.1308249]},"properties":{"osm_type":"node","osm_id":12202531698,"category":"monument","name":"Markúsína","wikidata":null,"wikipedia":null,"tags":{"historic":"monument","material":"metal","name":"Markúsína","start_date":"2008"}}},{"type":"Feature","id":"node/12222685626","geometry":{"type":"Point","coordinates":[-21.9365272,64.1430447]},"properties":{"osm_type":"node","osm_id":12222685626,"category":"arts_centre","name":"Junior Chamber Island","wikidata":null,"wikipedia":null,"tags":{"amenity":"arts_centre","name":"Junior Chamber Island"}}},{"type":"Feature","id":"node/12224137803","geometry":{"type":"Point","coordinates":[-20.224996,63.7501067]},"properties":{"osm_type":"node","osm_id":12224137803,"category":"museum","name":"Saga Centre","wikidata":null,"wikipedia":null,"tags":{"addr:postcode":"860","name":"Saga Centre","tourism":"museum"}}},{"type":"Feature","id":"node/12232033538","geometry":{"type":"Point","coordinates":[-13.8811929,64.8355738]},"properties":{"osm_type":"node","osm_id":12232033538,"category":"museum","name":"Petra's Stone Collection","wikidata":null,"wikipedia":null,"tags":{"addr:housenumber":"21","addr:street":"Fjarðarbraut","name":"Petra's Stone Collection","name:is":"Steinasafn Petra","tourism":"museum"}}},{"type":"Feature","id":"node/12284888466","geometry":{"type":"Point","coordinates":[-21.954329,64.1461269]},"properties":{"osm_type":"node","osm_id":12284888466,"category":"artwork","name":"Héðinn Valdimarsson","wikidata":null,"wikipedia":null,"tags":{"artist_name":"Sigurjón Ólafsson","artwork_type":"statue","material":"concrete","name":"Héðinn Valdimarsson","tourism":"artwork"}}},{"type":"Feature","id":"node/12346076898","geometry":{"type":"Point","coordinates":[-22.4818657,63.972735]},"properties":{"osm_type":"node","osm_id":12346076898,"category":"archaeological_site","name":"Fjárborg","wikidata":null,"wikipedia":null,"tags":{"historic":"archaeological_site","name":"Fjárborg"}}},{"type":"Feature","id":"node/12362193019","geometry":{"type":"Point","coordinates":[-21.9282902,64.0669713]},"properties":{"osm_type":"node","osm_id":12362193019,"category":"memorial","name":"Upplýsingaskilti — Setbergsrústin","wikidata":null,"wikipedia":null,"tags":{"historic":"memorial","material":"plastic","memorial":"plaque","name":"Upplýsingaskilti — Setbergsrústin"}}},{"type":"Feature","id":"node/12362247726","geometry":{"type":"Point","coordinates":[-21.9285813,64.0671873]},"properties":{"osm_type":"node","osm_id":12362247726,"category":"archaeological_site","name":"Setbergsrústin","wikidata":null,"wikipedia":null,"tags":{"historic":"archaeological_site","name":"Setbergsrústin"}}},{"type":"Feature","id":"node/12362291318","geometry":{"type":"Point","coordinates":[-22.4033221,63.9725374]},"properties":{"osm_type":"node","osm_id":12362291318,"category":"archaeological_site","name":"Hólmabúðir","wikidata":null,"wikipedia":null,"tags":{"historic":"archaeological_site","name":"Hólmabúðir"}}},{"type":"Feature","id":"node/12362291319","geometry":{"type":"Point","coordinates":[-22.4011428,63.9723821]},"properties":{"osm_type":"node","osm_id":12362291319,"category":"historic","name":"Higgins prammi við Hólmabúðir","wikidata":null,"wikipedia":null,"tags":{"historic":"wreck","name":"Higgins prammi við Hólmabúðir"}}},{"type":"Feature","id":"node/12618082199","geometry":{"type":"Point","coordinates":[-21.834205,64.1233314]},"properties":{"osm_type":"node","osm_id":12618082199,"category":"gallery","name":"Höfuðstöðin","wikidata":null,"wikipedia":null,"tags":{"name":"Höfuðstöðin","opening_hours":"Mo-Fr 12:00-18:00; Sa-Su 11:00-17:00","tourism":"gallery","website":"https://hofudstodin.com"}}},{"type":"Feature","id":"node/12724978201","geometry":{"type":"Point","coordinates":[-21.0719514,63.8388704]},"properties":{"osm_type":"node","osm_id":12724978201,"category":"museum","name":"Veiðisafnið","wikidata":null,"wikipedia":null,"tags":{"addr:street":"Eyrarbraut","name":"Veiðisafnið","opening_hours":"Mo-Su 11:00-18:00","tourism":"museum","website":"https://www.hunting.is/"}}},{"type":"Feature","id":"node/12724983101","geometry":{"type":"Point","coordinates":[-21.0598386,63.8344283]},"properties":{"osm_type":"node","osm_id":12724983101,"category":"museum","name":"Þuríðarbúð","wikidata":null,"wikipedia":null,"tags":{"addr:housenumber":"10","addr:street":"Strandgata","name":"Þuríðarbúð","tourism":"museum"}}},{"type":"Feature","id":"node/12724993301","geometry":{"type":"Point","coordinates":[-20.966559,63.8265466]},"properties":{"osm_type":"node","osm_id":12724993301,"category":"museum","name":"Rjómabúið á Baugsstöðum","wikidata":null,"wikipedia":null,"tags":{"name":"Rjómabúið á Baugsstöðum","opening_hours":"Mo-Su 10:00-17:00","tourism":"museum"}}},{"type":"Feature","id":"node/12728854201","geometry":{"type":"Point","coordinates":[-14.5553638,64.7597882]},"properties":{"osm_type":"node","osm_id":12728854201,"category":"ruins","name":"Víðinesi","wikidata":null,"wikipedia":null,"tags":{"historic":"ruins","name":"Víðinesi"}}},{"type":"Feature","id":"node/12791900801","geometry":{"type":"Point","coordinates":[-20.2525939,63.4371919]},"properties":{"osm_type":"node","osm_id":12791900801,"category":"memorial","name":"Legsteinn séra Jóns Thorsteinssonar píslarvotts","wikidata":null,"wikipedia":null,"tags":{"historic":"memorial","name":"Legsteinn séra Jóns Thorsteinssonar píslarvotts"}}},{"type":"Feature","id":"node/12827134176","geometry":{"type":"Point","coordinates":[-23.2184712,66.0661413]},"properties":{"osm_type":"node","osm_id":12827134176,"category":"memorial","name":"Harðarskálinn","wikidata":null,"wikipedia":null,"tags":{"historic":"memorial","material":"metal","memorial":"plaque","name":"Harðarskálinn"}}},{"type":"Feature","id":"node/12827134177","geometry":{"type":"Point","coordinates":[-23.5181357,66.0521404]},"properties":{"osm_type":"node","osm_id":12827134177,"category":"artwork","name":"The Flatbirds","wikidata":null,"wikipedia":null,"tags":{"artist_name":"Jean Larson","artwork_type":"mural","name":"The Flatbirds","tourism":"artwork"}}},{"type":"Feature","id":"node/12828589158","geometry":{"type":"Point","coordinates":[-21.8519102,64.1260845]},"properties":{"osm_type":"node","osm_id":12828589158,"category":"artwork","name":"Merki Reykjavíkurborgar","wikidata":null,"wikipedia":null,"tags":{"name":"Merki Reykjavíkurborgar","tourism":"artwork"}}},{"type":"Feature","id":"node/12842409801","geometry":{"type":"Point","coordinates":[-22.4352118,63.844105]},"properties":{"osm_type":"node","osm_id":12842409801,"category":"gallery","name":"Reykjanes Vaknar","wikidata":null,"wikipedia":null,"tags":{"name":"Reykjanes Vaknar","name:en":"Reykjanes awakens","opening_hours":"24/7","tourism":"gallery"}}},{"type":"Feature","id":"node/12847310843","geometry":{"type":"Point","coordinates":[-23.2519981,66.1560163]},"properties":{"osm_type":"node","osm_id":12847310843,"category":"artwork","name":"Friður","wikidata":null,"wikipedia":null,"tags":{"artwork_type":"statue","name":"Friður","tourism":"artwork"}}},{"type":"Feature","id":"node/12847310844","geometry":{"type":"Point","coordinates":[-23.252321,66.1563727]},"properties":{"osm_type":"node","osm_id":12847310844,"category":"artwork","name":"Heimsmynd","wikidata":null,"wikipedia":null,"tags":{"name":"Heimsmynd","tourism":"artwork"}}},{"type":"Feature","id":"node/12847310847","geometry":{"type":"Point","coordinates":[-23.251034,66.157138]},"properties":{"osm_type":"node","osm_id":12847310847,"category":"memorial","name":"Grjóthlað","wikidata":null,"wikipedia":null,"tags":{"historic":"memorial","material":"stone","memorial":"bust","name":"Grjóthlað"}}},{"type":"Feature","id":"node/12848648515","geometry":{"type":"Point","coordinates":[-23.1208784,66.1194448]},"properties":{"osm_type":"node","osm_id":12848648515,"category":"memorial","name":"Í minningu ástvina","wikidata":null,"wikipedia":null,"tags":{"historic":"memorial","memorial":"plaque","name":"Í minningu ástvina","start_date":"2010-09-25"}}},{"type":"Feature","id":"node/12852003244","geometry":{"type":"Point","coordinates":[-23.8064298,66.0422706]},"properties":{"osm_type":"node","osm_id":12852003244,"category":"ruins","name":"Nesdalur","wikidata":null,"wikipedia":null,"tags":{"historic":"ruins","name":"Nesdalur"}}},{"type":"Feature","id":"node/12863045409","geometry":{"type":"Point","coordinates":[-23.1210011,66.0709532]},"properties":{"osm_type":"node","osm_id":12863045409,"category":"memorial","name":"Edinborg í Miðkaupstað","wikidata":null,"wikipedia":null,"tags":{"historic":"memorial","material":"metal","memorial":"plaque","name":"Edinborg í Miðkaupstað"}}},{"type":"Feature","id":"node/12866909552","geometry":{"type":"Point","coordinates":[-23.1306057,66.0747834]},"properties":{"osm_type":"node","osm_id":12866909552,"category":"artwork","name":"Stóri kampalampi","wikidata":null,"wikipedia":null,"tags":{"artist_name":"Dýrfinna Torfadóttir, Óskar Róbertsson","artwork_type":"sculpture","material":"stone","name":"Stóri kampalampi","start_date":"2012","tourism":"artwork"}}},{"type":"Feature","id":"node/12872114523","geometry":{"type":"Point","coordinates":[-23.1290833,66.0758129]},"properties":{"osm_type":"node","osm_id":12872114523,"category":"monument","name":"Jónsgarður","wikidata":null,"wikipedia":null,"tags":{"historic":"monument","name":"Jónsgarður"}}},{"type":"Feature","id":"node/12872114524","geometry":{"type":"Point","coordinates":[-23.1227179,66.0747294]},"properties":{"osm_type":"node","osm_id":12872114524,"category":"monument","name":"Hannes Hafstein","wikidata":"Q609571","wikipedia":"en:Hannes Hafstein","tags":{"historic":"monument","name":"Hannes Hafstein","wikidata":"Q609571","wikipedia":"en:Hannes Hafstein"}}},{"type":"Feature","id":"node/12872114525","geometry":{"type":"Point","coordinates":[-23.1089039,66.1071241]},"properties":{"osm_type":"node","osm_id":12872114525,"category":"monument","name":"Minnisvarði um drukknaða sjómenn","wikidata":null,"wikipedia":null,"tags":{"historic":"monument","name":"Minnisvarði um drukknaða sjómenn"}}},{"type":"Feature","id":"node/12872114526","geometry":{"type":"Point","coordinates":[-23.2495516,66.1626489]},"properties":{"osm_type":"node","osm_id":12872114526,"category":"monument","name":"QP13 convoy","wikidata":"Q2996440","wikipedia":"en:Convoy QP 13","tags":{"historic":"monument","name":"QP13 convoy","wikidata":"Q2996440","wikipedia":"en:Convoy QP 13"}}},{"type":"Feature","id":"node/12872114528","geometry":{"type":"Point","coordinates":[-23.2488485,66.1592603]},"properties":{"osm_type":"node","osm_id":12872114528,"category":"monument","name":"Pétur Oddsson og Guðný Bjarnadóttir","wikidata":null,"wikipedia":null,"tags":{"historic":"monument","name":"Pétur Oddsson og Guðný Bjarnadóttir"}}},{"type":"Feature","id":"node/12872114529","geometry":{"type":"Point","coordinates":[-23.5323158,66.13044]},"properties":{"osm_type":"node","osm_id":12872114529,"category":"monument","name":"Skáldið á Þröm","wikidata":"Q16421642","wikipedia":"is:Magnús Hj. Magnússon","tags":{"historic":"monument","name":"Skáldið á Þröm","wikidata":"Q16421642","wikipedia":"is:Magnús Hj. Magnússon"}}},{"type":"Feature","id":"node/12872151820","geometry":{"type":"Point","coordinates":[-22.8308007,66.0480511]},"properties":{"osm_type":"node","osm_id":12872151820,"category":"monument","name":"Sigurður Bjarnason frá Vigur","wikidata":"Q16407674","wikipedia":"en:Sigurður Bjarnason (politician)","tags":{"historic":"monument","material":"metal","name":"Sigurður Bjarnason frá Vigur","wikidata":"Q16407674","wikipedia":"en:Sigurður Bjarnason (politician)"}}},{"type":"Feature","id":"node/12872151821","geometry":{"type":"Point","coordinates":[-23.5019317,66.0523478]},"properties":{"osm_type":"node","osm_id":12872151821,"category":"monument","name":"Einar Oddur Kristjánsson","wikidata":"Q16422960","wikipedia":"is:Einar Oddur Kristjánsson","tags":{"historic":"monument","name":"Einar Oddur Kristjánsson","wikidata":"Q16422960","wikipedia":"is:Einar Oddur Kristjánsson"}}},{"type":"Feature","id":"node/12872151822","geometry":{"type":"Point","coordinates":[-23.5541863,66.0323668]},"properties":{"osm_type":"node","osm_id":12872151822,"category":"monument","name":"Sæunnarhaugur","wikidata":null,"wikipedia":"is:Sæunnarsund","tags":{"historic":"monument","name":"Sæunnarhaugur","wikipedia":"is:Sæunnarsund"}}},{"type":"Feature","id":"node/12872995301","geometry":{"type":"Point","coordinates":[-21.4578763,66.0146691]},"properties":{"osm_type":"node","osm_id":12872995301,"category":"artwork","name":"Kistuvogur","wikidata":null,"wikipedia":null,"tags":{"name":"Kistuvogur","tourism":"artwork"}}},{"type":"Feature","id":"node/12877823900","geometry":{"type":"Point","coordinates":[-23.2460902,66.1579662]},"properties":{"osm_type":"node","osm_id":12877823900,"category":"monument","name":"Hugprúði Bolvíkingurinn","wikidata":null,"wikipedia":null,"tags":{"historic":"monument","name":"Hugprúði Bolvíkingurinn","start_date":"2013-04"}}},{"type":"Feature","id":"node/12883865301","geometry":{"type":"Point","coordinates":[-19.6517158,65.75242]},"properties":{"osm_type":"node","osm_id":12883865301,"category":"museum","name":"1238 The Battle of Iceland","wikidata":null,"wikipedia":null,"tags":{"addr:housenumber":"21","addr:postcode":"550","addr:street":"Aðalgata","email":"info@1238.is","name":"1238 The Battle of Iceland","opening_hours":"Mo-Su 10:00-16:00","phone":"+3545881238","tourism":"museum","website":"http://www.1238.is"}}},{"type":"Feature","id":"node/12883875001","geometry":{"type":"Point","coordinates":[-18.0977307,65.6829676]},"properties":{"osm_type":"node","osm_id":12883875001,"category":"museum","name":"Davíðshús","wikidata":null,"wikipedia":null,"tags":{"addr:housenumber":"6","addr:postcode":"600","addr:street":"Bjarkarstígur","name":"Davíðshús","name:en":"David's House","opening_hours":"Jun-Aug 13:00-17:00","tourism":"museum"}}},{"type":"Feature","id":"node/12894386301","geometry":{"type":"Point","coordinates":[-22.2012942,65.4519947]},"properties":{"osm_type":"node","osm_id":12894386301,"category":"museum","name":"Báta og hlunnindasýningin","wikidata":null,"wikipedia":null,"tags":{"addr:housenumber":"73","addr:postcode":"380","addr:street":"Hellisbraut","name":"Báta og hlunnindasýningin","name:en":"The Boat-and gift of nature exhibition","opening_hours":"Mo-Su 10:00-17:00","tourism":"museum"}}},{"type":"Feature","id":"node/12899463735","geometry":{"type":"Point","coordinates":[-20.7392982,64.2162468]},"properties":{"osm_type":"node","osm_id":12899463735,"category":"artwork","name":"Jónas Jónsson","wikidata":"Q15961749","wikipedia":"is:Jónas frá Hriflu","tags":{"artwork_type":"sculpture","name":"Jónas Jónsson","tourism":"artwork","wikidata":"Q15961749","wikipedia":"is:Jónas frá Hriflu"}}},{"type":"Feature","id":"node/12942773326","geometry":{"type":"Point","coordinates":[-20.398916,65.5028406]},"properties":{"osm_type":"node","osm_id":12942773326,"category":"memorial","name":"Þrístapar","wikidata":null,"wikipedia":null,"tags":{"historic":"memorial","memorial":"plaque","name":"Þrístapar","name:en":"Þrístapar"}}},{"type":"Feature","id":"node/12942773328","geometry":{"type":"Point","coordinates":[-20.3991383,65.5031778]},"properties":{"osm_type":"node","osm_id":12942773328,"category":"memorial","name":"Þrístapar","wikidata":null,"wikipedia":null,"tags":{"historic":"memorial","memorial":"sculpture","name":"Þrístapar","name:en":"Þrístapar"}}},{"type":"Feature","id":"node/12942773336","geometry":{"type":"Point","coordinates":[-20.3987853,65.5020471]},"properties":{"osm_type":"node","osm_id":12942773336,"category":"memorial","name":"Þrístapar","wikidata":null,"wikipedia":null,"tags":{"historic":"memorial","memorial":"plaque","name":"Þrístapar","name:en":"Þrístapar"}}},{"type":"Feature","id":"node/12942773344","geometry":{"type":"Point","coordinates":[-20.3987063,65.5016164]},"properties":{"osm_type":"node","osm_id":12942773344,"category":"memorial","name":"Þrístapar","wikidata":null,"wikipedia":null,"tags":{"historic":"memorial","memorial":"plaque","name":"Þrístapar","name:en":"Þrístapar"}}},{"type":"Feature","id":"node/12942773345","geometry":{"type":"Point","coordinates":[-20.3988209,65.50235]},"properties":{"osm_type":"node","osm_id":12942773345,"category":"memorial","name":"Þrístapar","wikidata":null,"wikipedia":null,"tags":{"historic":"memorial","memorial":"plaque","name":"Þrístapar","name:en":"Þrístapar"}}},{"type":"Feature","id":"node/12942773349","geometry":{"type":"Point","coordinates":[-20.3988826,65.5031622]},"properties":{"osm_type":"node","osm_id":12942773349,"category":"memorial","name":"Þrístapar","wikidata":null,"wikipedia":null,"tags":{"historic":"memorial","memorial":"plaque","name":"Þrístapar","name:en":"Þrístapar"}}},{"type":"Feature","id":"node/12942773354","geometry":{"type":"Point","coordinates":[-20.3988741,65.5026202]},"properties":{"osm_type":"node","osm_id":12942773354,"category":"memorial","name":"Þrístapar","wikidata":null,"wikipedia":null,"tags":{"historic":"memorial","memorial":"plaque","name":"Þrístapar","name:en":"Þrístapar"}}},{"type":"Feature","id":"node/12942773355","geometry":{"type":"Point","coordinates":[-20.3987847,65.5032201]},"properties":{"osm_type":"node","osm_id":12942773355,"category":"memorial","name":"Þrístapar","wikidata":null,"wikipedia":null,"tags":{"historic":"memorial","memorial":"plaque","name":"Þrístapar","name:en":"Þrístapar"}}},{"type":"Feature","id":"node/12942773356","geometry":{"type":"Point","coordinates":[-20.3985102,65.5032976]},"properties":{"osm_type":"node","osm_id":12942773356,"category":"memorial","name":"Þrístapar","wikidata":null,"wikipedia":null,"tags":{"historic":"memorial","memorial":"plaque","name":"Þrístapar","name:en":"Þrístapar"}}},{"type":"Feature","id":"node/12942773357","geometry":{"type":"Point","coordinates":[-20.3987614,65.5019407]},"properties":{"osm_type":"node","osm_id":12942773357,"category":"memorial","name":"Þrístapar","wikidata":null,"wikipedia":null,"tags":{"historic":"memorial","memorial":"plaque","name":"Þrístapar","name:en":"Þrístapar"}}},{"type":"Feature","id":"node/12942773360","geometry":{"type":"Point","coordinates":[-20.3987122,65.5016731]},"properties":{"osm_type":"node","osm_id":12942773360,"category":"memorial","name":"Þrístapar","wikidata":null,"wikipedia":null,"tags":{"historic":"memorial","memorial":"plaque","name":"Þrístapar","name:en":"Þrístapar"}}},{"type":"Feature","id":"node/12942773365","geometry":{"type":"Point","coordinates":[-20.3986783,65.5032554]},"properties":{"osm_type":"node","osm_id":12942773365,"category":"memorial","name":"Þrístapar","wikidata":null,"wikipedia":null,"tags":{"historic":"memorial","memorial":"plaque","name":"Þrístapar","name:en":"Þrístapar"}}},{"type":"Feature","id":"node/12942773369","geometry":{"type":"Point","coordinates":[-20.3989891,65.5026377]},"properties":{"osm_type":"node","osm_id":12942773369,"category":"memorial","name":"Þrístapar","wikidata":null,"wikipedia":null,"tags":{"historic":"memorial","memorial":"plaque","name":"Þrístapar","name:en":"Þrístapar"}}},{"type":"Feature","id":"node/12942773372","geometry":{"type":"Point","coordinates":[-20.3988989,65.5027383]},"properties":{"osm_type":"node","osm_id":12942773372,"category":"memorial","name":"Þrístapar","wikidata":null,"wikipedia":null,"tags":{"historic":"memorial","memorial":"plaque","name":"Þrístapar","name:en":"Þrístapar"}}},{"type":"Feature","id":"node/12942773373","geometry":{"type":"Point","coordinates":[-20.3989901,65.5033141]},"properties":{"osm_type":"node","osm_id":12942773373,"category":"memorial","name":"Þrístapar","wikidata":null,"wikipedia":null,"tags":{"historic":"memorial","memorial":"plaque","name":"Þrístapar","name:en":"Þrístapar"}}},{"type":"Feature","id":"node/12942773374","geometry":{"type":"Point","coordinates":[-20.3990237,65.5028394]},"properties":{"osm_type":"node","osm_id":12942773374,"category":"memorial","name":"Þrístapar","wikidata":null,"wikipedia":null,"tags":{"historic":"memorial","memorial":"plaque","name":"Þrístapar","name:en":"Þrístapar"}}},{"type":"Feature","id":"node/12942773375","geometry":{"type":"Point","coordinates":[-20.3989514,65.5030045]},"properties":{"osm_type":"node","osm_id":12942773375,"category":"memorial","name":"Þrístapar","wikidata":null,"wikipedia":null,"tags":{"historic":"memorial","memorial":"plaque","name":"Þrístapar","name:en":"Þrístapar"}}},{"type":"Feature","id":"node/12942773377","geometry":{"type":"Point","coordinates":[-20.3987699,65.5035438]},"properties":{"osm_type":"node","osm_id":12942773377,"category":"memorial","name":"Þrístapar","wikidata":null,"wikipedia":null,"tags":{"historic":"memorial","memorial":"plaque","name":"Þrístapar","name:en":"Þrístapar"}}},{"type":"Feature","id":"node/12942773378","geometry":{"type":"Point","coordinates":[-20.3989485,65.5023999]},"properties":{"osm_type":"node","osm_id":12942773378,"category":"memorial","name":"Þrístapar","wikidata":null,"wikipedia":null,"tags":{"historic":"memorial","memorial":"plaque","name":"Þrístapar","name:en":"Þrístapar"}}},{"type":"Feature","id":"node/12942773380","geometry":{"type":"Point","coordinates":[-20.3982765,65.5033481]},"properties":{"osm_type":"node","osm_id":12942773380,"category":"memorial","name":"Þrístapar","wikidata":null,"wikipedia":null,"tags":{"historic":"memorial","memorial":"plaque","name":"Þrístapar","name:en":"Þrístapar"}}},{"type":"Feature","id":"node/12945201302","geometry":{"type":"Point","coordinates":[-20.3211562,65.8287229]},"properties":{"osm_type":"node","osm_id":12945201302,"category":"memorial","name":"Jon Arnason","wikidata":null,"wikipedia":null,"tags":{"historic":"memorial","name":"Jon Arnason"}}},{"type":"Feature","id":"node/12959714201","geometry":{"type":"Point","coordinates":[-18.9120108,66.1477247]},"properties":{"osm_type":"node","osm_id":12959714201,"category":"memorial","name":"Sildarstulkan","wikidata":null,"wikipedia":null,"tags":{"historic":"memorial","name":"Sildarstulkan","name:en":"Herring Girl"}}},{"type":"Feature","id":"node/12960043729","geometry":{"type":"Point","coordinates":[-16.0181928,64.1297642]},"properties":{"osm_type":"node","osm_id":12960043729,"category":"museum","name":"Þórbergur","wikidata":null,"wikipedia":null,"tags":{"addr:postcode":"781","addr:street":"Breiðabólsstaður","name":"Þórbergur","tourism":"museum"}}},{"type":"Feature","id":"node/12961077701","geometry":{"type":"Point","coordinates":[-18.9380403,66.1267593]},"properties":{"osm_type":"node","osm_id":12961077701,"category":"memorial","name":"Skarðdalskot","wikidata":null,"wikipedia":null,"tags":{"historic":"memorial","name":"Skarðdalskot"}}},{"type":"Feature","id":"node/12966542301","geometry":{"type":"Point","coordinates":[-18.0941565,65.6814771]},"properties":{"osm_type":"node","osm_id":12966542301,"category":"gallery","name":"Ævintýragarðurinn","wikidata":null,"wikipedia":null,"tags":{"addr:housenumber":"17","addr:street":"Oddeyrargata","name":"Ævintýragarðurinn","name:en":"Fairytale Figures","opening_hours":"Mo-Su 10:00-20:00","tourism":"gallery"}}},{"type":"Feature","id":"node/12966745699","geometry":{"type":"Point","coordinates":[-23.1478117,66.0699725]},"properties":{"osm_type":"node","osm_id":12966745699,"category":"artwork","name":"Dynjandi","wikidata":null,"wikipedia":null,"tags":{"artist_name":"Jón Sigurpálsson","artwork_type":"sculpture","material":"glass","name":"Dynjandi","tourism":"artwork"}}},{"type":"Feature","id":"node/12967247801","geometry":{"type":"Point","coordinates":[-18.071138,65.6342174]},"properties":{"osm_type":"node","osm_id":12967247801,"category":"artwork","name":"Ottor's table & chair","wikidata":null,"wikipedia":null,"tags":{"name:en":"Ottor's table & chair","tourism":"artwork"}}},{"type":"Feature","id":"node/12969846701","geometry":{"type":"Point","coordinates":[-18.2074646,65.4479845]},"properties":{"osm_type":"node","osm_id":12969846701,"category":"artwork","name":"Kýrin Edda","wikidata":null,"wikipedia":null,"tags":{"name":"Kýrin Edda","tourism":"artwork"}}},{"type":"Feature","id":"node/12976949161","geometry":{"type":"Point","coordinates":[-23.1322992,66.073939]},"properties":{"osm_type":"node","osm_id":12976949161,"category":"artwork","name":"Ljós","wikidata":null,"wikipedia":null,"tags":{"artist_name":"Hreinn Friðfinnsson","artwork_type":"statue","material":"glass","name":"Ljós","tourism":"artwork"}}},{"type":"Feature","id":"node/12979797999","geometry":{"type":"Point","coordinates":[-21.9142771,64.1430448]},"properties":{"osm_type":"node","osm_id":12979797999,"category":"monument","name":"Asni","wikidata":null,"wikipedia":null,"tags":{"historic":"monument","name":"Asni","name:de":"Esel","name:en":"Donkey"}}},{"type":"Feature","id":"node/12986636622","geometry":{"type":"Point","coordinates":[-21.907046,65.3814787]},"properties":{"osm_type":"node","osm_id":12986636622,"category":"memorial","name":"Skáldin þrjú","wikidata":null,"wikipedia":null,"tags":{"historic":"memorial","material":"málmur,gler","name":"Skáldin þrjú","start_date":"2008-08-23"}}},{"type":"Feature","id":"node/12990968767","geometry":{"type":"Point","coordinates":[-17.353687,66.0487019]},"properties":{"osm_type":"node","osm_id":12990968767,"category":"museum","name":"The Exploration Museum","wikidata":"Q15117728","wikipedia":"en:The Exploration Museum","tags":{"addr:city":"Húsavík","addr:housenumber":"24","addr:postcode":"640","addr:street":"Höfði","email":"info@explorationmuseum.com","name":"The Exploration Museum","opening_hours":"Mo-Su 14:00-19:00","phone":"+354 848 7600","tourism":"museum","website":"https://www.explorationmuseum.com/","wikidata":"Q15117728","wikipedia":"en:The Exploration Museum"}}},{"type":"Feature","id":"node/13011574001","geometry":{"type":"Point","coordinates":[-14.9805342,65.0179004]},"properties":{"osm_type":"node","osm_id":13011574001,"category":"memorial","name":"Minningarmörk úr hofnum kirkjugarðsi","wikidata":null,"wikipedia":null,"tags":{"historic":"memorial","memorial":"sculpture","name":"Minningarmörk úr hofnum kirkjugarðsi","name:en":"Monuments from a lost churchyard"}}},{"type":"Feature","id":"node/13019335302","geometry":{"type":"Point","coordinates":[-13.9881877,65.2676853]},"properties":{"osm_type":"node","osm_id":13019335302,"category":"artwork","name":"hvernig gengur...?","wikidata":null,"wikipedia":null,"tags":{"name":"hvernig gengur...?","tourism":"artwork"}}},{"type":"Feature","id":"node/13022584813","geometry":{"type":"Point","coordinates":[-22.0893482,66.2574592]},"properties":{"osm_type":"node","osm_id":13022584813,"category":"memorial","name":"Matthildur og Jakob","wikidata":null,"wikipedia":null,"tags":{"historic":"memorial","material":"wood","memorial":"plaque","name":"Matthildur og Jakob"}}},{"type":"Feature","id":"node/13040383306","geometry":{"type":"Point","coordinates":[-23.2361403,66.135589]},"properties":{"osm_type":"node","osm_id":13040383306,"category":"memorial","name":"Þuríðarsteinn","wikidata":null,"wikipedia":null,"tags":{"historic":"memorial","name":"Þuríðarsteinn"}}},{"type":"Feature","id":"node/13043006341","geometry":{"type":"Point","coordinates":[-16.9231636,65.6206065]},"properties":{"osm_type":"node","osm_id":13043006341,"category":"artwork","name":"Gróður jarðar","wikidata":null,"wikipedia":null,"tags":{"artist_name":"Guðmundur frá Miðdal","artwork_type":"sculpture","name":"Gróður jarðar","tourism":"artwork"}}},{"type":"Feature","id":"node/13043006344","geometry":{"type":"Point","coordinates":[-16.9174,65.6220178]},"properties":{"osm_type":"node","osm_id":13043006344,"category":"memorial","name":"Hallgrímur og Ólafía","wikidata":null,"wikipedia":null,"tags":{"historic":"memorial","memorial":"plaque","name":"Hallgrímur og Ólafía"}}},{"type":"Feature","id":"node/13056222929","geometry":{"type":"Point","coordinates":[-23.4343416,66.0066951]},"properties":{"osm_type":"node","osm_id":13056222929,"category":"memorial","name":"Brynjólfur Sveinsson","wikidata":"Q712642","wikipedia":"is:Brynjólfur Sveinsson","tags":{"historic":"memorial","material":"stone","memorial":"stone","name":"Brynjólfur Sveinsson","wikidata":"Q712642","wikipedia":"is:Brynjólfur Sveinsson"}}},{"type":"Feature","id":"node/13056264560","geometry":{"type":"Point","coordinates":[-21.9087523,64.1199159]},"properties":{"osm_type":"node","osm_id":13056264560,"category":"historic","name":"Otur ER-245","wikidata":null,"wikipedia":null,"tags":{"historic":"wreck","name":"Otur ER-245","website":"https://www.sarpur.is/Adfang.aspx?AdfangID=2477948"}}},{"type":"Feature","id":"node/13100811571","geometry":{"type":"Point","coordinates":[-21.1854511,64.2432292]},"properties":{"osm_type":"node","osm_id":13100811571,"category":"memorial","name":"Vinaskógur","wikidata":null,"wikipedia":null,"tags":{"historic":"memorial","material":"stone","memorial":"stele","name":"Vinaskógur"}}},{"type":"Feature","id":"node/13147044369","geometry":{"type":"Point","coordinates":[-21.0162035,64.2561778]},"properties":{"osm_type":"node","osm_id":13147044369,"category":"archaeological_site","name":"Sigurðarsel","wikidata":null,"wikipedia":null,"tags":{"historic":"archaeological_site","name":"Sigurðarsel"}}},{"type":"Feature","id":"node/13147520374","geometry":{"type":"Point","coordinates":[-21.1225472,64.2841266]},"properties":{"osm_type":"node","osm_id":13147520374,"category":"archaeological_site","name":"Bárukot","wikidata":null,"wikipedia":null,"tags":{"historic":"archaeological_site","name":"Bárukot"}}},{"type":"Feature","id":"node/13147520375","geometry":{"type":"Point","coordinates":[-21.1086955,64.3050672]},"properties":{"osm_type":"node","osm_id":13147520375,"category":"archaeological_site","name":"Svartagil","wikidata":null,"wikipedia":null,"tags":{"historic":"archaeological_site","name":"Svartagil"}}},{"type":"Feature","id":"node/13176980087","geometry":{"type":"Point","coordinates":[-23.1232412,66.1100204]},"properties":{"osm_type":"node","osm_id":13176980087,"category":"memorial","name":"Til Minningar um áhöfn M.B. Svans","wikidata":null,"wikipedia":null,"tags":{"historic":"memorial","memorial":"plaque","name":"Til Minningar um áhöfn M.B. Svans"}}},{"type":"Feature","id":"node/13236235030","geometry":{"type":"Point","coordinates":[-21.5737356,64.370273]},"properties":{"osm_type":"node","osm_id":13236235030,"category":"artwork","name":"The Phoenix","wikidata":null,"wikipedia":null,"tags":{"artist_name":"Ásgrímur Sveinsson","artwork_type":"sculpture","material":"metal","name":"The Phoenix","tourism":"artwork"}}},{"type":"Feature","id":"node/13308013710","geometry":{"type":"Point","coordinates":[-22.4503098,63.9703341]},"properties":{"osm_type":"node","osm_id":13308013710,"category":"artwork","name":"Stapatröllin","wikidata":null,"wikipedia":null,"tags":{"artwork_type":"sculpture","material":"stone","name":"Stapatröllin","tourism":"artwork"}}},{"type":"Feature","id":"node/13308013711","geometry":{"type":"Point","coordinates":[-22.4391612,63.9635073]},"properties":{"osm_type":"node","osm_id":13308013711,"category":"artwork","name":"Bæjartröllin","wikidata":null,"wikipedia":null,"tags":{"artwork_type":"sculpture","material":"stone","name":"Bæjartröllin","tourism":"artwork"}}},{"type":"Feature","id":"node/13308013712","geometry":{"type":"Point","coordinates":[-22.4818132,63.9726479]},"properties":{"osm_type":"node","osm_id":13308013712,"category":"artwork","name":"Skessan í Grænuborg","wikidata":null,"wikipedia":null,"tags":{"artwork_type":"sculpture","material":"stone","name":"Skessan í Grænuborg","tourism":"artwork"}}},{"type":"Feature","id":"node/13308013713","geometry":{"type":"Point","coordinates":[-22.5268719,63.978718]},"properties":{"osm_type":"node","osm_id":13308013713,"category":"artwork","name":"Freyr","wikidata":null,"wikipedia":null,"tags":{"artwork_type":"sculpture","material":"stone","name":"Freyr","tourism":"artwork"}}},{"type":"Feature","id":"node/13308013714","geometry":{"type":"Point","coordinates":[-22.5302234,63.9789283]},"properties":{"osm_type":"node","osm_id":13308013714,"category":"artwork","name":"Freyja","wikidata":null,"wikipedia":null,"tags":{"artwork_type":"sculpture","material":"stone","name":"Freyja","tourism":"artwork"}}},{"type":"Feature","id":"node/13414639930","geometry":{"type":"Point","coordinates":[-18.0822101,65.6616286]},"properties":{"osm_type":"node","osm_id":13414639930,"category":"museum","name":"Iðnaðarsafn","wikidata":null,"wikipedia":null,"tags":{"addr:city":"Akureyri","addr:housenumber":"6","addr:postcode":"600","addr:street":"Krókeyri","name":"Iðnaðarsafn","name:en":"Industry Museum","opening_hours":"Mo-Su 13:00-16:00","tourism":"museum","website":"https://www.idnadarsafnid.is/"}}},{"type":"Feature","id":"node/13426790980","geometry":{"type":"Point","coordinates":[-23.1169482,66.0734331]},"properties":{"osm_type":"node","osm_id":13426790980,"category":"artwork","name":"Karl","wikidata":"Q16422001","wikipedia":"is:Martinus Simson","tags":{"artist_name":"Martinus Samson","artwork_type":"statue","material":"concrete","name":"Karl","tourism":"artwork","wikidata":"Q16422001","wikipedia":"is:Martinus Simson"}}},{"type":"Feature","id":"node/13426790981","geometry":{"type":"Point","coordinates":[-23.1175062,66.0734952]},"properties":{"osm_type":"node","osm_id":13426790981,"category":"artwork","name":"Kona","wikidata":"Q16422001","wikipedia":"is:Martinus Simson","tags":{"artist_name":"Martinus Simson","artwork_type":"statue","material":"concrete","name":"Kona","tourism":"artwork","wikidata":"Q16422001","wikipedia":"is:Martinus Simson"}}},{"type":"Feature","id":"node/13479312834","geometry":{"type":"Point","coordinates":[-20.5213843,64.1272979]},"properties":{"osm_type":"node","osm_id":13479312834,"category":"memorial","name":"Jón Arason memorial","wikidata":null,"wikipedia":null,"tags":{"historic":"memorial","material":"stone","name":"Jón Arason memorial"}}},{"type":"Feature","id":"node/13510732961","geometry":{"type":"Point","coordinates":[-22.5616841,64.0076765]},"properties":{"osm_type":"node","osm_id":13510732961,"category":"theatre","name":"Frumleikhúsið","wikidata":null,"wikipedia":null,"tags":{"addr:city":"Reykjanesbær","addr:housenumber":"17","addr:postcode":"230","addr:street":"Vesturbraut","amenity":"theatre","name":"Frumleikhúsið","operator":"Leikfélag Keflavíkur"}}},{"type":"Feature","id":"node/13536350832","geometry":{"type":"Point","coordinates":[-21.1515971,63.8644971]},"properties":{"osm_type":"node","osm_id":13536350832,"category":"museum","name":"Sjóminjasafnið á Eyrarbakka","wikidata":null,"wikipedia":null,"tags":{"addr:housenumber":"59","addr:postcode":"820","addr:street":"Túngata","name":"Sjóminjasafnið á Eyrarbakka","name:en":"Maritime Museum","tourism":"museum"}}},{"type":"Feature","id":"node/13538510933","geometry":{"type":"Point","coordinates":[-18.0810685,65.6864831]},"properties":{"osm_type":"node","osm_id":13538510933,"category":"gallery","name":"Þúfa","wikidata":null,"wikipedia":null,"tags":{"addr:housenumber":"46","addr:street":"Gránufélagsgata","name":"Þúfa","tourism":"gallery","website":"https://www.thufa46.com"}}},{"type":"Feature","id":"node/13655291124","geometry":{"type":"Point","coordinates":[-21.9157136,65.3821422]},"properties":{"osm_type":"node","osm_id":13655291124,"category":"memorial","name":"Skipaskurður","wikidata":null,"wikipedia":null,"tags":{"historic":"memorial","material":"málmur,viður","name":"Skipaskurður","start_date":"2008-08-23"}}},{"type":"Feature","id":"node/13656323079","geometry":{"type":"Point","coordinates":[-21.9572851,65.3829526]},"properties":{"osm_type":"node","osm_id":13656323079,"category":"memorial","name":"Magnús Jónsson í Tjaldanesi","wikidata":null,"wikipedia":null,"tags":{"historic":"memorial","material":"stone","name":"Magnús Jónsson í Tjaldanesi","start_date":"2022-05-14"}}},{"type":"Feature","id":"node/13663618192","geometry":{"type":"Point","coordinates":[-21.923204,64.5356889]},"properties":{"osm_type":"node","osm_id":13663618192,"category":"museum","name":"Landnámssetur Íslands","wikidata":null,"wikipedia":null,"tags":{"addr:city":"Borgarnes","name":"Landnámssetur Íslands","name:en":"The Settlement Center","name:is":"Landnámssetur Íslands","opening_hours":"10:00-21:00","tourism":"museum","website":"https://www.landnam.is/","wheelchair":"no"}}},{"type":"Feature","id":"node/13751351944","geometry":{"type":"Point","coordinates":[-20.9858429,63.9524924]},"properties":{"osm_type":"node","osm_id":13751351944,"category":"memorial","name":"Hljómkviða Árinnar","wikidata":null,"wikipedia":null,"tags":{"historic":"memorial","material":"metal","memorial":"sculpture","name":"Hljómkviða Árinnar"}}},{"type":"Feature","id":"node/13760575936","geometry":{"type":"Point","coordinates":[-21.9699184,64.0621423]},"properties":{"osm_type":"node","osm_id":13760575936,"category":"museum","name":"Kvikmyndasafn Íslands","wikidata":null,"wikipedia":null,"tags":{"name":"Kvikmyndasafn Íslands","opening_hours":"Mo-Th 10:00-16:00; Fr 10:00-14:00","tourism":"museum","website":"https://kvikmyndasafn.is"}}},{"type":"Feature","id":"node/13768397262","geometry":{"type":"Point","coordinates":[-21.942277,64.1489933]},"properties":{"osm_type":"node","osm_id":13768397262,"category":"gallery","name":"Kogga keramik galleri","wikidata":null,"wikipedia":null,"tags":{"name":"Kogga keramik galleri","name:en":"Kogga Ceramic Studio","name:is":"Kogga keramik galleri","tourism":"gallery"}}},{"type":"Feature","id":"node/13770318722","geometry":{"type":"Point","coordinates":[-21.9142574,64.1426612]},"properties":{"osm_type":"node","osm_id":13770318722,"category":"arts_centre","name":"Myndlistaskólinn í Reykjavík","wikidata":null,"wikipedia":null,"tags":{"addr:housenumber":"10","addr:postcode":"105","addr:street":"Rauðarárstígur","amenity":"arts_centre","name":"Myndlistaskólinn í Reykjavík","website":"https://myndlistaskolinn.is/"}}},{"type":"Feature","id":"node/13791666250","geometry":{"type":"Point","coordinates":[-21.8375489,64.1188536]},"properties":{"osm_type":"node","osm_id":13791666250,"category":"museum","name":"Heimili Veitna","wikidata":null,"wikipedia":null,"tags":{"name":"Heimili Veitna","tourism":"museum"}}},{"type":"Feature","id":"node/13799509911","geometry":{"type":"Point","coordinates":[-21.8760292,64.1345874]},"properties":{"osm_type":"node","osm_id":13799509911,"category":"gallery","name":"Art Gallerí","wikidata":null,"wikipedia":null,"tags":{"name":"Art Gallerí","tourism":"gallery"}}},{"type":"Feature","id":"node/13814335724","geometry":{"type":"Point","coordinates":[-14.3963043,65.2626214]},"properties":{"osm_type":"node","osm_id":13814335724,"category":"museum","name":"Minjasafn Austurlands","wikidata":null,"wikipedia":null,"tags":{"addr:city":"Egilsstaðir","addr:housenumber":"1","addr:postcode":"700","addr:street":"Laufskógar","alt_name":"Safnahús","name":"Minjasafn Austurlands","name:en":"The East Iceland Heritage Museum","opening_hours":"Tu-Fr 11:00-16:00; Jun-Aug Mo-Fr 10:00-17:00; Jun-Aug Sa 11:00-17:00","tourism":"museum","website":"https://www.minjasafn.is/"}}},{"type":"Feature","id":"node/13821218408","geometry":{"type":"Point","coordinates":[-23.2624119,64.9230987]},"properties":{"osm_type":"node","osm_id":13821218408,"category":"memorial","name":"Sýn","wikidata":null,"wikipedia":null,"tags":{"artist_name":"Steinunn Þórarinsdóttir","historic":"memorial","memorial":"statue","name":"Sýn","start_date":"1989"}}},{"type":"Feature","id":"node/13839103101","geometry":{"type":"Point","coordinates":[-21.3654024,63.895922]},"properties":{"osm_type":"node","osm_id":13839103101,"category":"artwork","name":"Karlsminni","wikidata":null,"wikipedia":null,"tags":{"name":"Karlsminni","tourism":"artwork"}}},{"type":"Feature","id":"node/13845733196","geometry":{"type":"Point","coordinates":[-22.5614556,64.0088577]},"properties":{"osm_type":"node","osm_id":13845733196,"category":"memorial","name":"Ólafur B. Ólafsson","wikidata":null,"wikipedia":null,"tags":{"historic":"memorial","material":"stone","memorial":"stone","name":"Ólafur B. Ólafsson"}}},{"type":"Feature","id":"node/13847073403","geometry":{"type":"Point","coordinates":[-22.4330732,63.8435571]},"properties":{"osm_type":"node","osm_id":13847073403,"category":"artwork","name":"Ljósmyndasýning um eldgos","wikidata":null,"wikipedia":null,"tags":{"artwork_type":"photo","name":"Ljósmyndasýning um eldgos","tourism":"artwork"}}},{"type":"Feature","id":"node/13863472802","geometry":{"type":"Point","coordinates":[-22.3985833,63.9718465]},"properties":{"osm_type":"node","osm_id":13863472802,"category":"historic","name":"Vogar WW II Landing Barge Wreck","wikidata":null,"wikipedia":null,"tags":{"historic":"wreck","name":"Vogar WW II Landing Barge Wreck"}}},{"type":"Feature","id":"node/13902043601","geometry":{"type":"Point","coordinates":[-21.4110952,64.6644083]},"properties":{"osm_type":"node","osm_id":13902043601,"category":"artwork","name":"Fjallid","wikidata":null,"wikipedia":null,"tags":{"artwork_type":"sculpture","name":"Fjallid","tourism":"artwork"}}},{"type":"Feature","id":"node/13957803587","geometry":{"type":"Point","coordinates":[-21.9373358,64.1479989]},"properties":{"osm_type":"node","osm_id":13957803587,"category":"historic","name":"Reykjavík Konsúlat Hótel, Curio Collection By Hilton","wikidata":"Q111873652","wikipedia":null,"tags":{"addr:city":"Reykjavík","addr:housenumber":"17-19","addr:postcode":"101","addr:street":"Hafnarstræti","email":"rekcu_res@hilton.com","historic":"building","name":"Reykjavík Konsúlat Hótel, Curio Collection By Hilton","operator":"Hilton","phone":"+354 514 6800","tourism":"hotel","website":"https://www.hilton.com/en/hotels/rekcuqq-reykjavik-konsulat-hotel/","wheelchair":"yes","wikidata":"Q111873652"}}},{"type":"Feature","id":"node/13957803592","geometry":{"type":"Point","coordinates":[-21.9374929,64.1478683]},"properties":{"osm_type":"node","osm_id":13957803592,"category":"gallery","name":"Sím","wikidata":null,"wikipedia":null,"tags":{"name":"Sím","tourism":"gallery"}}},{"type":"Feature","id":"node/13970959940","geometry":{"type":"Point","coordinates":[-15.1538281,64.9645977]},"properties":{"osm_type":"node","osm_id":13970959940,"category":"museum","name":"Óbyggðasetur Íslands","wikidata":null,"wikipedia":null,"tags":{"alt_name":"Wilderness Center","name":"Óbyggðasetur Íslands","opening_hours":"11:00-18:00","tourism":"museum"}}},{"type":"Feature","id":"node/13998075102","geometry":{"type":"Point","coordinates":[-19.7862723,63.5712148]},"properties":{"osm_type":"node","osm_id":13998075102,"category":"monument","name":"Kliftorfa","wikidata":null,"wikipedia":null,"tags":{"historic":"monument","name":"Kliftorfa"}}},{"type":"Feature","id":"node/14011207297","geometry":{"type":"Point","coordinates":[-22.3863934,65.1719404]},"properties":{"osm_type":"node","osm_id":14011207297,"category":"monument","name":"Bjarni frá Vogi","wikidata":null,"wikipedia":null,"tags":{"historic":"monument","material":"stone","name":"Bjarni frá Vogi","start_date":"1963-08-11"}}},{"type":"Feature","id":"node/14011264004","geometry":{"type":"Point","coordinates":[-21.7883622,65.2162309]},"properties":{"osm_type":"node","osm_id":14011264004,"category":"memorial","name":"Auður djúpúðga","wikidata":null,"wikipedia":null,"tags":{"historic":"memorial","material":"stone","memorial":"sculpture","name":"Auður djúpúðga","start_date":"1965-08-08"}}},{"type":"Feature","id":"node/14011264466","geometry":{"type":"Point","coordinates":[-21.8304938,65.2182038]},"properties":{"osm_type":"node","osm_id":14011264466,"category":"monument","name":"Snorri Sturluson","wikidata":null,"wikipedia":null,"tags":{"historic":"monument","material":"stone","name":"Snorri Sturluson","start_date":"1986-04-27"}}},{"type":"Feature","id":"node/14011383598","geometry":{"type":"Point","coordinates":[-21.7647442,65.1088353]},"properties":{"osm_type":"node","osm_id":14011383598,"category":"monument","name":"Jóhannes úr Kötlum","wikidata":null,"wikipedia":null,"tags":{"historic":"monument","image":"https://upload.wikimedia.org/wikipedia/commons/thumb/d/d3/J%C3%B3hannes_%C3%BAr_K%C3%B6tlum_%28%C3%AD_B%C3%BA%C3%B0ardal%29.jpg/500px-J%C3%B3hannes_%C3%BAr_K%C3%B6tlum_%28%C3%AD_B%C3%BA%C3%B0ardal%29.jpg","material":"stone","name":"Jóhannes úr Kötlum","start_date":"1990-11-04"}}},{"type":"Feature","id":"node/14014463021","geometry":{"type":"Point","coordinates":[-21.7651464,65.1093567]},"properties":{"osm_type":"node","osm_id":14014463021,"category":"memorial","name":"Sturla Þórðarson","wikidata":null,"wikipedia":null,"tags":{"historic":"memorial","material":"metal","name":"Sturla Þórðarson","start_date":"1992-07-30"}}},{"type":"Feature","id":"node/14014511226","geometry":{"type":"Point","coordinates":[-21.8028069,65.2458086]},"properties":{"osm_type":"node","osm_id":14014511226,"category":"artwork","name":"Í leit að ókunnum höfundi","wikidata":null,"wikipedia":null,"tags":{"artist_name":"Ásmundur Sveinsson","artwork_type":"sculpture","material":"metal","name":"Í leit að ókunnum höfundi","tourism":"artwork"}}},{"type":"Feature","id":"node/14017245999","geometry":{"type":"Point","coordinates":[-21.6268764,64.9995315]},"properties":{"osm_type":"node","osm_id":14017245999,"category":"artwork","name":"Kona að strokka","wikidata":null,"wikipedia":null,"tags":{"artist_name":"Ásmundur Sveinsson","artwork_type":"statue","material":"concrete","name":"Kona að strokka","tourism":"artwork"}}},{"type":"Feature","id":"node/14023983991","geometry":{"type":"Point","coordinates":[-23.2617611,64.9230242]},"properties":{"osm_type":"node","osm_id":14023983991,"category":"artwork","name":"Veðurhorfur","wikidata":null,"wikipedia":null,"tags":{"artist_name":"Sólrún Halldórsdóttir","artwork_type":"installation","name":"Veðurhorfur","tourism":"artwork","website":"https://www.west.is/is/moya/toy/index/place/vedurhorfur-112-ord-yfir-vind-og-vedurbrigdi"}}},{"type":"Feature","id":"way/25722129","geometry":{"type":"Point","coordinates":[-20.6042204,63.3039275]},"properties":{"osm_type":"way","osm_id":25722129,"category":"heritage","name":"Surtsey","wikidata":"Q178124","wikipedia":"is:Surtsey","tags":{"heritage":"1","image":"http://commons.wikimedia.org/wiki/File:Surtsey_from_plane,_1999.jpg","name":"Surtsey","name:is":"Surtsey","name:ru":"Сюртсей","name:th":"ซืร์ตเซย์","wikidata":"Q178124","wikipedia":"is:Surtsey"}}},{"type":"Feature","id":"way/26763553","geometry":{"type":"Point","coordinates":[-21.9126717,64.1373163]},"properties":{"osm_type":"way","osm_id":26763553,"category":"artwork","name":"Reykjavíkurvarðan","wikidata":null,"wikipedia":null,"tags":{"artist_name":"Jóhann Eyfells","artwork_type":"sculpture","historic":"memorial","memorial":"sculpture","name":"Reykjavíkurvarðan","tourism":"artwork"}}},{"type":"Feature","id":"way/26992692","geometry":{"type":"Point","coordinates":[-21.818539,64.1184151]},"properties":{"osm_type":"way","osm_id":26992692,"category":"museum","name":"Árbæjarsafn","wikidata":"Q3481984","wikipedia":"is:Árbæjarsafn","tags":{"name":"Árbæjarsafn","name:en":"Arbaer Outdoor Museum","opening_hours":"Jun-Aug 10:00-17:00, Sep-May 13:00-17:00; Jan 1 off; easter -2 days off; easter off; Dec 25 off","tourism":"museum","wikidata":"Q3481984","wikipedia":"is:Árbæjarsafn"}}},{"type":"Feature","id":"way/35968499","geometry":{"type":"Point","coordinates":[-22.5755448,63.9687123]},"properties":{"osm_type":"way","osm_id":35968499,"category":"theatre","name":"Andrews leikhúsið","wikidata":null,"wikipedia":null,"tags":{"addr:city":"Reykjanesbær","addr:housenumber":"700","addr:postcode":"262","addr:street":"Grænásbraut","amenity":"theatre","building":"commercial","name":"Andrews leikhúsið","name:en":"Andrews Theatre","start_date":"1975"}}},{"type":"Feature","id":"way/37449971","geometry":{"type":"Point","coordinates":[-19.8204673,64.1201259]},"properties":{"osm_type":"way","osm_id":37449971,"category":"monument","name":"Þjóðveldisbær","wikidata":null,"wikipedia":null,"tags":{"addr:housenumber":"1","addr:postcode":"804","addr:street":"Þjóðveldisbær","building":"yes","historic":"monument","name":"Þjóðveldisbær"}}},{"type":"Feature","id":"way/38301406","geometry":{"type":"Point","coordinates":[-19.493037,63.5261807]},"properties":{"osm_type":"way","osm_id":38301406,"category":"museum","name":"Skógasafn","wikidata":null,"wikipedia":null,"tags":{"building":"yes","name":"Skógasafn","name:en":"Skógar Museum","phone":"+354 487 8845","tourism":"museum","website":"https://www.skogasafn.is/"}}},{"type":"Feature","id":"way/39656041","geometry":{"type":"Point","coordinates":[-20.2598334,63.4354044]},"properties":{"osm_type":"way","osm_id":39656041,"category":"ruins","name":"Pompei Norðursins","wikidata":null,"wikipedia":null,"tags":{"historic":"ruins","name":"Pompei Norðursins","name:de":"Pompeji des Nordens","name:en":"Pompeii of the North"}}},{"type":"Feature","id":"way/45677454","geometry":{"type":"Point","coordinates":[-21.8963947,64.1290102]},"properties":{"osm_type":"way","osm_id":45677454,"category":"theatre","name":"Borgarleikhúsið","wikidata":"Q893530","wikipedia":"is:Borgarleikhúsið","tags":{"addr:housenumber":"3","addr:postcode":"103","addr:street":"Listabraut","amenity":"theatre","building":"yes","name":"Borgarleikhúsið","wheelchair":"limited","wikidata":"Q893530","wikipedia":"is:Borgarleikhúsið"}}},{"type":"Feature","id":"way/87370367","geometry":{"type":"Point","coordinates":[-21.940467,64.142517]},"properties":{"osm_type":"way","osm_id":87370367,"category":"historic","name":"Hljómskálinn","wikidata":null,"wikipedia":null,"tags":{"addr:housenumber":"2","addr:postcode":"101","addr:street":"Sóleyjargata","building":"yes","historic":"yes","name":"Hljómskálinn"}}},{"type":"Feature","id":"way/87930567","geometry":{"type":"Point","coordinates":[-21.9348641,64.1299092]},"properties":{"osm_type":"way","osm_id":87930567,"category":"historic","name":"Gamli Flugturninn","wikidata":null,"wikipedia":null,"tags":{"addr:housenumber":"58I","addr:postcode":"102","addr:street":"Nauthólsvegur","building":"yes","heritage":"yes","historic":"building","name":"Gamli Flugturninn","name:en":"Old Control Tower BIRK"}}},{"type":"Feature","id":"way/93882758","geometry":{"type":"Point","coordinates":[-22.0064677,64.1579993]},"properties":{"osm_type":"way","osm_id":93882758,"category":"museum","name":"Lyfjafræðisafn","wikidata":null,"wikipedia":null,"tags":{"addr:city":"Seltjarnarnes","addr:housenumber":"3","addr:postcode":"170","addr:street":"Safnatröð","building":"commercial","name":"Lyfjafræðisafn","name:en":"Pharmacy Museum","start_date":"1990","tourism":"museum","website":"https://www.lfi.is/um-lyfjafraedisafnid"}}},{"type":"Feature","id":"way/94552955","geometry":{"type":"Point","coordinates":[-21.8870282,64.1531215]},"properties":{"osm_type":"way","osm_id":94552955,"category":"museum","name":"Listasafn Sigurjóns Ólafssonar","wikidata":"Q16420519","wikipedia":"is:Listasafn Sigurjóns Ólafssonar","tags":{"addr:city":"Reykjavík","addr:housenumber":"70","addr:postcode":"105","addr:street":"Laugarnestangi","building":"yes","name":"Listasafn Sigurjóns Ólafssonar","name:en":"Sigurjón Ólafsson Museum","tourism":"museum","wikidata":"Q16420519","wikipedia":"is:Listasafn Sigurjóns Ólafssonar"}}},{"type":"Feature","id":"way/94560552","geometry":{"type":"Point","coordinates":[-21.932163,64.1473092]},"properties":{"osm_type":"way","osm_id":94560552,"category":"museum","name":"Safnahúsið","wikidata":"Q3481702","wikipedia":"is:Safnahúsið við Hverfisgötu","tags":{"addr:city":"Reykjavík","addr:housenumber":"15","addr:postcode":"101","addr:street":"Hverfisgata","building":"yes","name":"Safnahúsið","name:da":"Kulturhuset","name:en":"The Culture House","opening_hours":"Mo-Su 10:00-17:00","tourism":"museum","wikidata":"Q3481702","wikipedia":"is:Safnahúsið við Hverfisgötu"}}},{"type":"Feature","id":"way/94560555","geometry":{"type":"Point","coordinates":[-21.9311533,64.147279]},"properties":{"osm_type":"way","osm_id":94560555,"category":"theatre","name":"Þjóðleikhúsið","wikidata":"Q565455","wikipedia":"is:Þjóðleikhúsið","tags":{"addr:city":"Reykjavík","addr:housenumber":"19","addr:postcode":"101","addr:street":"Hverfisgata","amenity":"theatre","building":"yes","historic":"theatre","name":"Þjóðleikhúsið","name:en":"National Theatre of Iceland","start_date":"1950-04-20","website":"https://leikhusid.is/","wheelchair":"limited","wikidata":"Q565455","wikipedia":"is:Þjóðleikhúsið"}}},{"type":"Feature","id":"way/102269963","geometry":{"type":"Point","coordinates":[-21.9288973,64.1418812]},"properties":{"osm_type":"way","osm_id":102269963,"category":"museum","name":"Listasafn Einars Jónssonar","wikidata":"Q3481715","wikipedia":"is:Listasafn Einars Jónssonar","tags":{"building":"yes","name":"Listasafn Einars Jónssonar","name:en":"Einar Jónsson Museum","opening_hours":"Tu-Su 10:00-17:00","start_date":"1923","tourism":"museum","website":"http://www.lej.is/","wikidata":"Q3481715","wikipedia":"is:Listasafn Einars Jónssonar"}}},{"type":"Feature","id":"way/102665332","geometry":{"type":"Point","coordinates":[-21.9421359,64.1478358]},"properties":{"osm_type":"way","osm_id":102665332,"category":"museum","name":"Aðalstræti 10","wikidata":"Q16420327","wikipedia":"is:Aðalstræti 10","tags":{"addr:city":"Reykjavík","addr:country":"IS","addr:housenumber":"10","addr:postcode":"101","addr:street":"Aðalstræti","building":"yes","historic":"building","name":"Aðalstræti 10","opening_hours":"Mo-Su 10:00-17:00","operator":"Borgarsögusafn Reykjavíkur","start_date":"1770","tourism":"museum","website":"https://borgarsogusafn.is/is/borgarsogusafn-reykjavikur/um-borgarsogusafn/frettir/adalstraeti-10-elsta-hus-midborgarinnar-opnad","wikidata":"Q16420327","wikipedia":"is:Aðalstræti 10"}}},{"type":"Feature","id":"way/102905917","geometry":{"type":"Point","coordinates":[-21.93945,64.1462779]},"properties":{"osm_type":"way","osm_id":102905917,"category":"historic","name":null,"wikidata":"Q16430324","wikipedia":"is:Kirkjutorg 4","tags":{"addr:city":"Reykjavík","addr:housenumber":"4","addr:postcode":"101","addr:street":"Kirkjutorg","building":"commercial","historic":"building","wikidata":"Q16430324","wikipedia":"is:Kirkjutorg 4"}}},{"type":"Feature","id":"way/104079936","geometry":{"type":"Point","coordinates":[-21.9063601,64.1465224]},"properties":{"osm_type":"way","osm_id":104079936,"category":"museum","name":"Höfði","wikidata":"Q1067075","wikipedia":"is:Höfði","tags":{"addr:housenumber":"1","addr:postcode":"105","addr:street":"Félagstún","building":"yes","name":"Höfði","name:en":"Hofdi house","name:ru":"Хёвди","name:zh":"霍夫迪楼","tourism":"museum","wheelchair":"limited","wikidata":"Q1067075","wikipedia":"is:Höfði"}}},{"type":"Feature","id":"way/106469186","geometry":{"type":"Point","coordinates":[-21.9512766,64.1525641]},"properties":{"osm_type":"way","osm_id":106469186,"category":"museum","name":"Saga Museum","wikidata":"Q16335762","wikipedia":null,"tags":{"addr:housenumber":"2","addr:postcode":"101","addr:street":"Grandagarður","building":"retail","name":"Saga Museum","opening_hours":"Mo-Su 10:00-18:00","start_date":"1925","tourism":"museum","website":"https://sagamuseum.is/","wikidata":"Q16335762"}}},{"type":"Feature","id":"way/107575656","geometry":{"type":"Point","coordinates":[-21.9168905,64.1422217]},"properties":{"osm_type":"way","osm_id":107575656,"category":"theatre","name":"Austurbær","wikidata":null,"wikipedia":null,"tags":{"addr:city":"Reykjavík","addr:housenumber":"37","addr:postcode":"105","addr:street":"Snorrabraut","amenity":"theatre","building":"yes","name":"Austurbær","start_date":"1947"}}},{"type":"Feature","id":"way/108335182","geometry":{"type":"Point","coordinates":[-21.9328637,64.1503963]},"properties":{"osm_type":"way","osm_id":108335182,"category":"theatre","name":"Harpa","wikidata":"Q1783706","wikipedia":"is:Harpa (tónlistar- og ráðstefnuhús)","tags":{"addr:city":"Reykjavík","addr:housenumber":"2","addr:postcode":"101","addr:street":"Austurbakki","amenity":"theatre","building":"yes","name":"Harpa","name:zh":"哈帕音乐厅","website":"https://www.harpa.is/","wheelchair":"yes","wikidata":"Q1783706","wikipedia":"is:Harpa (tónlistar- og ráðstefnuhús)"}}},{"type":"Feature","id":"way/109166231","geometry":{"type":"Point","coordinates":[-21.9283394,64.1408851]},"properties":{"osm_type":"way","osm_id":109166231,"category":"museum","name":"Listasafn ASÍ","wikidata":null,"wikipedia":null,"tags":{"addr:housenumber":"41","addr:postcode":"101","building":"yes","name":"Listasafn ASÍ","tourism":"museum"}}},{"type":"Feature","id":"way/109660543","geometry":{"type":"Point","coordinates":[-21.8852628,64.1415662]},"properties":{"osm_type":"way","osm_id":109660543,"category":"museum","name":"Ásmundarsafn","wikidata":null,"wikipedia":"is:Listasafn Reykjavíkur#Ásmundarsafn","tags":{"addr:postcode":"105","building":"yes","name":"Ásmundarsafn","opening_hours":"Mo-Su 10:00-17:00","tourism":"museum","wikipedia":"is:Listasafn Reykjavíkur#Ásmundarsafn"}}},{"type":"Feature","id":"way/110885344","geometry":{"type":"Point","coordinates":[-21.9419536,64.1470583]},"properties":{"osm_type":"way","osm_id":110885344,"category":"historic","name":"Thoroddsen House","wikidata":null,"wikipedia":null,"tags":{"addr:city":"Reykjavík","addr:housenumber":"4","addr:postcode":"101","addr:street":"Kirkjustræti","building":"house","historic":"building","name:en":"Thoroddsen House","start_date":"1908","website":"https://afangar.com/atvinnusaga/zuggersbaer/"}}},{"type":"Feature","id":"way/113987890","geometry":{"type":"Point","coordinates":[-21.9330005,64.1399727]},"properties":{"osm_type":"way","osm_id":113987890,"category":"museum","name":"Safn Ásgríms Jónssonar","wikidata":null,"wikipedia":null,"tags":{"addr:housenumber":"74","addr:postcode":"101","building":"yes","name":"Safn Ásgríms Jónssonar","name:is":"Safn Ásgríms Jónssonar","opening_hours":"May 15-Sep 15 Su,Tu,Th 14:00-17:00; Sep 15-May 15 Su 14:00-17:00;Dec-Jan off ||\"Opnað fyrir hópa samkvæmt samkomulagi\"","operator":"Listasafn Íslands","tourism":"museum","wheelchair":"no"}}},{"type":"Feature","id":"way/124712350","geometry":{"type":"Point","coordinates":[-21.9365048,64.1444215]},"properties":{"osm_type":"way","osm_id":124712350,"category":"historic","name":"Næpan","wikidata":null,"wikipedia":null,"tags":{"addr:city":"Reykjavík","addr:housenumber":"7","addr:postcode":"101","addr:street":"Skálholtsstígur","building":"yes","historic":"building","name":"Næpan"}}},{"type":"Feature","id":"way/167187038","geometry":{"type":"Point","coordinates":[-21.9100369,64.1120559]},"properties":{"osm_type":"way","osm_id":167187038,"category":"museum","name":"Gerðarsafn","wikidata":"Q16425087","wikipedia":"is:Gerðarsafn","tags":{"addr:city":"Kópavogur","addr:housenumber":"4","addr:postcode":"200","addr:street":"Hamraborg","building":"museum","name":"Gerðarsafn","start_date":"1989","tourism":"museum","wikidata":"Q16425087","wikipedia":"is:Gerðarsafn"}}},{"type":"Feature","id":"way/169885013","geometry":{"type":"Point","coordinates":[-16.9907362,64.0232669]},"properties":{"osm_type":"way","osm_id":169885013,"category":"museum","name":"Sel","wikidata":null,"wikipedia":null,"tags":{"building":"yes","name":"Sel","tourism":"museum"}}},{"type":"Feature","id":"way/169885029","geometry":{"type":"Point","coordinates":[-16.9906333,64.0232466]},"properties":{"osm_type":"way","osm_id":169885029,"category":"museum","name":"Sel","wikidata":null,"wikipedia":null,"tags":{"building":"yes","name":"Sel","tourism":"museum"}}},{"type":"Feature","id":"way/169885044","geometry":{"type":"Point","coordinates":[-16.9910453,64.0233511]},"properties":{"osm_type":"way","osm_id":169885044,"category":"museum","name":"Sel","wikidata":"Q1766401","wikipedia":"de:Sel (Island)","tags":{"building":"yes","name":"Sel","tourism":"museum","wikidata":"Q1766401","wikipedia":"de:Sel (Island)"}}},{"type":"Feature","id":"way/169907361","geometry":{"type":"Point","coordinates":[-21.1211375,64.2570776]},"properties":{"osm_type":"way","osm_id":169907361,"category":"historic","name":"Þingvallabær","wikidata":null,"wikipedia":null,"tags":{"addr:postcode":"806","addr:street":"Þingvallabær","building":"yes","historic":"building","name":"Þingvallabær","start_date":"1930"}}},{"type":"Feature","id":"way/171837553","geometry":{"type":"Point","coordinates":[-21.9649974,64.0706481]},"properties":{"osm_type":"way","osm_id":171837553,"category":"museum","name":"Bookless Bungalow","wikidata":null,"wikipedia":null,"tags":{"addr:housenumber":"32","addr:postcode":"220","building":"bungalow","name":"Bookless Bungalow","opening_hours":"Jun 1-Aug 31 11:00-17:00; Sep 1-May 31 Sa-Su 11:00-17:00","start_date":"1910","tourism":"museum"}}},{"type":"Feature","id":"way/176304319","geometry":{"type":"Point","coordinates":[-21.6653902,65.7065353]},"properties":{"osm_type":"way","osm_id":176304319,"category":"museum","name":"Galdrasýning á Ströndum","wikidata":null,"wikipedia":null,"tags":{"addr:city":"Hólmavík","addr:country":"IS","addr:housenumber":"10","addr:postcode":"510","addr:street":"Höfðagata","building":"yes","email":"galdrasyning@holmavik.is","name":"Galdrasýning á Ströndum","name:en":"Museum of Sorcery and Witchcraft","name:is":"Galdrasýning á Ströndum","phone":"+354 897 6525","tourism":"museum","website":"https://galdrasyning.is/","wheelchair":"limited"}}},{"type":"Feature","id":"way/180359924","geometry":{"type":"Point","coordinates":[-21.9089472,64.1118964]},"properties":{"osm_type":"way","osm_id":180359924,"category":"theatre","name":"Salurinn","wikidata":"Q16424819","wikipedia":"is:Salurinn","tags":{"addr:city":"Kópavogur","addr:housenumber":"6","addr:postcode":"200","addr:street":"Hamraborg","amenity":"theatre","building":"public","name":"Salurinn","start_date":"1998","wikidata":"Q16424819","wikipedia":"is:Salurinn"}}},{"type":"Feature","id":"way/189610885","geometry":{"type":"Point","coordinates":[-20.2172899,63.8638854]},"properties":{"osm_type":"way","osm_id":189610885,"category":"museum","name":"Sagnagarður Soil Conservation Visitor Centre","wikidata":null,"wikipedia":null,"tags":{"addr:city":"Hella","addr:postcode":"851","addr:street":"Gunnarsholt","building":"yes","name":"Sagnagarður Soil Conservation Visitor Centre","tourism":"museum","website":"https://sagnagardur.land.is/"}}},{"type":"Feature","id":"way/195956621","geometry":{"type":"Point","coordinates":[-18.9133164,66.1474791]},"properties":{"osm_type":"way","osm_id":195956621,"category":"museum","name":"Síldarminjasafnið","wikidata":"Q15767978","wikipedia":"is:Síldarminjasafnið á Siglufirði","tags":{"name":"Síldarminjasafnið","name:en":"The Herring Era Museum","tourism":"museum","website":"http://www.sild.is/","wikidata":"Q15767978","wikipedia":"is:Síldarminjasafnið á Siglufirði"}}},{"type":"Feature","id":"way/212526690","geometry":{"type":"Point","coordinates":[-14.4062969,65.2591764]},"properties":{"osm_type":"way","osm_id":212526690,"category":"arts_centre","name":"Menningarmiðstöð Fljótsdalshéraðs MMF","wikidata":null,"wikipedia":null,"tags":{"addr:housenumber":"9","addr:postcode":"700","addr:street":"Kaupvangur","alt_name":"Sláturhúsið","amenity":"arts_centre","building":"yes","name":"Menningarmiðstöð Fljótsdalshéraðs MMF","name:en":"Center for Art and Culture in Fljótsdalshérað","website":"https://slaturhusid.is/index.php/is/"}}},{"type":"Feature","id":"way/217201503","geometry":{"type":"Point","coordinates":[-22.3532204,65.9231929]},"properties":{"osm_type":"way","osm_id":217201503,"category":"museum","name":"Steinshús","wikidata":null,"wikipedia":null,"tags":{"addr:housenumber":"3","addr:postcode":"512","addr:street":"Nauteyri","building":"yes","name":"Steinshús","tourism":"museum"}}},{"type":"Feature","id":"way/220925111","geometry":{"type":"Point","coordinates":[-21.703438,64.167785]},"properties":{"osm_type":"way","osm_id":220925111,"category":"theatre","name":"Bæjarleikhúsið","wikidata":null,"wikipedia":null,"tags":{"addr:city":"Mosfellsbær","addr:housenumber":"25","addr:postcode":"270","addr:street":"Þverholt","amenity":"theatre","building":"commercial","name":"Bæjarleikhúsið","start_date":"1976"}}},{"type":"Feature","id":"way/226389149","geometry":{"type":"Point","coordinates":[-14.2085183,65.0382311]},"properties":{"osm_type":"way","osm_id":226389149,"category":"museum","name":"Stríðsárasafnið","wikidata":null,"wikipedia":null,"tags":{"addr:housenumber":"37","addr:postcode":"730","addr:street":"Heiðarvegur","building":"yes","name":"Stríðsárasafnið","name:en":"Icelandic Wartime Museum","start_date":"1960","tourism":"museum"}}},{"type":"Feature","id":"way/228756021","geometry":{"type":"Point","coordinates":[-14.2939497,64.6623212]},"properties":{"osm_type":"way","osm_id":228756021,"category":"artwork","name":"Eggin í Gleðivík","wikidata":null,"wikipedia":null,"tags":{"artwork_type":"sculpture","name":"Eggin í Gleðivík","tourism":"artwork"}}},{"type":"Feature","id":"way/229613634","geometry":{"type":"Point","coordinates":[-24.1576103,65.5615627]},"properties":{"osm_type":"way","osm_id":229613634,"category":"museum","name":"Hnjótur","wikidata":null,"wikipedia":null,"tags":{"building":"yes","name":"Hnjótur","tourism":"museum"}}},{"type":"Feature","id":"way/230299855","geometry":{"type":"Point","coordinates":[-20.6390168,64.0946396]},"properties":{"osm_type":"way","osm_id":230299855,"category":"ruins","name":"Kringla","wikidata":null,"wikipedia":null,"tags":{"historic":"ruins","name":"Kringla"}}},{"type":"Feature","id":"way/232097018","geometry":{"type":"Point","coordinates":[-13.8111886,65.0070928]},"properties":{"osm_type":"way","osm_id":232097018,"category":"ruins","name":"Borgarhóll","wikidata":null,"wikipedia":null,"tags":{"historic":"ruins","name":"Borgarhóll"}}},{"type":"Feature","id":"way/236105558","geometry":{"type":"Point","coordinates":[-22.7287315,65.0772322]},"properties":{"osm_type":"way","osm_id":236105558,"category":"museum","name":"Vatnasafn","wikidata":null,"wikipedia":null,"tags":{"addr:housenumber":"19","addr:postcode":"340","addr:street":"Bókhlöðustígur","building":"museum","name":"Vatnasafn","name:en":"Library of Water","name:is":"Vatnasafn","opening_hours":"Jun-Aug: Mo-Su 13:00-18:00; Sep-May: \"on appointment\"","tourism":"museum","wheelchair":"no"}}},{"type":"Feature","id":"way/236105662","geometry":{"type":"Point","coordinates":[-22.7269414,65.0771973]},"properties":{"osm_type":"way","osm_id":236105662,"category":"museum","name":"Norwegian House","wikidata":null,"wikipedia":null,"tags":{"addr:housenumber":"5","addr:postcode":"340","addr:street":"Hafnargata","building":"yes","name":"Norwegian House","phone":"+354 433 8114","tourism":"museum","website":"https://norskahusid.is/"}}},{"type":"Feature","id":"way/236145110","geometry":{"type":"Point","coordinates":[-23.70862,64.8961178]},"properties":{"osm_type":"way","osm_id":236145110,"category":"museum","name":"Pakkhús","wikidata":null,"wikipedia":null,"tags":{"addr:city":"Ólafsvík","addr:housenumber":"12","addr:postcode":"355","addr:street":"Ólafsbraut","building":"yes","name":"Pakkhús","tourism":"museum"}}},{"type":"Feature","id":"way/237000306","geometry":{"type":"Point","coordinates":[-22.5290082,63.9760201]},"properties":{"osm_type":"way","osm_id":237000306,"category":"museum","name":"Víkingaheimar","wikidata":"Q4163674","wikipedia":null,"tags":{"addr:city":"Reykjanesbær","addr:housenumber":"1","addr:postcode":"260","addr:street":"Vikingabraut","building":"museum","name":"Víkingaheimar","name:en":"Viking World Museum","opening_hours":"Mo-Su 10:00-17:00","phone":"+354 422 2000","start_date":"2009","tourism":"museum","website":"https://www.vikingworld.is","wikidata":"Q4163674"}}},{"type":"Feature","id":"way/238538982","geometry":{"type":"Point","coordinates":[-21.9383956,64.147362]},"properties":{"osm_type":"way","osm_id":238538982,"category":"historic","name":"Reykjavikurapótek","wikidata":"Q16420144","wikipedia":"is:Austurstræti 16","tags":{"addr:city":"Reykjavík","addr:housenumber":"16","addr:postcode":"101","addr:street":"Austurstræti","building":"yes","historic":"building","name":"Reykjavikurapótek","start_date":"1917","wikidata":"Q16420144","wikipedia":"is:Austurstræti 16"}}},{"type":"Feature","id":"way/238880152","geometry":{"type":"Point","coordinates":[-20.2690802,63.4388009]},"properties":{"osm_type":"way","osm_id":238880152,"category":"museum","name":"Byggðasafn","wikidata":null,"wikipedia":null,"tags":{"addr:housenumber":"52","addr:postcode":"900","addr:street":"Kirkjuvegur","building":"yes","name":"Byggðasafn","tourism":"museum"}}},{"type":"Feature","id":"way/289048109","geometry":{"type":"Point","coordinates":[-21.9488396,64.1557079]},"properties":{"osm_type":"way","osm_id":289048109,"category":"museum","name":"Hvalasýningin","wikidata":"Q111937752","wikipedia":"en:Whales of Iceland","tags":{"addr:city":"Reykjavík","addr:housenumber":"23-25","addr:postcode":"101","addr:street":"Fiskislóð","building":"industrial","name":"Hvalasýningin","name:en":"Whales of Iceland","opening_hours":"Mo-Su 10:00-17:00; Dec 25 off","start_date":"2008","tourism":"museum","website":"https://www.whalesoficeland.is/","wikidata":"Q111937752","wikipedia":"en:Whales of Iceland"}}},{"type":"Feature","id":"way/289682005","geometry":{"type":"Point","coordinates":[-21.9416815,64.1520199]},"properties":{"osm_type":"way","osm_id":289682005,"category":"historic","name":"Elding’s Whale Watching Centre","wikidata":null,"wikipedia":null,"tags":{"historic":"ship","name":"Elding’s Whale Watching Centre","opening_hours":"Jun-Aug 08:00-17:00; Sep-May 12:00-13:00","tourism":"attraction","website":"http://www.whalewatching.is/"}}},{"type":"Feature","id":"way/289688486","geometry":{"type":"Point","coordinates":[-18.0621985,63.7874332]},"properties":{"osm_type":"way","osm_id":289688486,"category":"artwork","name":"The Gold Nugget","wikidata":null,"wikipedia":null,"tags":{"artist_name":"YottaZetta","artwork_type":"mural","name":"The Gold Nugget","tourism":"artwork"}}},{"type":"Feature","id":"way/291535983","geometry":{"type":"Point","coordinates":[-18.6459252,66.0735592]},"properties":{"osm_type":"way","osm_id":291535983,"category":"museum","name":"Pálshús Museum","wikidata":null,"wikipedia":null,"tags":{"addr:housenumber":"4","addr:postcode":"625","addr:street":"Strandgata","building":"yes","name":"Pálshús Museum","start_date":"1892","tourism":"museum","website":"https://www.palshusmuseum.is"}}},{"type":"Feature","id":"way/294053536","geometry":{"type":"Point","coordinates":[-14.7611525,66.3285666]},"properties":{"osm_type":"way","osm_id":294053536,"category":"ruins","name":"Íshús Öldufélagsins","wikidata":null,"wikipedia":null,"tags":{"building":"yes","historic":"ruins","name":"Íshús Öldufélagsins"}}},{"type":"Feature","id":"way/294240563","geometry":{"type":"Point","coordinates":[-21.9684796,64.0173524]},"properties":{"osm_type":"way","osm_id":294240563,"category":"ruins","name":"Þorbjarnarstaðaborg","wikidata":null,"wikipedia":null,"tags":{"historic":"ruins","name":"Þorbjarnarstaðaborg"}}},{"type":"Feature","id":"way/295023751","geometry":{"type":"Point","coordinates":[-18.0718367,65.8937445]},"properties":{"osm_type":"way","osm_id":295023751,"category":"museum","name":"Gamli bærinn Laufás","wikidata":null,"wikipedia":null,"tags":{"addr:postcode":"616","addr:street":"Laufásbær","name":"Gamli bærinn Laufás","name:en":"Old Turfhouse Laufás","operator":"Akureyri Museum","tourism":"museum","url":"http://www.visitakureyri.is/en/things-to-do/attractions/laufas"}}},{"type":"Feature","id":"way/297125342","geometry":{"type":"Point","coordinates":[-22.6234773,63.9974804]},"properties":{"osm_type":"way","osm_id":297125342,"category":"artwork","name":"Þotuhreiðrið","wikidata":null,"wikipedia":null,"tags":{"addr:housenumber":"3","addr:postcode":"235","addr:street":"Flugstöð","artist_name":"Magnús Tómasson","artwork_type":"sculpture","material":"steel","name":"Þotuhreiðrið","name:en":"The Jet Nest","start_date":"1990","tourism":"artwork"}}},{"type":"Feature","id":"way/298332877","geometry":{"type":"Point","coordinates":[-22.2611003,64.8210126]},"properties":{"osm_type":"way","osm_id":298332877,"category":"ruins","name":"Kolbeinsstaðir","wikidata":null,"wikipedia":null,"tags":{"addr:housenumber":"2","addr:postcode":"311","addr:street":"Kolbeinsstaðir","alt_name":"Kolbeinsstöðum","building":"yes","historic":"ruins","name":"Kolbeinsstaðir"}}},{"type":"Feature","id":"way/302722164","geometry":{"type":"Point","coordinates":[-18.9038165,66.1484279]},"properties":{"osm_type":"way","osm_id":302722164,"category":"historic","name":"SI-152","wikidata":null,"wikipedia":null,"tags":{"historic":"ship","name":"SI-152","tourism":"attraction"}}},{"type":"Feature","id":"way/303639929","geometry":{"type":"Point","coordinates":[-16.446533,66.3012171]},"properties":{"osm_type":"way","osm_id":303639929,"category":"museum","name":"Skjálftasetrið","wikidata":null,"wikipedia":null,"tags":{"addr:city":"Kópasker","addr:postcode":"670","addr:street":"Akurgerði","building":"yes","name":"Skjálftasetrið","name:en":"Earthquake Centre","phone":"+354 465 2105","tourism":"museum","website":"http://www.skjalftasetur.is/"}}},{"type":"Feature","id":"way/306741523","geometry":{"type":"Point","coordinates":[-22.0349397,64.1545481]},"properties":{"osm_type":"way","osm_id":306741523,"category":"heritage","name":"Ljóskastarahús","wikidata":null,"wikipedia":null,"tags":{"building":"yes","heritage":"yes","name":"Ljóskastarahús"}}},{"type":"Feature","id":"way/356605585","geometry":{"type":"Point","coordinates":[-21.6092261,64.4108265]},"properties":{"osm_type":"way","osm_id":356605585,"category":"museum","name":"Hernámssetrið","wikidata":null,"wikipedia":null,"tags":{"addr:postcode":"301","addr:street":"Hlaðir","building":"yes","name":"Hernámssetrið","name:en":"War and Peace Museum","start_date":"1977","tourism":"museum","website":"https://www.warandpeace.is/"}}},{"type":"Feature","id":"way/363482366","geometry":{"type":"Point","coordinates":[-20.2600939,63.4349924]},"properties":{"osm_type":"way","osm_id":363482366,"category":"museum","name":"Eldheimar","wikidata":null,"wikipedia":null,"tags":{"addr:housenumber":"10","addr:postcode":"900","addr:street":"Gerðisbraut","building":"yes","name":"Eldheimar","opening_hours":"Mo-Su 11:00-18:00","tourism":"museum","website":"http://www.Eldheimar.is"}}},{"type":"Feature","id":"way/366663842","geometry":{"type":"Point","coordinates":[-20.2610017,63.4437243]},"properties":{"osm_type":"way","osm_id":366663842,"category":"museum","name":"Landlyst","wikidata":null,"wikipedia":null,"tags":{"addr:housenumber":"2","addr:postcode":"900","addr:street":"Skansvegur","building":"yes","name":"Landlyst","name:en":"Medical Museum","opening_hours":"10:00-17:00","tourism":"museum","website":"https://www.visitvestmannaeyjar.is/skansinn"}}},{"type":"Feature","id":"way/366746200","geometry":{"type":"Point","coordinates":[-21.9386088,64.1587067]},"properties":{"osm_type":"way","osm_id":366746200,"category":"artwork","name":"Ægir","wikidata":null,"wikipedia":null,"tags":{"artist_name":"Þórir Barðdal","artwork_type":"sculpture","name":"Ægir","tourism":"artwork"}}},{"type":"Feature","id":"way/368775145","geometry":{"type":"Point","coordinates":[-16.9801688,64.0207731]},"properties":{"osm_type":"way","osm_id":368775145,"category":"ruins","name":"Powerhouse","wikidata":null,"wikipedia":null,"tags":{"building":"yes","historic":"ruins","name:en":"Powerhouse"}}},{"type":"Feature","id":"way/374722558","geometry":{"type":"Point","coordinates":[-21.9437758,64.1461472]},"properties":{"osm_type":"way","osm_id":374722558,"category":"theatre","name":"Tjarnarbíó","wikidata":null,"wikipedia":null,"tags":{"addr:city":"Reykjavík","addr:housenumber":"12","addr:postcode":"101","amenity":"theatre","building":"yes","name":"Tjarnarbíó","website":"https://www.tjarnarbio.is"}}},{"type":"Feature","id":"way/378057865","geometry":{"type":"Point","coordinates":[-21.9280372,64.1419717]},"properties":{"osm_type":"way","osm_id":378057865,"category":"historic","name":"Varðan","wikidata":null,"wikipedia":null,"tags":{"building":"yes","historic":"yes","name":"Varðan"}}},{"type":"Feature","id":"way/385910602","geometry":{"type":"Point","coordinates":[-23.8860013,64.9140967]},"properties":{"osm_type":"way","osm_id":385910602,"category":"museum","name":"Sjómannagarðurinn","wikidata":null,"wikipedia":null,"tags":{"name":"Sjómannagarðurinn","tourism":"museum"}}},{"type":"Feature","id":"way/411196971","geometry":{"type":"Point","coordinates":[-17.0287092,65.5713836]},"properties":{"osm_type":"way","osm_id":411196971,"category":"monument","name":"Skútustaðagígar","wikidata":null,"wikipedia":null,"tags":{"historic":"monument","name":"Skútustaðagígar"}}},{"type":"Feature","id":"way/411196976","geometry":{"type":"Point","coordinates":[-20.5938889,63.3041666]},"properties":{"osm_type":"way","osm_id":411196976,"category":"heritage","name":"Surtsey","wikidata":"Q178124","wikipedia":null,"tags":{"heritage":"1","name":"Surtsey","wikidata":"Q178124"}}},{"type":"Feature","id":"way/413040067","geometry":{"type":"Point","coordinates":[-23.9319956,65.6394049]},"properties":{"osm_type":"way","osm_id":413040067,"category":"ruins","name":"Hvalstöðin Suðureyri","wikidata":null,"wikipedia":null,"tags":{"historic":"ruins","name":"Hvalstöðin Suðureyri"}}},{"type":"Feature","id":"way/413369156","geometry":{"type":"Point","coordinates":[-21.9070779,65.7528886]},"properties":{"osm_type":"way","osm_id":413369156,"category":"ruins","name":"Kirkjuból","wikidata":null,"wikipedia":null,"tags":{"historic":"ruins","name":"Kirkjuból"}}},{"type":"Feature","id":"way/416574017","geometry":{"type":"Point","coordinates":[-20.5243577,64.1249347]},"properties":{"osm_type":"way","osm_id":416574017,"category":"ruins","name":"Fornleifasvæði","wikidata":"Q20573444","wikipedia":"is:Fornleifarannsóknir að Skálholti","tags":{"historic":"ruins","name":"Fornleifasvæði","name:is":"Fornleifasvæði","wikidata":"Q20573444","wikipedia":"is:Fornleifarannsóknir að Skálholti"}}},{"type":"Feature","id":"way/420580954","geometry":{"type":"Point","coordinates":[-18.0857812,65.6670431]},"properties":{"osm_type":"way","osm_id":420580954,"category":"museum","name":"Nonnahús","wikidata":"Q1867094","wikipedia":"is:Nonnahús","tags":{"addr:housenumber":"54","addr:postcode":"600","addr:street":"Aðalstræti 54","building":"residential","name":"Nonnahús","name:de":"Nonni-Haus","start_date":"1849","tourism":"museum","wikidata":"Q1867094","wikipedia":"is:Nonnahús"}}},{"type":"Feature","id":"way/420580980","geometry":{"type":"Point","coordinates":[-18.0860021,65.6679744]},"properties":{"osm_type":"way","osm_id":420580980,"category":"museum","name":"Friðbjarnarhús","wikidata":null,"wikipedia":null,"tags":{"addr:city":"Akureyri","addr:housenumber":"46","addr:postcode":"600","addr:street":"Aðalstræti","building":"residential","name":"Friðbjarnarhús","name:en":"Akureyri Toy Museum","opening_hours":"Jun 1-Aug 31 Mo-Su 13:00-17:00","start_date":"1849","tourism":"museum","website":"https://www.northiceland.is/en/service/old-toys-on-display-in-fridbjarnarhus"}}},{"type":"Feature","id":"way/423897306","geometry":{"type":"Point","coordinates":[-18.0874144,65.6833566]},"properties":{"osm_type":"way","osm_id":423897306,"category":"arts_centre","name":"Menningarhúsið Hof","wikidata":null,"wikipedia":null,"tags":{"addr:city":"Akureyri","addr:housenumber":"12","addr:postcode":"600","addr:street":"Strandgata","amenity":"arts_centre","building":"yes","name":"Menningarhúsið Hof","start_date":"2009","wheelchair":"yes"}}},{"type":"Feature","id":"way/424792510","geometry":{"type":"Point","coordinates":[-18.0795467,65.6857548]},"properties":{"osm_type":"way","osm_id":424792510,"category":"museum","name":"Norðurslóð","wikidata":null,"wikipedia":null,"tags":{"addr:housenumber":"53","addr:postcode":"600","addr:street":"Strandgata","building":"industrial","name":"Norðurslóð","name:en":"Into the Arctic","opening_hours":"Mo-Fr 11:00-18:00; Sa-Su 11:00-17:00","operator":"Aðalsteinn Bergdal","phone":"+354 588 9050;+354 864 6065","start_date":"1936","tourism":"museum"}}},{"type":"Feature","id":"way/427577023","geometry":{"type":"Point","coordinates":[-22.688531,64.0817902]},"properties":{"osm_type":"way","osm_id":427577023,"category":"museum","name":"Byggðasafn Gerðahrepps","wikidata":null,"wikipedia":null,"tags":{"addr:city":"Garður","addr:housenumber":"100","addr:postcode":"251","addr:street":"Skagabraut","building":"yes","name":"Byggðasafn Gerðahrepps","tourism":"museum","wheelchair":"yes"}}},{"type":"Feature","id":"way/431230433","geometry":{"type":"Point","coordinates":[-19.5047693,65.6113153]},"properties":{"osm_type":"way","osm_id":431230433,"category":"church","name":"Glaumbæjarkirkja","wikidata":null,"wikipedia":null,"tags":{"addr:postcode":"561","addr:street":"Glaumbæjarkirkja","amenity":"place_of_worship","building":"church","historic":"church","name":"Glaumbæjarkirkja","religion":"christian"}}},{"type":"Feature","id":"way/431230441","geometry":{"type":"Point","coordinates":[-19.5046737,65.6109821]},"properties":{"osm_type":"way","osm_id":431230441,"category":"museum","name":"Glaumbær","wikidata":"Q1530105","wikipedia":"is:Byggðasafn Skagfirðinga","tags":{"building":"yes","name":"Glaumbær","name:ru":"Глаумбаер","phone":"+354 453 6173","tourism":"museum","website":"https://www.glaumbaer.is/","wheelchair":"no","wikidata":"Q1530105","wikipedia":"is:Byggðasafn Skagfirðinga"}}},{"type":"Feature","id":"way/436750625","geometry":{"type":"Point","coordinates":[-18.0865144,65.6719342]},"properties":{"osm_type":"way","osm_id":436750625,"category":"historic","name":"Breiðigangur","wikidata":null,"wikipedia":null,"tags":{"historic":"yes","name":"Breiðigangur","name:en":"Broadway","name:is":"Breiðigangur"}}},{"type":"Feature","id":"way/471483122","geometry":{"type":"Point","coordinates":[-14.0186956,65.1918139]},"properties":{"osm_type":"way","osm_id":471483122,"category":"ruins","name":"Gamli rafstöðvarkofinn","wikidata":null,"wikipedia":null,"tags":{"historic":"ruins","name":"Gamli rafstöðvarkofinn"}}},{"type":"Feature","id":"way/471483138","geometry":{"type":"Point","coordinates":[-14.0109276,65.1913615]},"properties":{"osm_type":"way","osm_id":471483138,"category":"historic","name":"WWII US Navy LCM Shipwreck","wikidata":null,"wikipedia":null,"tags":{"historic":"wreck","name:en":"WWII US Navy LCM Shipwreck"}}},{"type":"Feature","id":"way/478285162","geometry":{"type":"Point","coordinates":[-21.5561845,65.9442053]},"properties":{"osm_type":"way","osm_id":478285162,"category":"ruins","name":"Gamla síldarverksmiðjan","wikidata":null,"wikipedia":null,"tags":{"building":"industrial","historic":"ruins","name":"Gamla síldarverksmiðjan","name:en":"Old Herring Factory"}}},{"type":"Feature","id":"way/478470927","geometry":{"type":"Point","coordinates":[-23.9902539,65.7868804]},"properties":{"osm_type":"way","osm_id":478470927,"category":"museum","name":"Safn Samúels Jónssonar","wikidata":null,"wikipedia":null,"tags":{"addr:postcode":"466","addr:street":"Selárdalur","building":"yes","name":"Safn Samúels Jónssonar","name:en":"Samúel Jónsson museum","tourism":"museum"}}},{"type":"Feature","id":"way/485462238","geometry":{"type":"Point","coordinates":[-22.4322833,63.8396197]},"properties":{"osm_type":"way","osm_id":485462238,"category":"museum","name":"Kvikan","wikidata":null,"wikipedia":null,"tags":{"addr:housenumber":"12A","addr:postcode":"240","addr:street":"Hafnargata","building":"yes","name":"Kvikan","opening_hours":"May 15-Sep 15 10:00-17:00; Sep 16-May 14 Mo-Fr 10:00-17:00; Sep 16-May 14 Sa-Su 11:00-17:00","tourism":"museum"}}},{"type":"Feature","id":"way/486215492","geometry":{"type":"Point","coordinates":[-19.4184585,65.8989801]},"properties":{"osm_type":"way","osm_id":486215492,"category":"museum","name":"Vesturfarasetrið","wikidata":null,"wikipedia":null,"tags":{"name":"Vesturfarasetrið","name:en":"Icelandic Emigration Center","tourism":"museum"}}},{"type":"Feature","id":"way/504558741","geometry":{"type":"Point","coordinates":[-17.5768926,65.7826268]},"properties":{"osm_type":"way","osm_id":504558741,"category":"memorial","name":"Minnismerki um Stofnun SÍS","wikidata":null,"wikipedia":null,"tags":{"historic":"memorial","name":"Minnismerki um Stofnun SÍS"}}},{"type":"Feature","id":"way/504558744","geometry":{"type":"Point","coordinates":[-17.5790262,65.7807364]},"properties":{"osm_type":"way","osm_id":504558744,"category":"museum","name":"Ystafell Transportation Museum","wikidata":null,"wikipedia":null,"tags":{"addr:housenumber":"3","addr:postcode":"641","addr:street":"Yztafell","building":"yes","name":"Ystafell Transportation Museum","opening_hours":"Mo-Su 10:00-20:00","tourism":"museum"}}},{"type":"Feature","id":"way/505941529","geometry":{"type":"Point","coordinates":[-13.5759074,65.2706959]},"properties":{"osm_type":"way","osm_id":505941529,"category":"historic","name":"Dalatangaviti eldri","wikidata":null,"wikipedia":null,"tags":{"building":"yes","historic":"lighthouse","name":"Dalatangaviti eldri"}}},{"type":"Feature","id":"way/505941707","geometry":{"type":"Point","coordinates":[-18.0758697,65.7490486]},"properties":{"osm_type":"way","osm_id":505941707,"category":"museum","name":"Safnasafnið","wikidata":null,"wikipedia":null,"tags":{"addr:postcode":"606","addr:street":"Þinghúsið","building":"museum","name":"Safnasafnið","start_date":"1922","tourism":"museum"}}},{"type":"Feature","id":"way/506261065","geometry":{"type":"Point","coordinates":[-23.6286743,65.881439]},"properties":{"osm_type":"way","osm_id":506261065,"category":"theatre","name":"Kómedíuleikhúsið","wikidata":null,"wikipedia":null,"tags":{"addr:postcode":"471","addr:street":"Haukadalur","amenity":"theatre","building":"yes","name":"Kómedíuleikhúsið"}}},{"type":"Feature","id":"way/515352460","geometry":{"type":"Point","coordinates":[-23.6156939,65.8796547]},"properties":{"osm_type":"way","osm_id":515352460,"category":"historic","name":"Franski grafreiturinn","wikidata":null,"wikipedia":null,"tags":{"historic":"yes","name":"Franski grafreiturinn","name:en":"French Cemetery","name:fr":"Cimetiere Francais"}}},{"type":"Feature","id":"way/518759927","geometry":{"type":"Point","coordinates":[-18.7625964,66.1356641]},"properties":{"osm_type":"way","osm_id":518759927,"category":"ruins","name":"Vík","wikidata":null,"wikipedia":null,"tags":{"building":"yes","historic":"ruins","name":"Vík"}}},{"type":"Feature","id":"way/548979879","geometry":{"type":"Point","coordinates":[-14.8683909,66.2992879]},"properties":{"osm_type":"way","osm_id":548979879,"category":"ruins","name":"Selvik","wikidata":null,"wikipedia":null,"tags":{"historic":"ruins","name":"Selvik"}}},{"type":"Feature","id":"way/549012232","geometry":{"type":"Point","coordinates":[-14.7634077,66.3306114]},"properties":{"osm_type":"way","osm_id":549012232,"category":"ruins","name":"Hof","wikidata":null,"wikipedia":null,"tags":{"building":"yes","historic":"ruins","name":"Hof"}}},{"type":"Feature","id":"way/549012233","geometry":{"type":"Point","coordinates":[-14.7643182,66.330311]},"properties":{"osm_type":"way","osm_id":549012233,"category":"ruins","name":"Efri Skálar","wikidata":null,"wikipedia":null,"tags":{"building":"yes","historic":"ruins","name":"Efri Skálar"}}},{"type":"Feature","id":"way/549012234","geometry":{"type":"Point","coordinates":[-14.7646057,66.3293436]},"properties":{"osm_type":"way","osm_id":549012234,"category":"ruins","name":"Brunnur","wikidata":null,"wikipedia":null,"tags":{"building":"yes","historic":"ruins","name":"Brunnur"}}},{"type":"Feature","id":"way/549012242","geometry":{"type":"Point","coordinates":[-14.7631059,66.3283157]},"properties":{"osm_type":"way","osm_id":549012242,"category":"ruins","name":"Bryggjan","wikidata":null,"wikipedia":null,"tags":{"building":"yes","historic":"ruins","name":"Bryggjan"}}},{"type":"Feature","id":"way/549012243","geometry":{"type":"Point","coordinates":[-14.763404,66.3286845]},"properties":{"osm_type":"way","osm_id":549012243,"category":"ruins","name":"Pottar","wikidata":null,"wikipedia":null,"tags":{"building":"yes","historic":"ruins","name":"Pottar"}}},{"type":"Feature","id":"way/549012244","geometry":{"type":"Point","coordinates":[-14.7627321,66.3289398]},"properties":{"osm_type":"way","osm_id":549012244,"category":"ruins","name":"Hús Fanneyjar og Þorláks","wikidata":null,"wikipedia":null,"tags":{"addr:postcode":"681","addr:street":"Skálar","building":"yes","historic":"ruins","name":"Hús Fanneyjar og Þorláks"}}},{"type":"Feature","id":"way/549012245","geometry":{"type":"Point","coordinates":[-14.7625297,66.3291276]},"properties":{"osm_type":"way","osm_id":549012245,"category":"ruins","name":"Sólvangur","wikidata":null,"wikipedia":null,"tags":{"building":"ruins","historic":"ruins","name":"Sólvangur"}}},{"type":"Feature","id":"way/549012246","geometry":{"type":"Point","coordinates":[-14.7618115,66.3292426]},"properties":{"osm_type":"way","osm_id":549012246,"category":"ruins","name":"Tótu og Ragnarshús","wikidata":null,"wikipedia":null,"tags":{"building":"ruins","historic":"ruins","name":"Tótu og Ragnarshús"}}},{"type":"Feature","id":"way/608440974","geometry":{"type":"Point","coordinates":[-21.5201488,65.7815655]},"properties":{"osm_type":"way","osm_id":608440974,"category":"archaeological_site","name":"Gvendarlaug hin forna","wikidata":null,"wikipedia":null,"tags":{"historic":"archaeological_site","name":"Gvendarlaug hin forna"}}},{"type":"Feature","id":"way/617087180","geometry":{"type":"Point","coordinates":[-14.7660547,66.3290334]},"properties":{"osm_type":"way","osm_id":617087180,"category":"archaeological_site","name":"Skalar","wikidata":null,"wikipedia":null,"tags":{"historic":"archaeological_site","name":"Skalar"}}},{"type":"Feature","id":"way/640310512","geometry":{"type":"Point","coordinates":[-19.203836,65.8461326]},"properties":{"osm_type":"way","osm_id":640310512,"category":"ruins","name":"Tungufell","wikidata":null,"wikipedia":null,"tags":{"addr:postcode":"566","addr:street":"Tungufell","historic":"ruins","name":"Tungufell"}}},{"type":"Feature","id":"way/664626184","geometry":{"type":"Point","coordinates":[-18.804695,66.1091359]},"properties":{"osm_type":"way","osm_id":664626184,"category":"ruins","name":"Vatnsendi","wikidata":null,"wikipedia":null,"tags":{"historic":"ruins","name":"Vatnsendi"}}},{"type":"Feature","id":"way/664862091","geometry":{"type":"Point","coordinates":[-22.1085967,65.5835826]},"properties":{"osm_type":"way","osm_id":664862091,"category":"ruins","name":"Skógar","wikidata":null,"wikipedia":null,"tags":{"historic":"ruins","name":"Skógar"}}},{"type":"Feature","id":"way/698061137","geometry":{"type":"Point","coordinates":[-21.9470979,64.153238]},"properties":{"osm_type":"way","osm_id":698061137,"category":"historic","name":"Óðinn","wikidata":"Q5969565","wikipedia":"en:ICGV Óðinn","tags":{"historic":"ship","name":"Óðinn","start_date":"1959-09","tourism":"attraction","wikidata":"Q5969565","wikipedia":"en:ICGV Óðinn"}}},{"type":"Feature","id":"way/698738016","geometry":{"type":"Point","coordinates":[-20.2971582,63.4420939]},"properties":{"osm_type":"way","osm_id":698738016,"category":"museum","name":"Herjólfstown","wikidata":null,"wikipedia":null,"tags":{"addr:postcode":"900","addr:street":"Herjólfsdalur","building":"yes","name":"Herjólfstown","name:en":"Viking wax museum","opening_hours":"may 1 - oct 1: 11:00-17:00","tourism":"museum","website":"https://www.herjolfstown.is/"}}},{"type":"Feature","id":"way/707030896","geometry":{"type":"Point","coordinates":[-18.0919284,65.6804364]},"properties":{"osm_type":"way","osm_id":707030896,"category":"gallery","name":"Listasafnið á Akureyri","wikidata":"Q1629739","wikipedia":"is:Listasafnið á Akureyri","tags":{"addr:housenumber":"8","addr:postcode":"600","addr:street":"Kaupvangsstræti","email":"listak@listak.is","name":"Listasafnið á Akureyri","name:en":"Akureyri Art Museum","opening_hours":"May-Sep 10:00-17:00; Oct-Apr 12:00-17:00; Dec 24-Dec 25 off; Dec 31-Jan 01 off","phone":"+354 461 2610","tourism":"gallery","website":"https://www.listak.is/","wheelchair":"yes","wikidata":"Q1629739","wikipedia":"is:Listasafnið á Akureyri"}}},{"type":"Feature","id":"way/712243724","geometry":{"type":"Point","coordinates":[-21.9342641,64.1473114]},"properties":{"osm_type":"way","osm_id":712243724,"category":"gallery","name":"Herma","wikidata":null,"wikipedia":null,"tags":{"addr:city":"Reykjavík","addr:housenumber":"4","addr:postcode":"101","addr:street":"Hverfisgata","building":"yes","email":"herma@herma.is","name":"Herma","tourism":"gallery","website":"https://www.herma.is/"}}},{"type":"Feature","id":"way/726996026","geometry":{"type":"Point","coordinates":[-21.9379804,64.1484676]},"properties":{"osm_type":"way","osm_id":726996026,"category":"historic","name":"Steinbryggjan","wikidata":"Q16427308","wikipedia":"is:Steinbryggjan","tags":{"addr:city":"Reykjavík","addr:postcode":"101","historic":"yes","name":"Steinbryggjan","tourism":"attraction","wheelchair":"yes","wikidata":"Q16427308","wikipedia":"is:Steinbryggjan"}}},{"type":"Feature","id":"way/738034258","geometry":{"type":"Point","coordinates":[-14.4236192,65.2295136]},"properties":{"osm_type":"way","osm_id":738034258,"category":"ruins","name":"Höfðasel","wikidata":null,"wikipedia":null,"tags":{"historic":"ruins","name":"Höfðasel"}}},{"type":"Feature","id":"way/760043731","geometry":{"type":"Point","coordinates":[-19.3085296,65.8081325]},"properties":{"osm_type":"way","osm_id":760043731,"category":"museum","name":"Samgönguminjasafnið í Stóragerði","wikidata":null,"wikipedia":null,"tags":{"addr:postcode":"566","name":"Samgönguminjasafnið í Stóragerði","tourism":"museum"}}},{"type":"Feature","id":"way/771354840","geometry":{"type":"Point","coordinates":[-19.3683748,65.8696132]},"properties":{"osm_type":"way","osm_id":771354840,"category":"historic","name":"Grafarkirkja","wikidata":null,"wikipedia":null,"tags":{"building":"church","historic":"chapel","name":"Grafarkirkja","tourism":"attraction"}}},{"type":"Feature","id":"way/832933525","geometry":{"type":"Point","coordinates":[-14.9506751,65.0395928]},"properties":{"osm_type":"way","osm_id":832933525,"category":"ruins","name":null,"wikidata":"Q16426453","wikipedia":null,"tags":{"historic":"ruins","ruins":"church","wikidata":"Q16426453"}}},{"type":"Feature","id":"way/841188124","geometry":{"type":"Point","coordinates":[-21.5364406,65.0591296]},"properties":{"osm_type":"way","osm_id":841188124,"category":"archaeological_site","name":"Eiríksstaðir","wikidata":null,"wikipedia":null,"tags":{"historic":"archaeological_site","name":"Eiríksstaðir","tourism":"attraction"}}},{"type":"Feature","id":"way/895718296","geometry":{"type":"Point","coordinates":[-23.094361,66.4305418]},"properties":{"osm_type":"way","osm_id":895718296,"category":"ruins","name":"H-4","wikidata":"Q7622313","wikipedia":"en:Straumnes Air Station","tags":{"historic":"ruins","name":"H-4","wikidata":"Q7622313","wikipedia":"en:Straumnes Air Station"}}},{"type":"Feature","id":"way/1029116739","geometry":{"type":"Point","coordinates":[-21.8055611,65.2464031]},"properties":{"osm_type":"way","osm_id":1029116739,"category":"historic","name":"Guðrúnarlaug","wikidata":null,"wikipedia":null,"tags":{"alt_name":"Gudrúnarlaug Geothermal Hot Pool","amenity":"public_bath","historic":"yes","name":"Guðrúnarlaug"}}},{"type":"Feature","id":"way/1193823981","geometry":{"type":"Point","coordinates":[-22.543982,63.9743404]},"properties":{"osm_type":"way","osm_id":1193823981,"category":"artwork","name":"Hlutverk","wikidata":null,"wikipedia":null,"tags":{"artist_name":"Norðanbál","artwork_type":"sculpture","material":"metal","name":"Hlutverk","tourism":"artwork"}}},{"type":"Feature","id":"way/1193823982","geometry":{"type":"Point","coordinates":[-22.4382238,63.9628405]},"properties":{"osm_type":"way","osm_id":1193823982,"category":"artwork","name":"Bæjarhlið","wikidata":null,"wikipedia":null,"tags":{"artwork_type":"sculpture","material":"stone","name":"Bæjarhlið","tourism":"artwork"}}},{"type":"Feature","id":"way/1202321696","geometry":{"type":"Point","coordinates":[-22.0082759,64.1623886]},"properties":{"osm_type":"way","osm_id":1202321696,"category":"artwork","name":"Bollasteinn","wikidata":null,"wikipedia":null,"tags":{"artist_name":"Ólöf Nordal","artwork_type":"installation","material":"stone","name":"Bollasteinn","start_date":"2005","tourism":"artwork","website":"https://www.seltjarnarnes.is/is/mannlif-nattura/menning/listaverk-baejarins/olof-nordal-bollasteinn"}}},{"type":"Feature","id":"way/1228202697","geometry":{"type":"Point","coordinates":[-21.1235732,64.2575222]},"properties":{"osm_type":"way","osm_id":1228202697,"category":"archaeological_site","name":"Búð Guðmundar Sigurðssonar","wikidata":null,"wikipedia":null,"tags":{"historic":"archaeological_site","name":"Búð Guðmundar Sigurðssonar"}}},{"type":"Feature","id":"way/1228205100","geometry":{"type":"Point","coordinates":[-21.123461,64.2576123]},"properties":{"osm_type":"way","osm_id":1228205100,"category":"archaeological_site","name":"Amtmannsbúð eldri","wikidata":null,"wikipedia":null,"tags":{"historic":"archaeological_site","name":"Amtmannsbúð eldri"}}},{"type":"Feature","id":"way/1228205101","geometry":{"type":"Point","coordinates":[-21.1234609,64.2577537]},"properties":{"osm_type":"way","osm_id":1228205101,"category":"archaeological_site","name":"Búð Christophers Heidemanns","wikidata":null,"wikipedia":null,"tags":{"historic":"archaeological_site","name":"Búð Christophers Heidemanns"}}},{"type":"Feature","id":"way/1228205106","geometry":{"type":"Point","coordinates":[-21.1219205,64.258275]},"properties":{"osm_type":"way","osm_id":1228205106,"category":"archaeological_site","name":"Landfógetabúð","wikidata":null,"wikipedia":null,"tags":{"historic":"archaeological_site","name":"Landfógetabúð"}}},{"type":"Feature","id":"way/1228205107","geometry":{"type":"Point","coordinates":[-21.1223196,64.2586025]},"properties":{"osm_type":"way","osm_id":1228205107,"category":"archaeological_site","name":"Stiftamtmannsbúð","wikidata":null,"wikipedia":null,"tags":{"historic":"archaeological_site","name":"Stiftamtmannsbúð"}}},{"type":"Feature","id":"way/1228205109","geometry":{"type":"Point","coordinates":[-21.1161714,64.2596352]},"properties":{"osm_type":"way","osm_id":1228205109,"category":"archaeological_site","name":"Spöngin","wikidata":null,"wikipedia":null,"tags":{"historic":"archaeological_site","name":"Spöngin","ruins":"building"}}},{"type":"Feature","id":"way/1228205522","geometry":{"type":"Point","coordinates":[-21.1228657,64.2592753]},"properties":{"osm_type":"way","osm_id":1228205522,"category":"archaeological_site","name":"Snorrabúð","wikidata":null,"wikipedia":null,"tags":{"historic":"archaeological_site","name":"Snorrabúð"}}},{"type":"Feature","id":"way/1228207984","geometry":{"type":"Point","coordinates":[-21.1307124,64.2914882]},"properties":{"osm_type":"way","osm_id":1228207984,"category":"archaeological_site","name":"Grímsstaðir","wikidata":null,"wikipedia":null,"tags":{"historic":"archaeological_site","name":"Grímsstaðir"}}},{"type":"Feature","id":"way/1228214612","geometry":{"type":"Point","coordinates":[-21.1217865,64.2598523]},"properties":{"osm_type":"way","osm_id":1228214612,"category":"archaeological_site","name":"Búð Magnúsar Stephensens","wikidata":null,"wikipedia":null,"tags":{"historic":"archaeological_site","name":"Búð Magnúsar Stephensens"}}},{"type":"Feature","id":"way/1228227642","geometry":{"type":"Point","coordinates":[-21.1238622,64.2576407]},"properties":{"osm_type":"way","osm_id":1228227642,"category":"archaeological_site","name":"Búð Jens Spendrups","wikidata":null,"wikipedia":null,"tags":{"historic":"archaeological_site","name":"Búð Jens Spendrups"}}},{"type":"Feature","id":"way/1228227653","geometry":{"type":"Point","coordinates":[-21.1246016,64.2572169]},"properties":{"osm_type":"way","osm_id":1228227653,"category":"archaeological_site","name":"Búð Nikulásar Magnússonar","wikidata":null,"wikipedia":null,"tags":{"historic":"archaeological_site","name":"Búð Nikulásar Magnússonar"}}},{"type":"Feature","id":"way/1228227654","geometry":{"type":"Point","coordinates":[-21.1243399,64.2574834]},"properties":{"osm_type":"way","osm_id":1228227654,"category":"archaeological_site","name":"Búð Bjarna Halldórssonar","wikidata":null,"wikipedia":null,"tags":{"historic":"archaeological_site","name":"Búð Bjarna Halldórssonar"}}},{"type":"Feature","id":"way/1228227659","geometry":{"type":"Point","coordinates":[-21.1232481,64.2570421]},"properties":{"osm_type":"way","osm_id":1228227659,"category":"archaeological_site","name":"Njálsbúð","wikidata":null,"wikipedia":null,"tags":{"historic":"archaeological_site","name":"Njálsbúð"}}},{"type":"Feature","id":"way/1228227660","geometry":{"type":"Point","coordinates":[-21.1220776,64.2591605]},"properties":{"osm_type":"way","osm_id":1228227660,"category":"archaeological_site","name":"Búð Þorleifs Nikulásarsonar","wikidata":null,"wikipedia":null,"tags":{"historic":"archaeological_site","name":"Búð Þorleifs Nikulásarsonar"}}},{"type":"Feature","id":"way/1228227661","geometry":{"type":"Point","coordinates":[-21.1220105,64.2592268]},"properties":{"osm_type":"way","osm_id":1228227661,"category":"archaeological_site","name":"Búð Benedikts Þorsteinssonar","wikidata":null,"wikipedia":null,"tags":{"historic":"archaeological_site","name":"Búð Benedikts Þorsteinssonar"}}},{"type":"Feature","id":"way/1228227664","geometry":{"type":"Point","coordinates":[-21.1218345,64.2596073]},"properties":{"osm_type":"way","osm_id":1228227664,"category":"archaeological_site","name":"Lögrétta (1594-1798)","wikidata":null,"wikipedia":null,"tags":{"historic":"archaeological_site","name":"Lögrétta (1594-1798)"}}},{"type":"Feature","id":"way/1228227665","geometry":{"type":"Point","coordinates":[-21.1216303,64.2600552]},"properties":{"osm_type":"way","osm_id":1228227665,"category":"archaeological_site","name":"Búð Björns Markússonar","wikidata":null,"wikipedia":null,"tags":{"historic":"archaeological_site","name":"Búð Björns Markússonar"}}},{"type":"Feature","id":"way/1228227667","geometry":{"type":"Point","coordinates":[-21.1224536,64.260014]},"properties":{"osm_type":"way","osm_id":1228227667,"category":"archaeological_site","name":"Búð Guðmundar Ketilssonar","wikidata":null,"wikipedia":null,"tags":{"historic":"archaeological_site","name":"Búð Guðmundar Ketilssonar"}}},{"type":"Feature","id":"way/1228227668","geometry":{"type":"Point","coordinates":[-21.1223787,64.2602186]},"properties":{"osm_type":"way","osm_id":1228227668,"category":"archaeological_site","name":"Búð Magnúsar Ketilssonar","wikidata":null,"wikipedia":null,"tags":{"historic":"archaeological_site","name":"Búð Magnúsar Ketilssonar"}}},{"type":"Feature","id":"way/1228227669","geometry":{"type":"Point","coordinates":[-21.1223105,64.26042]},"properties":{"osm_type":"way","osm_id":1228227669,"category":"archaeological_site","name":"Búð Lýðs Guðmundssonar","wikidata":null,"wikipedia":null,"tags":{"historic":"archaeological_site","name":"Búð Lýðs Guðmundssonar"}}},{"type":"Feature","id":"way/1228227670","geometry":{"type":"Point","coordinates":[-21.1226137,64.2603525]},"properties":{"osm_type":"way","osm_id":1228227670,"category":"archaeological_site","name":"Búð Jóns Helgasonar","wikidata":null,"wikipedia":null,"tags":{"historic":"archaeological_site","name":"Búð Jóns Helgasonar"}}},{"type":"Feature","id":"way/1228240666","geometry":{"type":"Point","coordinates":[-21.1180866,64.2597667]},"properties":{"osm_type":"way","osm_id":1228240666,"category":"archaeological_site","name":"Þorleifshaugur","wikidata":null,"wikipedia":null,"tags":{"historic":"archaeological_site","name":"Þorleifshaugur"}}},{"type":"Feature","id":"way/1229070852","geometry":{"type":"Point","coordinates":[-21.0594957,64.2272311]},"properties":{"osm_type":"way","osm_id":1229070852,"category":"archaeological_site","name":"Fornasel","wikidata":null,"wikipedia":null,"tags":{"historic":"archaeological_site","name":"Fornasel"}}},{"type":"Feature","id":"way/1340972230","geometry":{"type":"Point","coordinates":[-23.8368181,65.5167583]},"properties":{"osm_type":"way","osm_id":1340972230,"category":"historic","name":"Garðar BA 64","wikidata":null,"wikipedia":null,"tags":{"historic":"wreck","name":"Garðar BA 64","tourism":"attraction"}}},{"type":"Feature","id":"way/1346965358","geometry":{"type":"Point","coordinates":[-21.9275053,64.1423562]},"properties":{"osm_type":"way","osm_id":1346965358,"category":"artwork","name":"Leifur Eiríksson","wikidata":"Q66126509","wikipedia":"en:Statue of Leif Erikson (Reykjavík)","tags":{"artist_name":"Alexander Stirling Calder","artwork_type":"statue","historic":"memorial","material":"bronze","memorial":"statue","name":"Leifur Eiríksson","name:en":"Leifur Ericson","name:he":"לייף איריקסון","name:lt":"Leifas Eriksonas","name:ru":"Лейф Эрикссон","name:uk":"Лейф Еріксон","name:zh-Hans":"莱夫·埃里克松","name:zh-Hant":"萊夫·艾瑞克森","start_date":"1930","tourism":"artwork","wheelchair":"yes","wikidata":"Q66126509","wikipedia":"en:Statue of Leif Erikson (Reykjavík)"}}},{"type":"Feature","id":"way/1358229996","geometry":{"type":"Point","coordinates":[-22.2650851,64.0073164]},"properties":{"osm_type":"way","osm_id":1358229996,"category":"ruins","name":"Staðarborg","wikidata":null,"wikipedia":null,"tags":{"historic":"ruins","name":"Staðarborg","ruins":"shieling","website":"https://www.visitreykjanes.is/en/place/stadarborg"}}},{"type":"Feature","id":"way/1429901616","geometry":{"type":"Point","coordinates":[-23.8066489,64.9169179]},"properties":{"osm_type":"way","osm_id":1429901616,"category":"historic","name":"Sandgerdi","wikidata":null,"wikipedia":null,"tags":{"alt_name":"GK-2","historic":"wreck","name":"Sandgerdi"}}},{"type":"Feature","id":"way/1442233603","geometry":{"type":"Point","coordinates":[-22.041543,64.0373864]},"properties":{"osm_type":"way","osm_id":1442233603,"category":"ruins","name":"Þorbjarnarstaðir","wikidata":null,"wikipedia":null,"tags":{"historic":"ruins","name":"Þorbjarnarstaðir","ruins":"farm","website":"https://ferlir.is/thorbjarnarstadir-vanmetnir/"}}},{"type":"Feature","id":"way/1482242649","geometry":{"type":"Point","coordinates":[-20.0301126,63.7498415]},"properties":{"osm_type":"way","osm_id":1482242649,"category":"ruins","name":"Tóftir fjárhúss og garðs","wikidata":null,"wikipedia":null,"tags":{"historic":"ruins","name":"Tóftir fjárhúss og garðs"}}},{"type":"Feature","id":"way/1482474889","geometry":{"type":"Point","coordinates":[-21.9828025,64.0526342]},"properties":{"osm_type":"way","osm_id":1482474889,"category":"ruins","name":"Fyrsti Krýsuvíkurvegurinn","wikidata":null,"wikipedia":null,"tags":{"historic":"ruins","name":"Fyrsti Krýsuvíkurvegurinn","ruins":"hlaðinn_vegur"}}},{"type":"Feature","id":"way/1516696861","geometry":{"type":"Point","coordinates":[-22.0954605,64.0438124]},"properties":{"osm_type":"way","osm_id":1516696861,"category":"ruins","name":"Lónakot","wikidata":null,"wikipedia":null,"tags":{"historic":"ruins","name":"Lónakot"}}},{"type":"Feature","id":"relation/6149205","geometry":{"type":"Point","coordinates":[-16.9923686,64.9754908]},"properties":{"osm_type":"relation","osm_id":6149205,"category":"heritage","name":"Vatnajökulsþjóðgarður","wikidata":"Q1353292","wikipedia":"en:Vatnajökull National Park","tags":{"heritage":"1","name":"Vatnajökulsþjóðgarður","name:de":"Vatnajökull-Nationalpark","name:en":"Vatnajökull National Park","website":"https://www.vatnajokulsthjodgardur.is/","wikidata":"Q1353292","wikipedia":"en:Vatnajökull National Park"}}},{"type":"Feature","id":"relation/6180675","geometry":{"type":"Point","coordinates":[-21.9481297,64.1419647]},"properties":{"osm_type":"relation","osm_id":6180675,"category":"museum","name":"Þjóðminjasafn Íslands","wikidata":"Q626963","wikipedia":"is:Þjóðminjasafn Íslands","tags":{"addr:city":"Reykjavík","addr:housenumber":"41","addr:postcode":"102","addr:street":"Suðurgata","building":"yes","name":"Þjóðminjasafn Íslands","name:da":"Islands Nationalmuseum","name:de":"Isländisches Nationalmuseum","name:en":"National Museum of Iceland","name:es":"Museo Nacional de Islandia","name:fi":"Islannin kansallismuseo","name:fr":"Musée national d'Islande","name:is":"Þjóðminjasafn Íslands","name:it":"Museo nazionale d'Islanda","name:pl":"Narodowe Muzeum Islandii","name:pt":"Museu Nacional da Islândia","name:ru":"Национальный музей Исландии","name:sv":"Islands nationalmuseum","name:zh":"冰岛国家博物馆","opening_hours":"Mo-Su 10:00-17:00","start_date":"1948","tourism":"museum","website":"http://www.natmus.is","wheelchair":"yes","wikidata":"Q626963","wikipedia":"is:Þjóðminjasafn Íslands"}}},{"type":"Feature","id":"relation/14737456","geometry":{"type":"Point","coordinates":[-21.0924878,64.2776742]},"properties":{"osm_type":"relation","osm_id":14737456,"category":"heritage","name":"Þjóðgarðurinn á Þingvöllum","wikidata":"Q107370","wikipedia":"is:Þingvellir","tags":{"heritage":"1","name":"Þjóðgarðurinn á Þingvöllum","name:en":"Þingvellir National Park","name:fr":"Parc national de Þingvellir","name:ko":"싱벨리에 국립공원","name:sv":"Þingvellir nationalpark","name:zh":"辛格利威尔国家公园","operator":"Þingvallanefnd","wikidata":"Q107370","wikipedia":"is:Þingvellir"}}}]}