{"type":"FeatureCollection","features":[{"type":"Feature","id":"node/43623975","geometry":{"type":"Point","coordinates":[6.0325816,49.4495358]},"properties":{"osm_type":"node","osm_id":43623975,"category":"historic","name":"FL 93","wikidata":null,"wikipedia":null,"tags":{"historic":"boundary_stone","name":"FL 93"}}},{"type":"Feature","id":"node/43623979","geometry":{"type":"Point","coordinates":[6.0417732,49.4478587]},"properties":{"osm_type":"node","osm_id":43623979,"category":"historic","name":"FL 96","wikidata":null,"wikipedia":null,"tags":{"historic":"boundary_stone","name":"FL 96"}}},{"type":"Feature","id":"node/245572376","geometry":{"type":"Point","coordinates":[6.1293701,49.6093006]},"properties":{"osm_type":"node","osm_id":245572376,"category":"memorial","name":"Monument du souvenir","wikidata":"Q1102519","wikipedia":"lb:Gëlle Fra","tags":{"historic":"memorial","material":"stone","memorial":"obelisk","name":"Monument du souvenir","name:en":"Monument of Remembrance (Gëlle Fra)","name:fr":"Monument du Souvenir","name:lb":"Gëlle Fra","name:ru":"Золотая дама","name:zh":"憲法廣場","wikidata":"Q1102519","wikipedia":"lb:Gëlle Fra"}}},{"type":"Feature","id":"node/246813632","geometry":{"type":"Point","coordinates":[6.0167876,49.5010606]},"properties":{"osm_type":"node","osm_id":246813632,"category":"memorial","name":"Ons Jongen 1940-1945","wikidata":null,"wikipedia":null,"tags":{"historic":"memorial","name":"Ons Jongen 1940-1945"}}},{"type":"Feature","id":"node/258816379","geometry":{"type":"Point","coordinates":[5.9638356,49.7007293]},"properties":{"osm_type":"node","osm_id":258816379,"category":"castle","name":"Château de Septfontaines","wikidata":"Q7452263","wikipedia":"lb:Buerg Simmer","tags":{"historic":"castle","name":"Château de Septfontaines","wikidata":"Q7452263","wikipedia":"lb:Buerg Simmer"}}},{"type":"Feature","id":"node/268312436","geometry":{"type":"Point","coordinates":[5.8580431,49.5348477]},"properties":{"osm_type":"node","osm_id":268312436,"category":"historic","name":"Train 1900","wikidata":null,"wikipedia":null,"tags":{"historic":"locomotive","name":"Train 1900","operator":"AMTF","tourism":"attraction","website":"https://www.train1900.lu/","wheelchair":"limited"}}},{"type":"Feature","id":"node/269237763","geometry":{"type":"Point","coordinates":[5.8723272,49.5606955]},"properties":{"osm_type":"node","osm_id":269237763,"category":"memorial","name":"September 1944","wikidata":"Q13105304","wikipedia":"lb:US-Monument Péiteng","tags":{"historic":"memorial","memorial":"war_memorial","name":"September 1944","wikidata":"Q13105304","wikipedia":"lb:US-Monument Péiteng"}}},{"type":"Feature","id":"node/270369332","geometry":{"type":"Point","coordinates":[6.0079987,49.5044525]},"properties":{"osm_type":"node","osm_id":270369332,"category":"memorial","name":"Eugène Biren","wikidata":null,"wikipedia":null,"tags":{"historic":"memorial","name":"Eugène Biren"}}},{"type":"Feature","id":"node/270369339","geometry":{"type":"Point","coordinates":[6.005767,49.5041156]},"properties":{"osm_type":"node","osm_id":270369339,"category":"memorial","name":"Mammen a Fraen","wikidata":null,"wikipedia":null,"tags":{"historic":"memorial","name":"Mammen a Fraen"}}},{"type":"Feature","id":"node/290670159","geometry":{"type":"Point","coordinates":[5.7926365,49.8484935]},"properties":{"osm_type":"node","osm_id":290670159,"category":"artwork","name":"Kéismaart","wikidata":null,"wikipedia":null,"tags":{"artwork_type":"sculpture","name":"Kéismaart","tourism":"artwork"}}},{"type":"Feature","id":"node/290951179","geometry":{"type":"Point","coordinates":[5.7762411,49.8511066]},"properties":{"osm_type":"node","osm_id":290951179,"category":"memorial","name":"Nicolas Molitor 1882-1952","wikidata":null,"wikipedia":null,"tags":{"historic":"memorial","memorial":"plaque","name":"Nicolas Molitor 1882-1952"}}},{"type":"Feature","id":"node/291231539","geometry":{"type":"Point","coordinates":[6.2077549,49.9339322]},"properties":{"osm_type":"node","osm_id":291231539,"category":"museum","name":"Maison Victor Hugo","wikidata":"Q16764974","wikipedia":"lb:Victor-Hugo-Literaturmusée","tags":{"addr:city":"Vianden","addr:housenumber":"37","addr:postcode":"9420","addr:street":"Rue de la Gare","name":"Maison Victor Hugo","name:de":"Viktor-Hugo-Haus","name:fr":"Musée littéraire Victor-Hugo","tourism":"museum","wikidata":"Q16764974","wikipedia":"lb:Victor-Hugo-Literaturmusée"}}},{"type":"Feature","id":"node/291231959","geometry":{"type":"Point","coordinates":[6.2049825,49.9334532]},"properties":{"osm_type":"node","osm_id":291231959,"category":"museum","name":"Museum of Caricature et Cartoon","wikidata":null,"wikipedia":null,"tags":{"name":"Museum of Caricature et Cartoon","tourism":"museum"}}},{"type":"Feature","id":"node/291231972","geometry":{"type":"Point","coordinates":[6.2036735,49.9332174]},"properties":{"osm_type":"node","osm_id":291231972,"category":"memorial","name":"Dicks","wikidata":null,"wikipedia":null,"tags":{"artist_name":"Gab Weis","historic":"memorial","material":"stone","memorial":"plaque","name":"Dicks","start_date":"1966"}}},{"type":"Feature","id":"node/291232006","geometry":{"type":"Point","coordinates":[6.2025215,49.933587]},"properties":{"osm_type":"node","osm_id":291232006,"category":"museum","name":"Musée de la Ville de Vianden et du Jouet","wikidata":null,"wikipedia":null,"tags":{"name":"Musée de la Ville de Vianden et du Jouet","tourism":"museum"}}},{"type":"Feature","id":"node/291262107","geometry":{"type":"Point","coordinates":[6.2008009,49.9430705]},"properties":{"osm_type":"node","osm_id":291262107,"category":"memorial","name":"Jardin Napoléon","wikidata":null,"wikipedia":null,"tags":{"historic":"memorial","name":"Jardin Napoléon"}}},{"type":"Feature","id":"node/303224319","geometry":{"type":"Point","coordinates":[6.2740907,49.6560811]},"properties":{"osm_type":"node","osm_id":303224319,"category":"memorial","name":"Luxair 9642","wikidata":"Q1463967","wikipedia":"fr:Vol 9642 Luxair","tags":{"historic":"memorial","name":"Luxair 9642","wikidata":"Q1463967","wikipedia":"fr:Vol 9642 Luxair"}}},{"type":"Feature","id":"node/304836848","geometry":{"type":"Point","coordinates":[5.8869074,49.634955]},"properties":{"osm_type":"node","osm_id":304836848,"category":"historic","name":"LB065","wikidata":null,"wikipedia":null,"tags":{"historic":"boundary_stone","image":"https://archive.org/details/lb065","material":"metal","name":"LB065","start_date":"1843"}}},{"type":"Feature","id":"node/304836849","geometry":{"type":"Point","coordinates":[5.8868243,49.6347266]},"properties":{"osm_type":"node","osm_id":304836849,"category":"historic","name":"LB064d","wikidata":null,"wikipedia":null,"tags":{"historic":"boundary_stone","material":"stone","name":"LB064d","start_date":"1843"}}},{"type":"Feature","id":"node/304836851","geometry":{"type":"Point","coordinates":[5.8864488,49.6339496]},"properties":{"osm_type":"node","osm_id":304836851,"category":"historic","name":"LB064c","wikidata":null,"wikipedia":null,"tags":{"historic":"boundary_stone","material":"stone","name":"LB064c","start_date":"1843"}}},{"type":"Feature","id":"node/306094732","geometry":{"type":"Point","coordinates":[5.9690673,50.1154357]},"properties":{"osm_type":"node","osm_id":306094732,"category":"memorial","name":"Michel Sassel 1925-1944","wikidata":null,"wikipedia":null,"tags":{"historic":"memorial","memorial":"war_memorial","name":"Michel Sassel 1925-1944"}}},{"type":"Feature","id":"node/306094739","geometry":{"type":"Point","coordinates":[5.9793834,50.1168416]},"properties":{"osm_type":"node","osm_id":306094739,"category":"memorial","name":"Passeurs memorial","wikidata":null,"wikipedia":null,"tags":{"historic":"memorial","memorial":"war_memorial","name":"Passeurs memorial"}}},{"type":"Feature","id":"node/306394367","geometry":{"type":"Point","coordinates":[6.0119109,50.1476918]},"properties":{"osm_type":"node","osm_id":306394367,"category":"memorial","name":"150 Joer Onafhängigkeet 1989","wikidata":null,"wikipedia":null,"tags":{"historic":"memorial","memorial":"stone","name":"150 Joer Onafhängigkeet 1989"}}},{"type":"Feature","id":"node/306540806","geometry":{"type":"Point","coordinates":[5.8643006,49.6882595]},"properties":{"osm_type":"node","osm_id":306540806,"category":"historic","name":"LB097","wikidata":null,"wikipedia":null,"tags":{"historic":"boundary_stone","image":"https://archive.org/details/lb097","material":"metal","name":"LB097","start_date":"1843"}}},{"type":"Feature","id":"node/306540814","geometry":{"type":"Point","coordinates":[5.8869935,49.7093173]},"properties":{"osm_type":"node","osm_id":306540814,"category":"historic","name":"LB104","wikidata":null,"wikipedia":null,"tags":{"historic":"boundary_stone","image":"https://archive.org/details/lb104","material":"metal","name":"LB104","start_date":"1843"}}},{"type":"Feature","id":"node/307938333","geometry":{"type":"Point","coordinates":[6.0144999,50.1637209]},"properties":{"osm_type":"node","osm_id":307938333,"category":"memorial","name":"150 Joer Onafhängigkeet 1989","wikidata":null,"wikipedia":null,"tags":{"historic":"memorial","name":"150 Joer Onafhängigkeet 1989"}}},{"type":"Feature","id":"node/310224063","geometry":{"type":"Point","coordinates":[5.9850525,50.1392036]},"properties":{"osm_type":"node","osm_id":310224063,"category":"historic","name":"Triite Kréx","wikidata":null,"wikipedia":null,"tags":{"alt_name":"Trichtekräiz","historic":"wayside_cross","name":"Triite Kréx"}}},{"type":"Feature","id":"node/311512162","geometry":{"type":"Point","coordinates":[6.167867,49.9642874]},"properties":{"osm_type":"node","osm_id":311512162,"category":"museum","name":"Musée Koffergrouf Stolzembourg","wikidata":null,"wikipedia":null,"tags":{"name":"Musée Koffergrouf Stolzembourg","name:de":"Museum Kupfermine Stolzemburg","name:en":"Museum of the copper mines","name:fr":"Musée Koffergrouf Stolzembourg","tourism":"museum"}}},{"type":"Feature","id":"node/312608600","geometry":{"type":"Point","coordinates":[6.4218385,49.8135928]},"properties":{"osm_type":"node","osm_id":312608600,"category":"museum","name":"Musée de l'Abbaye","wikidata":"Q13101378","wikipedia":"lb:Abteimusée zu Iechternach","tags":{"addr:city":"Echternach","addr:country":"LU","addr:housenumber":"11","addr:postcode":"6486","addr:street":"Parvis de la Basilique","name":"Musée de l'Abbaye","tourism":"museum","wheelchair":"no","wikidata":"Q13101378","wikipedia":"lb:Abteimusée zu Iechternach"}}},{"type":"Feature","id":"node/312708442","geometry":{"type":"Point","coordinates":[6.0811964,49.9513442]},"properties":{"osm_type":"node","osm_id":312708442,"category":"artwork","name":"Die Lauschinsel","wikidata":null,"wikipedia":null,"tags":{"name":"Die Lauschinsel","tourism":"artwork"}}},{"type":"Feature","id":"node/314314031","geometry":{"type":"Point","coordinates":[6.0066495,50.1078871]},"properties":{"osm_type":"node","osm_id":314314031,"category":"memorial","name":"Monument Auschwitz","wikidata":null,"wikipedia":null,"tags":{"historic":"memorial","memorial":"war_memorial","name":"Monument Auschwitz"}}},{"type":"Feature","id":"node/314586940","geometry":{"type":"Point","coordinates":[6.0598366,50.089042]},"properties":{"osm_type":"node","osm_id":314586940,"category":"memorial","name":"FLT O Leo A. Carey","wikidata":null,"wikipedia":null,"tags":{"historic":"memorial","memorial":"war_memorial","name":"FLT O Leo A. Carey"}}},{"type":"Feature","id":"node/319441758","geometry":{"type":"Point","coordinates":[6.1909033,49.9567103]},"properties":{"osm_type":"node","osm_id":319441758,"category":"memorial","name":"Op der Loch","wikidata":null,"wikipedia":null,"tags":{"historic":"memorial","material":"rock","memorial":"plaque","name":"Op der Loch"}}},{"type":"Feature","id":"node/323092410","geometry":{"type":"Point","coordinates":[6.084158,49.4839397]},"properties":{"osm_type":"node","osm_id":323092410,"category":"heritage","name":"Sequoia zu Diddeleng","wikidata":null,"wikipedia":null,"tags":{"heritage":"2","name":"Sequoia zu Diddeleng"}}},{"type":"Feature","id":"node/323986539","geometry":{"type":"Point","coordinates":[6.2261857,49.9293097]},"properties":{"osm_type":"node","osm_id":323986539,"category":"historic","name":"LU-DE 24","wikidata":null,"wikipedia":null,"tags":{"historic":"boundary_stone","material":"stone","name":"LU-DE 24"}}},{"type":"Feature","id":"node/331424745","geometry":{"type":"Point","coordinates":[5.9943048,49.9710503]},"properties":{"osm_type":"node","osm_id":331424745,"category":"memorial","name":"Saint-Donatus","wikidata":"Q16763142","wikipedia":"lb:Donatus-Monument zu Mäerkels","tags":{"historic":"memorial","name":"Saint-Donatus","name:lb":"Donatus-Monument zu Mäerkels","start_date":"1934-08-26","tourism":"viewpoint","wikidata":"Q16763142","wikipedia":"lb:Donatus-Monument zu Mäerkels"}}},{"type":"Feature","id":"node/364499534","geometry":{"type":"Point","coordinates":[6.15925,49.7163828]},"properties":{"osm_type":"node","osm_id":364499534,"category":"memorial","name":"Erinnerungsstätte für Kriegsdienstverweigerer im 2. Weltkrieg","wikidata":null,"wikipedia":null,"tags":{"historic":"memorial","name":"Erinnerungsstätte für Kriegsdienstverweigerer im 2. Weltkrieg"}}},{"type":"Feature","id":"node/364499536","geometry":{"type":"Point","coordinates":[6.1335959,49.7399548]},"properties":{"osm_type":"node","osm_id":364499536,"category":"historic","name":"Pieta von Rollingen","wikidata":null,"wikipedia":null,"tags":{"amenity":"place_of_worship","denomination":"catholic","historic":"wayside_shrine","name":"Pieta von Rollingen","religion":"christian"}}},{"type":"Feature","id":"node/365760606","geometry":{"type":"Point","coordinates":[6.3253746,49.7453328]},"properties":{"osm_type":"node","osm_id":365760606,"category":"archaeological_site","name":"Tumulus","wikidata":"Q13105301","wikipedia":"lb:Tumulus op der Schanz","tags":{"historic":"archaeological_site","name":"Tumulus","wikidata":"Q13105301","wikipedia":"lb:Tumulus op der Schanz"}}},{"type":"Feature","id":"node/366038416","geometry":{"type":"Point","coordinates":[5.8844274,49.5499798]},"properties":{"osm_type":"node","osm_id":366038416,"category":"memorial","name":"Monument Jacques Chauvin 1940","wikidata":null,"wikipedia":null,"tags":{"historic":"memorial","memorial":"stone","name":"Monument Jacques Chauvin 1940"}}},{"type":"Feature","id":"node/370138978","geometry":{"type":"Point","coordinates":[6.1324488,49.6098467]},"properties":{"osm_type":"node","osm_id":370138978,"category":"memorial","name":"Grande-Duchesse Charlotte","wikidata":"Q1187974","wikipedia":"lb:Groussherzogin-Charlotte-Monument (Stad Lëtzebuerg)","tags":{"artist_name":"Jean Cardot","historic":"memorial","material":"bronze","memorial":"statue","name":"Grande-Duchesse Charlotte","name:de":"Denkmal der Großherzogin Charlotte","name:lb":"Groussherzogin-Charlotte-Monument","name:ru":"Великая герцогиня Шарлотта","start_date":"1990-04-29","wheelchair":"limited","wikidata":"Q1187974","wikipedia":"lb:Groussherzogin-Charlotte-Monument (Stad Lëtzebuerg)"}}},{"type":"Feature","id":"node/370332317","geometry":{"type":"Point","coordinates":[5.9874248,49.6450594]},"properties":{"osm_type":"node","osm_id":370332317,"category":"museum","name":"Musee de Police","wikidata":null,"wikipedia":null,"tags":{"addr:city":"Capellen","addr:country":"LU","addr:housenumber":"51","addr:postcode":"8310","addr:street":"Route d'Arlon","name":"Musee de Police","name:de":"Internationales Gendarmerie- und Polizeimuseum","name:en":"International Gendarmerie and Police Museum","name:fr":"Musée International d'Effets de Gendarmerie et Police","opening_hours":"14:30-18:00","tourism":"museum","website":"https://www.gendarmerie.lu/"}}},{"type":"Feature","id":"node/370599998","geometry":{"type":"Point","coordinates":[6.1311725,49.6118595]},"properties":{"osm_type":"node","osm_id":370599998,"category":"artwork","name":"Hämmelsmarsch","wikidata":"Q81908630","wikipedia":"de:Hämmelsmarsch-Brunnen","tags":{"amenity":"fountain","artist_name":"Will Lofy","artwork_type":"sculpture","material":"brass","name":"Hämmelsmarsch","start_date":"1982","tourism":"artwork","wheelchair":"yes","wikidata":"Q81908630","wikipedia":"de:Hämmelsmarsch-Brunnen"}}},{"type":"Feature","id":"node/389437949","geometry":{"type":"Point","coordinates":[6.0791966,49.4725549]},"properties":{"osm_type":"node","osm_id":389437949,"category":"museum","name":"Centre de documentation sur les migrations humaines","wikidata":null,"wikipedia":null,"tags":{"name":"Centre de documentation sur les migrations humaines","tourism":"museum"}}},{"type":"Feature","id":"node/393969161","geometry":{"type":"Point","coordinates":[5.975892,49.4923688]},"properties":{"osm_type":"node","osm_id":393969161,"category":"museum","name":"Musée National de la Résistance","wikidata":"Q6978080","wikipedia":null,"tags":{"name":"Musée National de la Résistance","opening_hours":"Tu-Su 14:00-18:00","tourism":"museum","website":"https://mnr.lu/","wheelchair":"yes","wikidata":"Q6978080"}}},{"type":"Feature","id":"node/393969774","geometry":{"type":"Point","coordinates":[5.9774473,49.492655]},"properties":{"osm_type":"node","osm_id":393969774,"category":"theatre","name":"Théâtre de la Ville d'Esch-sur-Alzette","wikidata":"Q576197","wikipedia":"en:Théâtre d'Esch","tags":{"addr:city":"Esch-sur-Alzette","addr:housenumber":"122","addr:postcode":"4010","addr:street":"Rue de l'Alzette","amenity":"theatre","name":"Théâtre de la Ville d'Esch-sur-Alzette","phone":"+352 2754 4050","website":"https://theatre.esch.lu/","wheelchair":"yes","wikidata":"Q576197","wikipedia":"en:Théâtre d'Esch"}}},{"type":"Feature","id":"node/412166808","geometry":{"type":"Point","coordinates":[6.0760314,49.7591831]},"properties":{"osm_type":"node","osm_id":412166808,"category":"archaeological_site","name":"Menhir of Reckingen","wikidata":"Q1920536","wikipedia":null,"tags":{"historic":"archaeological_site","name":"Menhir of Reckingen","wikidata":"Q1920536"}}},{"type":"Feature","id":"node/413487460","geometry":{"type":"Point","coordinates":[6.0828596,49.7382468]},"properties":{"osm_type":"node","osm_id":413487460,"category":"memorial","name":"Wolfsgericht","wikidata":null,"wikipedia":null,"tags":{"historic":"memorial","name":"Wolfsgericht"}}},{"type":"Feature","id":"node/416821570","geometry":{"type":"Point","coordinates":[6.1282735,49.4938676]},"properties":{"osm_type":"node","osm_id":416821570,"category":"historic","name":"La Borne des Quatre Seigneurs","wikidata":null,"wikipedia":null,"tags":{"historic":"boundary_stone","name":"La Borne des Quatre Seigneurs","tourism":"attraction"}}},{"type":"Feature","id":"node/429961862","geometry":{"type":"Point","coordinates":[6.1480079,49.6662513]},"properties":{"osm_type":"node","osm_id":429961862,"category":"archaeological_site","name":"Römischer Qanat","wikidata":null,"wikipedia":null,"tags":{"historic":"archaeological_site","name":"Römischer Qanat","wheelchair":"no"}}},{"type":"Feature","id":"node/429961864","geometry":{"type":"Point","coordinates":[6.1483687,49.6664531]},"properties":{"osm_type":"node","osm_id":429961864,"category":"archaeological_site","name":"Quanat -4","wikidata":null,"wikipedia":null,"tags":{"historic":"archaeological_site","name":"Quanat -4","wheelchair":"no"}}},{"type":"Feature","id":"node/429961865","geometry":{"type":"Point","coordinates":[6.1494634,49.6660289]},"properties":{"osm_type":"node","osm_id":429961865,"category":"archaeological_site","name":"Quanat 1","wikidata":null,"wikipedia":null,"tags":{"historic":"archaeological_site","name":"Quanat 1","wheelchair":"no"}}},{"type":"Feature","id":"node/429961866","geometry":{"type":"Point","coordinates":[6.1497795,49.6660788]},"properties":{"osm_type":"node","osm_id":429961866,"category":"archaeological_site","name":"Quanat 2","wikidata":null,"wikipedia":null,"tags":{"historic":"archaeological_site","name":"Quanat 2","wheelchair":"no"}}},{"type":"Feature","id":"node/429961867","geometry":{"type":"Point","coordinates":[6.150928,49.6659707]},"properties":{"osm_type":"node","osm_id":429961867,"category":"archaeological_site","name":"Quanat 5","wikidata":null,"wikipedia":null,"tags":{"historic":"archaeological_site","name":"Quanat 5","wheelchair":"no"}}},{"type":"Feature","id":"node/429961868","geometry":{"type":"Point","coordinates":[6.1520782,49.6659479]},"properties":{"osm_type":"node","osm_id":429961868,"category":"archaeological_site","name":"Quanat 9","wikidata":null,"wikipedia":null,"tags":{"historic":"archaeological_site","name":"Quanat 9","wheelchair":"limited"}}},{"type":"Feature","id":"node/440803302","geometry":{"type":"Point","coordinates":[5.8755754,49.523503]},"properties":{"osm_type":"node","osm_id":440803302,"category":"historic","name":"Mine Thillenberg","wikidata":null,"wikipedia":null,"tags":{"historic":"yes","name":"Mine Thillenberg","name:lb":"Mine Thillebierg"}}},{"type":"Feature","id":"node/440807859","geometry":{"type":"Point","coordinates":[5.8783999,49.5243632]},"properties":{"osm_type":"node","osm_id":440807859,"category":"historic","name":"Mine Thillenberg","wikidata":null,"wikipedia":null,"tags":{"historic":"yes","name":"Mine Thillenberg","name:lb":"Mine Thillebierg"}}},{"type":"Feature","id":"node/443611224","geometry":{"type":"Point","coordinates":[5.8570889,49.9001688]},"properties":{"osm_type":"node","osm_id":443611224,"category":"museum","name":"Centre de découverte de la Forêt Burfelt","wikidata":null,"wikipedia":null,"tags":{"name":"Centre de découverte de la Forêt Burfelt","tourism":"museum","website":"https://environnement.public.lu/fr/natur-erliewen/centres-d_accueil/burfelt.html"}}},{"type":"Feature","id":"node/448116206","geometry":{"type":"Point","coordinates":[6.3920811,49.674136]},"properties":{"osm_type":"node","osm_id":448116206,"category":"archaeological_site","name":"Römisches Grabmal","wikidata":null,"wikipedia":null,"tags":{"historic":"archaeological_site","name":"Römisches Grabmal"}}},{"type":"Feature","id":"node/454578840","geometry":{"type":"Point","coordinates":[6.2520817,49.5573348]},"properties":{"osm_type":"node","osm_id":454578840,"category":"memorial","name":"Napoléonshut","wikidata":null,"wikipedia":null,"tags":{"historic":"memorial","name":"Napoléonshut"}}},{"type":"Feature","id":"node/457492998","geometry":{"type":"Point","coordinates":[5.9566067,49.6782698]},"properties":{"osm_type":"node","osm_id":457492998,"category":"memorial","name":"Royal Airforce Fliegerdenkmal (Short Stirling R9275)","wikidata":null,"wikipedia":null,"tags":{"historic":"memorial","name":"Royal Airforce Fliegerdenkmal (Short Stirling R9275)"}}},{"type":"Feature","id":"node/458711297","geometry":{"type":"Point","coordinates":[6.2966568,49.6823474]},"properties":{"osm_type":"node","osm_id":458711297,"category":"memorial","name":"Edouard Wolff 1892","wikidata":null,"wikipedia":null,"tags":{"historic":"memorial","name":"Edouard Wolff 1892"}}},{"type":"Feature","id":"node/471156951","geometry":{"type":"Point","coordinates":[6.253322,49.5610893]},"properties":{"osm_type":"node","osm_id":471156951,"category":"historic","name":"Roman mile stone","wikidata":null,"wikipedia":null,"tags":{"historic":"milestone","name":"Roman mile stone"}}},{"type":"Feature","id":"node/471287164","geometry":{"type":"Point","coordinates":[6.0638342,49.9547008]},"properties":{"osm_type":"node","osm_id":471287164,"category":"artwork","name":"Klangskulptur Keramik","wikidata":null,"wikipedia":null,"tags":{"name":"Klangskulptur Keramik","tourism":"artwork"}}},{"type":"Feature","id":"node/471299069","geometry":{"type":"Point","coordinates":[6.063576,49.9464606]},"properties":{"osm_type":"node","osm_id":471299069,"category":"artwork","name":"Klangskulptur Bach","wikidata":null,"wikipedia":null,"tags":{"name":"Klangskulptur Bach","tourism":"artwork"}}},{"type":"Feature","id":"node/471299070","geometry":{"type":"Point","coordinates":[6.0643987,49.9490954]},"properties":{"osm_type":"node","osm_id":471299070,"category":"artwork","name":"Klangskulptur Holzbretter","wikidata":null,"wikipedia":null,"tags":{"name":"Klangskulptur Holzbretter","tourism":"artwork"}}},{"type":"Feature","id":"node/472565014","geometry":{"type":"Point","coordinates":[6.4561194,49.7276828]},"properties":{"osm_type":"node","osm_id":472565014,"category":"archaeological_site","name":"Spätkeltischer Friedhof","wikidata":null,"wikipedia":null,"tags":{"historic":"archaeological_site","name":"Spätkeltischer Friedhof"}}},{"type":"Feature","id":"node/476610154","geometry":{"type":"Point","coordinates":[6.1555798,49.6261792]},"properties":{"osm_type":"node","osm_id":476610154,"category":"artwork","name":"L'africaine","wikidata":null,"wikipedia":null,"tags":{"artist_name":"Lucien Wercollier","artwork_type":"sculpture","name":"L'africaine","start_date":"1993","tourism":"artwork"}}},{"type":"Feature","id":"node/503863049","geometry":{"type":"Point","coordinates":[5.9139165,49.65978]},"properties":{"osm_type":"node","osm_id":503863049,"category":"memorial","name":"General Patton monument","wikidata":null,"wikipedia":null,"tags":{"historic":"memorial","memorial":"war_memorial","name":"General Patton monument"}}},{"type":"Feature","id":"node/503863051","geometry":{"type":"Point","coordinates":[5.9136364,49.6623939]},"properties":{"osm_type":"node","osm_id":503863051,"category":"historic","name":"Iron and steel industry monument","wikidata":null,"wikipedia":null,"tags":{"historic":"technical_monument","name":"Iron and steel industry monument"}}},{"type":"Feature","id":"node/559550141","geometry":{"type":"Point","coordinates":[6.2730423,49.5741829]},"properties":{"osm_type":"node","osm_id":559550141,"category":"historic","name":"Sankt Stephanuskapelle","wikidata":"Q16763844","wikipedia":"lb:Kapell Trënteng","tags":{"amenity":"place_of_worship","denomination":"catholic","historic":"wayside_shrine","name":"Sankt Stephanuskapelle","name:de":"Staint-Stephanus Kapelle","religion":"christian","wikidata":"Q16763844","wikipedia":"lb:Kapell Trënteng"}}},{"type":"Feature","id":"node/588684577","geometry":{"type":"Point","coordinates":[6.2559389,49.5382311]},"properties":{"osm_type":"node","osm_id":588684577,"category":"archaeological_site","name":"Vicus Ricciacus","wikidata":"Q5210859","wikipedia":"en:Dalheim Ricciacum","tags":{"historic":"archaeological_site","name":"Vicus Ricciacus","wikidata":"Q5210859","wikipedia":"en:Dalheim Ricciacum"}}},{"type":"Feature","id":"node/620098627","geometry":{"type":"Point","coordinates":[6.1550376,49.858164]},"properties":{"osm_type":"node","osm_id":620098627,"category":"archaeological_site","name":"Deiwelselter","wikidata":"Q13102381","wikipedia":null,"tags":{"historic":"archaeological_site","name":"Deiwelselter","wikidata":"Q13102381"}}},{"type":"Feature","id":"node/621760565","geometry":{"type":"Point","coordinates":[6.1689377,49.6324782]},"properties":{"osm_type":"node","osm_id":621760565,"category":"artwork","name":"Sarreguemines","wikidata":null,"wikipedia":null,"tags":{"artist_name":"Richard Serra","artwork_type":"sculpture","name":"Sarreguemines","start_date":"1993","tourism":"artwork"}}},{"type":"Feature","id":"node/621760568","geometry":{"type":"Point","coordinates":[6.1662302,49.6330761]},"properties":{"osm_type":"node","osm_id":621760568,"category":"artwork","name":"Les chevaux du vent","wikidata":null,"wikipedia":null,"tags":{"artist_name":"Liliane Heidelberger","artwork_type":"sculpture","name":"Les chevaux du vent","start_date":"1995","tourism":"artwork","wheelchair":"yes"}}},{"type":"Feature","id":"node/621760572","geometry":{"type":"Point","coordinates":[6.1672834,49.6337252]},"properties":{"osm_type":"node","osm_id":621760572,"category":"artwork","name":"Sopransolo","wikidata":null,"wikipedia":null,"tags":{"artist_name":"Willem J. A. Bouter","artwork_type":"sculpture","name":"Sopransolo","tourism":"artwork"}}},{"type":"Feature","id":"node/621847732","geometry":{"type":"Point","coordinates":[6.1308616,49.6103282]},"properties":{"osm_type":"node","osm_id":621847732,"category":"memorial","name":"Renert","wikidata":null,"wikipedia":null,"tags":{"amenity":"drinking_water","historic":"memorial","memorial":"statue","name":"Renert"}}},{"type":"Feature","id":"node/621865190","geometry":{"type":"Point","coordinates":[6.1308168,49.6128805]},"properties":{"osm_type":"node","osm_id":621865190,"category":"artwork","name":"Saltimbanques","wikidata":"Q81439239","wikipedia":"lb:Saltimbanques","tags":{"artist_name":"Benedicte Weis","artwork_type":"statue","image":"https://photos.app.goo.gl/iSWosHsfgeQV9sRC6","name":"Saltimbanques","name:ru":"Скульптурная группа Акробаты","tourism":"artwork","url":"https://youtu.be/rN5vHvYxMDA?t=74","website":"https://www.benedicteweis.lu/images/Place_du_Theatre/","wheelchair":"limited","wikidata":"Q81439239","wikipedia":"lb:Saltimbanques"}}},{"type":"Feature","id":"node/632262817","geometry":{"type":"Point","coordinates":[6.166772,49.6334015]},"properties":{"osm_type":"node","osm_id":632262817,"category":"artwork","name":"Großer Thron","wikidata":null,"wikipedia":null,"tags":{"artist_name":"Hubert Hermann;François Valentiny","artwork_type":"sculpture","name":"Großer Thron","tourism":"artwork"}}},{"type":"Feature","id":"node/634345949","geometry":{"type":"Point","coordinates":[6.1197215,49.611435]},"properties":{"osm_type":"node","osm_id":634345949,"category":"artwork","name":"Winston Churchill","wikidata":null,"wikipedia":null,"tags":{"artwork_type":"sculpture","name":"Winston Churchill","tourism":"artwork"}}},{"type":"Feature","id":"node/634361192","geometry":{"type":"Point","coordinates":[6.1243796,49.6140615]},"properties":{"osm_type":"node","osm_id":634361192,"category":"memorial","name":"Monument Princesse Amélie","wikidata":null,"wikipedia":null,"tags":{"historic":"memorial","memorial":"statue","name":"Monument Princesse Amélie","wheelchair":"no"}}},{"type":"Feature","id":"node/647570347","geometry":{"type":"Point","coordinates":[6.1286033,49.6112893]},"properties":{"osm_type":"node","osm_id":647570347,"category":"monument","name":"Edmond de la Fontaine & Michel Lentz","wikidata":"Q16763432","wikipedia":null,"tags":{"historic":"monument","name":"Edmond de la Fontaine & Michel Lentz","name:fr":"Edmond de la Fontaine & Michel Lentz","name:lb":"Dicks-Lentz Monument","wikidata":"Q16763432"}}},{"type":"Feature","id":"node/651352911","geometry":{"type":"Point","coordinates":[6.1340802,49.60704]},"properties":{"osm_type":"node","osm_id":651352911,"category":"memorial","name":"Monument National de la Solidarité Luxembourgeoise","wikidata":"Q13104205","wikipedia":null,"tags":{"historic":"memorial","memorial":"war_memorial","name":"Monument National de la Solidarité Luxembourgeoise","name:lb":"Monument vun der nationaler Solidaritéit","wikidata":"Q13104205"}}},{"type":"Feature","id":"node/653147723","geometry":{"type":"Point","coordinates":[6.1195646,49.6151307]},"properties":{"osm_type":"node","osm_id":653147723,"category":"memorial","name":"Monument national de la résistance et de la déportation","wikidata":"Q13103031","wikipedia":"lb:Hinzerter Kräiz","tags":{"historic":"memorial","name":"Monument national de la résistance et de la déportation","name:lb":"Hinzerter Kräiz","wikidata":"Q13103031","wikipedia":"lb:Hinzerter Kräiz"}}},{"type":"Feature","id":"node/653147724","geometry":{"type":"Point","coordinates":[6.1300837,49.6194836]},"properties":{"osm_type":"node","osm_id":653147724,"category":"historic","name":"Péiter Onrou","wikidata":"Q16764474","wikipedia":"lb:Péiter Onrou","tags":{"alt_name":"Krispines","historic":"wayside_shrine","name":"Péiter Onrou","name:lb":"Péiter Onrou","wikidata":"Q16764474","wikipedia":"lb:Péiter Onrou"}}},{"type":"Feature","id":"node/655233469","geometry":{"type":"Point","coordinates":[6.2146439,49.7028087]},"properties":{"osm_type":"node","osm_id":655233469,"category":"archaeological_site","name":"Skulpturen im Fels","wikidata":null,"wikipedia":null,"tags":{"historic":"archaeological_site","name":"Skulpturen im Fels","tourism":"attraction"}}},{"type":"Feature","id":"node/660645526","geometry":{"type":"Point","coordinates":[6.1767588,49.6355052]},"properties":{"osm_type":"node","osm_id":660645526,"category":"artwork","name":"Exchange","wikidata":"Q21429399","wikipedia":"lb:Exchange (Skulptur)","tags":{"artist_name":"Richard Serra","artwork_type":"sculpture","name":"Exchange","tourism":"artwork","wikidata":"Q21429399","wikipedia":"lb:Exchange (Skulptur)"}}},{"type":"Feature","id":"node/660654254","geometry":{"type":"Point","coordinates":[6.1388937,49.620671]},"properties":{"osm_type":"node","osm_id":660654254,"category":"artwork","name":"Stuhl","wikidata":null,"wikipedia":null,"tags":{"artist_name":"Magdalena Jetelová","artwork_type":"sculpture","name":"Stuhl","tourism":"artwork"}}},{"type":"Feature","id":"node/660654264","geometry":{"type":"Point","coordinates":[6.1634861,49.6309514]},"properties":{"osm_type":"node","osm_id":660654264,"category":"artwork","name":"Skulptur ohne Titel – Variationen zum Thema Bildstock","wikidata":null,"wikipedia":null,"tags":{"artist_name":"Ulrich Rückriem","artwork_type":"sculpture","name":"Skulptur ohne Titel – Variationen zum Thema Bildstock","tourism":"artwork","wheelchair":"yes"}}},{"type":"Feature","id":"node/660654265","geometry":{"type":"Point","coordinates":[6.1663043,49.6308734]},"properties":{"osm_type":"node","osm_id":660654265,"category":"artwork","name":"Clitunno","wikidata":null,"wikipedia":null,"tags":{"artist_name":"Markus Lüpertz","artwork_type":"sculpture","name":"Clitunno","tourism":"artwork"}}},{"type":"Feature","id":"node/660654289","geometry":{"type":"Point","coordinates":[6.173774,49.6329064]},"properties":{"osm_type":"node","osm_id":660654289,"category":"artwork","name":"Elément d'architecture contorsionniste IV","wikidata":null,"wikipedia":null,"tags":{"artist_name":"Jean Dubuffet","artwork_type":"sculpture","name":"Elément d'architecture contorsionniste IV","tourism":"artwork"}}},{"type":"Feature","id":"node/674607739","geometry":{"type":"Point","coordinates":[6.1320262,49.6119721]},"properties":{"osm_type":"node","osm_id":674607739,"category":"theatre","name":"Théâtre du Centaure","wikidata":null,"wikipedia":null,"tags":{"amenity":"theatre","name":"Théâtre du Centaure","website":"https://www.theatrecentaure.lu/","wheelchair":"no"}}},{"type":"Feature","id":"node/695279449","geometry":{"type":"Point","coordinates":[6.1624236,49.6277512]},"properties":{"osm_type":"node","osm_id":695279449,"category":"artwork","name":"Bird Cage","wikidata":null,"wikipedia":null,"tags":{"artwork_type":"sculpture","name":"Bird Cage","tourism":"artwork"}}},{"type":"Feature","id":"node/695279456","geometry":{"type":"Point","coordinates":[6.1687608,49.6302371]},"properties":{"osm_type":"node","osm_id":695279456,"category":"artwork","name":"Lange Banker","wikidata":null,"wikipedia":null,"tags":{"artist_name":"Inges Idee","artwork_type":"sculpture","name":"Lange Banker","name:de":"Lange Banker","name:en":"Tall Banker","name:fr":"Long Banker","tourism":"artwork"}}},{"type":"Feature","id":"node/706460446","geometry":{"type":"Point","coordinates":[6.190512,49.5543677]},"properties":{"osm_type":"node","osm_id":706460446,"category":"memorial","name":"Freiheitsbaum","wikidata":null,"wikipedia":null,"tags":{"historic":"memorial","material":"wood","memorial":"war_memorial","name":"Freiheitsbaum","name:lb":"Fräiheetsbam"}}},{"type":"Feature","id":"node/713508520","geometry":{"type":"Point","coordinates":[5.8098401,49.8882216]},"properties":{"osm_type":"node","osm_id":713508520,"category":"memorial","name":"43-38176 Bouncing Betty II","wikidata":null,"wikipedia":null,"tags":{"historic":"memorial","memorial":"war_memorial","name":"43-38176 Bouncing Betty II","operator":"USAF"}}},{"type":"Feature","id":"node/717858288","geometry":{"type":"Point","coordinates":[5.9873182,49.4626404]},"properties":{"osm_type":"node","osm_id":717858288,"category":"historic","name":"FL 67","wikidata":null,"wikipedia":null,"tags":{"historic":"boundary_stone","image":"https://ontheborder.eu/grenspalencom/lufr/RK3B3867.JPG","material":"basalt","name":"FL 67"}}},{"type":"Feature","id":"node/727709054","geometry":{"type":"Point","coordinates":[6.0300408,50.0545115]},"properties":{"osm_type":"node","osm_id":727709054,"category":"museum","name":"The Family of Man","wikidata":"Q769103","wikipedia":"en:The Family of Man","tags":{"heritage":"UNESCO Memory of the World Register","name":"The Family of Man","name:de":"Fotoausstellung \"Family of Man\"(Edward Steichen)","name:fr":"Exposition « Family of Man » (Edward Steichen)","opening_hours":"We-Su 12:00-18:00","start_date":"1955","tourism":"museum","website":"https://www.steichencollections-cna.lu/","wheelchair":"yes","wikidata":"Q769103","wikipedia":"en:The Family of Man"}}},{"type":"Feature","id":"node/760707010","geometry":{"type":"Point","coordinates":[6.1700951,49.6310706]},"properties":{"osm_type":"node","osm_id":760707010,"category":"artwork","name":"La Grande Fleure Qui Marche","wikidata":null,"wikipedia":null,"tags":{"artist_name":"Giovanni Teconi","artwork_type":"sculpture","name":"La Grande Fleure Qui Marche","tourism":"artwork"}}},{"type":"Feature","id":"node/764718827","geometry":{"type":"Point","coordinates":[6.333893,49.5730689]},"properties":{"osm_type":"node","osm_id":764718827,"category":"memorial","name":"Ronnebémchen","wikidata":null,"wikipedia":null,"tags":{"historic":"memorial","material":"wood","memorial":"cross","name":"Ronnebémchen"}}},{"type":"Feature","id":"node/792271053","geometry":{"type":"Point","coordinates":[6.3562008,49.5320985]},"properties":{"osm_type":"node","osm_id":792271053,"category":"artwork","name":"No Denker","wikidata":null,"wikipedia":null,"tags":{"name":"No Denker","tourism":"artwork"}}},{"type":"Feature","id":"node/813672954","geometry":{"type":"Point","coordinates":[5.9206433,49.5009717]},"properties":{"osm_type":"node","osm_id":813672954,"category":"historic","name":"FL 9","wikidata":null,"wikipedia":null,"tags":{"historic":"boundary_stone","name":"FL 9"}}},{"type":"Feature","id":"node/813674273","geometry":{"type":"Point","coordinates":[5.9462874,49.4970014]},"properties":{"osm_type":"node","osm_id":813674273,"category":"historic","name":"FL 21","wikidata":null,"wikipedia":null,"tags":{"historic":"boundary_stone","material":"basalt","name":"FL 21"}}},{"type":"Feature","id":"node/839186891","geometry":{"type":"Point","coordinates":[6.2052017,49.9373295]},"properties":{"osm_type":"node","osm_id":839186891,"category":"arts_centre","name":"Larei","wikidata":null,"wikipedia":null,"tags":{"amenity":"arts_centre","name":"Larei"}}},{"type":"Feature","id":"node/847318737","geometry":{"type":"Point","coordinates":[5.9375441,49.9664933]},"properties":{"osm_type":"node","osm_id":847318737,"category":"memorial","name":"28th US-Infantry-Division-Monument (Bloody Patch Division)","wikidata":null,"wikipedia":null,"tags":{"historic":"memorial","memorial":"war_memorial","name":"28th US-Infantry-Division-Monument (Bloody Patch Division)"}}},{"type":"Feature","id":"node/847566789","geometry":{"type":"Point","coordinates":[6.1355081,49.6116005]},"properties":{"osm_type":"node","osm_id":847566789,"category":"memorial","name":"Pierre dite de Goethe","wikidata":"Q81695322","wikipedia":null,"tags":{"artist_name":"Albert Kratzenberg","historic":"memorial","memorial":"stone","name":"Pierre dite de Goethe","start_date":"1935","wikidata":"Q81695322"}}},{"type":"Feature","id":"node/848266792","geometry":{"type":"Point","coordinates":[6.062456,50.0541357]},"properties":{"osm_type":"node","osm_id":848266792,"category":"memorial","name":"707th US Tank Bataillon","wikidata":null,"wikipedia":null,"tags":{"historic":"memorial","memorial":"war_memorial","name":"707th US Tank Bataillon"}}},{"type":"Feature","id":"node/869314749","geometry":{"type":"Point","coordinates":[6.3662837,49.4708581]},"properties":{"osm_type":"node","osm_id":869314749,"category":"museum","name":"Musée européen Schengen","wikidata":"Q13102046","wikipedia":"de:Europäisches Museum Schengen","tags":{"name":"Musée européen Schengen","name:de":"Europäisches Museum Schengen","name:en":"European Museum Schengen","name:fr":"Musée européen Schengen","name:lb":"Centre européen Schengen","opening_hours":"Mo-Su 10:00-18:00","tourism":"museum","website":"https://www.visitschengen.lu/en/european-museum","wheelchair":"yes","wikidata":"Q13102046","wikipedia":"de:Europäisches Museum Schengen"}}},{"type":"Feature","id":"node/870803252","geometry":{"type":"Point","coordinates":[6.0214066,50.09259]},"properties":{"osm_type":"node","osm_id":870803252,"category":"memorial","name":"S.R.A. belgo-britannique","wikidata":"Q61357746","wikipedia":null,"tags":{"historic":"memorial","memorial":"war_memorial","name":"S.R.A. belgo-britannique","name:lb":"Fligermonument op der Maulesmillen","wikidata":"Q61357746"}}},{"type":"Feature","id":"node/897106359","geometry":{"type":"Point","coordinates":[6.0212016,49.478971]},"properties":{"osm_type":"node","osm_id":897106359,"category":"monument","name":"Monument National des Mineurs","wikidata":"Q16764208","wikipedia":"lb:Monument national des mineurs","tags":{"historic":"monument","name":"Monument National des Mineurs","wikidata":"Q16764208","wikipedia":"lb:Monument national des mineurs"}}},{"type":"Feature","id":"node/946185075","geometry":{"type":"Point","coordinates":[6.1104111,49.8516218]},"properties":{"osm_type":"node","osm_id":946185075,"category":"memorial","name":"Memorial General Patton","wikidata":null,"wikipedia":null,"tags":{"historic":"memorial","memorial":"war_memorial","name":"Memorial General Patton"}}},{"type":"Feature","id":"node/965858693","geometry":{"type":"Point","coordinates":[6.1547651,49.5669924]},"properties":{"osm_type":"node","osm_id":965858693,"category":"memorial","name":"Gëntekreuz","wikidata":null,"wikipedia":null,"tags":{"historic":"memorial","name":"Gëntekreuz"}}},{"type":"Feature","id":"node/970004044","geometry":{"type":"Point","coordinates":[6.1395702,49.6176902]},"properties":{"osm_type":"node","osm_id":970004044,"category":"artwork","name":"Trophy","wikidata":null,"wikipedia":null,"tags":{"artist_name":"Wim Delvoye","artwork_type":"sculpture","name":"Trophy","tourism":"artwork"}}},{"type":"Feature","id":"node/970004053","geometry":{"type":"Point","coordinates":[6.1375262,49.607136]},"properties":{"osm_type":"node","osm_id":970004053,"category":"artwork","name":"D'un cercle à l'autre: Le paysage emprunté","wikidata":null,"wikipedia":null,"tags":{"artist_name":"Daniel Buren","artwork_type":"sculpture","name":"D'un cercle à l'autre: Le paysage emprunté","tourism":"artwork"}}},{"type":"Feature","id":"node/970004055","geometry":{"type":"Point","coordinates":[6.140656,49.6167147]},"properties":{"osm_type":"node","osm_id":970004055,"category":"artwork","name":"Large Hadron Collider","wikidata":null,"wikipedia":null,"tags":{"artist_name":"Nikolas Polissky","artwork_type":"sculpture","name":"Large Hadron Collider","tourism":"artwork"}}},{"type":"Feature","id":"node/970004062","geometry":{"type":"Point","coordinates":[6.1439097,49.616626]},"properties":{"osm_type":"node","osm_id":970004062,"category":"artwork","name":"D'un cercle à l'autre: Le paysage emprunté","wikidata":null,"wikipedia":null,"tags":{"artist_name":"Daniel Buren","artwork_type":"sculpture","name":"D'un cercle à l'autre: Le paysage emprunté","tourism":"artwork"}}},{"type":"Feature","id":"node/970004066","geometry":{"type":"Point","coordinates":[6.1404645,49.6173388]},"properties":{"osm_type":"node","osm_id":970004066,"category":"artwork","name":"Gardens + Fountains + Summer Café","wikidata":null,"wikipedia":null,"tags":{"artist_name":"Andrea Blum","artwork_type":"sculpture","name":"Gardens + Fountains + Summer Café","tourism":"artwork"}}},{"type":"Feature","id":"node/970004068","geometry":{"type":"Point","coordinates":[6.1410137,49.6165321]},"properties":{"osm_type":"node","osm_id":970004068,"category":"artwork","name":"Bird Feeder","wikidata":null,"wikipedia":null,"tags":{"artist_name":"Fernando Sánchez Castillo","artwork_type":"sculpture","name":"Bird Feeder","tourism":"artwork"}}},{"type":"Feature","id":"node/970004075","geometry":{"type":"Point","coordinates":[6.134463,49.6101017]},"properties":{"osm_type":"node","osm_id":970004075,"category":"artwork","name":"D'un cercle à l'autre: Le paysage emprunté","wikidata":null,"wikipedia":null,"tags":{"artist_name":"Daniel Buren","artwork_type":"sculpture","name":"D'un cercle à l'autre: Le paysage emprunté","tourism":"artwork"}}},{"type":"Feature","id":"node/970004076","geometry":{"type":"Point","coordinates":[6.14037,49.6172204]},"properties":{"osm_type":"node","osm_id":970004076,"category":"artwork","name":"Bancs-terre et Chênevélos","wikidata":null,"wikipedia":null,"tags":{"amenity":"bicycle_parking","artist_name":"David Dubois","artwork_type":"sculpture","name":"Bancs-terre et Chênevélos","tourism":"artwork"}}},{"type":"Feature","id":"node/970004084","geometry":{"type":"Point","coordinates":[6.1353008,49.6149828]},"properties":{"osm_type":"node","osm_id":970004084,"category":"artwork","name":"D'un cercle à l'autre: Le paysage emprunté","wikidata":null,"wikipedia":null,"tags":{"artist_name":"Daniel Buren","artwork_type":"sculpture","name":"D'un cercle à l'autre: Le paysage emprunté","tourism":"artwork","wheelchair":"no"}}},{"type":"Feature","id":"node/970004086","geometry":{"type":"Point","coordinates":[6.1390839,49.6167288]},"properties":{"osm_type":"node","osm_id":970004086,"category":"artwork","name":"Just Falling","wikidata":null,"wikipedia":null,"tags":{"artist_name":"Gaston Damag","artwork_type":"sculpture","name":"Just Falling","tourism":"artwork"}}},{"type":"Feature","id":"node/970004089","geometry":{"type":"Point","coordinates":[6.1415959,49.618698]},"properties":{"osm_type":"node","osm_id":970004089,"category":"artwork","name":"European Pentagon, Safe & Sorry Pavillon","wikidata":null,"wikipedia":null,"tags":{"artist_name":"Bert Theis","artwork_type":"sculpture","name":"European Pentagon, Safe & Sorry Pavillon","tourism":"artwork"}}},{"type":"Feature","id":"node/1080999510","geometry":{"type":"Point","coordinates":[5.831568,49.7451225]},"properties":{"osm_type":"node","osm_id":1080999510,"category":"historic","name":"LB131","wikidata":null,"wikipedia":null,"tags":{"historic":"boundary_stone","image":"https://archive.org/download/lb131/lb131.jpg","material":"metal","name":"LB131","start_date":"1843"}}},{"type":"Feature","id":"node/1082356202","geometry":{"type":"Point","coordinates":[5.8341656,49.97823]},"properties":{"osm_type":"node","osm_id":1082356202,"category":"historic","name":"BE-LU 224","wikidata":null,"wikipedia":null,"tags":{"historic":"boundary_stone","image":"https://archive.org/details/lb224","material":"cast_iron","name":"BE-LU 224","start_date":"1843"}}},{"type":"Feature","id":"node/1084059605","geometry":{"type":"Point","coordinates":[5.872801,49.574295]},"properties":{"osm_type":"node","osm_id":1084059605,"category":"historic","name":"LB030","wikidata":null,"wikipedia":null,"tags":{"historic":"boundary_stone","image":"https://archive.org/details/lb030","material":"metal","name":"LB030","start_date":"1843"}}},{"type":"Feature","id":"node/1108878093","geometry":{"type":"Point","coordinates":[6.1351546,49.6084753]},"properties":{"osm_type":"node","osm_id":1108878093,"category":"historic","name":"Saint-Nicolas","wikidata":null,"wikipedia":null,"tags":{"denomination":"catholic","historic":"wayside_shrine","name":"Saint-Nicolas","religion":"christian"}}},{"type":"Feature","id":"node/1119780624","geometry":{"type":"Point","coordinates":[5.9825788,49.4635187]},"properties":{"osm_type":"node","osm_id":1119780624,"category":"historic","name":"FL 66","wikidata":null,"wikipedia":null,"tags":{"historic":"boundary_stone","image":"https://ontheborder.eu/grenspalencom/lufr/RK3B3857.JPG","material":"basalt","name":"FL 66"}}},{"type":"Feature","id":"node/1122620202","geometry":{"type":"Point","coordinates":[5.8727661,49.5493167]},"properties":{"osm_type":"node","osm_id":1122620202,"category":"historic","name":"Maria Fatima","wikidata":null,"wikipedia":null,"tags":{"denomination":"catholic","historic":"wayside_shrine","name":"Maria Fatima"}}},{"type":"Feature","id":"node/1126445966","geometry":{"type":"Point","coordinates":[5.9144913,49.7118893]},"properties":{"osm_type":"node","osm_id":1126445966,"category":"memorial","name":"Josy Niederweis †2005","wikidata":null,"wikipedia":null,"tags":{"historic":"memorial","memorial":"plaque","name":"Josy Niederweis †2005"}}},{"type":"Feature","id":"node/1144129541","geometry":{"type":"Point","coordinates":[6.4199864,49.8126587]},"properties":{"osm_type":"node","osm_id":1144129541,"category":"historic","name":null,"wikidata":"Q13103421","wikipedia":"lb:Justizkräiz (Iechternach)","tags":{"historic":"wayside_cross","wikidata":"Q13103421","wikipedia":"lb:Justizkräiz (Iechternach)"}}},{"type":"Feature","id":"node/1193370167","geometry":{"type":"Point","coordinates":[6.0312778,50.0531525]},"properties":{"osm_type":"node","osm_id":1193370167,"category":"memorial","name":"Denkmal","wikidata":null,"wikipedia":null,"tags":{"historic":"memorial","memorial":"war_memorial","name":"Denkmal"}}},{"type":"Feature","id":"node/1246352455","geometry":{"type":"Point","coordinates":[5.8689626,49.5416708]},"properties":{"osm_type":"node","osm_id":1246352455,"category":"ruins","name":"Ancien Quai de Chargement","wikidata":null,"wikipedia":null,"tags":{"historic":"ruins","name":"Ancien Quai de Chargement"}}},{"type":"Feature","id":"node/1246359432","geometry":{"type":"Point","coordinates":[5.8244619,49.5460629]},"properties":{"osm_type":"node","osm_id":1246359432,"category":"memorial","name":"Saint-Eloi","wikidata":null,"wikipedia":null,"tags":{"historic":"memorial","name":"Saint-Eloi"}}},{"type":"Feature","id":"node/1257995843","geometry":{"type":"Point","coordinates":[5.872832,49.5493828]},"properties":{"osm_type":"node","osm_id":1257995843,"category":"memorial","name":"Aux morts de la Patrie 1940 - 1945","wikidata":null,"wikipedia":null,"tags":{"historic":"memorial","name":"Aux morts de la Patrie 1940 - 1945"}}},{"type":"Feature","id":"node/1258417195","geometry":{"type":"Point","coordinates":[6.131511,49.6130006]},"properties":{"osm_type":"node","osm_id":1258417195,"category":"heritage","name":"Käschtebam um Square Robert Brasseur","wikidata":null,"wikipedia":"lb:Käschtebam um Square Robert-Brasseur zu Lëtzebuerg","tags":{"heritage":"2","name":"Käschtebam um Square Robert Brasseur","wikipedia":"lb:Käschtebam um Square Robert-Brasseur zu Lëtzebuerg"}}},{"type":"Feature","id":"node/1267050693","geometry":{"type":"Point","coordinates":[6.3496459,49.5048271]},"properties":{"osm_type":"node","osm_id":1267050693,"category":"memorial","name":"Saint-Donatius","wikidata":null,"wikipedia":null,"tags":{"historic":"memorial","material":"stone","memorial":"statue","name":"Saint-Donatius"}}},{"type":"Feature","id":"node/1277967363","geometry":{"type":"Point","coordinates":[5.8431575,49.8947208]},"properties":{"osm_type":"node","osm_id":1277967363,"category":"memorial","name":"C. Reding 16.11.1962","wikidata":null,"wikipedia":null,"tags":{"historic":"memorial","material":"stone","memorial":"plaque","name":"C. Reding 16.11.1962"}}},{"type":"Feature","id":"node/1288845401","geometry":{"type":"Point","coordinates":[6.3283543,49.7480423]},"properties":{"osm_type":"node","osm_id":1288845401,"category":"historic","name":"Wäschbuer","wikidata":null,"wikipedia":null,"tags":{"amenity":"fountain","historic":"lavoir","name":"Wäschbuer"}}},{"type":"Feature","id":"node/1303641442","geometry":{"type":"Point","coordinates":[6.1184107,49.6002642]},"properties":{"osm_type":"node","osm_id":1303641442,"category":"memorial","name":"Monuments aux morts 1939-1945","wikidata":null,"wikipedia":null,"tags":{"historic":"memorial","name":"Monuments aux morts 1939-1945"}}},{"type":"Feature","id":"node/1303833069","geometry":{"type":"Point","coordinates":[6.3277075,49.7527426]},"properties":{"osm_type":"node","osm_id":1303833069,"category":"historic","name":"Heeschbrecher Bildchen","wikidata":null,"wikipedia":"lb:Heeschbrecher Bildchen","tags":{"amenity":"place_of_worship","heritage":"2","historic":"wayside_shrine","name":"Heeschbrecher Bildchen","name:de":"Mitte-Tausendjährige Eiche ven Hersberg","name:en":"Hersberg's Mid-Millennium Oak Tree","name:fr":"Chêne Mi-millénaire de Hersberg","name:lb":"Bildchenkuescht op der Schanz","religion":"christian","tourism":"attraction","wikipedia":"lb:Heeschbrecher Bildchen"}}},{"type":"Feature","id":"node/1314010292","geometry":{"type":"Point","coordinates":[5.9836091,49.4632916]},"properties":{"osm_type":"node","osm_id":1314010292,"category":"historic","name":"FL 66-I","wikidata":null,"wikipedia":null,"tags":{"historic":"boundary_stone","material":"basalt","name":"FL 66-I"}}},{"type":"Feature","id":"node/1314151276","geometry":{"type":"Point","coordinates":[6.001234,49.456505]},"properties":{"osm_type":"node","osm_id":1314151276,"category":"historic","name":"FL 78","wikidata":null,"wikipedia":null,"tags":{"historic":"boundary_stone","image":"https://ontheborder.eu/grenspalencom/lufr/RK3B4026.JPG","material":"basalt","name":"FL 78"}}},{"type":"Feature","id":"node/1314151287","geometry":{"type":"Point","coordinates":[5.987692,49.462337]},"properties":{"osm_type":"node","osm_id":1314151287,"category":"historic","name":"FL 68","wikidata":null,"wikipedia":null,"tags":{"historic":"boundary_stone","image":"https://ontheborder.eu/grenspalencom/lufr/RK3B3869.JPG","material":"basalt","name":"FL 68"}}},{"type":"Feature","id":"node/1321978954","geometry":{"type":"Point","coordinates":[6.0262446,49.6908871]},"properties":{"osm_type":"node","osm_id":1321978954,"category":"archaeological_site","name":"Telpenscholtz","wikidata":"Q65320768","wikipedia":"lb:Merowengesch Grafhiwwelen am Telpeschholz zu Dondel","tags":{"historic":"archaeological_site","name":"Telpenscholtz","name:de":"Merowinger-Gräber","name:fr":"Tombe mérovingienne","wikidata":"Q65320768","wikipedia":"lb:Merowengesch Grafhiwwelen am Telpeschholz zu Dondel"}}},{"type":"Feature","id":"node/1340454727","geometry":{"type":"Point","coordinates":[5.7902328,49.8065083]},"properties":{"osm_type":"node","osm_id":1340454727,"category":"memorial","name":"Morts pour la patrie","wikidata":null,"wikipedia":null,"tags":{"historic":"memorial","name":"Morts pour la patrie"}}},{"type":"Feature","id":"node/1358242644","geometry":{"type":"Point","coordinates":[5.9069355,49.9182437]},"properties":{"osm_type":"node","osm_id":1358242644,"category":"memorial","name":"Denkmal Ardennenoffensive","wikidata":null,"wikipedia":null,"tags":{"historic":"memorial","memorial":"war_memorial","name":"Denkmal Ardennenoffensive"}}},{"type":"Feature","id":"node/1364900791","geometry":{"type":"Point","coordinates":[6.3350899,49.5558943]},"properties":{"osm_type":"node","osm_id":1364900791,"category":"memorial","name":"Arbre de la Paix, 11.11.1986","wikidata":null,"wikipedia":null,"tags":{"historic":"memorial","name":"Arbre de la Paix, 11.11.1986"}}},{"type":"Feature","id":"node/1365740417","geometry":{"type":"Point","coordinates":[6.3582712,49.5753107]},"properties":{"osm_type":"node","osm_id":1365740417,"category":"memorial","name":"Paul Eyschen Denkmal","wikidata":"Q13104511","wikipedia":null,"tags":{"historic":"memorial","name":"Paul Eyschen Denkmal","wikidata":"Q13104511"}}},{"type":"Feature","id":"node/1366393147","geometry":{"type":"Point","coordinates":[6.0801761,49.6566861]},"properties":{"osm_type":"node","osm_id":1366393147,"category":"artwork","name":"Monument Lucien Wercollier","wikidata":null,"wikipedia":null,"tags":{"artwork_type":"sculpture","historic":"memorial","name":"Monument Lucien Wercollier","tourism":"artwork"}}},{"type":"Feature","id":"node/1366396554","geometry":{"type":"Point","coordinates":[6.0734961,49.6629575]},"properties":{"osm_type":"node","osm_id":1366396554,"category":"artwork","name":"Tête dans le mur","wikidata":null,"wikipedia":null,"tags":{"name":"Tête dans le mur","tourism":"artwork"}}},{"type":"Feature","id":"node/1369335523","geometry":{"type":"Point","coordinates":[6.3666267,49.5573669]},"properties":{"osm_type":"node","osm_id":1369335523,"category":"historic","name":"Briedemesser Kreiz","wikidata":null,"wikipedia":null,"tags":{"historic":"wayside_cross","name":"Briedemesser Kreiz"}}},{"type":"Feature","id":"node/1379054590","geometry":{"type":"Point","coordinates":[6.1290498,49.6157163]},"properties":{"osm_type":"node","osm_id":1379054590,"category":"heritage","name":"Bam vum Prënz Jean","wikidata":"Q16762540","wikipedia":"lb:Bam vum Prënz Jean","tags":{"heritage":"2","name":"Bam vum Prënz Jean","wikidata":"Q16762540","wikipedia":"lb:Bam vum Prënz Jean"}}},{"type":"Feature","id":"node/1379054592","geometry":{"type":"Point","coordinates":[6.1257541,49.6149361]},"properties":{"osm_type":"node","osm_id":1379054592,"category":"heritage","name":"Hobuch op der Kinnekswiss","wikidata":null,"wikipedia":"lb:Hobuch op der Kinnekswiss zu Lëtzebuerg","tags":{"heritage":"2","name":"Hobuch op der Kinnekswiss","wikipedia":"lb:Hobuch op der Kinnekswiss zu Lëtzebuerg"}}},{"type":"Feature","id":"node/1379413843","geometry":{"type":"Point","coordinates":[6.1623522,49.6216403]},"properties":{"osm_type":"node","osm_id":1379413843,"category":"memorial","name":"A nos Morts","wikidata":null,"wikipedia":null,"tags":{"historic":"memorial","memorial":"war_memorial","name":"A nos Morts"}}},{"type":"Feature","id":"node/1379413854","geometry":{"type":"Point","coordinates":[6.1456482,49.6148602]},"properties":{"osm_type":"node","osm_id":1379413854,"category":"memorial","name":"À la mémoire des victimes du bombardement par avion du 2 juillet 1918","wikidata":null,"wikipedia":null,"tags":{"historic":"memorial","memorial":"obelisk","name":"À la mémoire des victimes du bombardement par avion du 2 juillet 1918"}}},{"type":"Feature","id":"node/1380843002","geometry":{"type":"Point","coordinates":[6.1648795,49.6618998]},"properties":{"osm_type":"node","osm_id":1380843002,"category":"memorial","name":"Doudeg Fra","wikidata":null,"wikipedia":null,"tags":{"historic":"memorial","memorial":"stone","name":"Doudeg Fra","name:de":"Tote Frau","name:fr":"La femme morte"}}},{"type":"Feature","id":"node/1382232008","geometry":{"type":"Point","coordinates":[6.1187319,49.6001976]},"properties":{"osm_type":"node","osm_id":1382232008,"category":"historic","name":"Johannes Kemp 1738","wikidata":null,"wikipedia":null,"tags":{"historic":"wayside_cross","name":"Johannes Kemp 1738"}}},{"type":"Feature","id":"node/1387873478","geometry":{"type":"Point","coordinates":[6.3597274,49.5808724]},"properties":{"osm_type":"node","osm_id":1387873478,"category":"historic","name":"Fatima","wikidata":null,"wikipedia":null,"tags":{"historic":"wayside_shrine","name":"Fatima"}}},{"type":"Feature","id":"node/1392082930","geometry":{"type":"Point","coordinates":[5.9949303,50.0986438]},"properties":{"osm_type":"node","osm_id":1392082930,"category":"memorial","name":"Félix Boever","wikidata":null,"wikipedia":null,"tags":{"historic":"memorial","memorial":"war_memorial","name":"Félix Boever"}}},{"type":"Feature","id":"node/1392092528","geometry":{"type":"Point","coordinates":[6.3146031,49.5543491]},"properties":{"osm_type":"node","osm_id":1392092528,"category":"historic","name":"Wayside cross anno 1864","wikidata":null,"wikipedia":null,"tags":{"historic":"wayside_cross","name":"Wayside cross anno 1864","religion":"christian"}}},{"type":"Feature","id":"node/1409008619","geometry":{"type":"Point","coordinates":[6.0695367,49.6182822]},"properties":{"osm_type":"node","osm_id":1409008619,"category":"memorial","name":"À nos Martyrs 1940 - 1945","wikidata":null,"wikipedia":null,"tags":{"historic":"memorial","material":"stone","memorial":"plaque","name":"À nos Martyrs 1940 - 1945"}}},{"type":"Feature","id":"node/1412443320","geometry":{"type":"Point","coordinates":[6.136957,49.6120567]},"properties":{"osm_type":"node","osm_id":1412443320,"category":"artwork","name":"D'un cercle à l'autre: Le paysage emprunté","wikidata":null,"wikipedia":null,"tags":{"artist_name":"Daniel Buren","artwork_type":"sculpture","name":"D'un cercle à l'autre: Le paysage emprunté","tourism":"artwork"}}},{"type":"Feature","id":"node/1412443349","geometry":{"type":"Point","coordinates":[6.1332011,49.6210503]},"properties":{"osm_type":"node","osm_id":1412443349,"category":"memorial","name":"Monument aux Communards","wikidata":null,"wikipedia":null,"tags":{"historic":"memorial","name":"Monument aux Communards"}}},{"type":"Feature","id":"node/1420932595","geometry":{"type":"Point","coordinates":[5.9128596,49.6889735]},"properties":{"osm_type":"node","osm_id":1420932595,"category":"memorial","name":"Mort pour la patrie","wikidata":null,"wikipedia":null,"tags":{"historic":"memorial","material":"stone","memorial":"war_memorial","name":"Mort pour la patrie"}}},{"type":"Feature","id":"node/1423456944","geometry":{"type":"Point","coordinates":[6.2135532,49.6173184]},"properties":{"osm_type":"node","osm_id":1423456944,"category":"memorial","name":"Liberation 1944","wikidata":null,"wikipedia":null,"tags":{"historic":"memorial","memorial":"war_memorial","name":"Liberation 1944"}}},{"type":"Feature","id":"node/1423456949","geometry":{"type":"Point","coordinates":[6.2461524,49.6225671]},"properties":{"osm_type":"node","osm_id":1423456949,"category":"memorial","name":"Scout-Martyren an der Resistenz am Zweete Weltkrich","wikidata":null,"wikipedia":null,"tags":{"historic":"memorial","memorial":"war_memorial","name":"Scout-Martyren an der Resistenz am Zweete Weltkrich","start_date":"1952-05-01"}}},{"type":"Feature","id":"node/1424089006","geometry":{"type":"Point","coordinates":[6.011689,49.5060699]},"properties":{"osm_type":"node","osm_id":1424089006,"category":"memorial","name":"Fräihätsplaz (1839 - 1989)","wikidata":null,"wikipedia":null,"tags":{"historic":"memorial","name":"Fräihätsplaz (1839 - 1989)"}}},{"type":"Feature","id":"node/1424541196","geometry":{"type":"Point","coordinates":[5.8764798,49.6858373]},"properties":{"osm_type":"node","osm_id":1424541196,"category":"memorial","name":"1940 - 1945","wikidata":null,"wikipedia":null,"tags":{"historic":"memorial","name":"1940 - 1945"}}},{"type":"Feature","id":"node/1428388942","geometry":{"type":"Point","coordinates":[6.1211899,49.5953987]},"properties":{"osm_type":"node","osm_id":1428388942,"category":"memorial","name":"Mémorial de la déportation","wikidata":"Q13102325","wikipedia":"lb:Deportatiounsmemorial","tags":{"historic":"memorial","name":"Mémorial de la déportation","name:lb":"Deportatiounsmemorial","wikidata":"Q13102325","wikipedia":"lb:Deportatiounsmemorial"}}},{"type":"Feature","id":"node/1431734162","geometry":{"type":"Point","coordinates":[6.0373617,50.1185916]},"properties":{"osm_type":"node","osm_id":1431734162,"category":"memorial","name":"1839-1989","wikidata":null,"wikipedia":null,"tags":{"historic":"memorial","name":"1839-1989"}}},{"type":"Feature","id":"node/1433556909","geometry":{"type":"Point","coordinates":[6.0023464,49.5048538]},"properties":{"osm_type":"node","osm_id":1433556909,"category":"memorial","name":"Square de la grève 1942","wikidata":null,"wikipedia":null,"tags":{"historic":"memorial","name":"Square de la grève 1942"}}},{"type":"Feature","id":"node/1440099466","geometry":{"type":"Point","coordinates":[6.426126,49.8127145]},"properties":{"osm_type":"node","osm_id":1440099466,"category":"memorial","name":"Abt Bertels","wikidata":"Q13103174","wikipedia":"lb:Jean-Bertels-Statu op der Iechternacher Sauerbréck","tags":{"historic":"memorial","material":"stone","memorial":"statue","name":"Abt Bertels","wikidata":"Q13103174","wikipedia":"lb:Jean-Bertels-Statu op der Iechternacher Sauerbréck"}}},{"type":"Feature","id":"node/1444714822","geometry":{"type":"Point","coordinates":[6.4228178,49.8128262]},"properties":{"osm_type":"node","osm_id":1444714822,"category":"memorial","name":null,"wikidata":"Q13104195","wikipedia":"lb:Monument aux morts Iechternach","tags":{"historic":"memorial","memorial":"war_memorial","wikidata":"Q13104195","wikipedia":"lb:Monument aux morts Iechternach"}}},{"type":"Feature","id":"node/1446216464","geometry":{"type":"Point","coordinates":[6.082254,49.4831212]},"properties":{"osm_type":"node","osm_id":1446216464,"category":"memorial","name":"1940-1945","wikidata":null,"wikipedia":null,"tags":{"historic":"memorial","memorial":"war_memorial","name":"1940-1945"}}},{"type":"Feature","id":"node/1449560200","geometry":{"type":"Point","coordinates":[6.3150835,49.5055885]},"properties":{"osm_type":"node","osm_id":1449560200,"category":"memorial","name":"Eise Krichsaffer 1940-1945","wikidata":null,"wikipedia":null,"tags":{"historic":"memorial","memorial":"war_memorial","name":"Eise Krichsaffer 1940-1945"}}},{"type":"Feature","id":"node/1515743349","geometry":{"type":"Point","coordinates":[6.0432673,49.4870418]},"properties":{"osm_type":"node","osm_id":1515743349,"category":"archaeological_site","name":"Burg Kayl (13th century)","wikidata":null,"wikipedia":null,"tags":{"historic":"archaeological_site","name":"Burg Kayl (13th century)","ruins":"yes","website":"http://www.historiakayldall.lu/index.php/geschichte/kayltal-kayl/4-burg-von-kayl"}}},{"type":"Feature","id":"node/1524319570","geometry":{"type":"Point","coordinates":[5.8775258,49.6733067]},"properties":{"osm_type":"node","osm_id":1524319570,"category":"historic","name":"LB085","wikidata":null,"wikipedia":null,"tags":{"historic":"boundary_stone","image":"https://archive.org/details/lb085","material":"metal","name":"LB085","start_date":"1843"}}},{"type":"Feature","id":"node/1573735855","geometry":{"type":"Point","coordinates":[6.1585528,49.8680438]},"properties":{"osm_type":"node","osm_id":1573735855,"category":"museum","name":"Conservatoire National de Véhicules Historiques Diekirch","wikidata":null,"wikipedia":null,"tags":{"addr:city":"Diekirch","addr:country":"LU","addr:housenumber":"20-22","addr:postcode":"9280","addr:street":"Rue de Stavelot","name":"Conservatoire National de Véhicules Historiques Diekirch","opening_hours":"Tu-Su 10:00-18:00","operator":"asbl","phone":"+352 26 80 04 68","tourism":"museum"}}},{"type":"Feature","id":"node/1575651752","geometry":{"type":"Point","coordinates":[6.3281037,49.5550309]},"properties":{"osm_type":"node","osm_id":1575651752,"category":"memorial","name":"Chapelle Notre-Dame","wikidata":null,"wikipedia":null,"tags":{"historic":"memorial","name":"Chapelle Notre-Dame"}}},{"type":"Feature","id":"node/1575896150","geometry":{"type":"Point","coordinates":[5.8653316,49.5717114]},"properties":{"osm_type":"node","osm_id":1575896150,"category":"historic","name":"LB028","wikidata":null,"wikipedia":null,"tags":{"historic":"boundary_stone","image":"https://archive.org/details/lb028","material":"metal","name":"LB028","start_date":"1843"}}},{"type":"Feature","id":"node/1575896210","geometry":{"type":"Point","coordinates":[5.8688269,49.5732638]},"properties":{"osm_type":"node","osm_id":1575896210,"category":"historic","name":"BNE29","wikidata":null,"wikipedia":null,"tags":{"historic":"boundary_stone","image":"https://archive.org/details/lb029","material":"metal","name":"BNE29","start_date":"1843"}}},{"type":"Feature","id":"node/1575896580","geometry":{"type":"Point","coordinates":[5.8719234,49.5796298]},"properties":{"osm_type":"node","osm_id":1575896580,"category":"historic","name":"LB034","wikidata":null,"wikipedia":null,"tags":{"historic":"boundary_stone","image":"https://archive.org/details/lb034","material":"metal","name":"LB034","start_date":"1843"}}},{"type":"Feature","id":"node/1575896674","geometry":{"type":"Point","coordinates":[5.866007,49.5805569]},"properties":{"osm_type":"node","osm_id":1575896674,"category":"historic","name":"LB035","wikidata":null,"wikipedia":null,"tags":{"historic":"boundary_stone","image":"https://archive.org/details/lb035","material":"gietijzer","name":"LB035","start_date":"1843"}}},{"type":"Feature","id":"node/1575898062","geometry":{"type":"Point","coordinates":[5.8643016,49.5864773]},"properties":{"osm_type":"node","osm_id":1575898062,"category":"historic","name":"LB041","wikidata":null,"wikipedia":null,"tags":{"historic":"boundary_stone","image":"https://archive.org/details/lb041","material":"metal","name":"LB041","start_date":"1843"}}},{"type":"Feature","id":"node/1575898222","geometry":{"type":"Point","coordinates":[5.861002,49.5866298]},"properties":{"osm_type":"node","osm_id":1575898222,"category":"historic","name":"LB043","wikidata":null,"wikipedia":null,"tags":{"historic":"boundary_stone","image":"https://archive.org/details/lb043","material":"metal","name":"LB043","start_date":"1843"}}},{"type":"Feature","id":"node/1575898547","geometry":{"type":"Point","coordinates":[5.850111,49.5869538]},"properties":{"osm_type":"node","osm_id":1575898547,"category":"historic","name":"LB044","wikidata":null,"wikipedia":null,"tags":{"historic":"boundary_stone","image":"https://archive.org/details/lb044","material":"metal","name":"LB044","start_date":"1843"}}},{"type":"Feature","id":"node/1575898997","geometry":{"type":"Point","coordinates":[5.8658733,49.5884266]},"properties":{"osm_type":"node","osm_id":1575898997,"category":"historic","name":"LB040","wikidata":null,"wikipedia":null,"tags":{"historic":"boundary_stone","image":"https://archive.org/details/lb040","material":"metal","name":"LB040","start_date":"1843"}}},{"type":"Feature","id":"node/1575899151","geometry":{"type":"Point","coordinates":[5.8677807,49.5896474]},"properties":{"osm_type":"node","osm_id":1575899151,"category":"historic","name":"LB039","wikidata":null,"wikipedia":null,"tags":{"historic":"boundary_stone","image":"https://archive.org/details/lb039","material":"metal","name":"LB039","start_date":"1843"}}},{"type":"Feature","id":"node/1575900152","geometry":{"type":"Point","coordinates":[5.8605663,49.6021206]},"properties":{"osm_type":"node","osm_id":1575900152,"category":"historic","name":"LB050","wikidata":null,"wikipedia":null,"tags":{"historic":"boundary_stone","image":"https://archive.org/details/lb050","material":"metal","name":"LB050","start_date":"1843"}}},{"type":"Feature","id":"node/1575900412","geometry":{"type":"Point","coordinates":[5.8764785,49.6083956]},"properties":{"osm_type":"node","osm_id":1575900412,"category":"historic","name":"LB053","wikidata":null,"wikipedia":null,"tags":{"historic":"boundary_stone","image":"https://archive.org/details/lb053","material":"metal","name":"LB053","start_date":"1843"}}},{"type":"Feature","id":"node/1575900747","geometry":{"type":"Point","coordinates":[5.8757496,49.611362]},"properties":{"osm_type":"node","osm_id":1575900747,"category":"historic","name":"LB054","wikidata":null,"wikipedia":null,"tags":{"historic":"boundary_stone","image":"https://archive.org/details/lb054","material":"metal","name":"LB054","start_date":"1843"}}},{"type":"Feature","id":"node/1575900834","geometry":{"type":"Point","coordinates":[5.876833,49.61292]},"properties":{"osm_type":"node","osm_id":1575900834,"category":"historic","name":"LB056","wikidata":null,"wikipedia":null,"tags":{"historic":"boundary_stone","image":"https://archive.org/details/lb056","material":"metal","name":"LB056","start_date":"1843"}}},{"type":"Feature","id":"node/1575900851","geometry":{"type":"Point","coordinates":[5.8770275,49.61331]},"properties":{"osm_type":"node","osm_id":1575900851,"category":"historic","name":"LB057","wikidata":null,"wikipedia":null,"tags":{"historic":"boundary_stone","image":"https://archive.org/details/lb057","name":"LB057","start_date":"1843"}}},{"type":"Feature","id":"node/1575901466","geometry":{"type":"Point","coordinates":[5.8800851,49.6233034]},"properties":{"osm_type":"node","osm_id":1575901466,"category":"historic","name":"LB060","wikidata":null,"wikipedia":null,"tags":{"historic":"boundary_stone","image":"https://archive.org/details/lb060","material":"metal","name":"LB060","start_date":"1843"}}},{"type":"Feature","id":"node/1575902220","geometry":{"type":"Point","coordinates":[5.886822,49.627276]},"properties":{"osm_type":"node","osm_id":1575902220,"category":"historic","name":"Borne 61","wikidata":null,"wikipedia":null,"tags":{"historic":"boundary_stone","image":"https://archive.org/details/lb061","material":"metal","name":"Borne 61","start_date":"1843"}}},{"type":"Feature","id":"node/1581345368","geometry":{"type":"Point","coordinates":[5.837923,49.552868]},"properties":{"osm_type":"node","osm_id":1581345368,"category":"historic","name":"LB009","wikidata":null,"wikipedia":null,"tags":{"historic":"boundary_stone","image":"https://archive.org/details/lb009","material":"metal","name":"LB009","start_date":"1843"}}},{"type":"Feature","id":"node/1581345760","geometry":{"type":"Point","coordinates":[5.8511504,49.5627874]},"properties":{"osm_type":"node","osm_id":1581345760,"category":"historic","name":"LB023","wikidata":null,"wikipedia":null,"tags":{"historic":"boundary_stone","image":"https://archive.org/details/lb023","material":"metal","name":"LB023","start_date":"1843"}}},{"type":"Feature","id":"node/1581345978","geometry":{"type":"Point","coordinates":[5.8537617,49.56516]},"properties":{"osm_type":"node","osm_id":1581345978,"category":"historic","name":"LB025","wikidata":null,"wikipedia":null,"tags":{"historic":"boundary_stone","image":"https://archive.org/details/lb025","material":"metal","name":"LB025","start_date":"1843"}}},{"type":"Feature","id":"node/1587564085","geometry":{"type":"Point","coordinates":[6.0082299,49.6735414]},"properties":{"osm_type":"node","osm_id":1587564085,"category":"memorial","name":"Bell Tower","wikidata":null,"wikipedia":null,"tags":{"historic":"memorial","name":"Bell Tower"}}},{"type":"Feature","id":"node/1588417938","geometry":{"type":"Point","coordinates":[6.2720375,49.5062432]},"properties":{"osm_type":"node","osm_id":1588417938,"category":"memorial","name":"John Grün","wikidata":null,"wikipedia":null,"tags":{"historic":"memorial","name":"John Grün","name:etymology:wikidata":"Q1307134","name:etymology:wikipedia":"lb:John Grün"}}},{"type":"Feature","id":"node/1588554263","geometry":{"type":"Point","coordinates":[5.8860926,49.6279613]},"properties":{"osm_type":"node","osm_id":1588554263,"category":"historic","name":"LB61a","wikidata":null,"wikipedia":null,"tags":{"historic":"boundary_stone","material":"stone","name":"LB61a","start_date":"1843"}}},{"type":"Feature","id":"node/1588554269","geometry":{"type":"Point","coordinates":[5.8854922,49.6288903]},"properties":{"osm_type":"node","osm_id":1588554269,"category":"historic","name":"LB062a","wikidata":null,"wikipedia":null,"tags":{"historic":"boundary_stone","material":"stone","name":"LB062a","start_date":"1843"}}},{"type":"Feature","id":"node/1588554271","geometry":{"type":"Point","coordinates":[5.8858217,49.6290247]},"properties":{"osm_type":"node","osm_id":1588554271,"category":"historic","name":"LB062b","wikidata":null,"wikipedia":null,"tags":{"historic":"boundary_stone","material":"stone","name":"LB062b","start_date":"1843"}}},{"type":"Feature","id":"node/1588554286","geometry":{"type":"Point","coordinates":[5.8827061,49.6309463]},"properties":{"osm_type":"node","osm_id":1588554286,"category":"historic","name":"LB063","wikidata":null,"wikipedia":null,"tags":{"historic":"boundary_stone","image":"https://archive.org/details/lb063","material":"metal","name":"LB063","start_date":"1843"}}},{"type":"Feature","id":"node/1588554303","geometry":{"type":"Point","coordinates":[5.8838615,49.6329796]},"properties":{"osm_type":"node","osm_id":1588554303,"category":"historic","name":"LB064","wikidata":null,"wikipedia":null,"tags":{"historic":"boundary_stone","image":"https://archive.org/details/lb064","material":"metal","name":"LB064","start_date":"1843"}}},{"type":"Feature","id":"node/1588554305","geometry":{"type":"Point","coordinates":[5.8848707,49.6332979]},"properties":{"osm_type":"node","osm_id":1588554305,"category":"historic","name":"LB064b","wikidata":null,"wikipedia":null,"tags":{"historic":"boundary_stone","material":"stone","name":"LB064b","start_date":"1843"}}},{"type":"Feature","id":"node/1588554306","geometry":{"type":"Point","coordinates":[5.8845483,49.6333643]},"properties":{"osm_type":"node","osm_id":1588554306,"category":"historic","name":"LB064a","wikidata":null,"wikipedia":null,"tags":{"historic":"boundary_stone","material":"stone","name":"LB064a","start_date":"1843"}}},{"type":"Feature","id":"node/1588554345","geometry":{"type":"Point","coordinates":[5.8878764,49.6350785]},"properties":{"osm_type":"node","osm_id":1588554345,"category":"historic","name":"LB066","wikidata":null,"wikipedia":null,"tags":{"historic":"boundary_stone","image":"https://archive.org/details/lb066","material":"metal","name":"LB066","start_date":"1843"}}},{"type":"Feature","id":"node/1588554540","geometry":{"type":"Point","coordinates":[5.9041656,49.6445983]},"properties":{"osm_type":"node","osm_id":1588554540,"category":"historic","name":"LB072","wikidata":null,"wikipedia":null,"tags":{"historic":"boundary_stone","image":"https://archive.org/details/lb072","material":"metal","name":"LB072","start_date":"1843"}}},{"type":"Feature","id":"node/1588554655","geometry":{"type":"Point","coordinates":[5.9026883,49.6469345]},"properties":{"osm_type":"node","osm_id":1588554655,"category":"historic","name":"LB075","wikidata":null,"wikipedia":null,"tags":{"historic":"boundary_stone","image":"https://archive.org/details/lb075","material":"metal","name":"LB075","start_date":"1843"}}},{"type":"Feature","id":"node/1588554697","geometry":{"type":"Point","coordinates":[5.9022865,49.6500272]},"properties":{"osm_type":"node","osm_id":1588554697,"category":"historic","name":"LB076","wikidata":null,"wikipedia":null,"tags":{"historic":"boundary_stone","image":"https://archive.org/details/lb076","material":"metal","name":"LB076","start_date":"1843"}}},{"type":"Feature","id":"node/1588554731","geometry":{"type":"Point","coordinates":[5.9022234,49.6517928]},"properties":{"osm_type":"node","osm_id":1588554731,"category":"historic","name":"LB077","wikidata":null,"wikipedia":null,"tags":{"historic":"boundary_stone","image":"https://archive.org/details/lb077","material":"metal","name":"LB077","start_date":"1843"}}},{"type":"Feature","id":"node/1588554853","geometry":{"type":"Point","coordinates":[5.904872,49.6610789]},"properties":{"osm_type":"node","osm_id":1588554853,"category":"historic","name":"LB080","wikidata":null,"wikipedia":null,"tags":{"historic":"boundary_stone","image":"https://archive.org/details/lb080","material":"metal","name":"LB080","start_date":"1943"}}},{"type":"Feature","id":"node/1588554928","geometry":{"type":"Point","coordinates":[5.9106751,49.6624741]},"properties":{"osm_type":"node","osm_id":1588554928,"category":"historic","name":"LB081","wikidata":null,"wikipedia":null,"tags":{"historic":"boundary_stone","image":"https://archive.org/details/lb081","material":"metal","name":"LB081","start_date":"1843"}}},{"type":"Feature","id":"node/1588622975","geometry":{"type":"Point","coordinates":[5.9819721,49.4510675]},"properties":{"osm_type":"node","osm_id":1588622975,"category":"historic","name":"FL 76","wikidata":null,"wikipedia":null,"tags":{"historic":"boundary_stone","image":"https://ontheborder.eu/grenspalencom/lufr/RK3B3951.JPG","material":"basalt","name":"FL 76"}}},{"type":"Feature","id":"node/1588623176","geometry":{"type":"Point","coordinates":[6.0114994,49.453518]},"properties":{"osm_type":"node","osm_id":1588623176,"category":"historic","name":"FL 80","wikidata":null,"wikipedia":null,"tags":{"historic":"boundary_stone","name":"FL 80"}}},{"type":"Feature","id":"node/1588623266","geometry":{"type":"Point","coordinates":[5.978754,49.45399]},"properties":{"osm_type":"node","osm_id":1588623266,"category":"historic","name":"FL 74","wikidata":null,"wikipedia":null,"tags":{"historic":"boundary_stone","image":"https://ontheborder.eu/grenspalencom/lufr/RK3B3927.JPG","material":"basalt","name":"FL 74"}}},{"type":"Feature","id":"node/1588623472","geometry":{"type":"Point","coordinates":[5.9792995,49.455242]},"properties":{"osm_type":"node","osm_id":1588623472,"category":"historic","name":"FL 73","wikidata":null,"wikipedia":null,"tags":{"historic":"boundary_stone","image":"https://ontheborder.eu/grenspalencom/lufr/RK3B3923.JPG","material":"basalt","name":"FL 73"}}},{"type":"Feature","id":"node/1588623516","geometry":{"type":"Point","coordinates":[5.9857235,49.455738]},"properties":{"osm_type":"node","osm_id":1588623516,"category":"historic","name":"FL 71","wikidata":null,"wikipedia":null,"tags":{"historic":"boundary_stone","image":"https://ontheborder.eu/grenspalencom/lufr/RK3B3899.JPG","material":"basalt","name":"FL 71"}}},{"type":"Feature","id":"node/1588623588","geometry":{"type":"Point","coordinates":[5.982359,49.457035]},"properties":{"osm_type":"node","osm_id":1588623588,"category":"historic","name":"FL 72","wikidata":null,"wikipedia":null,"tags":{"historic":"boundary_stone","image":"https://ontheborder.eu/grenspalencom/lufr/RK3B3912.JPG","material":"basalt","name":"FL 72"}}},{"type":"Feature","id":"node/1588623778","geometry":{"type":"Point","coordinates":[5.9814384,49.4612192]},"properties":{"osm_type":"node","osm_id":1588623778,"category":"historic","name":"FL 65","wikidata":null,"wikipedia":null,"tags":{"historic":"boundary_stone","image":"https://ontheborder.eu/grenspalencom/lufr/RK3B3845.JPG","material":"basalt","name":"FL 65"}}},{"type":"Feature","id":"node/1588623780","geometry":{"type":"Point","coordinates":[5.9880695,49.461292]},"properties":{"osm_type":"node","osm_id":1588623780,"category":"historic","name":"FL 69","wikidata":null,"wikipedia":null,"tags":{"historic":"boundary_stone","image":"https://ontheborder.eu/grenspalencom/lufr/RK3B3872.JPG","material":"basalt","name":"FL 69"}}},{"type":"Feature","id":"node/1588625417","geometry":{"type":"Point","coordinates":[5.8850765,49.498833]},"properties":{"osm_type":"node","osm_id":1588625417,"category":"historic","name":"LF 46","wikidata":null,"wikipedia":null,"tags":{"historic":"boundary_stone","material":"stone","name":"LF 46"}}},{"type":"Feature","id":"node/1607063865","geometry":{"type":"Point","coordinates":[5.8838821,49.7112903]},"properties":{"osm_type":"node","osm_id":1607063865,"category":"historic","name":"LB105","wikidata":null,"wikipedia":null,"tags":{"historic":"boundary_stone","image":"https://archive.org/details/lb105","material":"metal","name":"LB105","start_date":"1843"}}},{"type":"Feature","id":"node/1607064186","geometry":{"type":"Point","coordinates":[5.8650228,49.7269643]},"properties":{"osm_type":"node","osm_id":1607064186,"category":"historic","name":"LB113","wikidata":null,"wikipedia":null,"tags":{"historic":"boundary_stone","image":"https://archive.org/details/lb113","material":"metal","name":"LB113","start_date":"1843"}}},{"type":"Feature","id":"node/1607064194","geometry":{"type":"Point","coordinates":[5.8267155,49.7276251]},"properties":{"osm_type":"node","osm_id":1607064194,"category":"historic","name":"LB124","wikidata":null,"wikipedia":null,"tags":{"historic":"boundary_stone","image":"https://archive.org/details/lb124","name":"LB124","start_date":"1843"}}},{"type":"Feature","id":"node/1607064217","geometry":{"type":"Point","coordinates":[5.8254334,49.7319892]},"properties":{"osm_type":"node","osm_id":1607064217,"category":"historic","name":"LB126","wikidata":null,"wikipedia":null,"tags":{"historic":"boundary_stone","image":"https://archive.org/details/lb126","material":"metal","name":"LB126","start_date":"1843"}}},{"type":"Feature","id":"node/1607064289","geometry":{"type":"Point","coordinates":[5.830387,49.7433689]},"properties":{"osm_type":"node","osm_id":1607064289,"category":"historic","name":"LB130","wikidata":null,"wikipedia":null,"tags":{"historic":"boundary_stone","image":"https://archive.org/details/lb130","material":"metal","name":"LB130","start_date":"1843"}}},{"type":"Feature","id":"node/1607064368","geometry":{"type":"Point","coordinates":[5.8204697,49.7513423]},"properties":{"osm_type":"node","osm_id":1607064368,"category":"historic","name":"LB134","wikidata":null,"wikipedia":null,"tags":{"historic":"boundary_stone","image":"https://archive.org/details/lb134","material":"metal","name":"LB134","start_date":"1843"}}},{"type":"Feature","id":"node/1607064374","geometry":{"type":"Point","coordinates":[5.82086,49.753258]},"properties":{"osm_type":"node","osm_id":1607064374,"category":"historic","name":"LB135","wikidata":null,"wikipedia":null,"tags":{"historic":"boundary_stone","image":"https://archive.org/details/lb135","material":"metal","name":"LB135","start_date":"1843"}}},{"type":"Feature","id":"node/1607064440","geometry":{"type":"Point","coordinates":[5.8094614,49.7653415]},"properties":{"osm_type":"node","osm_id":1607064440,"category":"historic","name":"LB140","wikidata":null,"wikipedia":null,"tags":{"historic":"boundary_stone","image":"https://archive.org/details/lb140","material":"metal","name":"LB140","start_date":"1843"}}},{"type":"Feature","id":"node/1607064600","geometry":{"type":"Point","coordinates":[5.794658,49.7846308]},"properties":{"osm_type":"node","osm_id":1607064600,"category":"historic","name":"LB143","wikidata":null,"wikipedia":null,"tags":{"historic":"boundary_stone","image":"https://archive.org/details/lb143","name":"LB143","start_date":"1843"}}},{"type":"Feature","id":"node/1607066045","geometry":{"type":"Point","coordinates":[5.7559622,49.8907284]},"properties":{"osm_type":"node","osm_id":1607066045,"category":"historic","name":"LB179","wikidata":null,"wikipedia":null,"tags":{"historic":"boundary_stone","image":"https://archive.org/details/lb179","material":"metal","name":"LB179","start_date":"1843"}}},{"type":"Feature","id":"node/1607066213","geometry":{"type":"Point","coordinates":[5.7357252,49.8968745]},"properties":{"osm_type":"node","osm_id":1607066213,"category":"historic","name":"LB183","wikidata":null,"wikipedia":null,"tags":{"historic":"boundary_stone","image":"https://archive.org/details/lb183","material":"metal","name":"LB183","start_date":"1843"}}},{"type":"Feature","id":"node/1607066282","geometry":{"type":"Point","coordinates":[5.738951,49.901735]},"properties":{"osm_type":"node","osm_id":1607066282,"category":"historic","name":"LB184","wikidata":null,"wikipedia":null,"tags":{"historic":"boundary_stone","image":"https://archive.org/details/lb184","material":"metal","name":"LB184","start_date":"1843"}}},{"type":"Feature","id":"node/1607066291","geometry":{"type":"Point","coordinates":[5.740461,49.9021745]},"properties":{"osm_type":"node","osm_id":1607066291,"category":"historic","name":"LB185","wikidata":null,"wikipedia":null,"tags":{"historic":"boundary_stone","image":"https://archive.org/details/lb185","material":"metal","name":"LB185","start_date":"1843"}}},{"type":"Feature","id":"node/1607066301","geometry":{"type":"Point","coordinates":[5.739788,49.9040547]},"properties":{"osm_type":"node","osm_id":1607066301,"category":"historic","name":"LB186","wikidata":null,"wikipedia":null,"tags":{"historic":"boundary_stone","image":"https://archive.org/details/lb186","material":"metal","name":"LB186","start_date":"1843"}}},{"type":"Feature","id":"node/1607066547","geometry":{"type":"Point","coordinates":[5.7640109,49.9157681]},"properties":{"osm_type":"node","osm_id":1607066547,"category":"historic","name":"LB190","wikidata":null,"wikipedia":null,"tags":{"historic":"boundary_stone","image":"https://archive.org/details/lb190","material":"metal","name":"LB190","start_date":"1843"}}},{"type":"Feature","id":"node/1607066627","geometry":{"type":"Point","coordinates":[5.7617804,49.9192708]},"properties":{"osm_type":"node","osm_id":1607066627,"category":"historic","name":"LB191","wikidata":null,"wikipedia":null,"tags":{"historic":"boundary_stone","image":"https://archive.org/details/lb191","material":"metal","name":"LB191","start_date":"1843"}}},{"type":"Feature","id":"node/1607066702","geometry":{"type":"Point","coordinates":[5.7645994,49.9241436]},"properties":{"osm_type":"node","osm_id":1607066702,"category":"historic","name":"borne frontière B/L No193 1843","wikidata":null,"wikipedia":null,"tags":{"historic":"boundary_stone","image":"https://archive.org/details/lb193","material":"metal","name":"borne frontière B/L No193 1843","start_date":"1843"}}},{"type":"Feature","id":"node/1607066737","geometry":{"type":"Point","coordinates":[5.7649364,49.928993]},"properties":{"osm_type":"node","osm_id":1607066737,"category":"historic","name":"LB196","wikidata":null,"wikipedia":null,"tags":{"historic":"boundary_stone","image":"https://archive.org/details/lb196","material":"metal","name":"LB196","start_date":"1843"}}},{"type":"Feature","id":"node/1607067012","geometry":{"type":"Point","coordinates":[5.7710411,49.9471856]},"properties":{"osm_type":"node","osm_id":1607067012,"category":"historic","name":"LB203","wikidata":null,"wikipedia":null,"tags":{"historic":"boundary_stone","image":"https://archive.org/details/lb203","material":"metal","name":"LB203","start_date":"1843"}}},{"type":"Feature","id":"node/1607067071","geometry":{"type":"Point","coordinates":[5.775034,49.953148]},"properties":{"osm_type":"node","osm_id":1607067071,"category":"historic","name":"LB205","wikidata":null,"wikipedia":null,"tags":{"historic":"boundary_stone","image":"https://archive.org/details/lb205","material":"metal","name":"LB205","start_date":"1843"}}},{"type":"Feature","id":"node/1607067137","geometry":{"type":"Point","coordinates":[5.7750254,49.9607957]},"properties":{"osm_type":"node","osm_id":1607067137,"category":"historic","name":"BE-LU 208","wikidata":null,"wikipedia":null,"tags":{"historic":"boundary_stone","image":"https://archive.org/details/lb208","material":"cast_iron","name":"BE-LU 208","start_date":"1843"}}},{"type":"Feature","id":"node/1607067476","geometry":{"type":"Point","coordinates":[5.8105374,49.9640923]},"properties":{"osm_type":"node","osm_id":1607067476,"category":"historic","name":"BE-LU 215","wikidata":null,"wikipedia":null,"tags":{"historic":"boundary_stone","image":"https://archive.org/details/lb215","material":"cast_iron","name":"BE-LU 215","start_date":"1843"}}},{"type":"Feature","id":"node/1607067591","geometry":{"type":"Point","coordinates":[5.8109042,49.9658417]},"properties":{"osm_type":"node","osm_id":1607067591,"category":"historic","name":"BE-LU 216","wikidata":null,"wikipedia":null,"tags":{"historic":"boundary_stone","image":"https://archive.org/details/lb216","material":"cast_iron","name":"BE-LU 216","start_date":"1843"}}},{"type":"Feature","id":"node/1607067622","geometry":{"type":"Point","coordinates":[5.810404,49.96898]},"properties":{"osm_type":"node","osm_id":1607067622,"category":"historic","name":"BE-LU 217","wikidata":null,"wikipedia":null,"tags":{"historic":"boundary_stone","image":"https://archive.org/details/lb217","material":"cast_iron","name":"BE-LU 217","start_date":"1843"}}},{"type":"Feature","id":"node/1607067638","geometry":{"type":"Point","coordinates":[5.8112354,49.971302]},"properties":{"osm_type":"node","osm_id":1607067638,"category":"historic","name":"BE-LU 217a","wikidata":null,"wikipedia":null,"tags":{"historic":"boundary_stone","material":"bluestone","name":"BE-LU 217a","start_date":"1843"}}},{"type":"Feature","id":"node/1607068013","geometry":{"type":"Point","coordinates":[5.826399,49.974663]},"properties":{"osm_type":"node","osm_id":1607068013,"category":"historic","name":"BE-LU 221","wikidata":null,"wikipedia":null,"tags":{"historic":"boundary_stone","image":"https://archive.org/details/lb221_202304","material":"cast_iron","name":"BE-LU 221","start_date":"1843"}}},{"type":"Feature","id":"node/1607068043","geometry":{"type":"Point","coordinates":[5.8231983,49.974968]},"properties":{"osm_type":"node","osm_id":1607068043,"category":"historic","name":"BE-LU 220","wikidata":null,"wikipedia":null,"tags":{"historic":"boundary_stone","image":"https://archive.org/details/lb220","material":"cast_iron","name":"BE-LU 220","start_date":"1843"}}},{"type":"Feature","id":"node/1607068129","geometry":{"type":"Point","coordinates":[5.8242893,49.975266]},"properties":{"osm_type":"node","osm_id":1607068129,"category":"historic","name":"BE-LU 220a","wikidata":null,"wikipedia":null,"tags":{"historic":"boundary_stone","material":"bluestone","name":"BE-LU 220a","start_date":"1843"}}},{"type":"Feature","id":"node/1607068151","geometry":{"type":"Point","coordinates":[5.8304996,49.975956]},"properties":{"osm_type":"node","osm_id":1607068151,"category":"historic","name":"BE-LU 223","wikidata":null,"wikipedia":null,"tags":{"historic":"boundary_stone","image":"https://archive.org/details/lb223","material":"cast_iron","name":"BE-LU 223","start_date":"1843"}}},{"type":"Feature","id":"node/1607068165","geometry":{"type":"Point","coordinates":[5.829214,49.975975]},"properties":{"osm_type":"node","osm_id":1607068165,"category":"historic","name":"BE-LU 222","wikidata":null,"wikipedia":null,"tags":{"historic":"boundary_stone","image":"https://archive.org/details/lb222","material":"cast_iron","name":"BE-LU 222","start_date":"1843"}}},{"type":"Feature","id":"node/1607068264","geometry":{"type":"Point","coordinates":[5.8385563,49.98229]},"properties":{"osm_type":"node","osm_id":1607068264,"category":"historic","name":"BE-LU 226b","wikidata":null,"wikipedia":null,"tags":{"historic":"boundary_stone","material":"bluestone","name":"BE-LU 226b","start_date":"1843"}}},{"type":"Feature","id":"node/1607068277","geometry":{"type":"Point","coordinates":[5.839468,49.98407]},"properties":{"osm_type":"node","osm_id":1607068277,"category":"historic","name":"BE-LU 226c","wikidata":null,"wikipedia":null,"tags":{"historic":"boundary_stone","material":"bluestone","name":"BE-LU 226c","start_date":"1843"}}},{"type":"Feature","id":"node/1607068289","geometry":{"type":"Point","coordinates":[5.8387623,49.984367]},"properties":{"osm_type":"node","osm_id":1607068289,"category":"historic","name":"BE-LU 227","wikidata":null,"wikipedia":null,"tags":{"historic":"boundary_stone","image":"https://archive.org/details/lb227","material":"cast_iron","name":"BE-LU 227","start_date":"1843"}}},{"type":"Feature","id":"node/1607068602","geometry":{"type":"Point","coordinates":[5.8401338,49.9894361]},"properties":{"osm_type":"node","osm_id":1607068602,"category":"historic","name":"BE-LU 228","wikidata":null,"wikipedia":null,"tags":{"historic":"boundary_stone","image":"https://archive.org/details/lb228","material":"cast_iron","name":"BE-LU 228","start_date":"1843"}}},{"type":"Feature","id":"node/1607069020","geometry":{"type":"Point","coordinates":[5.832426,49.990517]},"properties":{"osm_type":"node","osm_id":1607069020,"category":"historic","name":"BE-LU 229","wikidata":null,"wikipedia":null,"tags":{"historic":"boundary_stone","image":"https://archive.org/details/lb229","material":"cast_iron","name":"BE-LU 229","start_date":"1843"}}},{"type":"Feature","id":"node/1607069775","geometry":{"type":"Point","coordinates":[5.8247896,49.9967347]},"properties":{"osm_type":"node","osm_id":1607069775,"category":"historic","name":"LB230","wikidata":null,"wikipedia":null,"tags":{"historic":"boundary_stone","image":"https://archive.org/details/lb230","material":"metal","name":"LB230","start_date":"1843"}}},{"type":"Feature","id":"node/1607070735","geometry":{"type":"Point","coordinates":[5.8200577,50.0112323]},"properties":{"osm_type":"node","osm_id":1607070735,"category":"historic","name":"LB234a","wikidata":null,"wikipedia":null,"tags":{"historic":"boundary_stone","material":"stone","name":"LB234a","start_date":"1843"}}},{"type":"Feature","id":"node/1607070736","geometry":{"type":"Point","coordinates":[5.8193998,50.0112007]},"properties":{"osm_type":"node","osm_id":1607070736,"category":"historic","name":"LB234","wikidata":null,"wikipedia":null,"tags":{"historic":"boundary_stone","image":"https://archive.org/details/lb234_202304","material":"metal","name":"LB234","start_date":"1843"}}},{"type":"Feature","id":"node/1607070760","geometry":{"type":"Point","coordinates":[5.8190095,50.0127895]},"properties":{"osm_type":"node","osm_id":1607070760,"category":"historic","name":"LB235","wikidata":null,"wikipedia":null,"tags":{"historic":"boundary_stone","image":"https://archive.org/details/lb235","material":"metal","name":"LB235","start_date":"1843"}}},{"type":"Feature","id":"node/1607070940","geometry":{"type":"Point","coordinates":[5.8328838,50.0172731]},"properties":{"osm_type":"node","osm_id":1607070940,"category":"historic","name":"LB238","wikidata":null,"wikipedia":null,"tags":{"historic":"boundary_stone","image":"https://archive.org/details/lb238","material":"metal","name":"LB238","start_date":"1843"}}},{"type":"Feature","id":"node/1607071079","geometry":{"type":"Point","coordinates":[5.8383908,50.0192077]},"properties":{"osm_type":"node","osm_id":1607071079,"category":"historic","name":"LB239","wikidata":null,"wikipedia":null,"tags":{"historic":"boundary_stone","image":"https://archive.org/details/lb239","material":"metal","name":"LB239","start_date":"1843"}}},{"type":"Feature","id":"node/1607071197","geometry":{"type":"Point","coordinates":[5.8497805,50.0222166]},"properties":{"osm_type":"node","osm_id":1607071197,"category":"historic","name":"LB242","wikidata":null,"wikipedia":null,"tags":{"historic":"boundary_stone","image":"https://archive.org/details/lb242","material":"metal","name":"LB242","start_date":"1843"}}},{"type":"Feature","id":"node/1607071214","geometry":{"type":"Point","coordinates":[5.8524627,50.0229003]},"properties":{"osm_type":"node","osm_id":1607071214,"category":"historic","name":"LB243","wikidata":null,"wikipedia":null,"tags":{"historic":"boundary_stone","image":"https://archive.org/details/lb243","name":"LB243","start_date":"1843"}}},{"type":"Feature","id":"node/1607071259","geometry":{"type":"Point","coordinates":[5.8598732,50.0288666]},"properties":{"osm_type":"node","osm_id":1607071259,"category":"historic","name":"LB245","wikidata":null,"wikipedia":null,"tags":{"historic":"boundary_stone","image":"https://archive.org/details/lb245","material":"metal","name":"LB245","start_date":"1843"}}},{"type":"Feature","id":"node/1607071296","geometry":{"type":"Point","coordinates":[5.8589463,50.031332]},"properties":{"osm_type":"node","osm_id":1607071296,"category":"historic","name":"LB246","wikidata":null,"wikipedia":null,"tags":{"historic":"boundary_stone","image":"https://archive.org/details/lb246","material":"metal","name":"LB246","start_date":"1843"}}},{"type":"Feature","id":"node/1607071502","geometry":{"type":"Point","coordinates":[5.865343,50.042423]},"properties":{"osm_type":"node","osm_id":1607071502,"category":"historic","name":"LB251","wikidata":null,"wikipedia":null,"tags":{"historic":"boundary_stone","image":"https://archive.org/details/lb251","material":"metal","name":"LB251","start_date":"1843"}}},{"type":"Feature","id":"node/1607071802","geometry":{"type":"Point","coordinates":[5.8674088,50.0500835]},"properties":{"osm_type":"node","osm_id":1607071802,"category":"historic","name":"LB254","wikidata":null,"wikipedia":null,"tags":{"historic":"boundary_stone","image":"https://archive.org/details/lb254","material":"metal","name":"LB254","start_date":"1843"}}},{"type":"Feature","id":"node/1607071916","geometry":{"type":"Point","coordinates":[5.861124,50.05503]},"properties":{"osm_type":"node","osm_id":1607071916,"category":"historic","name":"LB255","wikidata":null,"wikipedia":null,"tags":{"historic":"boundary_stone","image":"https://archive.org/details/lb255","material":"metal","name":"LB255","start_date":"1843"}}},{"type":"Feature","id":"node/1607072036","geometry":{"type":"Point","coordinates":[5.8566724,50.0616086]},"properties":{"osm_type":"node","osm_id":1607072036,"category":"historic","name":"BNE258/LB258","wikidata":null,"wikipedia":null,"tags":{"historic":"boundary_stone","image":"https://archive.org/details/lb258","material":"metal","name":"BNE258/LB258","start_date":"1843"}}},{"type":"Feature","id":"node/1607072659","geometry":{"type":"Point","coordinates":[5.8823488,50.0761444]},"properties":{"osm_type":"node","osm_id":1607072659,"category":"historic","name":"LB261","wikidata":null,"wikipedia":null,"tags":{"historic":"boundary_stone","image":"https://archive.org/details/lb261","material":"metal","name":"LB261","start_date":"1843"}}},{"type":"Feature","id":"node/1607073798","geometry":{"type":"Point","coordinates":[5.8894701,50.0957156]},"properties":{"osm_type":"node","osm_id":1607073798,"category":"historic","name":"LB263","wikidata":null,"wikipedia":null,"tags":{"historic":"boundary_stone","image":"https://archive.org/details/lb263","material":"metal","name":"LB263","start_date":"1843"}}},{"type":"Feature","id":"node/1607074505","geometry":{"type":"Point","coordinates":[5.8946212,50.1010489]},"properties":{"osm_type":"node","osm_id":1607074505,"category":"historic","name":"LB264","wikidata":null,"wikipedia":null,"tags":{"historic":"boundary_stone","image":"https://archive.org/details/lb264","material":"metal","name":"LB264","start_date":"1843"}}},{"type":"Feature","id":"node/1607075758","geometry":{"type":"Point","coordinates":[5.9342912,50.1267643]},"properties":{"osm_type":"node","osm_id":1607075758,"category":"historic","name":"LB270","wikidata":null,"wikipedia":null,"tags":{"historic":"boundary_stone","image":"https://archive.org/details/lb270","material":"metal","name":"LB270","start_date":"1843"}}},{"type":"Feature","id":"node/1607076001","geometry":{"type":"Point","coordinates":[5.9427507,50.1288608]},"properties":{"osm_type":"node","osm_id":1607076001,"category":"historic","name":"LB271","wikidata":null,"wikipedia":null,"tags":{"historic":"boundary_stone","image":"https://archive.org/details/lb271","material":"metal","name":"LB271","start_date":"1843"}}},{"type":"Feature","id":"node/1607076307","geometry":{"type":"Point","coordinates":[5.954015,50.1301912]},"properties":{"osm_type":"node","osm_id":1607076307,"category":"historic","name":"LB273","wikidata":null,"wikipedia":null,"tags":{"historic":"boundary_stone","image":"https://archive.org/details/lb273_202304","material":"metal","name":"LB273","start_date":"1843"}}},{"type":"Feature","id":"node/1607078547","geometry":{"type":"Point","coordinates":[6.0553493,50.1551482]},"properties":{"osm_type":"node","osm_id":1607078547,"category":"historic","name":"Prussia Luxembourg No 68","wikidata":null,"wikipedia":null,"tags":{"historic":"boundary_stone","image":"File:Neu-Belgisch_(Preußisch)-Luxemburgischer_Grenzstein_Nr._68_(1).jpg","name":"Prussia Luxembourg No 68","name:de":"Preußen Luxemburg Nr. 68","name:fr":"Prusse Luxembourg n° 68","name:nl":"Pruisen Luxemburg nr. 68","start_date":"1866"}}},{"type":"Feature","id":"node/1607078804","geometry":{"type":"Point","coordinates":[6.0487615,50.1571865]},"properties":{"osm_type":"node","osm_id":1607078804,"category":"historic","name":"Prussia Luxembourg No 70","wikidata":null,"wikipedia":null,"tags":{"historic":"boundary_stone","image":"File:Neu-Belgisch_(Preußisch)-Luxemburgischer_Grenzstein_Nr._70_(1).jpg","name":"Prussia Luxembourg No 70","name:de":"Preußen Luxemburg Nr. 70","name:fr":"Prusse Luxembourg n° 70","name:nl":"Pruisen Luxemburg nr. 70","start_date":"1866"}}},{"type":"Feature","id":"node/1607081862","geometry":{"type":"Point","coordinates":[6.079328,50.1708088]},"properties":{"osm_type":"node","osm_id":1607081862,"category":"historic","name":"Prussia Luxembourg No 65","wikidata":null,"wikipedia":null,"tags":{"historic":"boundary_stone","image":"File:Neu-Belgisch_(Preußisch)-Luxemburgischer_Grenzstein_Nr._65_(zwei)_(5).jpg","name":"Prussia Luxembourg No 65","name:de":"Preußen Luxemburg Nr. 65","name:fr":"Prusse Luxembourg n° 65","name:nl":"Pruisen Luxemburg nr. 65","start_date":"1866"}}},{"type":"Feature","id":"node/1607354926","geometry":{"type":"Point","coordinates":[5.8961745,49.7267197]},"properties":{"osm_type":"node","osm_id":1607354926,"category":"museum","name":"Déi al Millen","wikidata":null,"wikipedia":null,"tags":{"name":"Déi al Millen","tourism":"museum"}}},{"type":"Feature","id":"node/1612445261","geometry":{"type":"Point","coordinates":[6.1030834,49.8478199]},"properties":{"osm_type":"node","osm_id":1612445261,"category":"memorial","name":"Lucien Salentiny","wikidata":null,"wikipedia":null,"tags":{"historic":"memorial","memorial":"plaque","name":"Lucien Salentiny"}}},{"type":"Feature","id":"node/1636558761","geometry":{"type":"Point","coordinates":[6.441506,49.6791726]},"properties":{"osm_type":"node","osm_id":1636558761,"category":"historic","name":"Govers","wikidata":null,"wikipedia":null,"tags":{"amenity":"restaurant","historic":"yes","name":"Govers"}}},{"type":"Feature","id":"node/1636574798","geometry":{"type":"Point","coordinates":[6.44442,49.6795172]},"properties":{"osm_type":"node","osm_id":1636574798,"category":"memorial","name":"Joseph Bech","wikidata":null,"wikipedia":null,"tags":{"historic":"memorial","memorial":"statue","name":"Joseph Bech"}}},{"type":"Feature","id":"node/1640540775","geometry":{"type":"Point","coordinates":[6.1217125,49.5305423]},"properties":{"osm_type":"node","osm_id":1640540775,"category":"memorial","name":"1944-1994","wikidata":null,"wikipedia":null,"tags":{"historic":"memorial","name":"1944-1994"}}},{"type":"Feature","id":"node/1662675544","geometry":{"type":"Point","coordinates":[5.9339371,49.9666437]},"properties":{"osm_type":"node","osm_id":1662675544,"category":"monument","name":"Monument National de la Grève","wikidata":"Q16764263","wikipedia":null,"tags":{"historic":"monument","name":"Monument National de la Grève","website":"https://www.visit-eislek.lu/en/portfolio-fiche/monuments-memorials/national-strike-monument","wheelchair":"limited","wikidata":"Q16764263"}}},{"type":"Feature","id":"node/1662678186","geometry":{"type":"Point","coordinates":[5.9332688,49.9668692]},"properties":{"osm_type":"node","osm_id":1662678186,"category":"memorial","name":"1839-1939","wikidata":null,"wikipedia":null,"tags":{"historic":"memorial","name":"1839-1939"}}},{"type":"Feature","id":"node/1662719442","geometry":{"type":"Point","coordinates":[5.9370333,49.9660478]},"properties":{"osm_type":"node","osm_id":1662719442,"category":"historic","name":"Croix de Justice","wikidata":null,"wikipedia":null,"tags":{"historic":"wayside_cross","name":"Croix de Justice"}}},{"type":"Feature","id":"node/1662835933","geometry":{"type":"Point","coordinates":[5.9350095,49.9650662]},"properties":{"osm_type":"node","osm_id":1662835933,"category":"artwork","name":"International Scouting – One Penny Monument","wikidata":null,"wikipedia":null,"tags":{"name":"International Scouting – One Penny Monument","start_date":"1982-08-08","tourism":"artwork"}}},{"type":"Feature","id":"node/1671274799","geometry":{"type":"Point","coordinates":[6.0832704,49.4750152]},"properties":{"osm_type":"node","osm_id":1671274799,"category":"memorial","name":"Baden Powell","wikidata":null,"wikipedia":null,"tags":{"historic":"memorial","material":"stone","memorial":"stele","name":"Baden Powell","wheelchair":"yes"}}},{"type":"Feature","id":"node/1677385147","geometry":{"type":"Point","coordinates":[6.2055908,49.6792199]},"properties":{"osm_type":"node","osm_id":1677385147,"category":"historic","name":"Biirgerkraiz","wikidata":null,"wikipedia":null,"tags":{"historic":"wayside_cross","name":"Biirgerkraiz"}}},{"type":"Feature","id":"node/1684514405","geometry":{"type":"Point","coordinates":[6.1324862,49.5689105]},"properties":{"osm_type":"node","osm_id":1684514405,"category":"heritage","name":"Buchen zu Hesper","wikidata":null,"wikipedia":"lb:Kéibur (Hesper)","tags":{"heritage":"2","name":"Buchen zu Hesper","wikipedia":"lb:Kéibur (Hesper)"}}},{"type":"Feature","id":"node/1690925457","geometry":{"type":"Point","coordinates":[6.0762351,49.9555491]},"properties":{"osm_type":"node","osm_id":1690925457,"category":"artwork","name":"Marimba Allouette","wikidata":null,"wikipedia":null,"tags":{"name":"Marimba Allouette","tourism":"artwork"}}},{"type":"Feature","id":"node/1690925460","geometry":{"type":"Point","coordinates":[6.0728275,49.9436542]},"properties":{"osm_type":"node","osm_id":1690925460,"category":"artwork","name":"Musikalische Zaungäste","wikidata":null,"wikipedia":null,"tags":{"name":"Musikalische Zaungäste","tourism":"artwork"}}},{"type":"Feature","id":"node/1690925461","geometry":{"type":"Point","coordinates":[6.0683247,49.9466136]},"properties":{"osm_type":"node","osm_id":1690925461,"category":"artwork","name":"Röhrenglockenreihe","wikidata":null,"wikipedia":null,"tags":{"name":"Röhrenglockenreihe","tourism":"artwork"}}},{"type":"Feature","id":"node/1690925462","geometry":{"type":"Point","coordinates":[6.0649587,49.9458402]},"properties":{"osm_type":"node","osm_id":1690925462,"category":"artwork","name":"Wald-Telefon","wikidata":null,"wikipedia":null,"tags":{"name":"Wald-Telefon","tourism":"artwork"}}},{"type":"Feature","id":"node/1726572604","geometry":{"type":"Point","coordinates":[6.380786,49.556964]},"properties":{"osm_type":"node","osm_id":1726572604,"category":"castle","name":"Schloss Remich","wikidata":null,"wikipedia":null,"tags":{"historic":"castle","name":"Schloss Remich"}}},{"type":"Feature","id":"node/1736387540","geometry":{"type":"Point","coordinates":[6.1533985,49.5782912]},"properties":{"osm_type":"node","osm_id":1736387540,"category":"memorial","name":"In memory: 84th infantry division, 333rd infantry regiment","wikidata":null,"wikipedia":null,"tags":{"historic":"memorial","name":"In memory: 84th infantry division, 333rd infantry regiment"}}},{"type":"Feature","id":"node/1737371233","geometry":{"type":"Point","coordinates":[6.1338146,49.6603953]},"properties":{"osm_type":"node","osm_id":1737371233,"category":"castle","name":"Château de Walferdange","wikidata":"Q3247774","wikipedia":"lb:Walfer Schlass","tags":{"historic":"castle","name":"Château de Walferdange","name:lb":"Walfer Schlass","website":"https://walfer.lu/virtual_visit/chateau/","wikidata":"Q3247774","wikipedia":"lb:Walfer Schlass"}}},{"type":"Feature","id":"node/1756168430","geometry":{"type":"Point","coordinates":[6.3861321,49.6008857]},"properties":{"osm_type":"node","osm_id":1756168430,"category":"museum","name":"Musée du Vin","wikidata":null,"wikipedia":null,"tags":{"name":"Musée du Vin","tourism":"museum"}}},{"type":"Feature","id":"node/1778006382","geometry":{"type":"Point","coordinates":[5.8617761,49.5342987]},"properties":{"osm_type":"node","osm_id":1778006382,"category":"historic","name":"Train de laminage","wikidata":null,"wikipedia":null,"tags":{"historic":"technical_monument","name":"Train de laminage","name:de":"Walzstrasse","name:fr":"Train de laminage","name:lb":"Walzstrooss","tourism":"attraction","website":"http://www.fond-de-gras.lu/","wheelchair":"yes"}}},{"type":"Feature","id":"node/1780553102","geometry":{"type":"Point","coordinates":[6.0660939,49.4805064]},"properties":{"osm_type":"node","osm_id":1780553102,"category":"historic","name":"Gewerkschaft Jünkerath n°11","wikidata":null,"wikipedia":null,"tags":{"historic":"locomotive","name":"Gewerkschaft Jünkerath n°11","tourism":"attraction","website":"https://www.industrie.lu/arbeddudelangecrassier.html"}}},{"type":"Feature","id":"node/1802821982","geometry":{"type":"Point","coordinates":[6.1045419,49.6061503]},"properties":{"osm_type":"node","osm_id":1802821982,"category":"theatre","name":"Théatre National du Luxembourg","wikidata":null,"wikipedia":null,"tags":{"addr:city":"Luxembourg","addr:country":"LU","addr:housenumber":"194","addr:postcode":"1941","addr:street":"Route de Longwy","amenity":"theatre","name":"Théatre National du Luxembourg","wheelchair":"no"}}},{"type":"Feature","id":"node/1809772374","geometry":{"type":"Point","coordinates":[6.4297974,49.6979938]},"properties":{"osm_type":"node","osm_id":1809772374,"category":"archaeological_site","name":"Groesteen","wikidata":"Q108075957","wikipedia":null,"tags":{"historic":"archaeological_site","name":"Groesteen","wikidata":"Q108075957"}}},{"type":"Feature","id":"node/1820803635","geometry":{"type":"Point","coordinates":[6.1291787,49.6053475]},"properties":{"osm_type":"node","osm_id":1820803635,"category":"artwork","name":"Mother and Child: Block Seat 1983-84 (LH 838)","wikidata":null,"wikipedia":null,"tags":{"artist_name":"Henry Moore","artwork_type":"sculpture","name":"Mother and Child: Block Seat 1983-84 (LH 838)","tourism":"artwork"}}},{"type":"Feature","id":"node/1820880904","geometry":{"type":"Point","coordinates":[6.1324148,49.6122504]},"properties":{"osm_type":"node","osm_id":1820880904,"category":"artwork","name":"peintures murales du frère Abraham Gilson d’Orval","wikidata":null,"wikipedia":null,"tags":{"heritage":"2","historic":"listed","name":"peintures murales du frère Abraham Gilson d’Orval","tourism":"artwork"}}},{"type":"Feature","id":"node/1820933434","geometry":{"type":"Point","coordinates":[6.136469,49.6014043]},"properties":{"osm_type":"node","osm_id":1820933434,"category":"arts_centre","name":"Rotondes","wikidata":"Q13104893","wikipedia":"en:Rotondes (Luxembourg)","tags":{"amenity":"arts_centre","name":"Rotondes","website":"https://www.rotondes.lu/","wikidata":"Q13104893","wikipedia":"en:Rotondes (Luxembourg)"}}},{"type":"Feature","id":"node/1826061377","geometry":{"type":"Point","coordinates":[6.2795537,49.5035045]},"properties":{"osm_type":"node","osm_id":1826061377,"category":"memorial","name":"Premiere Semaine d'Aviation 12 Juin 1910","wikidata":null,"wikipedia":null,"tags":{"historic":"memorial","memorial":"stone","name":"Premiere Semaine d'Aviation 12 Juin 1910"}}},{"type":"Feature","id":"node/1826078624","geometry":{"type":"Point","coordinates":[6.2824438,49.5011617]},"properties":{"osm_type":"node","osm_id":1826078624,"category":"museum","name":"Musée de l'aviation","wikidata":null,"wikipedia":null,"tags":{"name":"Musée de l'aviation","opening_hours":"We-Su 14:00-18:00","tourism":"museum"}}},{"type":"Feature","id":"node/1827616245","geometry":{"type":"Point","coordinates":[6.1238648,49.6227932]},"properties":{"osm_type":"node","osm_id":1827616245,"category":"memorial","name":"1839-1939","wikidata":null,"wikipedia":null,"tags":{"historic":"memorial","name":"1839-1939"}}},{"type":"Feature","id":"node/1829951361","geometry":{"type":"Point","coordinates":[6.1443479,49.4877764]},"properties":{"osm_type":"node","osm_id":1829951361,"category":"historic","name":"FL164","wikidata":null,"wikipedia":null,"tags":{"historic":"boundary_stone","material":"stone","name":"FL164"}}},{"type":"Feature","id":"node/1832191758","geometry":{"type":"Point","coordinates":[5.8759268,49.6157487]},"properties":{"osm_type":"node","osm_id":1832191758,"category":"historic","name":"LB058","wikidata":null,"wikipedia":null,"tags":{"historic":"boundary_stone","image":"https://archive.org/details/lb058","material":"metal","name":"LB058","start_date":"1843"}}},{"type":"Feature","id":"node/1854747802","geometry":{"type":"Point","coordinates":[5.8768804,49.5570315]},"properties":{"osm_type":"node","osm_id":1854747802,"category":"memorial","name":"Enrôlés de Force","wikidata":null,"wikipedia":null,"tags":{"historic":"memorial","memorial":"war_memorial","name":"Enrôlés de Force"}}},{"type":"Feature","id":"node/1872508685","geometry":{"type":"Point","coordinates":[6.0186688,49.4585781]},"properties":{"osm_type":"node","osm_id":1872508685,"category":"memorial","name":"Léintgeskräiz","wikidata":null,"wikipedia":null,"tags":{"historic":"memorial","material":"stone","memorial":"cross","name":"Léintgeskräiz"}}},{"type":"Feature","id":"node/1886892356","geometry":{"type":"Point","coordinates":[5.8772414,49.6123713]},"properties":{"osm_type":"node","osm_id":1886892356,"category":"historic","name":"LB055","wikidata":null,"wikipedia":null,"tags":{"historic":"boundary_stone","image":"https://archive.org/details/lb055","material":"metal","name":"LB055","start_date":"1843"}}},{"type":"Feature","id":"node/1893711000","geometry":{"type":"Point","coordinates":[6.0057741,49.5040798]},"properties":{"osm_type":"node","osm_id":1893711000,"category":"memorial","name":"Imprimerie clandestine","wikidata":null,"wikipedia":null,"tags":{"historic":"memorial","name":"Imprimerie clandestine","name:de":"Geheimdruckerei","name:fr":"Imprimerie clandestine"}}},{"type":"Feature","id":"node/1894206710","geometry":{"type":"Point","coordinates":[6.2581856,49.674182]},"properties":{"osm_type":"node","osm_id":1894206710,"category":"heritage","name":"Eech um Engelshaff","wikidata":null,"wikipedia":"lb:Eech um Engelshaff","tags":{"heritage":"2","name":"Eech um Engelshaff","wikipedia":"lb:Eech um Engelshaff"}}},{"type":"Feature","id":"node/1895272996","geometry":{"type":"Point","coordinates":[6.498699,49.7843671]},"properties":{"osm_type":"node","osm_id":1895272996,"category":"heritage","name":"Lann op der Giischterklaus","wikidata":null,"wikipedia":"lb:Lann op der Giischterklaus","tags":{"heritage":"2","name":"Lann op der Giischterklaus","wikipedia":"lb:Lann op der Giischterklaus"}}},{"type":"Feature","id":"node/1896420861","geometry":{"type":"Point","coordinates":[6.0064087,49.4766842]},"properties":{"osm_type":"node","osm_id":1896420861,"category":"memorial","name":"Memorial for 2 pilots who died here in a plane crash (Oxford G-AIRZ)","wikidata":null,"wikipedia":null,"tags":{"historic":"memorial","name":"Memorial for 2 pilots who died here in a plane crash (Oxford G-AIRZ)"}}},{"type":"Feature","id":"node/1914542440","geometry":{"type":"Point","coordinates":[6.1338798,49.606647]},"properties":{"osm_type":"node","osm_id":1914542440,"category":"memorial","name":"Luxemburgensium amplius animi quam montes et rupes valuere","wikidata":null,"wikipedia":null,"tags":{"historic":"memorial","memorial":"war_memorial","name":"Luxemburgensium amplius animi quam montes et rupes valuere"}}},{"type":"Feature","id":"node/1914542455","geometry":{"type":"Point","coordinates":[6.1339954,49.6066881]},"properties":{"osm_type":"node","osm_id":1914542455,"category":"memorial","name":"Corps de la Garde Grand-Ducale","wikidata":null,"wikipedia":null,"tags":{"historic":"memorial","memorial":"war_memorial","name":"Corps de la Garde Grand-Ducale","name:de":"Denkmal der Großherzoglichen Garde"}}},{"type":"Feature","id":"node/1914579754","geometry":{"type":"Point","coordinates":[5.8452064,49.5405642]},"properties":{"osm_type":"node","osm_id":1914579754,"category":"historic","name":"Alte Grubenbahn","wikidata":null,"wikipedia":null,"tags":{"historic":"locomotive","name":"Alte Grubenbahn"}}},{"type":"Feature","id":"node/1968302839","geometry":{"type":"Point","coordinates":[6.1593661,49.6262739]},"properties":{"osm_type":"node","osm_id":1968302839,"category":"memorial","name":"Radar scanner","wikidata":null,"wikipedia":null,"tags":{"historic":"memorial","memorial":"statue","name":"Radar scanner"}}},{"type":"Feature","id":"node/1985282887","geometry":{"type":"Point","coordinates":[6.143772,49.6133592]},"properties":{"osm_type":"node","osm_id":1985282887,"category":"memorial","name":"À nos Morts 1940 - 1945","wikidata":null,"wikipedia":null,"tags":{"historic":"memorial","memorial":"war_memorial","name":"À nos Morts 1940 - 1945","name:de":"Unseren Toten 1940 - 1945"}}},{"type":"Feature","id":"node/1989822980","geometry":{"type":"Point","coordinates":[6.2256852,49.7618951]},"properties":{"osm_type":"node","osm_id":1989822980,"category":"historic","name":"Hiker chapel","wikidata":null,"wikipedia":null,"tags":{"historic":"wayside_shrine","name":"Hiker chapel"}}},{"type":"Feature","id":"node/2049071241","geometry":{"type":"Point","coordinates":[6.1507974,49.6131661]},"properties":{"osm_type":"node","osm_id":2049071241,"category":"fort","name":"Fort Dumoulin","wikidata":"Q13102628","wikipedia":"lb:Fort Dumoulin","tags":{"historic":"fort","name":"Fort Dumoulin","wikidata":"Q13102628","wikipedia":"lb:Fort Dumoulin"}}},{"type":"Feature","id":"node/2056803099","geometry":{"type":"Point","coordinates":[6.1421169,49.5897117]},"properties":{"osm_type":"node","osm_id":2056803099,"category":"theatre","name":"Theatre Ouvert Luxembourg","wikidata":null,"wikipedia":null,"tags":{"amenity":"theatre","name":"Theatre Ouvert Luxembourg"}}},{"type":"Feature","id":"node/2056856616","geometry":{"type":"Point","coordinates":[6.1357082,49.5981835]},"properties":{"osm_type":"node","osm_id":2056856616,"category":"theatre","name":"Banannefabrik","wikidata":null,"wikipedia":null,"tags":{"amenity":"theatre","name":"Banannefabrik"}}},{"type":"Feature","id":"node/2068366329","geometry":{"type":"Point","coordinates":[5.8809544,49.6834421]},"properties":{"osm_type":"node","osm_id":2068366329,"category":"memorial","name":"Last Train Petange-Ettelbrueck 23.09.67","wikidata":null,"wikipedia":null,"tags":{"historic":"memorial","name":"Last Train Petange-Ettelbrueck 23.09.67"}}},{"type":"Feature","id":"node/2075843705","geometry":{"type":"Point","coordinates":[5.8706567,49.5761966]},"properties":{"osm_type":"node","osm_id":2075843705,"category":"historic","name":"LB031","wikidata":null,"wikipedia":null,"tags":{"historic":"boundary_stone","image":"https://archive.org/details/lb031","material":"metal","name":"LB031","start_date":"1843"}}},{"type":"Feature","id":"node/2096394448","geometry":{"type":"Point","coordinates":[6.0586546,49.5380281]},"properties":{"osm_type":"node","osm_id":2096394448,"category":"archaeological_site","name":"Château de Mercy","wikidata":null,"wikipedia":null,"tags":{"historic":"archaeological_site","name":"Château de Mercy"}}},{"type":"Feature","id":"node/2203546713","geometry":{"type":"Point","coordinates":[6.0010021,49.938516]},"properties":{"osm_type":"node","osm_id":2203546713,"category":"ruins","name":"Hide Out FEB/JUN 1944","wikidata":null,"wikipedia":null,"tags":{"historic":"ruins","name":"Hide Out FEB/JUN 1944"}}},{"type":"Feature","id":"node/2208213695","geometry":{"type":"Point","coordinates":[5.9142388,49.5802823]},"properties":{"osm_type":"node","osm_id":2208213695,"category":"historic","name":"Public washhouse","wikidata":null,"wikipedia":null,"tags":{"historic":"lavoir","image":"https://imgur.com/hTPgSc6","name":"Public washhouse"}}},{"type":"Feature","id":"node/2231663847","geometry":{"type":"Point","coordinates":[6.0865129,49.4799443]},"properties":{"osm_type":"node","osm_id":2231663847,"category":"memorial","name":"Place des Enrôlés de Force","wikidata":null,"wikipedia":null,"tags":{"historic":"memorial","memorial":"war_memorial","name":"Place des Enrôlés de Force"}}},{"type":"Feature","id":"node/2265785357","geometry":{"type":"Point","coordinates":[6.0290779,49.5023774]},"properties":{"osm_type":"node","osm_id":2265785357,"category":"artwork","name":"Le Minettier","wikidata":null,"wikipedia":null,"tags":{"name":"Le Minettier","tourism":"artwork"}}},{"type":"Feature","id":"node/2269863399","geometry":{"type":"Point","coordinates":[6.1218088,49.6102168]},"properties":{"osm_type":"node","osm_id":2269863399,"category":"memorial","name":"Mahatma Gandhi","wikidata":"Q16762811","wikipedia":"lb:Buste vum Mahatma Gandhi am Stadpark zu Lëtzebuerg","tags":{"artist_name":"Amar Nath Sehgal","historic":"memorial","material":"bronze","memorial":"bust","name":"Mahatma Gandhi","start_date":"1973","wikidata":"Q16762811","wikipedia":"lb:Buste vum Mahatma Gandhi am Stadpark zu Lëtzebuerg"}}},{"type":"Feature","id":"node/2272066731","geometry":{"type":"Point","coordinates":[6.1853791,49.6232809]},"properties":{"osm_type":"node","osm_id":2272066731,"category":"theatre","name":"École Privée de Théâtre","wikidata":null,"wikipedia":null,"tags":{"amenity":"theatre","name":"École Privée de Théâtre"}}},{"type":"Feature","id":"node/2272537220","geometry":{"type":"Point","coordinates":[6.0569486,49.4877144]},"properties":{"osm_type":"node","osm_id":2272537220,"category":"heritage","name":"Eech zu Keel","wikidata":null,"wikipedia":null,"tags":{"heritage":"2","name":"Eech zu Keel"}}},{"type":"Feature","id":"node/2283648530","geometry":{"type":"Point","coordinates":[6.1852786,49.6120944]},"properties":{"osm_type":"node","osm_id":2283648530,"category":"tomb","name":"George S. Patton","wikidata":null,"wikipedia":null,"tags":{"historic":"tomb","name":"George S. Patton","name:zh":"巴顿将军纪念碑","tomb":"tombstone"}}},{"type":"Feature","id":"node/2289631448","geometry":{"type":"Point","coordinates":[6.1237866,49.6130375]},"properties":{"osm_type":"node","osm_id":2289631448,"category":"memorial","name":"Batty Weber","wikidata":null,"wikipedia":null,"tags":{"historic":"memorial","memorial":"stone","name":"Batty Weber"}}},{"type":"Feature","id":"node/2289631450","geometry":{"type":"Point","coordinates":[6.1233163,49.6139509]},"properties":{"osm_type":"node","osm_id":2289631450,"category":"memorial","name":"François Faber, Nicolas Frantz, Charly Gaul, Elsy Jacobs","wikidata":null,"wikipedia":null,"tags":{"historic":"memorial","memorial":"plaque","name":"François Faber, Nicolas Frantz, Charly Gaul, Elsy Jacobs"}}},{"type":"Feature","id":"node/2289631451","geometry":{"type":"Point","coordinates":[6.1249534,49.6157644]},"properties":{"osm_type":"node","osm_id":2289631451,"category":"memorial","name":"Siggy vu Lëtzebuerg","wikidata":null,"wikipedia":null,"tags":{"historic":"memorial","material":"bronze","memorial":"bust","name":"Siggy vu Lëtzebuerg"}}},{"type":"Feature","id":"node/2297345407","geometry":{"type":"Point","coordinates":[6.022538,50.0358614]},"properties":{"osm_type":"node","osm_id":2297345407,"category":"memorial","name":"Dräistempler","wikidata":null,"wikipedia":null,"tags":{"historic":"memorial","name":"Dräistempler"}}},{"type":"Feature","id":"node/2308226010","geometry":{"type":"Point","coordinates":[6.127905,49.6153404]},"properties":{"osm_type":"node","osm_id":2308226010,"category":"memorial","name":"Battle of the Bulge","wikidata":null,"wikipedia":null,"tags":{"historic":"memorial","memorial":"war_memorial","name":"Battle of the Bulge","wheelchair":"yes"}}},{"type":"Feature","id":"node/2308226011","geometry":{"type":"Point","coordinates":[6.1282788,49.614982]},"properties":{"osm_type":"node","osm_id":2308226011,"category":"memorial","name":"Joseph Kutter","wikidata":"Q16763779","wikipedia":"lb:Joseph-Kutter-Stèle","tags":{"historic":"memorial","memorial":"stele","name":"Joseph Kutter","wheelchair":"yes","wikidata":"Q16763779","wikipedia":"lb:Joseph-Kutter-Stèle"}}},{"type":"Feature","id":"node/2308226020","geometry":{"type":"Point","coordinates":[6.1291041,49.6151771]},"properties":{"osm_type":"node","osm_id":2308226020,"category":"artwork","name":"Le Passe-muraille","wikidata":"Q6507415","wikipedia":"en:Le Passe-muraille (sculpture)","tags":{"artist_name":"Jean-Bernard Métais","artwork_type":"sculpture","material":"metal","name":"Le Passe-muraille","start_date":"2006","tourism":"artwork","website":"http://www.jbmetais.com/index.php?act=article&id=15","wikidata":"Q6507415","wikipedia":"en:Le Passe-muraille (sculpture)"}}},{"type":"Feature","id":"node/2315802770","geometry":{"type":"Point","coordinates":[6.3537217,49.6560026]},"properties":{"osm_type":"node","osm_id":2315802770,"category":"archaeological_site","name":"Tonn","wikidata":null,"wikipedia":null,"tags":{"historic":"archaeological_site","name":"Tonn","website":"http://www.strassen-der-roemer.de/cgi-bin/cms?_SID=NEW&_sprache=de&_bereich=artikel&_aktion=detail&idartikel=100049&_template_variant2="}}},{"type":"Feature","id":"node/2322460112","geometry":{"type":"Point","coordinates":[6.3335456,49.8319327]},"properties":{"osm_type":"node","osm_id":2322460112,"category":"historic","name":"Steinkreuz","wikidata":null,"wikipedia":null,"tags":{"historic":"wayside_cross","material":"stone","name":"Steinkreuz"}}},{"type":"Feature","id":"node/2329561577","geometry":{"type":"Point","coordinates":[6.1485473,49.6183061]},"properties":{"osm_type":"node","osm_id":2329561577,"category":"memorial","name":"Jungfrau Maria","wikidata":null,"wikipedia":null,"tags":{"historic":"memorial","memorial":"statue","name":"Jungfrau Maria"}}},{"type":"Feature","id":"node/2331847204","geometry":{"type":"Point","coordinates":[6.1303877,49.6112639]},"properties":{"osm_type":"node","osm_id":2331847204,"category":"museum","name":"Ratskeller","wikidata":null,"wikipedia":null,"tags":{"name":"Ratskeller","opening_hours":"Mo-Su 11:00-19:00","tourism":"museum","website":"https://cerclecite.lu/","wheelchair":"yes"}}},{"type":"Feature","id":"node/2338377557","geometry":{"type":"Point","coordinates":[6.159878,49.6268772]},"properties":{"osm_type":"node","osm_id":2338377557,"category":"memorial","name":"Convertisseur Thomas","wikidata":null,"wikipedia":null,"tags":{"historic":"memorial","memorial":"statue","name":"Convertisseur Thomas"}}},{"type":"Feature","id":"node/2345306805","geometry":{"type":"Point","coordinates":[6.2997073,49.7463435]},"properties":{"osm_type":"node","osm_id":2345306805,"category":"memorial","name":"HALIFAX Square","wikidata":"Q105748803","wikipedia":"lb:Halifax-Monument am Marscherwald","tags":{"alt_name":"Halifax Crash Site","historic":"memorial","material":"wood","memorial":"stele","name":"HALIFAX Square","wikidata":"Q105748803","wikipedia":"lb:Halifax-Monument am Marscherwald"}}},{"type":"Feature","id":"node/2358574150","geometry":{"type":"Point","coordinates":[5.8980371,49.9154423]},"properties":{"osm_type":"node","osm_id":2358574150,"category":"memorial","name":"Bunker WW2","wikidata":null,"wikipedia":null,"tags":{"historic":"memorial","memorial":"war_memorial","name":"Bunker WW2"}}},{"type":"Feature","id":"node/2382299910","geometry":{"type":"Point","coordinates":[6.1531323,49.4917118]},"properties":{"osm_type":"node","osm_id":2382299910,"category":"historic","name":"FL165","wikidata":null,"wikipedia":null,"tags":{"historic":"boundary_stone","material":"stone","name":"FL165"}}},{"type":"Feature","id":"node/2408327633","geometry":{"type":"Point","coordinates":[6.1070984,49.607056]},"properties":{"osm_type":"node","osm_id":2408327633,"category":"theatre","name":"Les Ateliers du Théâtre National du Luxembourg","wikidata":null,"wikipedia":null,"tags":{"amenity":"theatre","name":"Les Ateliers du Théâtre National du Luxembourg"}}},{"type":"Feature","id":"node/2420585855","geometry":{"type":"Point","coordinates":[6.3666149,49.4708665]},"properties":{"osm_type":"node","osm_id":2420585855,"category":"memorial","name":"Memorial of 25 years of Schengen Treaty","wikidata":null,"wikipedia":null,"tags":{"historic":"memorial","name":"Memorial of 25 years of Schengen Treaty"}}},{"type":"Feature","id":"node/2420585857","geometry":{"type":"Point","coordinates":[6.36697,49.4724294]},"properties":{"osm_type":"node","osm_id":2420585857,"category":"monument","name":"Memorial of the Schengen Treaty","wikidata":null,"wikipedia":null,"tags":{"historic":"monument","name":"Memorial of the Schengen Treaty"}}},{"type":"Feature","id":"node/2476389099","geometry":{"type":"Point","coordinates":[6.2779096,49.5036115]},"properties":{"osm_type":"node","osm_id":2476389099,"category":"memorial","name":"Gare Internationale de Mondorf 1882-1955","wikidata":null,"wikipedia":null,"tags":{"historic":"memorial","material":"stone","memorial":"stele","name":"Gare Internationale de Mondorf 1882-1955"}}},{"type":"Feature","id":"node/2494827221","geometry":{"type":"Point","coordinates":[6.156823,49.5728164]},"properties":{"osm_type":"node","osm_id":2494827221,"category":"memorial","name":"December 26, 1944","wikidata":null,"wikipedia":null,"tags":{"historic":"memorial","memorial":"plaque","name":"December 26, 1944"}}},{"type":"Feature","id":"node/2517042405","geometry":{"type":"Point","coordinates":[6.2913548,49.8376645]},"properties":{"osm_type":"node","osm_id":2517042405,"category":"artwork","name":"Frendschaftskrees","wikidata":null,"wikipedia":null,"tags":{"artwork_type":"sculpture","material":"wood","name":"Frendschaftskrees","tourism":"artwork"}}},{"type":"Feature","id":"node/2517159102","geometry":{"type":"Point","coordinates":[6.2883017,49.8408414]},"properties":{"osm_type":"node","osm_id":2517159102,"category":"memorial","name":"150 Joer Onofhengeschkeet","wikidata":null,"wikipedia":null,"tags":{"historic":"memorial","memorial":"yes","name":"150 Joer Onofhengeschkeet"}}},{"type":"Feature","id":"node/2518347835","geometry":{"type":"Point","coordinates":[6.2749124,49.8565644]},"properties":{"osm_type":"node","osm_id":2518347835,"category":"memorial","name":"Robert N. Hebert","wikidata":null,"wikipedia":null,"tags":{"historic":"memorial","memorial":"stone","name":"Robert N. Hebert"}}},{"type":"Feature","id":"node/2560508860","geometry":{"type":"Point","coordinates":[6.2231916,49.5208982]},"properties":{"osm_type":"node","osm_id":2560508860,"category":"memorial","name":"Vierge Marie","wikidata":null,"wikipedia":null,"tags":{"historic":"memorial","memorial":"statue","name":"Vierge Marie"}}},{"type":"Feature","id":"node/2625070742","geometry":{"type":"Point","coordinates":[6.0792117,49.6560155]},"properties":{"osm_type":"node","osm_id":2625070742,"category":"heritage","name":"Eech um Briddel","wikidata":"Q2972099","wikipedia":"fr:Chêne de Bridel","tags":{"heritage":"2","name":"Eech um Briddel","name:fr":"Chêne de Bridel","wikidata":"Q2972099","wikipedia":"fr:Chêne de Bridel"}}},{"type":"Feature","id":"node/2629682135","geometry":{"type":"Point","coordinates":[6.4221052,49.6629539]},"properties":{"osm_type":"node","osm_id":2629682135,"category":"historic","name":"Sainte Vierge Marie","wikidata":null,"wikipedia":null,"tags":{"denomination":"roman_catholic","historic":"wayside_shrine","name":"Sainte Vierge Marie","religion":"christian"}}},{"type":"Feature","id":"node/2660264545","geometry":{"type":"Point","coordinates":[6.0126979,49.4638262]},"properties":{"osm_type":"node","osm_id":2660264545,"category":"monument","name":"Locomotive Alsthom MFA 131 No 71","wikidata":null,"wikipedia":null,"tags":{"historic":"monument","name":"Locomotive Alsthom MFA 131 No 71","operator":"ARBED","website":"https://www.bahnbilder.de/name/karte/place/dudelange/lon/6.08/lat/49.47.html#6.08,49.47,17"}}},{"type":"Feature","id":"node/2661417146","geometry":{"type":"Point","coordinates":[5.8222451,50.0059183]},"properties":{"osm_type":"node","osm_id":2661417146,"category":"historic","name":"LB233","wikidata":null,"wikipedia":null,"tags":{"historic":"boundary_stone","image":"https://archive.org/details/lb233_202304","material":"cast_iron","name":"LB233","start_date":"1843"}}},{"type":"Feature","id":"node/2691821538","geometry":{"type":"Point","coordinates":[6.0859588,49.4779072]},"properties":{"osm_type":"node","osm_id":2691821538,"category":"memorial","name":"Emplacement Ancienne Eglise","wikidata":null,"wikipedia":null,"tags":{"historic":"memorial","material":"stone","memorial":"stele","name":"Emplacement Ancienne Eglise"}}},{"type":"Feature","id":"node/2700532115","geometry":{"type":"Point","coordinates":[6.1831808,49.7883192]},"properties":{"osm_type":"node","osm_id":2700532115,"category":"historic","name":"1665 Wayside Cross","wikidata":null,"wikipedia":null,"tags":{"historic":"wayside_cross","name":"1665 Wayside Cross"}}},{"type":"Feature","id":"node/2752304178","geometry":{"type":"Point","coordinates":[5.8909881,49.5328768]},"properties":{"osm_type":"node","osm_id":2752304178,"category":"memorial","name":"Monument Bunker Hondsbesch","wikidata":"Q13101848","wikipedia":"lb:Bunker Hondsbësch","tags":{"historic":"memorial","material":"stone","memorial":"statue","name":"Monument Bunker Hondsbesch","wheelchair":"limited","wikidata":"Q13101848","wikipedia":"lb:Bunker Hondsbësch"}}},{"type":"Feature","id":"node/2753433498","geometry":{"type":"Point","coordinates":[5.8885732,49.5187548]},"properties":{"osm_type":"node","osm_id":2753433498,"category":"memorial","name":"Streikmonument","wikidata":"Q13105131","wikipedia":"lb:Streikmonument Déifferdeng","tags":{"artist_name":"Claus Cito","historic":"memorial","memorial":"war_memorial","name":"Streikmonument","start_date":"1958","wheelchair":"limited","wikidata":"Q13105131","wikipedia":"lb:Streikmonument Déifferdeng"}}},{"type":"Feature","id":"node/2753937381","geometry":{"type":"Point","coordinates":[5.8585789,49.5282988]},"properties":{"osm_type":"node","osm_id":2753937381,"category":"historic","name":"Franzousekraiz","wikidata":null,"wikipedia":null,"tags":{"alt_name":"Monument du Souvenir","historic":"wayside_cross","name":"Franzousekraiz"}}},{"type":"Feature","id":"node/2754450658","geometry":{"type":"Point","coordinates":[5.8523942,49.5438573]},"properties":{"osm_type":"node","osm_id":2754450658,"category":"memorial","name":"Muttergottesknippchen","wikidata":"Q13104244","wikipedia":"lb:Muttergottesknippchen","tags":{"historic":"memorial","name":"Muttergottesknippchen","wikidata":"Q13104244","wikipedia":"lb:Muttergottesknippchen"}}},{"type":"Feature","id":"node/2756743386","geometry":{"type":"Point","coordinates":[5.9263598,49.5435812]},"properties":{"osm_type":"node","osm_id":2756743386,"category":"heritage","name":"Lann zu Suessem","wikidata":"Q13103703","wikipedia":"lb:Lann zu Suessem","tags":{"alt_name":"Suessemer Lann","heritage":"2","name":"Lann zu Suessem","wikidata":"Q13103703","wikipedia":"lb:Lann zu Suessem"}}},{"type":"Feature","id":"node/2787178924","geometry":{"type":"Point","coordinates":[5.8728129,49.5492137]},"properties":{"osm_type":"node","osm_id":2787178924,"category":"historic","name":"Missiounskräiz","wikidata":null,"wikipedia":null,"tags":{"historic":"wayside_cross","name":"Missiounskräiz"}}},{"type":"Feature","id":"node/2788071606","geometry":{"type":"Point","coordinates":[6.136569,49.6087155]},"properties":{"osm_type":"node","osm_id":2788071606,"category":"artwork","name":"Napoléon","wikidata":null,"wikipedia":null,"tags":{"artwork_type":"statue","name":"Napoléon","tourism":"artwork"}}},{"type":"Feature","id":"node/2801929009","geometry":{"type":"Point","coordinates":[5.8883668,49.949428]},"properties":{"osm_type":"node","osm_id":2801929009,"category":"memorial","name":"Massegraf (Mass grave)","wikidata":null,"wikipedia":null,"tags":{"historic":"memorial","memorial":"war_memorial","name":"Massegraf (Mass grave)"}}},{"type":"Feature","id":"node/2803979309","geometry":{"type":"Point","coordinates":[5.7640792,49.7931461]},"properties":{"osm_type":"node","osm_id":2803979309,"category":"historic","name":"BE-LU 152","wikidata":null,"wikipedia":null,"tags":{"historic":"boundary_stone","image":"https://archive.org/details/lb152","material":"cast_iron","name":"BE-LU 152","start_date":"1843"}}},{"type":"Feature","id":"node/2803979364","geometry":{"type":"Point","coordinates":[5.7783215,49.7936826]},"properties":{"osm_type":"node","osm_id":2803979364,"category":"historic","name":"LU-BE 150","wikidata":null,"wikipedia":null,"tags":{"historic":"boundary_stone","image":"https://archive.org/details/lb150","material":"cast_iron","name":"LU-BE 150","start_date":"1843"}}},{"type":"Feature","id":"node/2803979390","geometry":{"type":"Point","coordinates":[5.7834165,49.7939234]},"properties":{"osm_type":"node","osm_id":2803979390,"category":"historic","name":"LU-BE 148","wikidata":null,"wikipedia":null,"tags":{"historic":"boundary_stone","image":"https://archive.org/details/lb148","material":"cast_iron","name":"LU-BE 148","start_date":"1843"}}},{"type":"Feature","id":"node/2803979410","geometry":{"type":"Point","coordinates":[5.7911587,49.7942524]},"properties":{"osm_type":"node","osm_id":2803979410,"category":"historic","name":"LU-BE 145","wikidata":null,"wikipedia":null,"tags":{"historic":"boundary_stone","image":"https://archive.org/details/lb145","material":"cast_iron","name":"LU-BE 145","start_date":"1843"}}},{"type":"Feature","id":"node/2803979630","geometry":{"type":"Point","coordinates":[5.7869053,49.7963989]},"properties":{"osm_type":"node","osm_id":2803979630,"category":"historic","name":"LB147","wikidata":null,"wikipedia":null,"tags":{"historic":"boundary_stone","image":"https://archive.org/details/lb147","material":"metal","name":"LB147","start_date":"1843"}}},{"type":"Feature","id":"node/2819141050","geometry":{"type":"Point","coordinates":[5.870451,49.5491822]},"properties":{"osm_type":"node","osm_id":2819141050,"category":"memorial","name":"In memory of Sofiane Boukellal","wikidata":null,"wikipedia":null,"tags":{"historic":"memorial","name":"In memory of Sofiane Boukellal"}}},{"type":"Feature","id":"node/2844199805","geometry":{"type":"Point","coordinates":[5.9939261,49.4731049]},"properties":{"osm_type":"node","osm_id":2844199805,"category":"artwork","name":"Keramikfabrik Autisme Luxembourg ASBL","wikidata":null,"wikipedia":null,"tags":{"name":"Keramikfabrik Autisme Luxembourg ASBL","tourism":"artwork"}}},{"type":"Feature","id":"node/2871543547","geometry":{"type":"Point","coordinates":[6.1300786,49.6194627]},"properties":{"osm_type":"node","osm_id":2871543547,"category":"historic","name":"Groussen Härgott","wikidata":null,"wikipedia":null,"tags":{"historic":"wayside_cross","name":"Groussen Härgott"}}},{"type":"Feature","id":"node/2885282861","geometry":{"type":"Point","coordinates":[5.9349027,49.9097257]},"properties":{"osm_type":"node","osm_id":2885282861,"category":"memorial","name":"Statue de la Sainte Vierge","wikidata":null,"wikipedia":null,"tags":{"historic":"memorial","material":"bronze","memorial":"statue","name":"Statue de la Sainte Vierge","start_date":"1910-09-12"}}},{"type":"Feature","id":"node/2890943362","geometry":{"type":"Point","coordinates":[5.8868429,49.5162714]},"properties":{"osm_type":"node","osm_id":2890943362,"category":"memorial","name":"Mort pour la patrie","wikidata":null,"wikipedia":null,"tags":{"historic":"memorial","memorial":"war_memorial","name":"Mort pour la patrie"}}},{"type":"Feature","id":"node/2894414085","geometry":{"type":"Point","coordinates":[6.1920921,49.6675411]},"properties":{"osm_type":"node","osm_id":2894414085,"category":"historic","name":"Schetzel","wikidata":null,"wikipedia":null,"tags":{"amenity":"place_of_worship","denomination":"catholic","historic":"wayside_shrine","name":"Schetzel","religion":"christian"}}},{"type":"Feature","id":"node/2915797600","geometry":{"type":"Point","coordinates":[6.0833383,49.578715]},"properties":{"osm_type":"node","osm_id":2915797600,"category":"memorial","name":"Parcours Josy Mersch","wikidata":null,"wikipedia":null,"tags":{"historic":"memorial","name":"Parcours Josy Mersch"}}},{"type":"Feature","id":"node/2916410835","geometry":{"type":"Point","coordinates":[5.912697,49.6643276]},"properties":{"osm_type":"node","osm_id":2916410835,"category":"artwork","name":"Dino","wikidata":null,"wikipedia":null,"tags":{"artwork_type":"sculpture","name":"Dino","tourism":"artwork"}}},{"type":"Feature","id":"node/2926492298","geometry":{"type":"Point","coordinates":[5.9005421,49.5137801]},"properties":{"osm_type":"node","osm_id":2926492298,"category":"artwork","name":"Cromosoma 4","wikidata":null,"wikipedia":null,"tags":{"artist_name":"Paolo Vivian","artwork_type":"sculpture","name":"Cromosoma 4","tourism":"artwork"}}},{"type":"Feature","id":"node/2938511066","geometry":{"type":"Point","coordinates":[6.4227233,49.812367]},"properties":{"osm_type":"node","osm_id":2938511066,"category":"heritage","name":"Käschtebam zu Iechternach","wikidata":"Q16763934","wikipedia":"lb:Käschtebam zu Iechternach","tags":{"heritage":"2","name":"Käschtebam zu Iechternach","wikidata":"Q16763934","wikipedia":"lb:Käschtebam zu Iechternach"}}},{"type":"Feature","id":"node/2967509383","geometry":{"type":"Point","coordinates":[5.8771225,49.6734414]},"properties":{"osm_type":"node","osm_id":2967509383,"category":"historic","name":"LB086","wikidata":null,"wikipedia":null,"tags":{"historic":"boundary_stone","image":"https://archive.org/details/lb086","material":"metal","name":"LB086","start_date":"1843"}}},{"type":"Feature","id":"node/2977518719","geometry":{"type":"Point","coordinates":[5.9064328,49.8808558]},"properties":{"osm_type":"node","osm_id":2977518719,"category":"memorial","name":"Déck Lay","wikidata":null,"wikipedia":null,"tags":{"historic":"memorial","name":"Déck Lay","wheelchair":"no"}}},{"type":"Feature","id":"node/2980975778","geometry":{"type":"Point","coordinates":[5.8811658,49.5239329]},"properties":{"osm_type":"node","osm_id":2980975778,"category":"historic","name":"Mine Thillenberg","wikidata":null,"wikipedia":null,"tags":{"historic":"yes","name":"Mine Thillenberg","name:lb":"Mine Thillebierg"}}},{"type":"Feature","id":"node/2984341879","geometry":{"type":"Point","coordinates":[6.3582093,49.8153778]},"properties":{"osm_type":"node","osm_id":2984341879,"category":"historic","name":"Maria","wikidata":null,"wikipedia":null,"tags":{"amenity":"place_of_worship","historic":"wayside_shrine","name":"Maria"}}},{"type":"Feature","id":"node/2985855769","geometry":{"type":"Point","coordinates":[5.8899252,49.5338816]},"properties":{"osm_type":"node","osm_id":2985855769,"category":"artwork","name":"Dolles","wikidata":"Q16763137","wikipedia":"lb:Dolles","tags":{"artist_name":"Wil Lofy","artwork_type":"statue","name":"Dolles","start_date":"2011","tourism":"artwork","wikidata":"Q16763137","wikipedia":"lb:Dolles"}}},{"type":"Feature","id":"node/2985855771","geometry":{"type":"Point","coordinates":[5.8821342,49.5204223]},"properties":{"osm_type":"node","osm_id":2985855771,"category":"memorial","name":"Mémorial de l'Evasion","wikidata":null,"wikipedia":null,"tags":{"artist_name":"Jacques Dollar","historic":"memorial","material":"steel","memorial":"war_memorial","name":"Mémorial de l'Evasion","name:lb":"Passeurs-Monument","start_date":"1965"}}},{"type":"Feature","id":"node/3006959091","geometry":{"type":"Point","coordinates":[5.926414,49.5430535]},"properties":{"osm_type":"node","osm_id":3006959091,"category":"heritage","name":"Trauerbuch zu Suessem","wikidata":"Q13105281","wikipedia":"lb:Trauerbuch zu Suessem","tags":{"heritage":"2","name":"Trauerbuch zu Suessem","wikidata":"Q13105281","wikipedia":"lb:Trauerbuch zu Suessem"}}},{"type":"Feature","id":"node/3012367349","geometry":{"type":"Point","coordinates":[6.1392966,49.616395]},"properties":{"osm_type":"node","osm_id":3012367349,"category":"museum","name":"Musée Dräi Eechelen","wikidata":"Q15107302","wikipedia":"lb:Musée Dräi Eechelen - forteresse, histoire, identités","tags":{"addr:city":"Luxembourg","addr:housenumber":"5","addr:postcode":"1499","addr:street":"Park Dräi Eechelen","name":"Musée Dräi Eechelen","name:zh":"三橡果博物馆","opening_hours":"Tu,Th-Su,PH 10:00-18:00; We 10:00-20:00","tourism":"museum","website":"https://m3e.public.lu/fr.html","wheelchair":"yes","wikidata":"Q15107302","wikipedia":"lb:Musée Dräi Eechelen - forteresse, histoire, identités"}}},{"type":"Feature","id":"node/3017695801","geometry":{"type":"Point","coordinates":[5.8905462,49.5244947]},"properties":{"osm_type":"node","osm_id":3017695801,"category":"memorial","name":"Monument Emil Mark","wikidata":null,"wikipedia":null,"tags":{"artist_name":"Claus Cito","historic":"memorial","material":"stone","memorial":"bust","name":"Monument Emil Mark","start_date":"1936"}}},{"type":"Feature","id":"node/3022353694","geometry":{"type":"Point","coordinates":[5.9189258,49.5111911]},"properties":{"osm_type":"node","osm_id":3022353694,"category":"historic","name":"1954","wikidata":null,"wikipedia":null,"tags":{"historic":"wayside_shrine","name":"1954"}}},{"type":"Feature","id":"node/3024658353","geometry":{"type":"Point","coordinates":[6.0440896,49.671565]},"properties":{"osm_type":"node","osm_id":3024658353,"category":"artwork","name":"Hercule (copy)","wikidata":null,"wikipedia":null,"tags":{"artwork_type":"statue","name":"Hercule (copy)","tourism":"artwork"}}},{"type":"Feature","id":"node/3057929673","geometry":{"type":"Point","coordinates":[5.8873382,49.5229016]},"properties":{"osm_type":"node","osm_id":3057929673,"category":"memorial","name":"Monument pour les Mineurs et les Sidérurgistes","wikidata":null,"wikipedia":null,"tags":{"artist_name":"Pitt Brandenburger","historic":"memorial","name":"Monument pour les Mineurs et les Sidérurgistes","wheelchair":"yes"}}},{"type":"Feature","id":"node/3072463385","geometry":{"type":"Point","coordinates":[6.1357363,50.1298964]},"properties":{"osm_type":"node","osm_id":3072463385,"category":"memorial","name":"Gedenkstein Frankreich","wikidata":null,"wikipedia":null,"tags":{"historic":"memorial","name":"Gedenkstein Frankreich"}}},{"type":"Feature","id":"node/3072463386","geometry":{"type":"Point","coordinates":[6.1355488,50.1299742]},"properties":{"osm_type":"node","osm_id":3072463386,"category":"memorial","name":"Gedenkstein Luxembourg","wikidata":null,"wikipedia":null,"tags":{"historic":"memorial","name":"Gedenkstein Luxembourg"}}},{"type":"Feature","id":"node/3109635363","geometry":{"type":"Point","coordinates":[5.9747569,49.7915809]},"properties":{"osm_type":"node","osm_id":3109635363,"category":"historic","name":"Église de la Sainte-Trinité","wikidata":null,"wikipedia":null,"tags":{"amenity":"place_of_worship","denomination":"catholic","historic":"yes","name":"Église de la Sainte-Trinité","religion":"christian"}}},{"type":"Feature","id":"node/3120851606","geometry":{"type":"Point","coordinates":[6.1504379,49.9677662]},"properties":{"osm_type":"node","osm_id":3120851606,"category":"museum","name":"Koffergrouf vu Stolzebuerg","wikidata":"Q16763895","wikipedia":"lb:Koffergrouf vu Stolzebuerg","tags":{"heritage":"2","name":"Koffergrouf vu Stolzebuerg","name:de":"Kupfergrube in Stolzemburg","name:fr":"Mine de cuivre à Stolzembourg","tourism":"museum","website":"https://www.stolzembourg.lu/","wikidata":"Q16763895","wikipedia":"lb:Koffergrouf vu Stolzebuerg"}}},{"type":"Feature","id":"node/3156121862","geometry":{"type":"Point","coordinates":[5.8840989,49.5224094]},"properties":{"osm_type":"node","osm_id":3156121862,"category":"memorial","name":"Enrôlés de Force 1940-1945","wikidata":null,"wikipedia":null,"tags":{"historic":"memorial","memorial":"statue","name":"Enrôlés de Force 1940-1945","name:lb":"Zwangsrekrutéierte Monument"}}},{"type":"Feature","id":"node/3156177706","geometry":{"type":"Point","coordinates":[6.1376558,49.6083174]},"properties":{"osm_type":"node","osm_id":3156177706,"category":"memorial","name":"Fanfare Royale Grand-Ducale","wikidata":null,"wikipedia":null,"tags":{"historic":"memorial","name":"Fanfare Royale Grand-Ducale"}}},{"type":"Feature","id":"node/3212413485","geometry":{"type":"Point","coordinates":[5.7649753,49.809381]},"properties":{"osm_type":"node","osm_id":3212413485,"category":"memorial","name":"Monument Bombgroup","wikidata":null,"wikipedia":null,"tags":{"historic":"memorial","name":"Monument Bombgroup"}}},{"type":"Feature","id":"node/3219003863","geometry":{"type":"Point","coordinates":[5.8902379,49.6703328]},"properties":{"osm_type":"node","osm_id":3219003863,"category":"historic","name":"LB083","wikidata":null,"wikipedia":null,"tags":{"historic":"boundary_stone","image":"https://archive.org/details/lb083","material":"metal","name":"LB083","start_date":"1843"}}},{"type":"Feature","id":"node/3220780817","geometry":{"type":"Point","coordinates":[6.0868075,50.0937276]},"properties":{"osm_type":"node","osm_id":3220780817,"category":"memorial","name":"WW2 : 6th Armored Division","wikidata":null,"wikipedia":null,"tags":{"historic":"memorial","memorial":"war_memorial","name":"WW2 : 6th Armored Division"}}},{"type":"Feature","id":"node/3221545548","geometry":{"type":"Point","coordinates":[6.1032941,49.7463943]},"properties":{"osm_type":"node","osm_id":3221545548,"category":"memorial","name":"Jesus, de Wee","wikidata":null,"wikipedia":null,"tags":{"artist_name":"Serge Weis","historic":"memorial","material":"metal","memorial":"statue","name":"Jesus, de Wee"}}},{"type":"Feature","id":"node/3224883172","geometry":{"type":"Point","coordinates":[5.8944794,49.9092713]},"properties":{"osm_type":"node","osm_id":3224883172,"category":"artwork","name":"L’Ange du lac","wikidata":null,"wikipedia":null,"tags":{"artist_name":"Georg AHRENS","artwork_type":"sculpture","name":"L’Ange du lac","tourism":"artwork"}}},{"type":"Feature","id":"node/3228453013","geometry":{"type":"Point","coordinates":[6.0878554,49.742983]},"properties":{"osm_type":"node","osm_id":3228453013,"category":"memorial","name":"Monument National de l'Indépendance","wikidata":"Q13104268","wikipedia":"lb:Nationalmonument vun der Onofhängegkeet","tags":{"historic":"memorial","name":"Monument National de l'Indépendance","wikidata":"Q13104268","wikipedia":"lb:Nationalmonument vun der Onofhängegkeet"}}},{"type":"Feature","id":"node/3282468810","geometry":{"type":"Point","coordinates":[6.1351332,49.6075888]},"properties":{"osm_type":"node","osm_id":3282468810,"category":"artwork","name":"Fontaine aux colombes","wikidata":"Q81825255","wikipedia":"lb:Dauwebuer um Helleg-Geescht-Plateau","tags":{"artist_name":"Fabrizio Cocchia","artwork_type":"sculpture","material":"bronze","name":"Fontaine aux colombes","start_date":"1988","tourism":"artwork","wikidata":"Q81825255","wikipedia":"lb:Dauwebuer um Helleg-Geescht-Plateau"}}},{"type":"Feature","id":"node/3390157566","geometry":{"type":"Point","coordinates":[6.1968213,49.9485615]},"properties":{"osm_type":"node","osm_id":3390157566,"category":"historic","name":"LU-DE 47","wikidata":null,"wikipedia":null,"tags":{"historic":"boundary_stone","name":"LU-DE 47"}}},{"type":"Feature","id":"node/3394133780","geometry":{"type":"Point","coordinates":[6.3640101,49.5671308]},"properties":{"osm_type":"node","osm_id":3394133780,"category":"memorial","name":"Roman Bridge","wikidata":null,"wikipedia":null,"tags":{"historic":"memorial","name":"Roman Bridge"}}},{"type":"Feature","id":"node/3396626910","geometry":{"type":"Point","coordinates":[5.8785082,49.5316446]},"properties":{"osm_type":"node","osm_id":3396626910,"category":"memorial","name":"Sainte-Barbe","wikidata":null,"wikipedia":null,"tags":{"historic":"memorial","name":"Sainte-Barbe"}}},{"type":"Feature","id":"node/3397343495","geometry":{"type":"Point","coordinates":[6.1392112,49.6061196]},"properties":{"osm_type":"node","osm_id":3397343495,"category":"museum","name":"Musée de la Police Grand-Ducale","wikidata":null,"wikipedia":null,"tags":{"addr:housenumber":"21A","name":"Musée de la Police Grand-Ducale","tourism":"museum"}}},{"type":"Feature","id":"node/3400367395","geometry":{"type":"Point","coordinates":[6.3268949,49.5673021]},"properties":{"osm_type":"node","osm_id":3400367395,"category":"heritage","name":"Eech zu Bus, Kioner","wikidata":null,"wikipedia":"lb:Eech zu Bus","tags":{"heritage":"2","name":"Eech zu Bus, Kioner","wikipedia":"lb:Eech zu Bus"}}},{"type":"Feature","id":"node/3405080880","geometry":{"type":"Point","coordinates":[5.9710848,50.1749708]},"properties":{"osm_type":"node","osm_id":3405080880,"category":"historic","name":"LB282","wikidata":null,"wikipedia":null,"tags":{"historic":"boundary_stone","image":"https://archive.org/details/lb282","material":"metal","name":"LB282","start_date":"1843"}}},{"type":"Feature","id":"node/3434822898","geometry":{"type":"Point","coordinates":[6.2561296,49.8803665]},"properties":{"osm_type":"node","osm_id":3434822898,"category":"memorial","name":"109th Infantry Regiment","wikidata":null,"wikipedia":null,"tags":{"historic":"memorial","memorial":"war_memorial","name":"109th Infantry Regiment","start_date":"1984"}}},{"type":"Feature","id":"node/3437326650","geometry":{"type":"Point","coordinates":[5.8382871,49.8779836]},"properties":{"osm_type":"node","osm_id":3437326650,"category":"ruins","name":"Pont de Burgley","wikidata":null,"wikipedia":null,"tags":{"historic":"ruins","name":"Pont de Burgley"}}},{"type":"Feature","id":"node/3442788830","geometry":{"type":"Point","coordinates":[5.8575368,49.5575025]},"properties":{"osm_type":"node","osm_id":3442788830,"category":"memorial","name":"Club Sportif Petange (1940-1945)","wikidata":null,"wikipedia":null,"tags":{"historic":"memorial","name":"Club Sportif Petange (1940-1945)"}}},{"type":"Feature","id":"node/3460046993","geometry":{"type":"Point","coordinates":[6.2405573,49.6493861]},"properties":{"osm_type":"node","osm_id":3460046993,"category":"historic","name":"Saint-Martin","wikidata":null,"wikipedia":null,"tags":{"denomination":"catholic","historic":"wayside_shrine","image":"https://www.flickr.com/photos/33766294@N03/19929609968/","name":"Saint-Martin","religion":"christian"}}},{"type":"Feature","id":"node/3467715610","geometry":{"type":"Point","coordinates":[6.3884892,49.6009522]},"properties":{"osm_type":"node","osm_id":3467715610,"category":"memorial","name":"Nikolaus Hein","wikidata":null,"wikipedia":null,"tags":{"historic":"memorial","memorial":"stone","name":"Nikolaus Hein"}}},{"type":"Feature","id":"node/3523867255","geometry":{"type":"Point","coordinates":[6.1184662,49.5131243]},"properties":{"osm_type":"node","osm_id":3523867255,"category":"artwork","name":"Die 7 Geisslein","wikidata":null,"wikipedia":null,"tags":{"artwork_type":"statue","name":"Die 7 Geisslein","tourism":"artwork"}}},{"type":"Feature","id":"node/3523867259","geometry":{"type":"Point","coordinates":[6.119465,49.5131243]},"properties":{"osm_type":"node","osm_id":3523867259,"category":"artwork","name":"Hänsel und Gretel","wikidata":null,"wikipedia":null,"tags":{"artwork_type":"statue","name":"Hänsel und Gretel","tourism":"artwork"}}},{"type":"Feature","id":"node/3523867265","geometry":{"type":"Point","coordinates":[6.1190592,49.514034]},"properties":{"osm_type":"node","osm_id":3523867265,"category":"artwork","name":"Luxair","wikidata":null,"wikipedia":null,"tags":{"name":"Luxair","tourism":"artwork"}}},{"type":"Feature","id":"node/3527738786","geometry":{"type":"Point","coordinates":[6.1198195,49.5106773]},"properties":{"osm_type":"node","osm_id":3527738786,"category":"artwork","name":"Goldesel","wikidata":null,"wikipedia":null,"tags":{"artwork_type":"statue","name":"Goldesel","tourism":"artwork","wheelchair":"yes"}}},{"type":"Feature","id":"node/3527738787","geometry":{"type":"Point","coordinates":[6.1199295,49.5107679]},"properties":{"osm_type":"node","osm_id":3527738787,"category":"artwork","name":"Gorilla","wikidata":null,"wikipedia":null,"tags":{"artwork_type":"statue","name":"Gorilla","tourism":"artwork","wheelchair":"yes"}}},{"type":"Feature","id":"node/3527739015","geometry":{"type":"Point","coordinates":[6.1184392,49.5129984]},"properties":{"osm_type":"node","osm_id":3527739015,"category":"artwork","name":"Rotkäppchen","wikidata":null,"wikipedia":null,"tags":{"artwork_type":"statue","name":"Rotkäppchen","tourism":"artwork"}}},{"type":"Feature","id":"node/3527739016","geometry":{"type":"Point","coordinates":[6.1195549,49.5125557]},"properties":{"osm_type":"node","osm_id":3527739016,"category":"artwork","name":"Schneewittchen","wikidata":null,"wikipedia":null,"tags":{"artwork_type":"statue","name":"Schneewittchen","tourism":"artwork"}}},{"type":"Feature","id":"node/3527739017","geometry":{"type":"Point","coordinates":[6.1193747,49.5117131]},"properties":{"osm_type":"node","osm_id":3527739017,"category":"artwork","name":"Dornröschen","wikidata":null,"wikipedia":null,"tags":{"artwork_type":"statue","name":"Dornröschen","tourism":"artwork"}}},{"type":"Feature","id":"node/3527739026","geometry":{"type":"Point","coordinates":[6.1193998,49.511895]},"properties":{"osm_type":"node","osm_id":3527739026,"category":"artwork","name":"Pferd","wikidata":null,"wikipedia":null,"tags":{"artwork_type":"statue","material":"metal","name":"Pferd","tourism":"artwork"}}},{"type":"Feature","id":"node/3527739031","geometry":{"type":"Point","coordinates":[6.1179133,49.5133406]},"properties":{"osm_type":"node","osm_id":3527739031,"category":"artwork","name":"Der Rattenfänger von Hameln","wikidata":null,"wikipedia":null,"tags":{"artwork_type":"statue","name":"Der Rattenfänger von Hameln","tourism":"artwork"}}},{"type":"Feature","id":"node/3527740853","geometry":{"type":"Point","coordinates":[6.1193635,49.5135652]},"properties":{"osm_type":"node","osm_id":3527740853,"category":"artwork","name":"Der gestiefelte Kater","wikidata":null,"wikipedia":null,"tags":{"artwork_type":"statue","name":"Der gestiefelte Kater","tourism":"artwork"}}},{"type":"Feature","id":"node/3572147193","geometry":{"type":"Point","coordinates":[6.4383216,49.6790067]},"properties":{"osm_type":"node","osm_id":3572147193,"category":"tomb","name":"Grabmal","wikidata":null,"wikipedia":null,"tags":{"historic":"tomb","image":"https://www.flickr.com/photos/33766294@N03/18268428120","name":"Grabmal"}}},{"type":"Feature","id":"node/3575490768","geometry":{"type":"Point","coordinates":[5.869769,49.5891873]},"properties":{"osm_type":"node","osm_id":3575490768,"category":"historic","name":"LB037","wikidata":null,"wikipedia":null,"tags":{"historic":"boundary_stone","image":"https://archive.org/details/lb037","material":"gietijzer","name":"LB037","start_date":"1843"}}},{"type":"Feature","id":"node/3613663819","geometry":{"type":"Point","coordinates":[6.0046164,49.4955942]},"properties":{"osm_type":"node","osm_id":3613663819,"category":"ruins","name":"Eisenerzgrube","wikidata":null,"wikipedia":null,"tags":{"historic":"ruins","name":"Eisenerzgrube"}}},{"type":"Feature","id":"node/3656633267","geometry":{"type":"Point","coordinates":[5.9862238,49.4923763]},"properties":{"osm_type":"node","osm_id":3656633267,"category":"memorial","name":"Michel Welter","wikidata":null,"wikipedia":null,"tags":{"historic":"memorial","image":"https://commons.wikimedia.org/wiki/File:D300_Michel_Welter_Esch.JPG","material":"stone","memorial":"stele","name":"Michel Welter"}}},{"type":"Feature","id":"node/3665832424","geometry":{"type":"Point","coordinates":[6.1361703,49.601249]},"properties":{"osm_type":"node","osm_id":3665832424,"category":"theatre","name":"Black Box","wikidata":null,"wikipedia":null,"tags":{"amenity":"theatre","name":"Black Box","operator":"Rotondes","wheelchair":"yes"}}},{"type":"Feature","id":"node/3666300792","geometry":{"type":"Point","coordinates":[6.1538599,49.6252168]},"properties":{"osm_type":"node","osm_id":3666300792,"category":"artwork","name":"Trois Îles","wikidata":null,"wikipedia":null,"tags":{"artist_name":"Marta Pan","artwork_type":"sculpture","name":"Trois Îles","start_date":"2000","tourism":"artwork","website":"https://fr.codic.eu/art.php?itmid=9&itmcatid=1"}}},{"type":"Feature","id":"node/3666300793","geometry":{"type":"Point","coordinates":[6.1540352,49.6252868]},"properties":{"osm_type":"node","osm_id":3666300793,"category":"artwork","name":"Trois Îles","wikidata":null,"wikipedia":null,"tags":{"artist_name":"Marta Pan","artwork_type":"sculpture","name":"Trois Îles","start_date":"2000","tourism":"artwork","website":"https://fr.codic.eu/art.php?itmid=9&itmcatid=1"}}},{"type":"Feature","id":"node/3666300794","geometry":{"type":"Point","coordinates":[6.1540412,49.62515]},"properties":{"osm_type":"node","osm_id":3666300794,"category":"artwork","name":"Trois Îles","wikidata":null,"wikipedia":null,"tags":{"artist_name":"Marta Pan","artwork_type":"sculpture","name":"Trois Îles","start_date":"2000","tourism":"artwork","website":"https://fr.codic.eu/art.php?itmid=9&itmcatid=1"}}},{"type":"Feature","id":"node/3667264704","geometry":{"type":"Point","coordinates":[6.3834308,49.8336976]},"properties":{"osm_type":"node","osm_id":3667264704,"category":"memorial","name":"5th U.S. Infantry Division","wikidata":null,"wikipedia":null,"tags":{"historic":"memorial","memorial":"war_memorial","name":"5th U.S. Infantry Division"}}},{"type":"Feature","id":"node/3725094899","geometry":{"type":"Point","coordinates":[6.2807468,49.7938864]},"properties":{"osm_type":"node","osm_id":3725094899,"category":"memorial","name":"9th Armored Division","wikidata":null,"wikipedia":null,"tags":{"historic":"memorial","memorial":"war_memorial","name":"9th Armored Division"}}},{"type":"Feature","id":"node/3814062645","geometry":{"type":"Point","coordinates":[6.3247004,49.4747634]},"properties":{"osm_type":"node","osm_id":3814062645,"category":"historic","name":"FL224","wikidata":null,"wikipedia":null,"tags":{"historic":"boundary_stone","name":"FL224"}}},{"type":"Feature","id":"node/3832738757","geometry":{"type":"Point","coordinates":[6.4405586,49.6772092]},"properties":{"osm_type":"node","osm_id":3832738757,"category":"memorial","name":"Ehrenmal","wikidata":null,"wikipedia":null,"tags":{"historic":"memorial","image":"https://www.flickr.com/photos/33766294@N03/22548456738/","memorial":"war_memorial","name":"Ehrenmal"}}},{"type":"Feature","id":"node/3832738758","geometry":{"type":"Point","coordinates":[6.4402462,49.6774314]},"properties":{"osm_type":"node","osm_id":3832738758,"category":"historic","name":"Jesusskulptur","wikidata":null,"wikipedia":null,"tags":{"historic":"wayside_shrine","image":"https://www.flickr.com/photos/33766294@N03/22953348172","name":"Jesusskulptur"}}},{"type":"Feature","id":"node/3847445782","geometry":{"type":"Point","coordinates":[5.9759968,49.4924136]},"properties":{"osm_type":"node","osm_id":3847445782,"category":"memorial","name":"Monument aux morts 1940-1944","wikidata":null,"wikipedia":null,"tags":{"historic":"memorial","memorial":"war_memorial","name":"Monument aux morts 1940-1944"}}},{"type":"Feature","id":"node/3856096519","geometry":{"type":"Point","coordinates":[6.0823954,49.4744386]},"properties":{"osm_type":"node","osm_id":3856096519,"category":"arts_centre","name":"Centre National de l'Audiovisuel (CNA)","wikidata":"Q11154055","wikipedia":"en:National Audiovisual Centre","tags":{"amenity":"arts_centre","name":"Centre National de l'Audiovisuel (CNA)","wheelchair":"yes","wikidata":"Q11154055","wikipedia":"en:National Audiovisual Centre"}}},{"type":"Feature","id":"node/3890047299","geometry":{"type":"Point","coordinates":[6.1481447,49.6665235]},"properties":{"osm_type":"node","osm_id":3890047299,"category":"archaeological_site","name":"Quanat -5","wikidata":null,"wikipedia":null,"tags":{"historic":"archaeological_site","name":"Quanat -5"}}},{"type":"Feature","id":"node/3890047300","geometry":{"type":"Point","coordinates":[6.1492733,49.6660974]},"properties":{"osm_type":"node","osm_id":3890047300,"category":"archaeological_site","name":"Quanat 0","wikidata":null,"wikipedia":null,"tags":{"historic":"archaeological_site","name":"Quanat 0"}}},{"type":"Feature","id":"node/3890047301","geometry":{"type":"Point","coordinates":[6.149026,49.666161]},"properties":{"osm_type":"node","osm_id":3890047301,"category":"archaeological_site","name":"Quanat -1","wikidata":null,"wikipedia":null,"tags":{"historic":"archaeological_site","name":"Quanat -1"}}},{"type":"Feature","id":"node/3890047305","geometry":{"type":"Point","coordinates":[6.149992,49.665966]},"properties":{"osm_type":"node","osm_id":3890047305,"category":"archaeological_site","name":"Quanat 3","wikidata":null,"wikipedia":null,"tags":{"historic":"archaeological_site","name":"Quanat 3"}}},{"type":"Feature","id":"node/3890047306","geometry":{"type":"Point","coordinates":[6.1504876,49.6659578]},"properties":{"osm_type":"node","osm_id":3890047306,"category":"archaeological_site","name":"Quanat 4","wikidata":null,"wikipedia":null,"tags":{"historic":"archaeological_site","name":"Quanat 4"}}},{"type":"Feature","id":"node/3890047307","geometry":{"type":"Point","coordinates":[6.1512572,49.6659681]},"properties":{"osm_type":"node","osm_id":3890047307,"category":"archaeological_site","name":"Quanat 6","wikidata":null,"wikipedia":null,"tags":{"historic":"archaeological_site","name":"Quanat 6"}}},{"type":"Feature","id":"node/3890047308","geometry":{"type":"Point","coordinates":[6.1514846,49.6659742]},"properties":{"osm_type":"node","osm_id":3890047308,"category":"archaeological_site","name":"Quanat 7","wikidata":null,"wikipedia":null,"tags":{"historic":"archaeological_site","name":"Quanat 7"}}},{"type":"Feature","id":"node/3890047309","geometry":{"type":"Point","coordinates":[6.1517701,49.6659664]},"properties":{"osm_type":"node","osm_id":3890047309,"category":"archaeological_site","name":"Quanat 8","wikidata":null,"wikipedia":null,"tags":{"historic":"archaeological_site","name":"Quanat 8"}}},{"type":"Feature","id":"node/3918615759","geometry":{"type":"Point","coordinates":[6.0326069,49.4574604]},"properties":{"osm_type":"node","osm_id":3918615759,"category":"memorial","name":"Jean Pierre Bausch","wikidata":null,"wikipedia":null,"tags":{"historic":"memorial","name":"Jean Pierre Bausch"}}},{"type":"Feature","id":"node/3918993436","geometry":{"type":"Point","coordinates":[6.1360077,49.6109101]},"properties":{"osm_type":"node","osm_id":3918993436,"category":"artwork","name":"Melusina","wikidata":"Q84505901","wikipedia":"lb:Melusina (Skulptur)","tags":{"artwork_type":"sculpture","name":"Melusina","tourism":"artwork","wikidata":"Q84505901","wikipedia":"lb:Melusina (Skulptur)"}}},{"type":"Feature","id":"node/3931953663","geometry":{"type":"Point","coordinates":[5.9828472,49.50911]},"properties":{"osm_type":"node","osm_id":3931953663,"category":"memorial","name":"Aérodrome d'Esch/Alzette 1937/1954 (Lankelzerweier)","wikidata":"Q13102601","wikipedia":"fr:Aérodrome d'Esch-sur-Alzette","tags":{"historic":"memorial","material":"stone","memorial":"stele","name":"Aérodrome d'Esch/Alzette 1937/1954 (Lankelzerweier)","wikidata":"Q13102601","wikipedia":"fr:Aérodrome d'Esch-sur-Alzette"}}},{"type":"Feature","id":"node/3956832390","geometry":{"type":"Point","coordinates":[5.9756115,49.4911963]},"properties":{"osm_type":"node","osm_id":3956832390,"category":"arts_centre","name":"Konschthal Esch","wikidata":null,"wikipedia":null,"tags":{"alt_name":"KH","amenity":"arts_centre","name":"Konschthal Esch","start_date":"2021-10","website":"https://www.konschthal.lu/"}}},{"type":"Feature","id":"node/3971570673","geometry":{"type":"Point","coordinates":[6.0229202,50.0775499]},"properties":{"osm_type":"node","osm_id":3971570673,"category":"memorial","name":"24 Dec 1944","wikidata":null,"wikipedia":null,"tags":{"historic":"memorial","material":"stone","memorial":"stele","name":"24 Dec 1944"}}},{"type":"Feature","id":"node/3975966415","geometry":{"type":"Point","coordinates":[5.8727815,49.5598848]},"properties":{"osm_type":"node","osm_id":3975966415,"category":"memorial","name":"Tria","wikidata":null,"wikipedia":null,"tags":{"historic":"memorial","name":"Tria"}}},{"type":"Feature","id":"node/3984026021","geometry":{"type":"Point","coordinates":[5.8719196,49.579156]},"properties":{"osm_type":"node","osm_id":3984026021,"category":"historic","name":"LB033","wikidata":null,"wikipedia":null,"tags":{"historic":"boundary_stone","image":"https://archive.org/details/lb033","material":"metal","name":"LB033","start_date":"1843"}}},{"type":"Feature","id":"node/3984028000","geometry":{"type":"Point","coordinates":[5.8697411,49.5767359]},"properties":{"osm_type":"node","osm_id":3984028000,"category":"historic","name":"LB032","wikidata":null,"wikipedia":null,"tags":{"historic":"boundary_stone","image":"https://archive.org/details/lb032","material":"metal","name":"LB032","start_date":"1843"}}},{"type":"Feature","id":"node/4025715434","geometry":{"type":"Point","coordinates":[5.922388,49.7420393]},"properties":{"osm_type":"node","osm_id":4025715434,"category":"museum","name":"Näerdener Gare: Musée chemins de fer régionaux","wikidata":null,"wikipedia":null,"tags":{"name":"Näerdener Gare: Musée chemins de fer régionaux","tourism":"museum"}}},{"type":"Feature","id":"node/4080933602","geometry":{"type":"Point","coordinates":[6.2711198,49.506234]},"properties":{"osm_type":"node","osm_id":4080933602,"category":"memorial","name":"Colette Cerf","wikidata":null,"wikipedia":null,"tags":{"historic":"memorial","image":"File:Stolpersteine Colette Cerf Mondorf-les-Bains, Allée Jean Linster 01.jpg","memorial":"stolperstein","name":"Colette Cerf","start_date":"2015-11-06"}}},{"type":"Feature","id":"node/4080933603","geometry":{"type":"Point","coordinates":[6.2711211,49.5062336]},"properties":{"osm_type":"node","osm_id":4080933603,"category":"memorial","name":"Rose Cerf geb. Levy","wikidata":null,"wikipedia":null,"tags":{"historic":"memorial","image":"File:Stolpersteine Rose Cerf Mondorf-les-Bains, Allée Jean Linster 01.jpg","memorial":"stolperstein","name":"Rose Cerf geb. Levy","start_date":"2015-11-06"}}},{"type":"Feature","id":"node/4080933604","geometry":{"type":"Point","coordinates":[6.2711185,49.5062344]},"properties":{"osm_type":"node","osm_id":4080933604,"category":"memorial","name":"Sylvain Cerf","wikidata":null,"wikipedia":null,"tags":{"historic":"memorial","image":"File:Stolpersteine Sylvain Cerf Mondorf-les-Bains, Allée Jean Linster 01.jpg","memorial":"stolperstein","name":"Sylvain Cerf","start_date":"2015-11-06"}}},{"type":"Feature","id":"node/4081177255","geometry":{"type":"Point","coordinates":[5.9053859,49.6547474]},"properties":{"osm_type":"node","osm_id":4081177255,"category":"historic","name":"LB078","wikidata":null,"wikipedia":null,"tags":{"historic":"boundary_stone","image":"https://archive.org/details/lb078","material":"metal","name":"LB078","start_date":"1843"}}},{"type":"Feature","id":"node/4088657774","geometry":{"type":"Point","coordinates":[5.9879955,49.6455216]},"properties":{"osm_type":"node","osm_id":4088657774,"category":"arts_centre","name":"Galerie op der Kap","wikidata":null,"wikipedia":null,"tags":{"addr:city":"Capellen","addr:country":"LU","addr:housenumber":"70","addr:postcode":"8310","addr:street":"Route d'Arlon","amenity":"arts_centre","name":"Galerie op der Kap"}}},{"type":"Feature","id":"node/4126454468","geometry":{"type":"Point","coordinates":[6.1517764,49.9110427]},"properties":{"osm_type":"node","osm_id":4126454468,"category":"memorial","name":"17 March 1945","wikidata":null,"wikipedia":null,"tags":{"historic":"memorial","memorial":"war_memorial","name":"17 March 1945"}}},{"type":"Feature","id":"node/4126454469","geometry":{"type":"Point","coordinates":[6.1515625,49.9110768]},"properties":{"osm_type":"node","osm_id":4126454469,"category":"tomb","name":"Provisional Grave March 45","wikidata":null,"wikipedia":null,"tags":{"historic":"tomb","name":"Provisional Grave March 45"}}},{"type":"Feature","id":"node/4161566811","geometry":{"type":"Point","coordinates":[6.029841,50.0543382]},"properties":{"osm_type":"node","osm_id":4161566811,"category":"museum","name":"Musée de la Bataille des Ardennes","wikidata":null,"wikipedia":null,"tags":{"name":"Musée de la Bataille des Ardennes","opening_hours":"Aug 11-Apr 30 Sa-Su 10:00-18:00; May 01-Aug 10 Tu-Su 10:00-18:00","tourism":"museum"}}},{"type":"Feature","id":"node/4172208671","geometry":{"type":"Point","coordinates":[6.334343,49.8210265]},"properties":{"osm_type":"node","osm_id":4172208671,"category":"historic","name":"Bäertreffer Bildchen","wikidata":null,"wikipedia":null,"tags":{"denomination":"catholic","historic":"wayside_shrine","name":"Bäertreffer Bildchen","religion":"christian","start_date":"1939"}}},{"type":"Feature","id":"node/4209558966","geometry":{"type":"Point","coordinates":[6.2076162,49.9339526]},"properties":{"osm_type":"node","osm_id":4209558966,"category":"memorial","name":"Victor Hugo","wikidata":null,"wikipedia":null,"tags":{"historic":"memorial","memorial":"bust","name":"Victor Hugo"}}},{"type":"Feature","id":"node/4214020846","geometry":{"type":"Point","coordinates":[6.4166541,49.8161401]},"properties":{"osm_type":"node","osm_id":4214020846,"category":"memorial","name":null,"wikidata":"Q16764949","wikipedia":"lb:US-Monument Iechternach","tags":{"historic":"memorial","memorial":"war_memorial","wikidata":"Q16764949","wikipedia":"lb:US-Monument Iechternach"}}},{"type":"Feature","id":"node/4239130084","geometry":{"type":"Point","coordinates":[5.8960753,49.5187666]},"properties":{"osm_type":"node","osm_id":4239130084,"category":"memorial","name":"Berthe Levy","wikidata":null,"wikipedia":null,"tags":{"artist_name":"Gunter Demnig","historic":"memorial","image":"File:Stolperstee Berthe Levy, 96 rue Dicks-Lentz, Déifferdeng-101.jpg","material":"brass","memorial":"stolperstein","name":"Berthe Levy","start_date":"2015-11-05","wheelchair":"yes"}}},{"type":"Feature","id":"node/4296923089","geometry":{"type":"Point","coordinates":[6.0064216,49.6743277]},"properties":{"osm_type":"node","osm_id":4296923089,"category":"historic","name":"Muttter Gottes Kapelle","wikidata":null,"wikipedia":null,"tags":{"historic":"wayside_shrine","name":"Muttter Gottes Kapelle","religion":"christian"}}},{"type":"Feature","id":"node/4302044337","geometry":{"type":"Point","coordinates":[5.8502327,49.5354237]},"properties":{"osm_type":"node","osm_id":4302044337,"category":"historic","name":"Sainte-Barbe","wikidata":null,"wikipedia":null,"tags":{"denomination":"catholic","historic":"wayside_shrine","name":"Sainte-Barbe","religion":"christian"}}},{"type":"Feature","id":"node/4325250995","geometry":{"type":"Point","coordinates":[5.8896071,49.8483918]},"properties":{"osm_type":"node","osm_id":4325250995,"category":"historic","name":"Saint Nicolas (Géierekräiz)","wikidata":null,"wikipedia":null,"tags":{"historic":"wayside_cross","name":"Saint Nicolas (Géierekräiz)"}}},{"type":"Feature","id":"node/4346174720","geometry":{"type":"Point","coordinates":[5.8179853,49.7547339]},"properties":{"osm_type":"node","osm_id":4346174720,"category":"historic","name":"LB136","wikidata":null,"wikipedia":null,"tags":{"historic":"boundary_stone","image":"https://archive.org/details/lb136","material":"metal","name":"LB136","start_date":"1843"}}},{"type":"Feature","id":"node/4347893365","geometry":{"type":"Point","coordinates":[6.1345325,49.6076333]},"properties":{"osm_type":"node","osm_id":4347893365,"category":"artwork","name":"Feu","wikidata":null,"wikipedia":null,"tags":{"artist_name":"Horst Gläsker","artwork_type":"sculpture","name":"Feu","tourism":"artwork","website":"https://www.horst-glaesker.de/Galerie/Fullscreen_Kunst_Raum/Feu_Eau_Terre_Air.html"}}},{"type":"Feature","id":"node/4347893370","geometry":{"type":"Point","coordinates":[6.1344666,49.6076758]},"properties":{"osm_type":"node","osm_id":4347893370,"category":"artwork","name":"Eau","wikidata":null,"wikipedia":null,"tags":{"artist_name":"Horst Gläsker","artwork_type":"sculpture","name":"Eau","tourism":"artwork","website":"https://www.horst-glaesker.de/Galerie/Fullscreen_Kunst_Raum/Feu_Eau_Terre_Air.html"}}},{"type":"Feature","id":"node/4347893371","geometry":{"type":"Point","coordinates":[6.1344008,49.6077184]},"properties":{"osm_type":"node","osm_id":4347893371,"category":"artwork","name":"Terre","wikidata":null,"wikipedia":null,"tags":{"artist_name":"Horst Gläsker","artwork_type":"sculpture","name":"Terre","tourism":"artwork","website":"https://www.horst-glaesker.de/Galerie/Fullscreen_Kunst_Raum/Feu_Eau_Terre_Air.html"}}},{"type":"Feature","id":"node/4347893376","geometry":{"type":"Point","coordinates":[6.1343349,49.6077609]},"properties":{"osm_type":"node","osm_id":4347893376,"category":"artwork","name":"Air","wikidata":null,"wikipedia":null,"tags":{"artist_name":"Horst Gläsker","artwork_type":"sculpture","name":"Air","tourism":"artwork","website":"https://www.horst-glaesker.de/Galerie/Fullscreen_Kunst_Raum/Feu_Eau_Terre_Air.html"}}},{"type":"Feature","id":"node/4352815729","geometry":{"type":"Point","coordinates":[6.4984173,49.803886]},"properties":{"osm_type":"node","osm_id":4352815729,"category":"museum","name":"Musée Tudor sur l'électricité et les accumulateurs","wikidata":"Q7851303","wikipedia":"lb:Musée Tudor","tags":{"addr:city":"Rosport","addr:housenumber":"9","addr:postcode":"6582","addr:street":"Rue Henri Tudor","name":"Musée Tudor sur l'électricité et les accumulateurs","name:en":"The Tudor Museum for Electricity and Batteries","tourism":"museum","website":"https://www.musee-tudor.lu/","wheelchair":"yes","wikidata":"Q7851303","wikipedia":"lb:Musée Tudor"}}},{"type":"Feature","id":"node/4359060075","geometry":{"type":"Point","coordinates":[5.9817298,49.5186679]},"properties":{"osm_type":"node","osm_id":4359060075,"category":"historic","name":"L1959","wikidata":null,"wikipedia":null,"tags":{"historic":"crash_site","name":"L1959","operator":"RAF"}}},{"type":"Feature","id":"node/4359070412","geometry":{"type":"Point","coordinates":[5.9779985,49.5173385]},"properties":{"osm_type":"node","osm_id":4359070412,"category":"historic","name":"430685","wikidata":null,"wikipedia":null,"tags":{"historic":"crash_site","name":"430685","operator":"Luftwaffe"}}},{"type":"Feature","id":"node/4359075076","geometry":{"type":"Point","coordinates":[6.308839,49.518578]},"properties":{"osm_type":"node","osm_id":4359075076,"category":"historic","name":"0314","wikidata":null,"wikipedia":null,"tags":{"historic":"crash_site","name":"0314","operator":"Luftwaffe"}}},{"type":"Feature","id":"node/4359721292","geometry":{"type":"Point","coordinates":[5.9667937,49.5470768]},"properties":{"osm_type":"node","osm_id":4359721292,"category":"historic","name":"NN705","wikidata":null,"wikipedia":null,"tags":{"historic":"crash_site","name":"NN705","operator":"RAF"}}},{"type":"Feature","id":"node/4359723132","geometry":{"type":"Point","coordinates":[5.8703707,49.9134514]},"properties":{"osm_type":"node","osm_id":4359723132,"category":"historic","name":"175005","wikidata":null,"wikipedia":null,"tags":{"historic":"crash_site","name":"175005","operator":"Luftwaffe"}}},{"type":"Feature","id":"node/4359723863","geometry":{"type":"Point","coordinates":[6.0213125,50.0926026]},"properties":{"osm_type":"node","osm_id":4359723863,"category":"historic","name":"FK803","wikidata":null,"wikipedia":null,"tags":{"historic":"crash_site","name":"FK803","operator":"RAF"}}},{"type":"Feature","id":"node/4361161641","geometry":{"type":"Point","coordinates":[6.1730279,49.5571781]},"properties":{"osm_type":"node","osm_id":4361161641,"category":"historic","name":"LK800","wikidata":null,"wikipedia":null,"tags":{"historic":"crash_site","name":"LK800","operator":"RAF"}}},{"type":"Feature","id":"node/4361162442","geometry":{"type":"Point","coordinates":[5.8556258,49.5968264]},"properties":{"osm_type":"node","osm_id":4361162442,"category":"historic","name":"P2200","wikidata":null,"wikipedia":null,"tags":{"historic":"crash_site","name":"P2200","operator":"RAF"}}},{"type":"Feature","id":"node/4361165560","geometry":{"type":"Point","coordinates":[6.3140826,49.5736162]},"properties":{"osm_type":"node","osm_id":4361165560,"category":"historic","name":"S3-HK","wikidata":null,"wikipedia":null,"tags":{"historic":"crash_site","name":"S3-HK","operator":"Luftwaffe"}}},{"type":"Feature","id":"node/4361185266","geometry":{"type":"Point","coordinates":[5.9493448,49.5275932]},"properties":{"osm_type":"node","osm_id":4361185266,"category":"historic","name":"42-26559","wikidata":null,"wikipedia":null,"tags":{"historic":"crash_site","name":"42-26559","operator":"USAF"}}},{"type":"Feature","id":"node/4369600577","geometry":{"type":"Point","coordinates":[6.1299258,49.5236529]},"properties":{"osm_type":"node","osm_id":4369600577,"category":"museum","name":"Musée Rural et Artisanal","wikidata":null,"wikipedia":null,"tags":{"name":"Musée Rural et Artisanal","tourism":"museum","website":"https://www.musee-rural.lu/"}}},{"type":"Feature","id":"node/4380364733","geometry":{"type":"Point","coordinates":[6.097824,49.8450352]},"properties":{"osm_type":"node","osm_id":4380364733,"category":"theatre","name":"Centre des Arts Pluriels Ed Juncker","wikidata":null,"wikipedia":"lb:Centre des arts pluriels Edouard-Juncker","tags":{"amenity":"theatre","name":"Centre des Arts Pluriels Ed Juncker","website":"https://cape.lu/","wikipedia":"lb:Centre des arts pluriels Edouard-Juncker"}}},{"type":"Feature","id":"node/4381925415","geometry":{"type":"Point","coordinates":[6.3630331,49.5051482]},"properties":{"osm_type":"node","osm_id":4381925415,"category":"historic","name":"44-13413","wikidata":null,"wikipedia":null,"tags":{"historic":"crash_site","name":"44-13413","operator":"USAF"}}},{"type":"Feature","id":"node/4381930254","geometry":{"type":"Point","coordinates":[6.0194807,49.6654055]},"properties":{"osm_type":"node","osm_id":4381930254,"category":"historic","name":"42-76267","wikidata":null,"wikipedia":null,"tags":{"historic":"crash_site","name":"42-76267","operator":"USAF"}}},{"type":"Feature","id":"node/4416293817","geometry":{"type":"Point","coordinates":[6.0809882,49.460758]},"properties":{"osm_type":"node","osm_id":4416293817,"category":"memorial","name":"Liberation by American 3rd Army 10 Sep 44","wikidata":null,"wikipedia":null,"tags":{"historic":"memorial","name":"Liberation by American 3rd Army 10 Sep 44"}}},{"type":"Feature","id":"node/4418881186","geometry":{"type":"Point","coordinates":[6.3732865,49.8213204]},"properties":{"osm_type":"node","osm_id":4418881186,"category":"historic","name":"Beau Lis de notre vallée","wikidata":null,"wikipedia":null,"tags":{"historic":"wayside_shrine","name":"Beau Lis de notre vallée"}}},{"type":"Feature","id":"node/4423845230","geometry":{"type":"Point","coordinates":[6.3299381,49.4700973]},"properties":{"osm_type":"node","osm_id":4423845230,"category":"historic","name":"FL228","wikidata":null,"wikipedia":null,"tags":{"historic":"boundary_stone","name":"FL228"}}},{"type":"Feature","id":"node/4439207691","geometry":{"type":"Point","coordinates":[5.862871,49.683056]},"properties":{"osm_type":"node","osm_id":4439207691,"category":"historic","name":"LB093","wikidata":null,"wikipedia":null,"tags":{"historic":"boundary_stone","image":"https://archive.org/details/lb093","material":"metal","name":"LB093","start_date":"1843"}}},{"type":"Feature","id":"node/4439382077","geometry":{"type":"Point","coordinates":[5.8705049,49.7233636]},"properties":{"osm_type":"node","osm_id":4439382077,"category":"historic","name":"LU-BE 111","wikidata":null,"wikipedia":null,"tags":{"historic":"boundary_stone","image":"https://archive.org/details/lb111","material":"cast_iron","name":"LU-BE 111","start_date":"1843"}}},{"type":"Feature","id":"node/4439382079","geometry":{"type":"Point","coordinates":[5.8595424,49.7269357]},"properties":{"osm_type":"node","osm_id":4439382079,"category":"historic","name":"BE-LU 115","wikidata":null,"wikipedia":null,"tags":{"historic":"boundary_stone","image":"https://archive.org/details/lb115","material":"cast_iron","name":"BE-LU 115","start_date":"1843"}}},{"type":"Feature","id":"node/4513500067","geometry":{"type":"Point","coordinates":[6.3036427,49.79096]},"properties":{"osm_type":"node","osm_id":4513500067,"category":"archaeological_site","name":"De Schwaarze Mann","wikidata":null,"wikipedia":null,"tags":{"historic":"archaeological_site","name":"De Schwaarze Mann","name:lb":"De Schwaarze Mann"}}},{"type":"Feature","id":"node/4605922127","geometry":{"type":"Point","coordinates":[6.121277,49.6066712]},"properties":{"osm_type":"node","osm_id":4605922127,"category":"heritage","name":"Nëssert am Konviktsgaart zu Lëtzebuerg","wikidata":null,"wikipedia":"lb:Nëssert am Konviktsgaart zu Lëtzebuerg","tags":{"heritage":"2","name":"Nëssert am Konviktsgaart zu Lëtzebuerg","wikipedia":"lb:Nëssert am Konviktsgaart zu Lëtzebuerg"}}},{"type":"Feature","id":"node/4614535884","geometry":{"type":"Point","coordinates":[6.2168194,49.636161]},"properties":{"osm_type":"node","osm_id":4614535884,"category":"artwork","name":"L'Envol","wikidata":"Q13103671","wikipedia":null,"tags":{"artist_name":"Charlotte Engels","artwork_type":"sculpture","material":"steel","name":"L'Envol","tourism":"artwork","website":"https://luxembourg.public.lu/fr/actualites/2010/11/25-statue-envol/","wikidata":"Q13103671"}}},{"type":"Feature","id":"node/4632066986","geometry":{"type":"Point","coordinates":[6.0091127,49.717789]},"properties":{"osm_type":"node","osm_id":4632066986,"category":"heritage","name":"Platan zu Tënten","wikidata":"Q13104616","wikipedia":"lb:Platan zu Tënten","tags":{"heritage":"2","name":"Platan zu Tënten","wikidata":"Q13104616","wikipedia":"lb:Platan zu Tënten"}}},{"type":"Feature","id":"node/4632066994","geometry":{"type":"Point","coordinates":[5.7876276,49.8556448]},"properties":{"osm_type":"node","osm_id":4632066994,"category":"heritage","name":"Lann zu Bungeref","wikidata":null,"wikipedia":null,"tags":{"heritage":"2","name":"Lann zu Bungeref"}}},{"type":"Feature","id":"node/4634327893","geometry":{"type":"Point","coordinates":[6.1028855,49.514955]},"properties":{"osm_type":"node","osm_id":4634327893,"category":"memorial","name":"WW2","wikidata":null,"wikipedia":null,"tags":{"historic":"memorial","memorial":"war_memorial","name":"WW2"}}},{"type":"Feature","id":"node/4634424724","geometry":{"type":"Point","coordinates":[6.1031246,49.5146813]},"properties":{"osm_type":"node","osm_id":4634424724,"category":"artwork","name":"Books","wikidata":null,"wikipedia":null,"tags":{"artwork_type":"sculpture","material":"wood","name":"Books","tourism":"artwork"}}},{"type":"Feature","id":"node/4645733894","geometry":{"type":"Point","coordinates":[6.1358095,49.598243]},"properties":{"osm_type":"node","osm_id":4645733894,"category":"arts_centre","name":"Centre de Création Chorégraphique Luxembourgeois Trois C-L Asbl","wikidata":null,"wikipedia":null,"tags":{"addr:city":"Luxembourg","addr:housenumber":"12","addr:postcode":"2355","addr:street":"Rue du Puits","amenity":"arts_centre","name":"Centre de Création Chorégraphique Luxembourgeois Trois C-L Asbl","website":"https://www.danse.lu/"}}},{"type":"Feature","id":"node/4650833390","geometry":{"type":"Point","coordinates":[6.0957532,49.7327423]},"properties":{"osm_type":"node","osm_id":4650833390,"category":"historic","name":"Mamerlach","wikidata":null,"wikipedia":null,"tags":{"historic":"yes","name":"Mamerlach","website":"https://www.mersch.lu/4b%20Mersch%20-%20prehistorical%20remains.pdf?FileID=publications%2F4b+mersch+-+prehistorical+remains.pdf"}}},{"type":"Feature","id":"node/4656714393","geometry":{"type":"Point","coordinates":[5.9189809,49.5108505]},"properties":{"osm_type":"node","osm_id":4656714393,"category":"memorial","name":"Campplaz Theo Troes","wikidata":null,"wikipedia":null,"tags":{"historic":"memorial","name":"Campplaz Theo Troes","name:lb":"Campplaz Theo Troes"}}},{"type":"Feature","id":"node/4663181885","geometry":{"type":"Point","coordinates":[6.0777998,49.7262981]},"properties":{"osm_type":"node","osm_id":4663181885,"category":"archaeological_site","name":"Wichtelslee","wikidata":null,"wikipedia":null,"tags":{"historic":"archaeological_site","name":"Wichtelslee","website":"https://www.mersch.lu/4b%20Mersch%20-%20prehistorical%20remains.pdf?FileID=publications%2F4b+mersch+-+prehistorical+remains.pdf"}}},{"type":"Feature","id":"node/4675147891","geometry":{"type":"Point","coordinates":[5.9484621,49.5048949]},"properties":{"osm_type":"node","osm_id":4675147891,"category":"memorial","name":"Als Erënnerung un d'Leit vun de Schmelzen","wikidata":"Q108150748","wikipedia":"lb:Als Erënnerung un d'Leit vun de Schmelzen","tags":{"historic":"memorial","name":"Als Erënnerung un d'Leit vun de Schmelzen","wikidata":"Q108150748","wikipedia":"lb:Als Erënnerung un d'Leit vun de Schmelzen"}}},{"type":"Feature","id":"node/4692577134","geometry":{"type":"Point","coordinates":[6.1560229,49.626002]},"properties":{"osm_type":"node","osm_id":4692577134,"category":"artwork","name":"Kopf","wikidata":null,"wikipedia":null,"tags":{"artist_name":"Jeannot Bewing","artwork_type":"sculpture","name":"Kopf","tourism":"artwork"}}},{"type":"Feature","id":"node/4692577135","geometry":{"type":"Point","coordinates":[6.155216,49.6260264]},"properties":{"osm_type":"node","osm_id":4692577135,"category":"artwork","name":"Non-Violence","wikidata":null,"wikipedia":null,"tags":{"artist_name":"Karl Reuterswärd","artwork_type":"sculpture","name":"Non-Violence","tourism":"artwork"}}},{"type":"Feature","id":"node/4692577136","geometry":{"type":"Point","coordinates":[6.1565895,49.6241088]},"properties":{"osm_type":"node","osm_id":4692577136,"category":"artwork","name":"Dendrite","wikidata":null,"wikipedia":null,"tags":{"artist_name":"Michel de Broin","artwork_type":"sculpture","name":"Dendrite","tourism":"artwork"}}},{"type":"Feature","id":"node/4708685146","geometry":{"type":"Point","coordinates":[6.3412222,49.8130668]},"properties":{"osm_type":"node","osm_id":4708685146,"category":"memorial","name":null,"wikidata":"Q13105308","wikipedia":"lb:US-Monument Bäerdref","tags":{"historic":"memorial","image":"https://upload.wikimedia.org/wikipedia/lb/7/78/B%C3%A4erdref_Monum_10thDiv.jpg","memorial":"stone","wikidata":"Q13105308","wikipedia":"lb:US-Monument Bäerdref"}}},{"type":"Feature","id":"node/4715343329","geometry":{"type":"Point","coordinates":[6.1540108,49.5944326]},"properties":{"osm_type":"node","osm_id":4715343329,"category":"memorial","name":"1er UEM Eco-Tour","wikidata":null,"wikipedia":null,"tags":{"historic":"memorial","name":"1er UEM Eco-Tour"}}},{"type":"Feature","id":"node/4716941569","geometry":{"type":"Point","coordinates":[6.3439916,49.8327767]},"properties":{"osm_type":"node","osm_id":4716941569,"category":"memorial","name":"Parcours Jean Siebertz","wikidata":null,"wikipedia":null,"tags":{"historic":"memorial","memorial":"plaque","name":"Parcours Jean Siebertz"}}},{"type":"Feature","id":"node/4716941579","geometry":{"type":"Point","coordinates":[6.3399966,49.8259338]},"properties":{"osm_type":"node","osm_id":4716941579,"category":"memorial","name":"Jos KEU","wikidata":null,"wikipedia":null,"tags":{"historic":"memorial","material":"stone","memorial":"stele","name":"Jos KEU"}}},{"type":"Feature","id":"node/4717260197","geometry":{"type":"Point","coordinates":[5.9141238,49.6630148]},"properties":{"osm_type":"node","osm_id":4717260197,"category":"memorial","name":"Iron and steel industry monument","wikidata":null,"wikipedia":null,"tags":{"historic":"memorial","name":"Iron and steel industry monument"}}},{"type":"Feature","id":"node/4729502542","geometry":{"type":"Point","coordinates":[5.8128149,49.8872006]},"properties":{"osm_type":"node","osm_id":4729502542,"category":"memorial","name":"Onofhängegkeetsmonument","wikidata":null,"wikipedia":null,"tags":{"historic":"memorial","name":"Onofhängegkeetsmonument"}}},{"type":"Feature","id":"node/4750603426","geometry":{"type":"Point","coordinates":[6.1271673,49.6097822]},"properties":{"osm_type":"node","osm_id":4750603426,"category":"museum","name":"Casino Luxembourg - Forum d'art contemporain","wikidata":"Q3019728","wikipedia":"en:Casino Luxembourg","tags":{"addr:city":"Luxembourg","addr:housenumber":"41","addr:postcode":"2345","addr:street":"Rue Notre-Dame","name":"Casino Luxembourg - Forum d'art contemporain","opening_hours":"Mo, We, Fr-Su 11:00-19:00; Th 11:00-21:00","tourism":"museum","wikidata":"Q3019728","wikipedia":"en:Casino Luxembourg"}}},{"type":"Feature","id":"node/4758432707","geometry":{"type":"Point","coordinates":[5.8701566,49.69627]},"properties":{"osm_type":"node","osm_id":4758432707,"category":"historic","name":"LB102","wikidata":null,"wikipedia":null,"tags":{"historic":"boundary_stone","image":"https://archive.org/details/lb102","material":"metal","name":"LB102","start_date":"1843"}}},{"type":"Feature","id":"node/4758432708","geometry":{"type":"Point","coordinates":[5.8717995,49.6984502]},"properties":{"osm_type":"node","osm_id":4758432708,"category":"historic","name":"LB103","wikidata":null,"wikipedia":null,"tags":{"historic":"boundary_stone","image":"https://archive.org/details/lb103","material":"metal","name":"LB103","start_date":"1843"}}},{"type":"Feature","id":"node/4780670794","geometry":{"type":"Point","coordinates":[5.9247912,49.5092454]},"properties":{"osm_type":"node","osm_id":4780670794,"category":"memorial","name":"Sigmund Koppel","wikidata":"Q20572969","wikipedia":"lb:Lëscht vun de Stolpersteine zu Lëtzebuerg#Bieles","tags":{"historic":"memorial","image":"https://commons.wikimedia.org/wiki/File:Stolperstee_Siegmund_Koppel,_35_rue_des_Alliés,_Bieles-103.jpg","memorial":"stolperstein","name":"Sigmund Koppel","start_date":"2015-11-06","website":"https://www.webcitation.org/6e2QGwgDn","wikidata":"Q20572969","wikipedia":"lb:Lëscht vun de Stolpersteine zu Lëtzebuerg#Bieles"}}},{"type":"Feature","id":"node/4784224191","geometry":{"type":"Point","coordinates":[5.8819697,49.7281169]},"properties":{"osm_type":"node","osm_id":4784224191,"category":"memorial","name":"Feyder-Stoffel","wikidata":null,"wikipedia":null,"tags":{"historic":"memorial","name":"Feyder-Stoffel"}}},{"type":"Feature","id":"node/4807333128","geometry":{"type":"Point","coordinates":[6.1569382,49.5724223]},"properties":{"osm_type":"node","osm_id":4807333128,"category":"memorial","name":"Um Hesprénger Schlass","wikidata":null,"wikipedia":null,"tags":{"historic":"memorial","name":"Um Hesprénger Schlass"}}},{"type":"Feature","id":"node/4843193923","geometry":{"type":"Point","coordinates":[6.0890944,49.8263383]},"properties":{"osm_type":"node","osm_id":4843193923,"category":"castle","name":"Château de Birtrange","wikidata":"Q13104959","wikipedia":null,"tags":{"historic":"castle","name":"Château de Birtrange","name:de":"Schloss Birtringen","name:en":"Castle Birtrange","name:fr":"Château de Birtrange","name:lb":"Schlass Biertreng","wikidata":"Q13104959"}}},{"type":"Feature","id":"node/4855722238","geometry":{"type":"Point","coordinates":[6.3271236,49.7616584]},"properties":{"osm_type":"node","osm_id":4855722238,"category":"archaeological_site","name":"Steebaachtal Polissoir","wikidata":null,"wikipedia":null,"tags":{"historic":"archaeological_site","name":"Steebaachtal Polissoir"}}},{"type":"Feature","id":"node/4869926270","geometry":{"type":"Point","coordinates":[5.8607937,49.5350696]},"properties":{"osm_type":"node","osm_id":4869926270,"category":"historic","name":"Anciennes machines sidérurgiques","wikidata":null,"wikipedia":null,"tags":{"historic":"technical_monument","name":"Anciennes machines sidérurgiques","operator":"Minett Park","tourism":"attraction"}}},{"type":"Feature","id":"node/4872722714","geometry":{"type":"Point","coordinates":[5.8550239,49.9514466]},"properties":{"osm_type":"node","osm_id":4872722714,"category":"memorial","name":"90th Infantry Division Monument","wikidata":null,"wikipedia":null,"tags":{"artist_name":"Max Kohn","historic":"memorial","memorial":"war_memorial","name":"90th Infantry Division Monument"}}},{"type":"Feature","id":"node/4876517121","geometry":{"type":"Point","coordinates":[6.2056017,49.9372281]},"properties":{"osm_type":"node","osm_id":4876517121,"category":"artwork","name":"Jumelage Vianden - Ribeira de Pena 10.05.2008","wikidata":null,"wikipedia":null,"tags":{"name":"Jumelage Vianden - Ribeira de Pena 10.05.2008","name:es":"Hórreo Ribera de Pena","tourism":"artwork"}}},{"type":"Feature","id":"node/4880372768","geometry":{"type":"Point","coordinates":[6.209019,49.7880402]},"properties":{"osm_type":"node","osm_id":4880372768,"category":"historic","name":"Grotte de Lourdes","wikidata":null,"wikipedia":null,"tags":{"denomination":"catholic","historic":"wayside_shrine","name":"Grotte de Lourdes","religion":"christian"}}},{"type":"Feature","id":"node/4885433680","geometry":{"type":"Point","coordinates":[6.1245256,49.6160508]},"properties":{"osm_type":"node","osm_id":4885433680,"category":"memorial","name":"Jean l'Aveugle","wikidata":null,"wikipedia":null,"tags":{"historic":"memorial","memorial":"stone","name":"Jean l'Aveugle","name:cs":"Jan Lucemburský","name:en":"John of Bohemia"}}},{"type":"Feature","id":"node/4894880364","geometry":{"type":"Point","coordinates":[6.4221123,49.8130128]},"properties":{"osm_type":"node","osm_id":4894880364,"category":"memorial","name":"Saint Willibrord","wikidata":null,"wikipedia":null,"tags":{"historic":"memorial","memorial":"statue","name":"Saint Willibrord"}}},{"type":"Feature","id":"node/4898175520","geometry":{"type":"Point","coordinates":[5.7772274,49.95774]},"properties":{"osm_type":"node","osm_id":4898175520,"category":"historic","name":"BE-LU 207","wikidata":null,"wikipedia":null,"tags":{"historic":"boundary_stone","image":"https://archive.org/details/lb207","material":"cast_iron","name":"BE-LU 207","start_date":"1843"}}},{"type":"Feature","id":"node/4920547168","geometry":{"type":"Point","coordinates":[6.3656118,49.4954983]},"properties":{"osm_type":"node","osm_id":4920547168,"category":"memorial","name":"Grabmal römischer Weinhändler","wikidata":null,"wikipedia":null,"tags":{"historic":"memorial","material":"stone","name":"Grabmal römischer Weinhändler","website":"https://regiodrei.de/dreilaendereck-auf-den-spuren-der-roemer-grabmal-eines-weinhaendlers-in-remerschen/"}}},{"type":"Feature","id":"node/4922188092","geometry":{"type":"Point","coordinates":[6.1331881,49.6006413]},"properties":{"osm_type":"node","osm_id":4922188092,"category":"historic","name":"Voie de la Liberté 1944","wikidata":null,"wikipedia":"fr:Voie de la Liberté","tags":{"historic":"milestone","name":"Voie de la Liberté 1944","wikipedia":"fr:Voie de la Liberté"}}},{"type":"Feature","id":"node/4947189198","geometry":{"type":"Point","coordinates":[6.2108377,49.9020658]},"properties":{"osm_type":"node","osm_id":4947189198,"category":"historic","name":"Wäisst Kräiz","wikidata":null,"wikipedia":null,"tags":{"historic":"wayside_cross","name":"Wäisst Kräiz"}}},{"type":"Feature","id":"node/4986720608","geometry":{"type":"Point","coordinates":[5.9000632,49.5831382]},"properties":{"osm_type":"node","osm_id":4986720608,"category":"tomb","name":"Famille Stammel Valentiny","wikidata":null,"wikipedia":null,"tags":{"historic":"tomb","name":"Famille Stammel Valentiny"}}},{"type":"Feature","id":"node/4993555980","geometry":{"type":"Point","coordinates":[6.4216617,49.8139323]},"properties":{"osm_type":"node","osm_id":4993555980,"category":"heritage","name":"Hopping procession of Echternach","wikidata":"Q1247385","wikipedia":"lb:Iechternacher Sprangprëssessioun","tags":{"heritage":"UNESCO Intangible Cultural Heritage","name":"Hopping procession of Echternach","name:de":"Echternacher Springprozession","name:fr":"La procession dansante d'Echternach","name:lb":"Iechternacher Sprangprëssessioun","start_date":"1100","website":"https://luxembourg.public.lu/fr/actualites/2010/11/16-echternach-unesco/index.html","wikidata":"Q1247385","wikipedia":"lb:Iechternacher Sprangprëssessioun"}}},{"type":"Feature","id":"node/4997871857","geometry":{"type":"Point","coordinates":[5.7828131,49.8757287]},"properties":{"osm_type":"node","osm_id":4997871857,"category":"historic","name":"LB176","wikidata":null,"wikipedia":null,"tags":{"historic":"boundary_stone","image":"https://archive.org/details/lb176","material":"cast_iron","name":"LB176","start_date":"1843"}}},{"type":"Feature","id":"node/5000046771","geometry":{"type":"Point","coordinates":[6.1679105,49.610225]},"properties":{"osm_type":"node","osm_id":5000046771,"category":"memorial","name":"Hamm séngen Doudegen aus dem Krich 40-45","wikidata":null,"wikipedia":null,"tags":{"historic":"memorial","name":"Hamm séngen Doudegen aus dem Krich 40-45"}}},{"type":"Feature","id":"node/5009395439","geometry":{"type":"Point","coordinates":[5.9241139,49.5574138]},"properties":{"osm_type":"node","osm_id":5009395439,"category":"memorial","name":"10 mai 1940","wikidata":null,"wikipedia":null,"tags":{"historic":"memorial","memorial":"stone","name":"10 mai 1940"}}},{"type":"Feature","id":"node/5012873674","geometry":{"type":"Point","coordinates":[5.8811459,49.9467114]},"properties":{"osm_type":"node","osm_id":5012873674,"category":"memorial","name":"National Liberation Memorial","wikidata":null,"wikipedia":null,"tags":{"historic":"memorial","memorial":"war_memorial","name":"National Liberation Memorial"}}},{"type":"Feature","id":"node/5012882868","geometry":{"type":"Point","coordinates":[5.9382559,49.9636828]},"properties":{"osm_type":"node","osm_id":5012882868,"category":"historic","name":"US Sherman battle tank M4-A3","wikidata":null,"wikipedia":null,"tags":{"historic":"tank","name":"US Sherman battle tank M4-A3"}}},{"type":"Feature","id":"node/5012883450","geometry":{"type":"Point","coordinates":[5.9383061,49.9637434]},"properties":{"osm_type":"node","osm_id":5012883450,"category":"memorial","name":"Stèle 2000","wikidata":null,"wikipedia":null,"tags":{"historic":"memorial","memorial":"stele","name":"Stèle 2000"}}},{"type":"Feature","id":"node/5012903817","geometry":{"type":"Point","coordinates":[5.9363126,49.965651]},"properties":{"osm_type":"node","osm_id":5012903817,"category":"historic","name":"Maison Karlshausen","wikidata":null,"wikipedia":null,"tags":{"historic":"yes","name":"Maison Karlshausen"}}},{"type":"Feature","id":"node/5015119850","geometry":{"type":"Point","coordinates":[5.9315887,49.967185]},"properties":{"osm_type":"node","osm_id":5015119850,"category":"memorial","name":"Monument aux morts","wikidata":null,"wikipedia":null,"tags":{"historic":"memorial","memorial":"statue","name":"Monument aux morts"}}},{"type":"Feature","id":"node/5037840721","geometry":{"type":"Point","coordinates":[6.0219384,49.6270133]},"properties":{"osm_type":"node","osm_id":5037840721,"category":"memorial","name":"A nos Morts","wikidata":null,"wikipedia":null,"tags":{"historic":"memorial","memorial":"war_memorial","name":"A nos Morts"}}},{"type":"Feature","id":"node/5065229698","geometry":{"type":"Point","coordinates":[6.2660144,49.8208604]},"properties":{"osm_type":"node","osm_id":5065229698,"category":"memorial","name":"Siewebaach","wikidata":null,"wikipedia":null,"tags":{"amenity":"place_of_worship","historic":"memorial","memorial":"war_memorial","name":"Siewebaach","religion":"christian"}}},{"type":"Feature","id":"node/5065229807","geometry":{"type":"Point","coordinates":[6.2912768,49.8299231]},"properties":{"osm_type":"node","osm_id":5065229807,"category":"artwork","name":"L'Indigène","wikidata":null,"wikipedia":null,"tags":{"artist_name":"Victor Lenert","artwork_type":"statue","name":"L'Indigène","start_date":"1962","tourism":"artwork"}}},{"type":"Feature","id":"node/5101422661","geometry":{"type":"Point","coordinates":[6.1686963,49.6310109]},"properties":{"osm_type":"node","osm_id":5101422661,"category":"artwork","name":"Walking in the City","wikidata":null,"wikipedia":null,"tags":{"artist_name":"Julian Opie","artwork_type":"sculpture","name":"Walking in the City","name:en":"Walking in the City","tourism":"artwork"}}},{"type":"Feature","id":"node/5176059440","geometry":{"type":"Point","coordinates":[6.1068952,49.6022917]},"properties":{"osm_type":"node","osm_id":5176059440,"category":"theatre","name":"Auditorium","wikidata":null,"wikipedia":null,"tags":{"alt_name":"Conservatoire de la Ville de Luxembourg - Auditorium","amenity":"theatre","name":"Auditorium","wheelchair":"yes"}}},{"type":"Feature","id":"node/5203876073","geometry":{"type":"Point","coordinates":[6.3572118,49.6331694]},"properties":{"osm_type":"node","osm_id":5203876073,"category":"memorial","name":"wayside-cross","wikidata":null,"wikipedia":null,"tags":{"historic":"memorial","name":"wayside-cross"}}},{"type":"Feature","id":"node/5228328436","geometry":{"type":"Point","coordinates":[6.2313345,49.7353891]},"properties":{"osm_type":"node","osm_id":5228328436,"category":"heritage","name":"Eech zu Guedber","wikidata":null,"wikipedia":"lb:Eech zu Guedber","tags":{"heritage":"2","name":"Eech zu Guedber","wikipedia":"lb:Eech zu Guedber"}}},{"type":"Feature","id":"node/5237612656","geometry":{"type":"Point","coordinates":[6.3636265,49.5426661]},"properties":{"osm_type":"node","osm_id":5237612656,"category":"memorial","name":"Journée mondiale de la paix 11.11.1986","wikidata":null,"wikipedia":null,"tags":{"historic":"memorial","name":"Journée mondiale de la paix 11.11.1986"}}},{"type":"Feature","id":"node/5248894905","geometry":{"type":"Point","coordinates":[6.2076368,49.8615782]},"properties":{"osm_type":"node","osm_id":5248894905,"category":"memorial","name":"Eech","wikidata":null,"wikipedia":null,"tags":{"historic":"memorial","name":"Eech"}}},{"type":"Feature","id":"node/5282881825","geometry":{"type":"Point","coordinates":[6.1364678,49.6188404]},"properties":{"osm_type":"node","osm_id":5282881825,"category":"heritage","name":"Fort Olizy","wikidata":null,"wikipedia":"lb:Fort Olizy","tags":{"heritage":"yes","name":"Fort Olizy","ruins":"yes","start_date":"1684","tourism":"information","wikipedia":"lb:Fort Olizy"}}},{"type":"Feature","id":"node/5338545121","geometry":{"type":"Point","coordinates":[5.87857,49.531645]},"properties":{"osm_type":"node","osm_id":5338545121,"category":"historic","name":"Hondsbesch","wikidata":null,"wikipedia":null,"tags":{"historic":"mine_adit","name":"Hondsbesch"}}},{"type":"Feature","id":"node/5351369544","geometry":{"type":"Point","coordinates":[5.820474,50.0051463]},"properties":{"osm_type":"node","osm_id":5351369544,"category":"historic","name":"LB232","wikidata":null,"wikipedia":null,"tags":{"historic":"boundary_stone","image":"Belgium-Luxemburg , Bordermarker.","material":"metal","name":"LB232","start_date":"1843"}}},{"type":"Feature","id":"node/5371517819","geometry":{"type":"Point","coordinates":[6.1104344,49.8514543]},"properties":{"osm_type":"node","osm_id":5371517819,"category":"memorial","name":"Tank","wikidata":null,"wikipedia":null,"tags":{"historic":"memorial","memorial":"statue","name":"Tank"}}},{"type":"Feature","id":"node/5392580730","geometry":{"type":"Point","coordinates":[6.1661307,49.6452211]},"properties":{"osm_type":"node","osm_id":5392580730,"category":"historic","name":"Ancienne distillerie de Dommeldange","wikidata":null,"wikipedia":null,"tags":{"end_date":"1904?","historic":"industrial","name":"Ancienne distillerie de Dommeldange","name:lb":"Brennerei","start_date":"1861?"}}},{"type":"Feature","id":"node/5411993220","geometry":{"type":"Point","coordinates":[6.3746949,49.8353443]},"properties":{"osm_type":"node","osm_id":5411993220,"category":"archaeological_site","name":"Dolmen","wikidata":null,"wikipedia":null,"tags":{"historic":"archaeological_site","name":"Dolmen"}}},{"type":"Feature","id":"node/5448374303","geometry":{"type":"Point","coordinates":[6.2961852,49.8327727]},"properties":{"osm_type":"node","osm_id":5448374303,"category":"memorial","name":"WW2","wikidata":null,"wikipedia":null,"tags":{"historic":"memorial","memorial":"war_memorial","name":"WW2","website":"http://beeforter.lu/2017/07/10/eng-symbolik-dei-hiresglaiche-sicht/"}}},{"type":"Feature","id":"node/5448532233","geometry":{"type":"Point","coordinates":[5.7538032,49.824758]},"properties":{"osm_type":"node","osm_id":5448532233,"category":"museum","name":"Musée de l'Ardoise","wikidata":"Q22949189","wikipedia":null,"tags":{"name":"Musée de l'Ardoise","name:de":"Schiefermuseum Haut-Martelange","name:lb":"Schiefermusée Uewermaartel","tourism":"museum","wikidata":"Q22949189"}}},{"type":"Feature","id":"node/5459427547","geometry":{"type":"Point","coordinates":[6.1464389,49.6167947]},"properties":{"osm_type":"node","osm_id":5459427547,"category":"fort","name":"Fort Parkhöhe","wikidata":"Q13102619","wikipedia":"lb:Fort Parkhöhe","tags":{"historic":"fort","name":"Fort Parkhöhe","wikidata":"Q13102619","wikipedia":"lb:Fort Parkhöhe"}}},{"type":"Feature","id":"node/5459427548","geometry":{"type":"Point","coordinates":[6.135783,49.6071521]},"properties":{"osm_type":"node","osm_id":5459427548,"category":"fort","name":"Citadelle du Saint-Esprit","wikidata":null,"wikipedia":null,"tags":{"historic":"fort","name":"Citadelle du Saint-Esprit"}}},{"type":"Feature","id":"node/5459427549","geometry":{"type":"Point","coordinates":[6.134458,49.6040481]},"properties":{"osm_type":"node","osm_id":5459427549,"category":"fort","name":"Fort Wallis","wikidata":"Q84089625","wikipedia":null,"tags":{"historic":"fort","name":"Fort Wallis","wikidata":"Q84089625"}}},{"type":"Feature","id":"node/5459427550","geometry":{"type":"Point","coordinates":[6.1308114,49.6048033]},"properties":{"osm_type":"node","osm_id":5459427550,"category":"fort","name":"Fort Élisabeth","wikidata":null,"wikipedia":null,"tags":{"historic":"fort","name":"Fort Élisabeth"}}},{"type":"Feature","id":"node/5459427551","geometry":{"type":"Point","coordinates":[6.1286781,49.6072968]},"properties":{"osm_type":"node","osm_id":5459427551,"category":"fort","name":"Fort Bourbon","wikidata":null,"wikipedia":null,"tags":{"historic":"fort","name":"Fort Bourbon"}}},{"type":"Feature","id":"node/5459427553","geometry":{"type":"Point","coordinates":[6.1408933,49.6049731]},"properties":{"osm_type":"node","osm_id":5459427553,"category":"fort","name":"Fort Neipperg","wikidata":null,"wikipedia":null,"tags":{"historic":"fort","name":"Fort Neipperg"}}},{"type":"Feature","id":"node/5459427556","geometry":{"type":"Point","coordinates":[6.1218041,49.6069296]},"properties":{"osm_type":"node","osm_id":5459427556,"category":"fort","name":"Fort Rheinsheim","wikidata":"Q25583742","wikipedia":"lb:Fort Rheinsheim","tags":{"historic":"fort","name":"Fort Rheinsheim","wikidata":"Q25583742","wikipedia":"lb:Fort Rheinsheim"}}},{"type":"Feature","id":"node/5459427558","geometry":{"type":"Point","coordinates":[6.128847,49.5979204]},"properties":{"osm_type":"node","osm_id":5459427558,"category":"fort","name":"Fort Wedell","wikidata":null,"wikipedia":null,"tags":{"historic":"fort","name":"Fort Wedell"}}},{"type":"Feature","id":"node/5459427559","geometry":{"type":"Point","coordinates":[6.1300064,49.6139854]},"properties":{"osm_type":"node","osm_id":5459427559,"category":"fort","name":"Bastion Berlaymont","wikidata":null,"wikipedia":null,"tags":{"historic":"fort","name":"Bastion Berlaymont"}}},{"type":"Feature","id":"node/5459427561","geometry":{"type":"Point","coordinates":[6.1259636,49.6113948]},"properties":{"osm_type":"node","osm_id":5459427561,"category":"fort","name":"Bastion Camus","wikidata":null,"wikipedia":null,"tags":{"historic":"fort","name":"Bastion Camus"}}},{"type":"Feature","id":"node/5459427565","geometry":{"type":"Point","coordinates":[6.1229306,49.6113956]},"properties":{"osm_type":"node","osm_id":5459427565,"category":"fort","name":"Fort Louvigny","wikidata":"Q83816364","wikipedia":null,"tags":{"historic":"fort","name":"Fort Louvigny","wikidata":"Q83816364"}}},{"type":"Feature","id":"node/5459427566","geometry":{"type":"Point","coordinates":[6.1231479,49.6130232]},"properties":{"osm_type":"node","osm_id":5459427566,"category":"fort","name":"Fort Vauban","wikidata":null,"wikipedia":null,"tags":{"historic":"fort","name":"Fort Vauban"}}},{"type":"Feature","id":"node/5459427567","geometry":{"type":"Point","coordinates":[6.1233249,49.6144413]},"properties":{"osm_type":"node","osm_id":5459427567,"category":"fort","name":"Fort Marie","wikidata":null,"wikipedia":null,"tags":{"historic":"fort","name":"Fort Marie"}}},{"type":"Feature","id":"node/5459427568","geometry":{"type":"Point","coordinates":[6.1260065,49.6132894]},"properties":{"osm_type":"node","osm_id":5459427568,"category":"fort","name":"Bastion Marie","wikidata":null,"wikipedia":null,"tags":{"historic":"fort","name":"Bastion Marie"}}},{"type":"Feature","id":"node/5459427569","geometry":{"type":"Point","coordinates":[6.1277425,49.6172184]},"properties":{"osm_type":"node","osm_id":5459427569,"category":"fort","name":"Fort Charles","wikidata":"Q84089576","wikipedia":null,"tags":{"historic":"fort","name":"Fort Charles","wikidata":"Q84089576"}}},{"type":"Feature","id":"node/5459427570","geometry":{"type":"Point","coordinates":[6.1260555,49.6153091]},"properties":{"osm_type":"node","osm_id":5459427570,"category":"fort","name":"Fort Royal","wikidata":null,"wikipedia":null,"tags":{"historic":"fort","name":"Fort Royal"}}},{"type":"Feature","id":"node/5459427571","geometry":{"type":"Point","coordinates":[6.1286307,49.6156475]},"properties":{"osm_type":"node","osm_id":5459427571,"category":"fort","name":"Fort Berlaimont","wikidata":null,"wikipedia":null,"tags":{"historic":"fort","name":"Fort Berlaimont"}}},{"type":"Feature","id":"node/5459427573","geometry":{"type":"Point","coordinates":[6.1367778,49.6187343]},"properties":{"osm_type":"node","osm_id":5459427573,"category":"fort","name":"Fort Olizy","wikidata":"Q13102620","wikipedia":"lb:Fort Olizy","tags":{"historic":"fort","name":"Fort Olizy","wikidata":"Q13102620","wikipedia":"lb:Fort Olizy"}}},{"type":"Feature","id":"node/5554837851","geometry":{"type":"Point","coordinates":[6.4374706,49.6792867]},"properties":{"osm_type":"node","osm_id":5554837851,"category":"memorial","name":"Monument aux morts","wikidata":null,"wikipedia":null,"tags":{"historic":"memorial","image":"https://www.flickr.com/photos/33766294@N03/24214310041","memorial":"war_memorial","name":"Monument aux morts"}}},{"type":"Feature","id":"node/5592117818","geometry":{"type":"Point","coordinates":[6.3176027,49.7973345]},"properties":{"osm_type":"node","osm_id":5592117818,"category":"archaeological_site","name":"Schnellert Dolmen","wikidata":null,"wikipedia":null,"tags":{"historic":"archaeological_site","name":"Schnellert Dolmen"}}},{"type":"Feature","id":"node/5621729771","geometry":{"type":"Point","coordinates":[5.9774793,49.5002337]},"properties":{"osm_type":"node","osm_id":5621729771,"category":"memorial","name":"Monument Jeunesse sacrifiée","wikidata":null,"wikipedia":null,"tags":{"historic":"memorial","material":"stone","memorial":"stele","name":"Monument Jeunesse sacrifiée"}}},{"type":"Feature","id":"node/5641805625","geometry":{"type":"Point","coordinates":[6.2213996,49.7027713]},"properties":{"osm_type":"node","osm_id":5641805625,"category":"archaeological_site","name":"Beddelsteen","wikidata":null,"wikipedia":null,"tags":{"historic":"archaeological_site","name":"Beddelsteen"}}},{"type":"Feature","id":"node/5708876824","geometry":{"type":"Point","coordinates":[6.190757,49.6929147]},"properties":{"osm_type":"node","osm_id":5708876824,"category":"artwork","name":"Hl. Franz vun Assisi 1963","wikidata":null,"wikipedia":null,"tags":{"artwork_type":"statue","name":"Hl. Franz vun Assisi 1963","tourism":"artwork"}}},{"type":"Feature","id":"node/5708876838","geometry":{"type":"Point","coordinates":[5.8780331,49.9079823]},"properties":{"osm_type":"node","osm_id":5708876838,"category":"memorial","name":"Un d’National Anniversären","wikidata":null,"wikipedia":null,"tags":{"historic":"memorial","name":"Un d’National Anniversären"}}},{"type":"Feature","id":"node/5732448016","geometry":{"type":"Point","coordinates":[6.2172339,49.7282352]},"properties":{"osm_type":"node","osm_id":5732448016,"category":"archaeological_site","name":"Haerdchenkopf","wikidata":null,"wikipedia":null,"tags":{"historic":"archaeological_site","image":"http://commons.wikimedia.org/wiki/File:Haerdcheslee_bloc.jpg","name":"Haerdchenkopf","name:fr":"La Roche des Payens","name:lb":"Härdcheslee"}}},{"type":"Feature","id":"node/5766439622","geometry":{"type":"Point","coordinates":[6.2218463,49.7014204]},"properties":{"osm_type":"node","osm_id":5766439622,"category":"heritage","name":"Sequoiaen zu Buerglënster","wikidata":null,"wikipedia":null,"tags":{"heritage":"2","name":"Sequoiaen zu Buerglënster"}}},{"type":"Feature","id":"node/5766439623","geometry":{"type":"Point","coordinates":[6.2225337,49.7017188]},"properties":{"osm_type":"node","osm_id":5766439623,"category":"heritage","name":"Sequoiaen zu Buerglënster","wikidata":null,"wikipedia":null,"tags":{"heritage":"2","name":"Sequoiaen zu Buerglënster"}}},{"type":"Feature","id":"node/5773845101","geometry":{"type":"Point","coordinates":[5.937019,49.9666071]},"properties":{"osm_type":"node","osm_id":5773845101,"category":"memorial","name":"Eisenhower Memorial","wikidata":null,"wikipedia":null,"tags":{"historic":"memorial","memorial":"war_memorial","name":"Eisenhower Memorial"}}},{"type":"Feature","id":"node/5773954750","geometry":{"type":"Point","coordinates":[5.8808975,49.9487344]},"properties":{"osm_type":"node","osm_id":5773954750,"category":"memorial","name":"US Fox holes","wikidata":null,"wikipedia":null,"tags":{"historic":"memorial","memorial":"war_memorial","name":"US Fox holes"}}},{"type":"Feature","id":"node/5773954751","geometry":{"type":"Point","coordinates":[5.8868977,49.9508027]},"properties":{"osm_type":"node","osm_id":5773954751,"category":"memorial","name":"German Dugouts","wikidata":null,"wikipedia":null,"tags":{"historic":"memorial","memorial":"war_memorial","name":"German Dugouts"}}},{"type":"Feature","id":"node/5773954752","geometry":{"type":"Point","coordinates":[5.902375,49.9499812]},"properties":{"osm_type":"node","osm_id":5773954752,"category":"memorial","name":"US Fox holes 44-45","wikidata":null,"wikipedia":null,"tags":{"historic":"memorial","memorial":"war_memorial","name":"US Fox holes 44-45"}}},{"type":"Feature","id":"node/5773963656","geometry":{"type":"Point","coordinates":[5.8806965,49.9465166]},"properties":{"osm_type":"node","osm_id":5773963656,"category":"memorial","name":"PAK 40 canon","wikidata":null,"wikipedia":null,"tags":{"historic":"memorial","memorial":"war_memorial","name":"PAK 40 canon"}}},{"type":"Feature","id":"node/5774023224","geometry":{"type":"Point","coordinates":[5.9068263,49.9517553]},"properties":{"osm_type":"node","osm_id":5774023224,"category":"historic","name":"Hill 490","wikidata":null,"wikipedia":null,"tags":{"historic":"yes","name":"Hill 490"}}},{"type":"Feature","id":"node/5815178977","geometry":{"type":"Point","coordinates":[6.3000778,49.7464508]},"properties":{"osm_type":"node","osm_id":5815178977,"category":"historic","name":"JD298","wikidata":"Q105748803","wikipedia":"lb:Halifax-Monument am Marscherwald","tags":{"historic":"crash_site","name":"JD298","operator":"RAF","wikidata":"Q105748803","wikipedia":"lb:Halifax-Monument am Marscherwald"}}},{"type":"Feature","id":"node/5836257585","geometry":{"type":"Point","coordinates":[5.9637368,50.1726006]},"properties":{"osm_type":"node","osm_id":5836257585,"category":"historic","name":"LB281","wikidata":null,"wikipedia":null,"tags":{"historic":"boundary_stone","image":"https://archive.org/details/lb281","material":"metal","name":"LB281","start_date":"1843"}}},{"type":"Feature","id":"node/5836257595","geometry":{"type":"Point","coordinates":[5.9664605,50.1543367]},"properties":{"osm_type":"node","osm_id":5836257595,"category":"historic","name":"LB279","wikidata":null,"wikipedia":null,"tags":{"historic":"boundary_stone","image":"https://archive.org/details/lb279","material":"metal","name":"LB279","start_date":"1843"}}},{"type":"Feature","id":"node/5836257601","geometry":{"type":"Point","coordinates":[5.9586994,50.1505256]},"properties":{"osm_type":"node","osm_id":5836257601,"category":"historic","name":"LB278","wikidata":null,"wikipedia":null,"tags":{"historic":"boundary_stone","image":"https://archive.org/details/lb278","material":"metal","name":"LB278","start_date":"1843"}}},{"type":"Feature","id":"node/5836257602","geometry":{"type":"Point","coordinates":[5.9612979,50.1498278]},"properties":{"osm_type":"node","osm_id":5836257602,"category":"historic","name":"LB277","wikidata":null,"wikipedia":null,"tags":{"historic":"boundary_stone","image":"https://archive.org/details/lb277","material":"metal","name":"LB277","start_date":"1843"}}},{"type":"Feature","id":"node/5836257608","geometry":{"type":"Point","coordinates":[5.9585396,50.1388627]},"properties":{"osm_type":"node","osm_id":5836257608,"category":"historic","name":"LB275","wikidata":null,"wikipedia":null,"tags":{"historic":"boundary_stone","image":"https://archive.org/details/lb275_202304","material":"metal","name":"LB275","start_date":"1843"}}},{"type":"Feature","id":"node/5836257611","geometry":{"type":"Point","coordinates":[5.9613313,50.1313602]},"properties":{"osm_type":"node","osm_id":5836257611,"category":"historic","name":"LB274","wikidata":null,"wikipedia":null,"tags":{"historic":"boundary_stone","image":"https://archive.org/details/lb274_202304","material":"metal","name":"LB274","start_date":"1843"}}},{"type":"Feature","id":"node/5836380771","geometry":{"type":"Point","coordinates":[6.1169793,50.1445921]},"properties":{"osm_type":"node","osm_id":5836380771,"category":"historic","name":"Prussia Luxembourg No 57","wikidata":null,"wikipedia":null,"tags":{"historic":"boundary_stone","image":"File:Belgisch-Luxemburgischer_Grenzstein_Nr._57_(alt)_(1).jpg","name":"Prussia Luxembourg No 57","name:de":"Preußen Luxemburg Nr. 57","name:fr":"Prusse Luxembourg n° 57","name:nl":"Pruisen Luxemburg nr. 57","start_date":"1950"}}},{"type":"Feature","id":"node/5836380773","geometry":{"type":"Point","coordinates":[6.1121376,50.1380417]},"properties":{"osm_type":"node","osm_id":5836380773,"category":"historic","name":"Prussia Luxembourg No 54","wikidata":null,"wikipedia":null,"tags":{"historic":"boundary_stone","image":"File:Neu-Belgisch_(Preußisch)-Luxemburgischer_Grenzstein_Nr._54_(1).jpg","name":"Prussia Luxembourg No 54","name:de":"Preußen Luxemburg Nr. 54","name:fr":"Prusse Luxembourg n° 54","name:nl":"Pruisen Luxemburg nr. 54","start_date":"1866"}}},{"type":"Feature","id":"node/5836380774","geometry":{"type":"Point","coordinates":[6.1123144,50.1360155]},"properties":{"osm_type":"node","osm_id":5836380774,"category":"historic","name":"Prussia Luxembourg No 53","wikidata":null,"wikipedia":null,"tags":{"historic":"boundary_stone","image":"File:Belgisch-Luxemburgischer_Grenzstein_Nr._53_(1).jpg","name":"Prussia Luxembourg No 53","name:de":"Preußen Luxemburg Nr. 53","name:fr":"Prusse Luxembourg n° 53","name:nl":"Pruisen Luxemburg nr. 53","start_date":"1950"}}},{"type":"Feature","id":"node/5836752007","geometry":{"type":"Point","coordinates":[6.0247975,50.1827706]},"properties":{"osm_type":"node","osm_id":5836752007,"category":"historic","name":"Prussia Belgium Luxembourg No 75","wikidata":null,"wikipedia":null,"tags":{"historic":"boundary_stone","image":"File:Neu-Belgisch_(Preußisch)-Luxemburgischer_Grenzstein_Nr._75_(1).jpg","name":"Prussia Belgium Luxembourg No 75","name:de":"Preußen Belgien Luxemburg Nr. 75","name:fr":"Prusse Belgique Luxembourg n° 75","name:nl":"Pruisen België Luxemburg nr. 75","start_date":"1866"}}},{"type":"Feature","id":"node/5836752014","geometry":{"type":"Point","coordinates":[6.0645793,50.1537511]},"properties":{"osm_type":"node","osm_id":5836752014,"category":"historic","name":"Prussia Luxembourg No 67","wikidata":null,"wikipedia":null,"tags":{"historic":"boundary_stone","image":"File:Neu-Belgisch_(Preußisch)-Luxemburgischer_Grenzstein_Nr._67_(2).jpg","name":"Prussia Luxembourg No 67","name:de":"Preußen Luxemburg Nr. 67","name:fr":"Prusse Luxembourg n° 67","name:nl":"Pruisen Luxemburg nr. 67","start_date":"1866"}}},{"type":"Feature","id":"node/5836752018","geometry":{"type":"Point","coordinates":[6.1145968,50.1650403]},"properties":{"osm_type":"node","osm_id":5836752018,"category":"historic","name":"Prussia Luxembourg No 62","wikidata":null,"wikipedia":null,"tags":{"historic":"boundary_stone","image":"File:Neu-Belgisch_(Preußisch)-Luxemburgischer_Grenzstein_Nr._62_(1).jpg","name":"Prussia Luxembourg No 62","name:de":"Preußen Luxemburg Nr. 62","name:fr":"Prusse Luxembourg n° 62","name:nl":"Pruisen Luxemburg nr. 62","start_date":"1866"}}},{"type":"Feature","id":"node/5836752020","geometry":{"type":"Point","coordinates":[6.1202728,50.1619272]},"properties":{"osm_type":"node","osm_id":5836752020,"category":"historic","name":"Prussia Luxembourg No 60","wikidata":null,"wikipedia":null,"tags":{"historic":"boundary_stone","image":"File:Neu-Belgisch_(Preußisch)-Luxemburgischer_Grenzstein_Nr._60_(1).jpg","name":"Prussia Luxembourg No 60","name:de":"Preußen Luxemburg Nr. 60","name:fr":"Prusse Luxembourg n° 60","name:nl":"Pruisen Luxemburg nr. 60","start_date":"1866"}}},{"type":"Feature","id":"node/5836752021","geometry":{"type":"Point","coordinates":[6.1152237,50.1550245]},"properties":{"osm_type":"node","osm_id":5836752021,"category":"historic","name":"Prussia Luxembourg No 59","wikidata":null,"wikipedia":null,"tags":{"historic":"boundary_stone","image":"File:Belgisch-Luxemburgischer_Grenzstein_Nr.59_(alt)_(3).jpg","name":"Prussia Luxembourg No 59","name:de":"Preußen Luxemburg Nr. 59","name:fr":"Prusse Luxembourg n° 59","name:nl":"Pruisen Luxemburg nr. 59","start_date":"1950"}}},{"type":"Feature","id":"node/5839645321","geometry":{"type":"Point","coordinates":[6.420024,49.8133863]},"properties":{"osm_type":"node","osm_id":5839645321,"category":"theatre","name":"Agora","wikidata":null,"wikipedia":null,"tags":{"amenity":"theatre","name":"Agora","operator":"Trifolion"}}},{"type":"Feature","id":"node/5839645322","geometry":{"type":"Point","coordinates":[6.4201925,49.8136136]},"properties":{"osm_type":"node","osm_id":5839645322,"category":"theatre","name":"Atrium","wikidata":null,"wikipedia":null,"tags":{"amenity":"theatre","name":"Atrium","operator":"Trifolion"}}},{"type":"Feature","id":"node/5846250505","geometry":{"type":"Point","coordinates":[6.0363151,50.1612207]},"properties":{"osm_type":"node","osm_id":5846250505,"category":"historic","name":"Prussia Luxembourg No 71b","wikidata":null,"wikipedia":null,"tags":{"historic":"boundary_stone","image":"File:Belgisch-Luxemburgischer_Zwischenstein_Nr._71b_(2).jpg","material":"concrete","name":"Prussia Luxembourg No 71b","name:de":"Preußen Luxemburg Nr. 71b","name:fr":"Prusse Luxembourg n° 71b","name:nl":"Pruisen Luxemburg nr. 71b","start_date":"1922"}}},{"type":"Feature","id":"node/5846250507","geometry":{"type":"Point","coordinates":[6.0788575,50.1565236]},"properties":{"osm_type":"node","osm_id":5846250507,"category":"historic","name":"Prussia Luxembourg No 66","wikidata":null,"wikipedia":null,"tags":{"historic":"boundary_stone","image":"File:Neu-Belgisch_(Preußisch)-Luxemburgischer_Grenzstein_Nr._66_(zwei)_(4).jpg","name":"Prussia Luxembourg No 66","name:de":"Preußen Luxemburg Nr. 66","name:fr":"Prusse Luxembourg n° 66","name:nl":"Pruisen Luxemburg nr. 66","start_date":"1866"}}},{"type":"Feature","id":"node/5846250511","geometry":{"type":"Point","coordinates":[6.1376783,50.1298608]},"properties":{"osm_type":"node","osm_id":5846250511,"category":"historic","name":"52 Luxembourg","wikidata":null,"wikipedia":null,"tags":{"historic":"boundary_stone","image":"File:Belgisch_Luxemburgisch_Deutscher_Grenztsein_52L_(1).jpg;File:Belgisch_Luxemburgisch_Deutscher_Grenztsein_52B_(1).jpg","material":"granite","name":"52 Luxembourg","name:de":"52 Luxemburg","name:fr":"52 Luxembourg","name:nl":"52 Luxemburg","start_date":"1920"}}},{"type":"Feature","id":"node/5875611588","geometry":{"type":"Point","coordinates":[6.0543262,49.5088802]},"properties":{"osm_type":"node","osm_id":5875611588,"category":"memorial","name":"Am Schützenkreuz","wikidata":null,"wikipedia":null,"tags":{"historic":"memorial","name":"Am Schützenkreuz"}}},{"type":"Feature","id":"node/5875611589","geometry":{"type":"Point","coordinates":[6.0543722,49.5088242]},"properties":{"osm_type":"node","osm_id":5875611589,"category":"memorial","name":"Am Schützenkreuz","wikidata":null,"wikipedia":null,"tags":{"historic":"memorial","name":"Am Schützenkreuz"}}},{"type":"Feature","id":"node/5875611590","geometry":{"type":"Point","coordinates":[6.0544131,49.5087953]},"properties":{"osm_type":"node","osm_id":5875611590,"category":"memorial","name":"Am Schützenkreuz","wikidata":null,"wikipedia":null,"tags":{"historic":"memorial","name":"Am Schützenkreuz"}}},{"type":"Feature","id":"node/5875611591","geometry":{"type":"Point","coordinates":[6.0543973,49.5088088]},"properties":{"osm_type":"node","osm_id":5875611591,"category":"memorial","name":"Am Schützenkreuz.","wikidata":null,"wikipedia":null,"tags":{"historic":"memorial","name":"Am Schützenkreuz.","name:de":"Am Schützenkreuz"}}},{"type":"Feature","id":"node/5875620685","geometry":{"type":"Point","coordinates":[6.0543867,49.5088143]},"properties":{"osm_type":"node","osm_id":5875620685,"category":"memorial","name":"Am Schützenkreuz","wikidata":null,"wikipedia":null,"tags":{"historic":"memorial","name":"Am Schützenkreuz"}}},{"type":"Feature","id":"node/5878063149","geometry":{"type":"Point","coordinates":[6.218143,49.8110756]},"properties":{"osm_type":"node","osm_id":5878063149,"category":"memorial","name":"Shoah Monument","wikidata":null,"wikipedia":"lb:Shoah-Monument zu Miedernach","tags":{"artist_name":"Ralf Kotschka","historic":"memorial","memorial":"war_memorial","name":"Shoah Monument","start_date":"1958","wikipedia":"lb:Shoah-Monument zu Miedernach"}}},{"type":"Feature","id":"node/5878300673","geometry":{"type":"Point","coordinates":[6.1359235,49.6616725]},"properties":{"osm_type":"node","osm_id":5878300673,"category":"memorial","name":"Holocaust memorial","wikidata":null,"wikipedia":null,"tags":{"historic":"memorial","memorial":"sculpture","name":"Holocaust memorial"}}},{"type":"Feature","id":"node/5896033554","geometry":{"type":"Point","coordinates":[6.12379,49.6106882]},"properties":{"osm_type":"node","osm_id":5896033554,"category":"memorial","name":"Victor Hugo","wikidata":"Q13101851","wikipedia":"lb:Buste vum Victor Hugo am Stadpark zu Lëtzebuerg","tags":{"historic":"memorial","material":"bronze","memorial":"bust","name":"Victor Hugo","wikidata":"Q13101851","wikipedia":"lb:Buste vum Victor Hugo am Stadpark zu Lëtzebuerg"}}},{"type":"Feature","id":"node/5911989200","geometry":{"type":"Point","coordinates":[6.2463366,49.76268]},"properties":{"osm_type":"node","osm_id":5911989200,"category":"historic","name":"Hoehkreuz","wikidata":null,"wikipedia":null,"tags":{"historic":"wayside_cross","name":"Hoehkreuz","name:lb":"Héikräiz"}}},{"type":"Feature","id":"node/6001736109","geometry":{"type":"Point","coordinates":[5.9152745,49.6440144]},"properties":{"osm_type":"node","osm_id":6001736109,"category":"memorial","name":"150 Jahre Unabhängigkeit","wikidata":null,"wikipedia":null,"tags":{"historic":"memorial","name":"150 Jahre Unabhängigkeit"}}},{"type":"Feature","id":"node/6013133564","geometry":{"type":"Point","coordinates":[6.1947531,49.6242275]},"properties":{"osm_type":"node","osm_id":6013133564,"category":"historic","name":"LX-OUF","wikidata":null,"wikipedia":null,"tags":{"historic":"aircraft","name":"LX-OUF"}}},{"type":"Feature","id":"node/6013162334","geometry":{"type":"Point","coordinates":[6.2811912,49.5013252]},"properties":{"osm_type":"node","osm_id":6013162334,"category":"historic","name":"LX-DIS","wikidata":null,"wikipedia":null,"tags":{"historic":"aircraft","name":"LX-DIS"}}},{"type":"Feature","id":"node/6013170327","geometry":{"type":"Point","coordinates":[6.2824036,49.5012151]},"properties":{"osm_type":"node","osm_id":6013170327,"category":"historic","name":"LX-MAF","wikidata":null,"wikipedia":null,"tags":{"historic":"aircraft","name":"LX-MAF"}}},{"type":"Feature","id":"node/6018330840","geometry":{"type":"Point","coordinates":[5.8628902,49.5862938]},"properties":{"osm_type":"node","osm_id":6018330840,"category":"historic","name":"LB042","wikidata":null,"wikipedia":null,"tags":{"historic":"boundary_stone","image":"https://archive.org/details/lb042","material":"metal","name":"LB042","start_date":"1843"}}},{"type":"Feature","id":"node/6034111779","geometry":{"type":"Point","coordinates":[6.1713098,49.5691614]},"properties":{"osm_type":"node","osm_id":6034111779,"category":"memorial","name":"25 Joer Langheck 1988","wikidata":null,"wikipedia":null,"tags":{"historic":"memorial","name":"25 Joer Langheck 1988"}}},{"type":"Feature","id":"node/6087963262","geometry":{"type":"Point","coordinates":[6.1138648,50.1412589]},"properties":{"osm_type":"node","osm_id":6087963262,"category":"historic","name":"Preußen Luxemburg Nr. 55","wikidata":null,"wikipedia":null,"tags":{"historic":"boundary_stone","image":"File:Neu-Belgisch_(Preußisch)-Luxemburgischer_Grenzstein_Nr._55_(2).jpg","name":"Preußen Luxemburg Nr. 55","name:de":"Preußen Luxemburg Nr. 55","name:en":"Prussia Luxembourg No 55","name:fr":"Prusse Luxembourg n° 55","name:nl":"Pruisen Luxemburg nr. 55","start_date":"1866"}}},{"type":"Feature","id":"node/6102964602","geometry":{"type":"Point","coordinates":[6.3642704,49.563857]},"properties":{"osm_type":"node","osm_id":6102964602,"category":"memorial","name":"Edmond de la Fontaine, Dicks","wikidata":null,"wikipedia":null,"tags":{"historic":"memorial","memorial":"grave","name":"Edmond de la Fontaine, Dicks"}}},{"type":"Feature","id":"node/6116038835","geometry":{"type":"Point","coordinates":[5.8937707,49.4967605]},"properties":{"osm_type":"node","osm_id":6116038835,"category":"historic","name":"Borne frontière n°1","wikidata":null,"wikipedia":null,"tags":{"historic":"boundary_stone","name":"Borne frontière n°1"}}},{"type":"Feature","id":"node/6141363048","geometry":{"type":"Point","coordinates":[5.9817764,49.7333328]},"properties":{"osm_type":"node","osm_id":6141363048,"category":"heritage","name":"Eech zu Sëll","wikidata":null,"wikipedia":"lb:Eech zu Sëll","tags":{"heritage":"2","name":"Eech zu Sëll","tourism":"attraction","wikipedia":"lb:Eech zu Sëll"}}},{"type":"Feature","id":"node/6161451088","geometry":{"type":"Point","coordinates":[6.2822057,49.5010321]},"properties":{"osm_type":"node","osm_id":6161451088,"category":"memorial","name":"Youri Gagarine","wikidata":null,"wikipedia":null,"tags":{"historic":"memorial","memorial":"bust","name":"Youri Gagarine","name:ru":"Памятник Юрию Гагарину"}}},{"type":"Feature","id":"node/6220459791","geometry":{"type":"Point","coordinates":[6.1086298,50.0636217]},"properties":{"osm_type":"node","osm_id":6220459791,"category":"archaeological_site","name":"Vestiges fortification protohistorique","wikidata":null,"wikipedia":null,"tags":{"historic":"archaeological_site","name":"Vestiges fortification protohistorique"}}},{"type":"Feature","id":"node/6220920537","geometry":{"type":"Point","coordinates":[6.1155173,50.1445757]},"properties":{"osm_type":"node","osm_id":6220920537,"category":"historic","name":"Prusse Luxembourg n° 56","wikidata":null,"wikipedia":null,"tags":{"historic":"boundary_stone","image":"File:Neu-Belgisch_(Preußisch)-Luxemburgischer_Grenzstein_Nr._56_(08).jpg","name":"Prusse Luxembourg n° 56","name:de":"Preußen Luxemburg Nr. 56","name:en":"Prussia Luxembourg No 56","name:fr":"Prusse Luxembourg n° 56","name:nl":"Pruisen Luxemburg nr. 56","start_date":"1866"}}},{"type":"Feature","id":"node/6223060148","geometry":{"type":"Point","coordinates":[6.1176774,50.1591992]},"properties":{"osm_type":"node","osm_id":6223060148,"category":"historic","name":"Prussia Luxembourg No 59a","wikidata":null,"wikipedia":null,"tags":{"historic":"boundary_stone","image":"File:Belgisch-Luxemburgischer_Grenzstein_Nr._59a_(alt)_(4).jpg","name":"Prussia Luxembourg No 59a","name:de":"Preußen Luxemburg Nr. 59a","name:fr":"Prusse Luxembourg n° 59a","name:nl":"Pruisen Luxemburg nr. 59a","start_date":"1950"}}},{"type":"Feature","id":"node/6238098385","geometry":{"type":"Point","coordinates":[6.1757188,49.7848234]},"properties":{"osm_type":"node","osm_id":6238098385,"category":"archaeological_site","name":"Aalburg","wikidata":null,"wikipedia":null,"tags":{"historic":"archaeological_site","name":"Aalburg","name:de":"Aalburg","name:fr":"Aalburg","name:lb":"Alebuerg","tourism":"attraction"}}},{"type":"Feature","id":"node/6297699715","geometry":{"type":"Point","coordinates":[6.1589053,49.5764086]},"properties":{"osm_type":"node","osm_id":6297699715,"category":"memorial","name":"Terrain Robert Thill","wikidata":null,"wikipedia":null,"tags":{"historic":"memorial","name":"Terrain Robert Thill"}}},{"type":"Feature","id":"node/6301603961","geometry":{"type":"Point","coordinates":[5.9016417,49.9038292]},"properties":{"osm_type":"node","osm_id":6301603961,"category":"artwork","name":"Temps et paysage","wikidata":null,"wikipedia":null,"tags":{"artist_name":"Ton KALLE","artwork_type":"sculpture","name":"Temps et paysage","tourism":"artwork"}}},{"type":"Feature","id":"node/6301614857","geometry":{"type":"Point","coordinates":[6.0129143,49.4638538]},"properties":{"osm_type":"node","osm_id":6301614857,"category":"monument","name":"Locomotive Alsthom MFA 113 No 70","wikidata":null,"wikipedia":null,"tags":{"historic":"monument","name":"Locomotive Alsthom MFA 113 No 70","operator":"ARBED","website":"https://www.bahnbilder.de/name/karte/place/dudelange/lon/6.08/lat/49.47.html#6.08,49.47,17"}}},{"type":"Feature","id":"node/6303769973","geometry":{"type":"Point","coordinates":[6.4519971,49.7084554]},"properties":{"osm_type":"node","osm_id":6303769973,"category":"historic","name":"Sentier de la Moselle","wikidata":null,"wikipedia":null,"tags":{"historic":"yes","name":"Sentier de la Moselle","tourism":"information"}}},{"type":"Feature","id":"node/6342893706","geometry":{"type":"Point","coordinates":[6.0838059,49.4804702]},"properties":{"osm_type":"node","osm_id":6342893706,"category":"artwork","name":"Am Duerf","wikidata":null,"wikipedia":null,"tags":{"artwork_type":"statue","material":"steel","name":"Am Duerf","tourism":"artwork"}}},{"type":"Feature","id":"node/6378191255","geometry":{"type":"Point","coordinates":[5.9293947,49.9189221]},"properties":{"osm_type":"node","osm_id":6378191255,"category":"historic","name":"Kiischtekräiz","wikidata":null,"wikipedia":null,"tags":{"historic":"wayside_cross","name":"Kiischtekräiz"}}},{"type":"Feature","id":"node/6453061701","geometry":{"type":"Point","coordinates":[6.0797329,49.6512336]},"properties":{"osm_type":"node","osm_id":6453061701,"category":"heritage","name":"Kifer um Briddel","wikidata":null,"wikipedia":"lb:Kifer um Briddel","tags":{"heritage":"2","name":"Kifer um Briddel","wikipedia":"lb:Kifer um Briddel"}}},{"type":"Feature","id":"node/6453164010","geometry":{"type":"Point","coordinates":[6.1284677,49.9238491]},"properties":{"osm_type":"node","osm_id":6453164010,"category":"heritage","name":"Willibrorduslannen zu Laaschent","wikidata":null,"wikipedia":"lb:Willibrorduslannen zu Laaschent","tags":{"heritage":"2","name":"Willibrorduslannen zu Laaschent","wikipedia":"lb:Willibrorduslannen zu Laaschent"}}},{"type":"Feature","id":"node/6453164011","geometry":{"type":"Point","coordinates":[6.128482,49.9237601]},"properties":{"osm_type":"node","osm_id":6453164011,"category":"heritage","name":"Willibrorduslannen zu Laaschent","wikidata":null,"wikipedia":"lb:Willibrorduslannen zu Laaschent","tags":{"heritage":"2","name":"Willibrorduslannen zu Laaschent","wikipedia":"lb:Willibrorduslannen zu Laaschent"}}},{"type":"Feature","id":"node/6532825913","geometry":{"type":"Point","coordinates":[6.3669086,49.4714527]},"properties":{"osm_type":"node","osm_id":6532825913,"category":"memorial","name":"Berliner Mauer","wikidata":null,"wikipedia":null,"tags":{"historic":"memorial","name":"Berliner Mauer"}}},{"type":"Feature","id":"node/6617755042","geometry":{"type":"Point","coordinates":[6.2795147,49.8310282]},"properties":{"osm_type":"node","osm_id":6617755042,"category":"heritage","name":"Käschtebeem zu Beefort","wikidata":null,"wikipedia":null,"tags":{"heritage":"2","name":"Käschtebeem zu Beefort"}}},{"type":"Feature","id":"node/6617755043","geometry":{"type":"Point","coordinates":[6.279681,49.831082]},"properties":{"osm_type":"node","osm_id":6617755043,"category":"heritage","name":"Käschtebeem zu Beefort","wikidata":null,"wikipedia":null,"tags":{"heritage":"2","name":"Käschtebeem zu Beefort"}}},{"type":"Feature","id":"node/6622536301","geometry":{"type":"Point","coordinates":[5.9958213,49.8036764]},"properties":{"osm_type":"node","osm_id":6622536301,"category":"museum","name":"replica Roman mozaic Vichten","wikidata":null,"wikipedia":null,"tags":{"name":"replica Roman mozaic Vichten","tourism":"museum"}}},{"type":"Feature","id":"node/6630147899","geometry":{"type":"Point","coordinates":[6.2788998,49.5932146]},"properties":{"osm_type":"node","osm_id":6630147899,"category":"heritage","name":"Eechen um Pläitrengerhaff","wikidata":null,"wikipedia":"lb:Eechen um Pläitrengerhaff","tags":{"heritage":"2","name":"Eechen um Pläitrengerhaff","wikipedia":"lb:Eechen um Pläitrengerhaff"}}},{"type":"Feature","id":"node/6630147916","geometry":{"type":"Point","coordinates":[6.1416231,49.9590783]},"properties":{"osm_type":"node","osm_id":6630147916,"category":"heritage","name":"Lann zu Pëtscht","wikidata":null,"wikipedia":"lb:Lann zu Pëtscht","tags":{"heritage":"2","name":"Lann zu Pëtscht","wikipedia":"lb:Lann zu Pëtscht"}}},{"type":"Feature","id":"node/6630147920","geometry":{"type":"Point","coordinates":[6.1641776,49.8903607]},"properties":{"osm_type":"node","osm_id":6630147920,"category":"heritage","name":"Lann zu Baastenduerf","wikidata":null,"wikipedia":"lb:Lann zu Baastenduerf","tags":{"heritage":"2","name":"Lann zu Baastenduerf","wikipedia":"lb:Lann zu Baastenduerf"}}},{"type":"Feature","id":"node/6630147982","geometry":{"type":"Point","coordinates":[5.9533564,50.0580893]},"properties":{"osm_type":"node","osm_id":6630147982,"category":"heritage","name":"Lannen zu Diänjen","wikidata":null,"wikipedia":"lb:Lannen zu Diänjen","tags":{"heritage":"2","name":"Lannen zu Diänjen","wikipedia":"lb:Lannen zu Diänjen"}}},{"type":"Feature","id":"node/6630150672","geometry":{"type":"Point","coordinates":[6.1355665,49.6737846]},"properties":{"osm_type":"node","osm_id":6630150672,"category":"heritage","name":"Schwaarzkifer zu Heeschdref","wikidata":null,"wikipedia":"lb:Park zu Heeschdref","tags":{"heritage":"2","name":"Schwaarzkifer zu Heeschdref","wikipedia":"lb:Park zu Heeschdref"}}},{"type":"Feature","id":"node/6630150673","geometry":{"type":"Point","coordinates":[6.3164406,49.5900733]},"properties":{"osm_type":"node","osm_id":6630150673,"category":"heritage","name":"Eech um Bicherhaff","wikidata":null,"wikipedia":"lb:Eech um Bicherhaff","tags":{"heritage":"2","name":"Eech um Bicherhaff","wikipedia":"lb:Eech um Bicherhaff"}}},{"type":"Feature","id":"node/6630151478","geometry":{"type":"Point","coordinates":[6.0348779,50.0339138]},"properties":{"osm_type":"node","osm_id":6630151478,"category":"heritage","name":"Eechen zu Munzen","wikidata":null,"wikipedia":"lb:Eechen zu Munzen","tags":{"heritage":"2","name":"Eechen zu Munzen","wikipedia":"lb:Eechen zu Munzen"}}},{"type":"Feature","id":"node/6630173075","geometry":{"type":"Point","coordinates":[6.1276943,49.6091013]},"properties":{"osm_type":"node","osm_id":6630173075,"category":"heritage","name":"Buch am Péitrusdall, Bastioun Beck","wikidata":null,"wikipedia":"lb:Buch am Péitrusdall, Bastioun Beck","tags":{"heritage":"2","name":"Buch am Péitrusdall, Bastioun Beck","wikipedia":"lb:Buch am Péitrusdall, Bastioun Beck"}}},{"type":"Feature","id":"node/6630173078","geometry":{"type":"Point","coordinates":[6.0581304,49.5767879]},"properties":{"osm_type":"node","osm_id":6630173078,"category":"heritage","name":"Eech um Schléiwenhaff","wikidata":null,"wikipedia":"lb:Eech um Schléiwenhaff","tags":{"heritage":"2","name":"Eech um Schléiwenhaff","wikipedia":"lb:Eech um Schléiwenhaff"}}},{"type":"Feature","id":"node/6630179986","geometry":{"type":"Point","coordinates":[6.1564958,49.6631196]},"properties":{"osm_type":"node","osm_id":6630179986,"category":"heritage","name":"Chêne Prince Henri","wikidata":null,"wikipedia":"lb:Eech vum Prënz Henri","tags":{"heritage":"2","name":"Chêne Prince Henri","name:lb":"Eech vum Prënz Henri","start_date":"1979","wikipedia":"lb:Eech vum Prënz Henri"}}},{"type":"Feature","id":"node/6630180000","geometry":{"type":"Point","coordinates":[6.2333382,49.6552398]},"properties":{"osm_type":"node","osm_id":6630180000,"category":"heritage","name":"Lann zu Hueschtert","wikidata":null,"wikipedia":"lb:Lann zu Hueschtert","tags":{"heritage":"2","name":"Lann zu Hueschtert","wikipedia":"lb:Lann zu Hueschtert"}}},{"type":"Feature","id":"node/6630180002","geometry":{"type":"Point","coordinates":[6.2810786,49.5020401]},"properties":{"osm_type":"node","osm_id":6630180002,"category":"heritage","name":"Platan zu Munneref","wikidata":null,"wikipedia":"lb:Park vum Hotel Grand-Chef zu Munneref","tags":{"heritage":"2","name":"Platan zu Munneref","wikipedia":"lb:Park vum Hotel Grand-Chef zu Munneref"}}},{"type":"Feature","id":"node/6630180003","geometry":{"type":"Point","coordinates":[6.280954,49.5018874]},"properties":{"osm_type":"node","osm_id":6630180003,"category":"heritage","name":"Ginkgoen zu Munneref","wikidata":null,"wikipedia":"lb:Park vum Hotel Grand-Chef zu Munneref","tags":{"heritage":"2","name":"Ginkgoen zu Munneref","wikipedia":"lb:Park vum Hotel Grand-Chef zu Munneref"}}},{"type":"Feature","id":"node/6630180013","geometry":{"type":"Point","coordinates":[6.1353718,49.6113244]},"properties":{"osm_type":"node","osm_id":6630180013,"category":"heritage","name":"Bluttbuch bei der Méchelskierch","wikidata":null,"wikipedia":"lb:Bluttbuch bei der Méchelskierch","tags":{"heritage":"2","name":"Bluttbuch bei der Méchelskierch","wikipedia":"lb:Bluttbuch bei der Méchelskierch"}}},{"type":"Feature","id":"node/6630180037","geometry":{"type":"Point","coordinates":[6.1943264,49.7061889]},"properties":{"osm_type":"node","osm_id":6630180037,"category":"heritage","name":"Wakelter um Amberknäppchen","wikidata":null,"wikipedia":"lb:Naturschutzgebitt Amberkneppchen","tags":{"heritage":"2","name":"Wakelter um Amberknäppchen","wikipedia":"lb:Naturschutzgebitt Amberkneppchen"}}},{"type":"Feature","id":"node/6630180048","geometry":{"type":"Point","coordinates":[6.2813018,49.5920228]},"properties":{"osm_type":"node","osm_id":6630180048,"category":"heritage","name":"Spirebeem um Pläitrengerhaff","wikidata":null,"wikipedia":"lb:Spirebeem um Pläitrengerhaff","tags":{"heritage":"2","name":"Spirebeem um Pläitrengerhaff","wikipedia":"lb:Spirebeem um Pläitrengerhaff"}}},{"type":"Feature","id":"node/6630180049","geometry":{"type":"Point","coordinates":[6.2815787,49.5921305]},"properties":{"osm_type":"node","osm_id":6630180049,"category":"heritage","name":"Séisskäschtebam um Pläitrengerhaff","wikidata":null,"wikipedia":"lb:Séisskäschtebam um Pläitrengerhaff","tags":{"heritage":"2","name":"Séisskäschtebam um Pläitrengerhaff","wikipedia":"lb:Séisskäschtebam um Pläitrengerhaff"}}},{"type":"Feature","id":"node/6630180055","geometry":{"type":"Point","coordinates":[6.222763,49.5631362]},"properties":{"osm_type":"node","osm_id":6630180055,"category":"heritage","name":"Eech zu Siren","wikidata":"Q13102415","wikipedia":"lb:Eech zu Siren","tags":{"heritage":"2","name":"Eech zu Siren","wikidata":"Q13102415","wikipedia":"lb:Eech zu Siren"}}},{"type":"Feature","id":"node/6630180089","geometry":{"type":"Point","coordinates":[6.2800282,49.5015106]},"properties":{"osm_type":"node","osm_id":6630180089,"category":"heritage","name":"Bluttbuch zu Munneref","wikidata":null,"wikipedia":"lb:Park vum Hotel Grand-Chef zu Munneref","tags":{"heritage":"2","name":"Bluttbuch zu Munneref","wikipedia":"lb:Park vum Hotel Grand-Chef zu Munneref"}}},{"type":"Feature","id":"node/6630180102","geometry":{"type":"Point","coordinates":[6.1969298,49.6104888]},"properties":{"osm_type":"node","osm_id":6630180102,"category":"heritage","name":"Séisskäschtebam um Scheedhaff","wikidata":null,"wikipedia":"lb:Séisskäschtebam um Scheedhaff","tags":{"heritage":"2","name":"Séisskäschtebam um Scheedhaff","wikipedia":"lb:Séisskäschtebam um Scheedhaff"}}},{"type":"Feature","id":"node/6630180107","geometry":{"type":"Point","coordinates":[6.3528689,49.5934227]},"properties":{"osm_type":"node","osm_id":6630180107,"category":"heritage","name":"Eech zu Lenneng","wikidata":null,"wikipedia":"lb:Eech zu Lenneng","tags":{"heritage":"2","name":"Eech zu Lenneng","wikipedia":"lb:Eech zu Lenneng"}}},{"type":"Feature","id":"node/6630180146","geometry":{"type":"Point","coordinates":[6.2791877,49.5928971]},"properties":{"osm_type":"node","osm_id":6630180146,"category":"heritage","name":"Eechen um Pläitrengerhaff","wikidata":null,"wikipedia":"lb:Eechen um Pläitrengerhaff","tags":{"heritage":"2","name":"Eechen um Pläitrengerhaff","wikipedia":"lb:Eechen um Pläitrengerhaff"}}},{"type":"Feature","id":"node/6630180147","geometry":{"type":"Point","coordinates":[6.2652358,49.5879286]},"properties":{"osm_type":"node","osm_id":6630180147,"category":"heritage","name":"Eech zu Mutfert","wikidata":null,"wikipedia":"lb:Eech zu Mutfert","tags":{"heritage":"2","name":"Eech zu Mutfert","wikipedia":"lb:Eech zu Mutfert"}}},{"type":"Feature","id":"node/6630180167","geometry":{"type":"Point","coordinates":[5.9667367,49.7248814]},"properties":{"osm_type":"node","osm_id":6630180167,"category":"heritage","name":"Eech zu Kaalmes","wikidata":null,"wikipedia":"lb:Eech zu Kaalmes","tags":{"heritage":"2","name":"Eech zu Kaalmes","wikipedia":"lb:Eech zu Kaalmes"}}},{"type":"Feature","id":"node/6630180191","geometry":{"type":"Point","coordinates":[5.9416735,49.6295317]},"properties":{"osm_type":"node","osm_id":6630180191,"category":"heritage","name":"Eech zu Koler","wikidata":null,"wikipedia":"lb:Eech zu Koler","tags":{"heritage":"2","name":"Eech zu Koler","wikipedia":"lb:Eech zu Koler"}}},{"type":"Feature","id":"node/6630180201","geometry":{"type":"Point","coordinates":[6.0598537,49.7930742]},"properties":{"osm_type":"node","osm_id":6630180201,"category":"heritage","name":"Käschtebeem zu Biissen","wikidata":null,"wikipedia":"lb:Rochuskapell vu Biissen","tags":{"heritage":"2","name":"Käschtebeem zu Biissen","wikipedia":"lb:Rochuskapell vu Biissen"}}},{"type":"Feature","id":"node/6630180202","geometry":{"type":"Point","coordinates":[6.0597427,49.7930112]},"properties":{"osm_type":"node","osm_id":6630180202,"category":"heritage","name":"Käschtebeem zu Biissen","wikidata":null,"wikipedia":"lb:Rochuskapell vu Biissen","tags":{"heritage":"2","name":"Käschtebeem zu Biissen","wikipedia":"lb:Rochuskapell vu Biissen"}}},{"type":"Feature","id":"node/6630180211","geometry":{"type":"Point","coordinates":[6.0490628,49.7015644]},"properties":{"osm_type":"node","osm_id":6630180211,"category":"heritage","name":"Platan zu Aansebuerg","wikidata":null,"wikipedia":"lb:Platan zu Aansebuerg","tags":{"heritage":"2","name":"Platan zu Aansebuerg","wikipedia":"lb:Platan zu Aansebuerg"}}},{"type":"Feature","id":"node/6630180212","geometry":{"type":"Point","coordinates":[5.9144965,49.6466932]},"properties":{"osm_type":"node","osm_id":6630180212,"category":"heritage","name":"Eech zu Klengbetten","wikidata":"Q2972107","wikipedia":"lb:Eech zu Klengbetten","tags":{"heritage":"2","name":"Eech zu Klengbetten","tourism":"attraction","wikidata":"Q2972107","wikipedia":"lb:Eech zu Klengbetten"}}},{"type":"Feature","id":"node/6630180233","geometry":{"type":"Point","coordinates":[6.1293328,49.7620008]},"properties":{"osm_type":"node","osm_id":6630180233,"category":"heritage","name":"Eech zu Biereng","wikidata":null,"wikipedia":"lb:Eech zu Biereng","tags":{"heritage":"2","name":"Eech zu Biereng","wikipedia":"lb:Eech zu Biereng"}}},{"type":"Feature","id":"node/6630180246","geometry":{"type":"Point","coordinates":[6.0826249,49.6609686]},"properties":{"osm_type":"node","osm_id":6630180246,"category":"heritage","name":"Lann um Briddel","wikidata":null,"wikipedia":"lb:Lann um Briddel","tags":{"heritage":"2","name":"Lann um Briddel","wikipedia":"lb:Lann um Briddel"}}},{"type":"Feature","id":"node/6631242216","geometry":{"type":"Point","coordinates":[6.2077561,49.5507226]},"properties":{"osm_type":"node","osm_id":6631242216,"category":"memorial","name":"Onofhängegkeetsmonument 1989","wikidata":null,"wikipedia":null,"tags":{"historic":"memorial","name":"Onofhängegkeetsmonument 1989"}}},{"type":"Feature","id":"node/6635751991","geometry":{"type":"Point","coordinates":[6.0230569,49.6265223]},"properties":{"osm_type":"node","osm_id":6635751991,"category":"memorial","name":"A nos Morts","wikidata":null,"wikipedia":null,"tags":{"historic":"memorial","name":"A nos Morts"}}},{"type":"Feature","id":"node/6639993086","geometry":{"type":"Point","coordinates":[5.8423882,49.8612798]},"properties":{"osm_type":"node","osm_id":6639993086,"category":"memorial","name":"Monument aux morts","wikidata":null,"wikipedia":null,"tags":{"historic":"memorial","image":"https://upload.wikimedia.org/wikipedia/commons/2/2a/Monument_aux_morts_Arsdorf_01.jpg","material":"slate","memorial":"war_memorial","name":"Monument aux morts","start_date":"1980"}}},{"type":"Feature","id":"node/6691821469","geometry":{"type":"Point","coordinates":[5.889966,49.5178738]},"properties":{"osm_type":"node","osm_id":6691821469,"category":"memorial","name":"Feige Bella Furleiser geb. Vogelbaum","wikidata":null,"wikipedia":null,"tags":{"artist_name":"Gunter Demnig","historic":"memorial","image":"File:Stolpersteng Bornstein a Furleiser, 96 av Charlotte, Déifferdeng-101.jpg","material":"brass","memorial":"stolperstein","name":"Feige Bella Furleiser geb. Vogelbaum","start_date":"2015-11-05"}}},{"type":"Feature","id":"node/6718596071","geometry":{"type":"Point","coordinates":[6.2473524,49.834961]},"properties":{"osm_type":"node","osm_id":6718596071,"category":"memorial","name":"Resistance monument","wikidata":null,"wikipedia":null,"tags":{"historic":"memorial","memorial":"war_memorial","name":"Resistance monument"}}},{"type":"Feature","id":"node/6725010052","geometry":{"type":"Point","coordinates":[5.745328,49.8219061]},"properties":{"osm_type":"node","osm_id":6725010052,"category":"historic","name":"BE-LU 165","wikidata":null,"wikipedia":null,"tags":{"historic":"boundary_stone","image":"https://archive.org/details/lb165","material":"cast_iron","name":"BE-LU 165","start_date":"1843"}}},{"type":"Feature","id":"node/6802052105","geometry":{"type":"Point","coordinates":[6.0910516,49.5084714]},"properties":{"osm_type":"node","osm_id":6802052105,"category":"historic","name":"56347","wikidata":null,"wikipedia":null,"tags":{"historic":"motor_vehicle","name":"56347","operator":"Lamesch"}}},{"type":"Feature","id":"node/6815123177","geometry":{"type":"Point","coordinates":[6.1313786,49.5840283]},"properties":{"osm_type":"node","osm_id":6815123177,"category":"historic","name":"Motrice de la rame CFL 2211","wikidata":null,"wikipedia":null,"tags":{"historic":"train","name":"Motrice de la rame CFL 2211"}}},{"type":"Feature","id":"node/6823768392","geometry":{"type":"Point","coordinates":[6.1226256,49.612707]},"properties":{"osm_type":"node","osm_id":6823768392,"category":"artwork","name":"La Grande Tempérance","wikidata":null,"wikipedia":null,"tags":{"alt_name":"Nana","artist_name":"Niki de Saint Phalle","artwork_type":"statue","material":"steel","name":"La Grande Tempérance","name:lb":"Déi grouss Enthalsamkeet","start_date":"1995","tourism":"artwork"}}},{"type":"Feature","id":"node/6832582333","geometry":{"type":"Point","coordinates":[6.2571618,49.5106875]},"properties":{"osm_type":"node","osm_id":6832582333,"category":"historic","name":"Lourdes-Grotte","wikidata":null,"wikipedia":null,"tags":{"historic":"wayside_shrine","name":"Lourdes-Grotte"}}},{"type":"Feature","id":"node/6840210971","geometry":{"type":"Point","coordinates":[6.1423255,49.618963]},"properties":{"osm_type":"node","osm_id":6840210971,"category":"artwork","name":"Luxembourg Sign","wikidata":null,"wikipedia":null,"tags":{"name":"Luxembourg Sign","tourism":"artwork"}}},{"type":"Feature","id":"node/6845177495","geometry":{"type":"Point","coordinates":[6.1208189,49.5953936]},"properties":{"osm_type":"node","osm_id":6845177495,"category":"museum","name":"Deportation Museum","wikidata":null,"wikipedia":null,"tags":{"name":"Deportation Museum","tourism":"museum"}}},{"type":"Feature","id":"node/6851926130","geometry":{"type":"Point","coordinates":[6.0580115,50.1482375]},"properties":{"osm_type":"node","osm_id":6851926130,"category":"historic","name":"LX-PEZ","wikidata":null,"wikipedia":null,"tags":{"historic":"aircraft","name":"LX-PEZ"}}},{"type":"Feature","id":"node/6851926131","geometry":{"type":"Point","coordinates":[6.058151,50.148239]},"properties":{"osm_type":"node","osm_id":6851926131,"category":"historic","name":"LX-AIB","wikidata":null,"wikipedia":null,"tags":{"historic":"aircraft","name":"LX-AIB"}}},{"type":"Feature","id":"node/6853833844","geometry":{"type":"Point","coordinates":[5.9000538,49.8496921]},"properties":{"osm_type":"node","osm_id":6853833844,"category":"museum","name":"Thillenvogtei","wikidata":"Q22011242","wikipedia":"lb:Thillenvogtei","tags":{"name":"Thillenvogtei","tourism":"museum","wikidata":"Q22011242","wikipedia":"lb:Thillenvogtei"}}},{"type":"Feature","id":"node/6869893409","geometry":{"type":"Point","coordinates":[6.1372516,49.6117824]},"properties":{"osm_type":"node","osm_id":6869893409,"category":"memorial","name":"John of Bohemia plaque","wikidata":"Q81655252","wikipedia":null,"tags":{"historic":"memorial","memorial":"plaque","name":"John of Bohemia plaque","wikidata":"Q81655252"}}},{"type":"Feature","id":"node/6925680545","geometry":{"type":"Point","coordinates":[6.2983459,49.5211647]},"properties":{"osm_type":"node","osm_id":6925680545,"category":"arts_centre","name":"Art et Création a.s.b.l.","wikidata":null,"wikipedia":null,"tags":{"addr:city":"Ellange","addr:housenumber":"1","addr:postcode":"5690","addr:street":"Rue du Curé","amenity":"arts_centre","email":"kontakt@art-et-creation.lu","name":"Art et Création a.s.b.l.","opening_hours":"Mo,We 14:30-18:00","phone":"+352 23 66 75 09","website":"https://art-et-creation.lu/"}}},{"type":"Feature","id":"node/6928793101","geometry":{"type":"Point","coordinates":[5.8633508,49.5339499]},"properties":{"osm_type":"node","osm_id":6928793101,"category":"museum","name":"Epicerie Binck","wikidata":"Q13102456","wikipedia":"lb:Epicerie Binck am Fond-de-Gras","tags":{"addr:city":"Niederkorn","addr:housenumber":"2","addr:postcode":"4576","addr:street":"Fond-de-Gras","name":"Epicerie Binck","name:fr":"Épicerie Binck","opening_hours":"Su 14:00 - 18:00","operator":"Minett Park Fond-de-Gras a.s.b.l.","tourism":"museum","website":"https://minettpark.lu/activites/epicerie-victor-binck/","wikidata":"Q13102456","wikipedia":"lb:Epicerie Binck am Fond-de-Gras"}}},{"type":"Feature","id":"node/6934628831","geometry":{"type":"Point","coordinates":[6.1639046,49.6312636]},"properties":{"osm_type":"node","osm_id":6934628831,"category":"artwork","name":"Skulptur ohne titel","wikidata":null,"wikipedia":null,"tags":{"name":"Skulptur ohne titel","tourism":"artwork"}}},{"type":"Feature","id":"node/7006464614","geometry":{"type":"Point","coordinates":[6.3217719,49.7653373]},"properties":{"osm_type":"node","osm_id":7006464614,"category":"archaeological_site","name":"Ginstegestell","wikidata":null,"wikipedia":null,"tags":{"historic":"archaeological_site","name":"Ginstegestell"}}},{"type":"Feature","id":"node/7006464615","geometry":{"type":"Point","coordinates":[6.2666711,49.7681638]},"properties":{"osm_type":"node","osm_id":7006464615,"category":"archaeological_site","name":"Albuerg","wikidata":null,"wikipedia":null,"tags":{"historic":"archaeological_site","name":"Albuerg"}}},{"type":"Feature","id":"node/7006464616","geometry":{"type":"Point","coordinates":[6.2701345,49.7432854]},"properties":{"osm_type":"node","osm_id":7006464616,"category":"archaeological_site","name":"Huëbierg","wikidata":null,"wikipedia":null,"tags":{"historic":"archaeological_site","name":"Huëbierg"}}},{"type":"Feature","id":"node/7010782780","geometry":{"type":"Point","coordinates":[6.2878775,49.7701272]},"properties":{"osm_type":"node","osm_id":7010782780,"category":"ruins","name":"Ferme Paaschent","wikidata":null,"wikipedia":null,"tags":{"historic":"ruins","name":"Ferme Paaschent","name:lb":"Paaschenterhaff"}}},{"type":"Feature","id":"node/7010782781","geometry":{"type":"Point","coordinates":[6.2748819,49.7479738]},"properties":{"osm_type":"node","osm_id":7010782781,"category":"ruins","name":"Ferme Farenhaff","wikidata":null,"wikipedia":null,"tags":{"historic":"ruins","name":"Ferme Farenhaff"}}},{"type":"Feature","id":"node/7010793177","geometry":{"type":"Point","coordinates":[6.2713384,49.7523398]},"properties":{"osm_type":"node","osm_id":7010793177,"category":"archaeological_site","name":"Gué romain","wikidata":null,"wikipedia":null,"tags":{"historic":"archaeological_site","name":"Gué romain"}}},{"type":"Feature","id":"node/7067936475","geometry":{"type":"Point","coordinates":[6.1278106,49.6054742]},"properties":{"osm_type":"node","osm_id":7067936475,"category":"museum","name":"Galerie d’art contemporain ‘Am Tunnel’","wikidata":null,"wikipedia":null,"tags":{"name":"Galerie d’art contemporain ‘Am Tunnel’","tourism":"museum"}}},{"type":"Feature","id":"node/7124265385","geometry":{"type":"Point","coordinates":[6.145616,49.6344953]},"properties":{"osm_type":"node","osm_id":7124265385,"category":"historic","name":"Ancienne borne S.M. 1780","wikidata":null,"wikipedia":null,"tags":{"historic":"boundary_stone","name":"Ancienne borne S.M. 1780","name:en":"Historic borderstone S.M. 1780"}}},{"type":"Feature","id":"node/7126792140","geometry":{"type":"Point","coordinates":[6.2526505,49.7143561]},"properties":{"osm_type":"node","osm_id":7126792140,"category":"memorial","name":null,"wikidata":"Q13104196","wikipedia":"lb:Monument aux morts Jonglënster","tags":{"historic":"memorial","memorial":"war_memorial","wikidata":"Q13104196","wikipedia":"lb:Monument aux morts Jonglënster"}}},{"type":"Feature","id":"node/7143003846","geometry":{"type":"Point","coordinates":[6.1181863,49.6161973]},"properties":{"osm_type":"node","osm_id":7143003846,"category":"tomb","name":"Mausolée des soldats français de la Grande Guerre","wikidata":"Q16764143","wikipedia":"lb:Mausoleum vun de franséischen Zaldoten zu Lëtzebuerg","tags":{"historic":"tomb","image":"File:Luxembourg, Mausolée des soldats français de la Grande Guerre (1).JPG","name":"Mausolée des soldats français de la Grande Guerre","name:lb":"Mausoleum vun de franséischen Zaldoten","wikidata":"Q16764143","wikipedia":"lb:Mausoleum vun de franséischen Zaldoten zu Lëtzebuerg"}}},{"type":"Feature","id":"node/7196791185","geometry":{"type":"Point","coordinates":[6.1272028,49.6099802]},"properties":{"osm_type":"node","osm_id":7196791185,"category":"memorial","name":"La Synagogue de Luxemborg","wikidata":null,"wikipedia":null,"tags":{"historic":"memorial","memorial":"plaque","name":"La Synagogue de Luxemborg"}}},{"type":"Feature","id":"node/7201143718","geometry":{"type":"Point","coordinates":[5.9662374,49.9208831]},"properties":{"osm_type":"node","osm_id":7201143718,"category":"museum","name":"Antimon-Musée","wikidata":"Q13102920","wikipedia":"lb:Géisdrefer Antimongrouf","tags":{"addr:city":"Goesdorf","addr:housenumber":"4","addr:postcode":"9653","addr:street":"Moettelsergaass","name":"Antimon-Musée","tourism":"museum","wikidata":"Q13102920","wikipedia":"lb:Géisdrefer Antimongrouf"}}},{"type":"Feature","id":"node/7201143719","geometry":{"type":"Point","coordinates":[5.9580432,49.9219926]},"properties":{"osm_type":"node","osm_id":7201143719,"category":"historic","name":"Géisdrefer Antimongrouf","wikidata":"Q13102920","wikipedia":"lb:Géisdrefer Antimongrouf","tags":{"historic":"mine","name":"Géisdrefer Antimongrouf","name:de":"Antimonmine Goesdorf","wikidata":"Q13102920","wikipedia":"lb:Géisdrefer Antimongrouf"}}},{"type":"Feature","id":"node/7203418898","geometry":{"type":"Point","coordinates":[6.0007386,49.5042485]},"properties":{"osm_type":"node","osm_id":7203418898,"category":"memorial","name":"Square Hans Adam","wikidata":null,"wikipedia":null,"tags":{"historic":"memorial","material":"stone","memorial":"plaque","name":"Square Hans Adam","name:etymology:wikidata":"Q13102954"}}},{"type":"Feature","id":"node/7203688295","geometry":{"type":"Point","coordinates":[6.1285348,49.6072892]},"properties":{"osm_type":"node","osm_id":7203688295,"category":"museum","name":"Musee de la Banque","wikidata":null,"wikipedia":null,"tags":{"addr:city":"Luxembourg","addr:country":"LU","addr:housenumber":"1","addr:postcode":"1930","addr:street":"Place de Metz","name":"Musee de la Banque","opening_hours":"Mo-Fr 09:00-17:30","phone":"+352 40 15 24 71","tourism":"museum","website":"https://www.bcee.lu/"}}},{"type":"Feature","id":"node/7294622906","geometry":{"type":"Point","coordinates":[6.0306684,49.5051075]},"properties":{"osm_type":"node","osm_id":7294622906,"category":"archaeological_site","name":"Betteling","wikidata":null,"wikipedia":null,"tags":{"historic":"archaeological_site","name":"Betteling"}}},{"type":"Feature","id":"node/7298802139","geometry":{"type":"Point","coordinates":[6.0796526,49.471808]},"properties":{"osm_type":"node","osm_id":7298802139,"category":"historic","name":"MAN","wikidata":null,"wikipedia":null,"tags":{"historic":"bus","name":"MAN"}}},{"type":"Feature","id":"node/7494818917","geometry":{"type":"Point","coordinates":[5.8077166,49.7715183]},"properties":{"osm_type":"node","osm_id":7494818917,"category":"historic","name":"LB142","wikidata":null,"wikipedia":null,"tags":{"historic":"boundary_stone","image":"https://archive.org/details/lb142_202304","material":"metal","name":"LB142","start_date":"1843"}}},{"type":"Feature","id":"node/7523249914","geometry":{"type":"Point","coordinates":[5.9103575,49.5061928]},"properties":{"osm_type":"node","osm_id":7523249914,"category":"memorial","name":"Dag vum Bam 1998","wikidata":null,"wikipedia":null,"tags":{"historic":"memorial","memorial":"plaque","name":"Dag vum Bam 1998"}}},{"type":"Feature","id":"node/7527408134","geometry":{"type":"Point","coordinates":[5.8728785,49.5832055]},"properties":{"osm_type":"node","osm_id":7527408134,"category":"historic","name":"Borne frontière no 36","wikidata":null,"wikipedia":null,"tags":{"historic":"boundary_stone","image":"https://archive.org/details/lb036","material":"gietijzer","name":"Borne frontière no 36","start_date":"1843"}}},{"type":"Feature","id":"node/7528478050","geometry":{"type":"Point","coordinates":[6.2197681,49.7056496]},"properties":{"osm_type":"node","osm_id":7528478050,"category":"historic","name":"Hl. Mary","wikidata":null,"wikipedia":null,"tags":{"historic":"wayside_shrine","name":"Hl. Mary","religion":"christian"}}},{"type":"Feature","id":"node/7539039109","geometry":{"type":"Point","coordinates":[6.4444333,49.7011503]},"properties":{"osm_type":"node","osm_id":7539039109,"category":"historic","name":"Factice Roman Milestone","wikidata":null,"wikipedia":null,"tags":{"historic":"milestone","name":"Factice Roman Milestone"}}},{"type":"Feature","id":"node/7551946852","geometry":{"type":"Point","coordinates":[6.1374986,49.6135106]},"properties":{"osm_type":"node","osm_id":7551946852,"category":"artwork","name":"Ripple","wikidata":null,"wikipedia":null,"tags":{"artist_name":"Ian Hamilton Finlay","artwork_type":"mural","material":"stone","name":"Ripple","start_date":"2001","tourism":"artwork"}}},{"type":"Feature","id":"node/7567318170","geometry":{"type":"Point","coordinates":[6.2798855,49.842672]},"properties":{"osm_type":"node","osm_id":7567318170,"category":"archaeological_site","name":"Alebuerg","wikidata":null,"wikipedia":null,"tags":{"historic":"archaeological_site","name":"Alebuerg"}}},{"type":"Feature","id":"node/7576969813","geometry":{"type":"Point","coordinates":[6.0381784,50.0327735]},"properties":{"osm_type":"node","osm_id":7576969813,"category":"museum","name":"Robbesscheier","wikidata":"Q22083510","wikipedia":null,"tags":{"addr:city":"Munshausen","addr:housenumber":"1","addr:postcode":"9766","addr:street":"Frummeschgaass","email":"info@touristcenter.lu","name":"Robbesscheier","phone":"+352 92 17 45 1","tourism":"museum","website":"https://www.robbesscheier.lu/de","wikidata":"Q22083510"}}},{"type":"Feature","id":"node/7588686277","geometry":{"type":"Point","coordinates":[6.1048611,49.6320447]},"properties":{"osm_type":"node","osm_id":7588686277,"category":"memorial","name":"Les femmes aux élections communales","wikidata":null,"wikipedia":null,"tags":{"historic":"memorial","material":"metal","memorial":"plaque","name":"Les femmes aux élections communales"}}},{"type":"Feature","id":"node/7617394777","geometry":{"type":"Point","coordinates":[6.021094,49.4613921]},"properties":{"osm_type":"node","osm_id":7617394777,"category":"historic","name":"25","wikidata":null,"wikipedia":null,"tags":{"historic":"train","name":"25","operator":"HADIR","website":"https://www.bahnbilder.de/name/karte/place/dudelange/lon/6.08/lat/49.47.html#6.08,49.47,17"}}},{"type":"Feature","id":"node/7625619091","geometry":{"type":"Point","coordinates":[6.0058898,49.8335459]},"properties":{"osm_type":"node","osm_id":7625619091,"category":"arts_centre","name":"Centre Culturel Turelbach","wikidata":null,"wikipedia":null,"tags":{"amenity":"arts_centre","name":"Centre Culturel Turelbach"}}},{"type":"Feature","id":"node/7629492882","geometry":{"type":"Point","coordinates":[6.0807675,49.5434704]},"properties":{"osm_type":"node","osm_id":7629492882,"category":"memorial","name":"The Ghost Army","wikidata":null,"wikipedia":null,"tags":{"historic":"memorial","material":"glass","memorial":"war_memorial","name":"The Ghost Army","name:etymology:wikipedia":"en:Ghost Army"}}},{"type":"Feature","id":"node/7704516791","geometry":{"type":"Point","coordinates":[6.1317305,49.6089712]},"properties":{"osm_type":"node","osm_id":7704516791,"category":"memorial","name":"Kaddish","wikidata":"Q55521088","wikipedia":null,"tags":{"historic":"memorial","material":"stone","memorial":"sculpture","name":"Kaddish","wikidata":"Q55521088"}}},{"type":"Feature","id":"node/7706674584","geometry":{"type":"Point","coordinates":[6.0904957,49.8996165]},"properties":{"osm_type":"node","osm_id":7706674584,"category":"memorial","name":"Fräiheetsplaz","wikidata":null,"wikipedia":null,"tags":{"historic":"memorial","memorial":"plaque","name":"Fräiheetsplaz"}}},{"type":"Feature","id":"node/7713328112","geometry":{"type":"Point","coordinates":[6.4982665,49.7132629]},"properties":{"osm_type":"node","osm_id":7713328112,"category":"historic","name":"Sémaphore CFL","wikidata":null,"wikipedia":null,"tags":{"historic":"industrial_monument","name":"Sémaphore CFL"}}},{"type":"Feature","id":"node/7728593743","geometry":{"type":"Point","coordinates":[6.0734811,49.6698482]},"properties":{"osm_type":"node","osm_id":7728593743,"category":"memorial","name":"25. Joresdag vum Trounjubileum","wikidata":null,"wikipedia":null,"tags":{"historic":"memorial","material":"stone","memorial":"stele","name":"25. Joresdag vum Trounjubileum"}}},{"type":"Feature","id":"node/7752551972","geometry":{"type":"Point","coordinates":[6.0633983,49.9332106]},"properties":{"osm_type":"node","osm_id":7752551972,"category":"memorial","name":"Fräiheetslann","wikidata":null,"wikipedia":null,"tags":{"historic":"memorial","memorial":"stone","name":"Fräiheetslann"}}},{"type":"Feature","id":"node/7773018734","geometry":{"type":"Point","coordinates":[6.1293598,49.6092704]},"properties":{"osm_type":"node","osm_id":7773018734,"category":"monument","name":"Gëlle Fra","wikidata":"Q1102519","wikipedia":"en:Gëlle Fra","tags":{"historic":"monument","name":"Gëlle Fra","wikidata":"Q1102519","wikipedia":"en:Gëlle Fra"}}},{"type":"Feature","id":"node/7780776502","geometry":{"type":"Point","coordinates":[6.079796,49.9458539]},"properties":{"osm_type":"node","osm_id":7780776502,"category":"memorial","name":"5th Infantry Division Square Liberationsplaaz","wikidata":null,"wikipedia":null,"tags":{"historic":"memorial","memorial":"war_memorial","name":"5th Infantry Division Square Liberationsplaaz"}}},{"type":"Feature","id":"node/7794009165","geometry":{"type":"Point","coordinates":[6.2221231,49.9194202]},"properties":{"osm_type":"node","osm_id":7794009165,"category":"historic","name":null,"wikidata":null,"wikipedia":"de:Schmalspurbahn Diekirch–Vianden","tags":{"historic":"locomotive","wikipedia":"de:Schmalspurbahn Diekirch–Vianden"}}},{"type":"Feature","id":"node/7809505291","geometry":{"type":"Point","coordinates":[6.1584398,49.8682021]},"properties":{"osm_type":"node","osm_id":7809505291,"category":"museum","name":"Musée d'Histoire de la Brasserie Diekirch","wikidata":null,"wikipedia":null,"tags":{"addr:city":"Diekirch","addr:housenumber":"20-22","addr:postcode":"9280","addr:street":"Rue de Stavelot","name":"Musée d'Histoire de la Brasserie Diekirch","opening_hours":"Tu-Su 10:00-18:00","phone":"+352 26 80 04 68","tourism":"museum"}}},{"type":"Feature","id":"node/7824176012","geometry":{"type":"Point","coordinates":[6.0987672,49.8444501]},"properties":{"osm_type":"node","osm_id":7824176012,"category":"memorial","name":"Square Colonel L. McVickar","wikidata":null,"wikipedia":null,"tags":{"historic":"memorial","memorial":"stone","name":"Square Colonel L. McVickar","start_date":"22.01.1995"}}},{"type":"Feature","id":"node/7824176163","geometry":{"type":"Point","coordinates":[6.0989446,49.8464232]},"properties":{"osm_type":"node","osm_id":7824176163,"category":"artwork","name":"Botterfra","wikidata":null,"wikipedia":null,"tags":{"artist_name":"Wil Lofy","artwork_type":"statue","material":"bronze","name":"Botterfra","tourism":"artwork"}}},{"type":"Feature","id":"node/7834521150","geometry":{"type":"Point","coordinates":[5.9919077,50.1190347]},"properties":{"osm_type":"node","osm_id":7834521150,"category":"memorial","name":"100 Joër Eisebaan","wikidata":null,"wikipedia":null,"tags":{"historic":"memorial","name":"100 Joër Eisebaan"}}},{"type":"Feature","id":"node/7857564994","geometry":{"type":"Point","coordinates":[6.2122385,49.8108133]},"properties":{"osm_type":"node","osm_id":7857564994,"category":"memorial","name":"150 Joer Onofängegkeet","wikidata":null,"wikipedia":null,"tags":{"historic":"memorial","memorial":"column","name":"150 Joer Onofängegkeet"}}},{"type":"Feature","id":"node/7893192127","geometry":{"type":"Point","coordinates":[6.3834979,49.8334594]},"properties":{"osm_type":"node","osm_id":7893192127,"category":"historic","name":"Santiago de Compostela","wikidata":null,"wikipedia":null,"tags":{"historic":"milestone","memorial":"stone","name":"Santiago de Compostela","tourism":"information"}}},{"type":"Feature","id":"node/7908959385","geometry":{"type":"Point","coordinates":[5.8988799,49.9036148]},"properties":{"osm_type":"node","osm_id":7908959385,"category":"artwork","name":"L’Echelle de Jacob","wikidata":null,"wikipedia":null,"tags":{"artist_name":"Bertrand NEY","artwork_type":"sculpture","name":"L’Echelle de Jacob","tourism":"artwork"}}},{"type":"Feature","id":"node/7925852091","geometry":{"type":"Point","coordinates":[6.1880765,49.5160919]},"properties":{"osm_type":"node","osm_id":7925852091,"category":"memorial","name":"Fräiheetsplaz","wikidata":null,"wikipedia":null,"tags":{"historic":"memorial","memorial":"plaque","name":"Fräiheetsplaz"}}},{"type":"Feature","id":"node/8046999316","geometry":{"type":"Point","coordinates":[5.8968627,49.9073857]},"properties":{"osm_type":"node","osm_id":8046999316,"category":"artwork","name":"Sculpture des soleils","wikidata":null,"wikipedia":null,"tags":{"artist_name":"Jaak HILLEN","artwork_type":"sculpture","name":"Sculpture des soleils","tourism":"artwork"}}},{"type":"Feature","id":"node/8063667940","geometry":{"type":"Point","coordinates":[5.939371,50.0585284]},"properties":{"osm_type":"node","osm_id":8063667940,"category":"museum","name":"Park Sënnesräich","wikidata":null,"wikipedia":null,"tags":{"name":"Park Sënnesräich","name:fr":"Salle des 5 Sens","name:lb":"Park Sënnesräich","opening_hours":"misc; Sat-Sun 10:00-17:00","tourism":"museum","website":"https://www.sennesraich.lu/"}}},{"type":"Feature","id":"node/8068805631","geometry":{"type":"Point","coordinates":[6.0821195,49.8513955]},"properties":{"osm_type":"node","osm_id":8068805631,"category":"ruins","name":"Um Kalléksuewen","wikidata":null,"wikipedia":null,"tags":{"historic":"ruins","name":"Um Kalléksuewen"}}},{"type":"Feature","id":"node/8075148600","geometry":{"type":"Point","coordinates":[6.1257739,49.6172666]},"properties":{"osm_type":"node","osm_id":8075148600,"category":"artwork","name":"Carlota","wikidata":null,"wikipedia":null,"tags":{"artist_name":"Jaume Plensa","artwork_type":"sculpture","material":"metal","name":"Carlota","start_date":"2018","tourism":"artwork"}}},{"type":"Feature","id":"node/8075154022","geometry":{"type":"Point","coordinates":[6.1290859,49.6143893]},"properties":{"osm_type":"node","osm_id":8075154022,"category":"artwork","name":"Bon pour 2F","wikidata":null,"wikipedia":null,"tags":{"artwork_type":"sculpture","material":"bronze","name":"Bon pour 2F","start_date":"1994","tourism":"artwork"}}},{"type":"Feature","id":"node/8080240552","geometry":{"type":"Point","coordinates":[6.1366893,49.6116635]},"properties":{"osm_type":"node","osm_id":8080240552,"category":"museum","name":"Casemates du Bock","wikidata":null,"wikipedia":null,"tags":{"alt_name":"Bock Casemates","name":"Casemates du Bock","name:de":"Bock-Kasematten","name:en":"Bock Casemates","name:fr":"Casemates du Bock","name:zh":"伯克要塞","opening_hours":"Mo-Su,PH 10:45-14:45; Dec 24, Jan 1 OFF","tourism":"museum","website":"https://www.luxembourg-city.com/en/tours-activities/underground/bock-casemates","wheelchair":"no"}}},{"type":"Feature","id":"node/8093918804","geometry":{"type":"Point","coordinates":[6.4419176,49.6790319]},"properties":{"osm_type":"node","osm_id":8093918804,"category":"memorial","name":"De Blannen Theis","wikidata":null,"wikipedia":null,"tags":{"historic":"memorial","memorial":"statue","name":"De Blannen Theis"}}},{"type":"Feature","id":"node/8093928023","geometry":{"type":"Point","coordinates":[6.4417922,49.6791542]},"properties":{"osm_type":"node","osm_id":8093928023,"category":"memorial","name":"Heinrich V.","wikidata":null,"wikipedia":null,"tags":{"historic":"memorial","material":"metal","memorial":"plaque","name":"Heinrich V.","start_date":"1952"}}},{"type":"Feature","id":"node/8093928033","geometry":{"type":"Point","coordinates":[6.4416453,49.6791962]},"properties":{"osm_type":"node","osm_id":8093928033,"category":"memorial","name":"Goethe & Napoleon I","wikidata":null,"wikipedia":null,"tags":{"historic":"memorial","material":"metal","memorial":"plaque","name":"Goethe & Napoleon I"}}},{"type":"Feature","id":"node/8095793812","geometry":{"type":"Point","coordinates":[6.5153728,49.7834143]},"properties":{"osm_type":"node","osm_id":8095793812,"category":"museum","name":"Matchbox Autos Museum","wikidata":null,"wikipedia":null,"tags":{"name":"Matchbox Autos Museum","tourism":"museum","website":"https://www.mullerthal.lu/de/fiche/museum/matchbox-autos-museum"}}},{"type":"Feature","id":"node/8108698013","geometry":{"type":"Point","coordinates":[6.0957331,49.4910493]},"properties":{"osm_type":"node","osm_id":8108698013,"category":"historic","name":"Vierge Marie de Lourdes","wikidata":null,"wikipedia":null,"tags":{"denomination":"roman_catholic","historic":"wayside_shrine","name":"Vierge Marie de Lourdes","religion":"christian"}}},{"type":"Feature","id":"node/8127212922","geometry":{"type":"Point","coordinates":[6.0239518,50.057038]},"properties":{"osm_type":"node","osm_id":8127212922,"category":"memorial","name":"Klöppelkrieg Monument","wikidata":null,"wikipedia":"lb:Klëppelkrich","tags":{"historic":"memorial","memorial":"war_memorial","name":"Klöppelkrieg Monument","name:de":"Klöppelkriegerdenkmal","name:lb":"Klëppelkrich Monument","wikipedia":"lb:Klëppelkrich"}}},{"type":"Feature","id":"node/8127212925","geometry":{"type":"Point","coordinates":[6.1133843,50.1414265]},"properties":{"osm_type":"node","osm_id":8127212925,"category":"memorial","name":"Lancaster memorial","wikidata":"Q6483224","wikipedia":"lb:Lancaster Memorial zu Wäiswampech","tags":{"historic":"memorial","material":"steel","memorial":"war_memorial","name":"Lancaster memorial","start_date":"2004-08-13","wikidata":"Q6483224","wikipedia":"lb:Lancaster Memorial zu Wäiswampech"}}},{"type":"Feature","id":"node/8132380558","geometry":{"type":"Point","coordinates":[6.2735018,49.7023769]},"properties":{"osm_type":"node","osm_id":8132380558,"category":"memorial","name":"Monument du Recueillement","wikidata":null,"wikipedia":null,"tags":{"historic":"memorial","material":"metal","name":"Monument du Recueillement","operator":"Association nationale des Victimes de la Route","website":"https://avr.lu/avr/gedenkstaette/"}}},{"type":"Feature","id":"node/8149435066","geometry":{"type":"Point","coordinates":[6.3666324,49.4702706]},"properties":{"osm_type":"node","osm_id":8149435066,"category":"memorial","name":"Für unsere Umwelt","wikidata":null,"wikipedia":null,"tags":{"historic":"memorial","memorial":"stone","name":"Für unsere Umwelt"}}},{"type":"Feature","id":"node/8149435076","geometry":{"type":"Point","coordinates":[6.3666415,49.4701822]},"properties":{"osm_type":"node","osm_id":8149435076,"category":"memorial","name":"Baum der Dynastie Luxemburg-Nasssau","wikidata":null,"wikipedia":null,"tags":{"historic":"memorial","memorial":"plaque","name":"Baum der Dynastie Luxemburg-Nasssau","start_date":"2016-05-28"}}},{"type":"Feature","id":"node/8149435085","geometry":{"type":"Point","coordinates":[6.3665375,49.4697672]},"properties":{"osm_type":"node","osm_id":8149435085,"category":"memorial","name":"Think about 2000","wikidata":null,"wikipedia":null,"tags":{"historic":"memorial","name":"Think about 2000"}}},{"type":"Feature","id":"node/8149435093","geometry":{"type":"Point","coordinates":[6.364139,49.4703705]},"properties":{"osm_type":"node","osm_id":8149435093,"category":"memorial","name":"Morts pour la patrie (1940-1945)","wikidata":null,"wikipedia":null,"tags":{"historic":"memorial","memorial":"stone","name":"Morts pour la patrie (1940-1945)"}}},{"type":"Feature","id":"node/8149435095","geometry":{"type":"Point","coordinates":[6.3646435,49.4704536]},"properties":{"osm_type":"node","osm_id":8149435095,"category":"tomb","name":"Famille Collart - de Scherff","wikidata":null,"wikipedia":null,"tags":{"historic":"tomb","name":"Famille Collart - de Scherff"}}},{"type":"Feature","id":"node/8149435105","geometry":{"type":"Point","coordinates":[6.3652021,49.4706771]},"properties":{"osm_type":"node","osm_id":8149435105,"category":"memorial","name":"Accord de Schengen","wikidata":null,"wikipedia":null,"tags":{"historic":"memorial","name":"Accord de Schengen","start_date":"1990"}}},{"type":"Feature","id":"node/8165742107","geometry":{"type":"Point","coordinates":[5.9336053,49.9126089]},"properties":{"osm_type":"node","osm_id":8165742107,"category":"memorial","name":"Place Grand-Duc Jean","wikidata":null,"wikipedia":null,"tags":{"historic":"memorial","name":"Place Grand-Duc Jean","start_date":"1989"}}},{"type":"Feature","id":"node/8174360816","geometry":{"type":"Point","coordinates":[6.1927573,49.9594588]},"properties":{"osm_type":"node","osm_id":8174360816,"category":"memorial","name":"Josy Kontz","wikidata":null,"wikipedia":null,"tags":{"historic":"memorial","memorial":"stone","name":"Josy Kontz"}}},{"type":"Feature","id":"node/8186597893","geometry":{"type":"Point","coordinates":[5.826264,49.7235949]},"properties":{"osm_type":"node","osm_id":8186597893,"category":"historic","name":"LB121","wikidata":null,"wikipedia":null,"tags":{"historic":"boundary_stone","image":"https://archive.org/details/lb121","material":"metal","name":"LB121","start_date":"1843"}}},{"type":"Feature","id":"node/8209797123","geometry":{"type":"Point","coordinates":[6.1479382,49.6665888]},"properties":{"osm_type":"node","osm_id":8209797123,"category":"archaeological_site","name":"Quanat -6","wikidata":null,"wikipedia":null,"tags":{"historic":"archaeological_site","name":"Quanat -6"}}},{"type":"Feature","id":"node/8255351069","geometry":{"type":"Point","coordinates":[5.7539913,49.8714944]},"properties":{"osm_type":"node","osm_id":8255351069,"category":"historic","name":"BE-LU 174a","wikidata":null,"wikipedia":null,"tags":{"historic":"boundary_stone","material":"concrete","name":"BE-LU 174a","start_date":"1843"}}},{"type":"Feature","id":"node/8313132919","geometry":{"type":"Point","coordinates":[5.9798328,49.7678452]},"properties":{"osm_type":"node","osm_id":8313132919,"category":"memorial","name":"Donatus","wikidata":null,"wikipedia":null,"tags":{"historic":"memorial","memorial":"statue","name":"Donatus"}}},{"type":"Feature","id":"node/8342784650","geometry":{"type":"Point","coordinates":[6.2383427,49.8660526]},"properties":{"osm_type":"node","osm_id":8342784650,"category":"memorial","name":"Fräiheetsplaz","wikidata":null,"wikipedia":null,"tags":{"historic":"memorial","memorial":"stone","name":"Fräiheetsplaz"}}},{"type":"Feature","id":"node/8394220750","geometry":{"type":"Point","coordinates":[5.7442661,49.8945766]},"properties":{"osm_type":"node","osm_id":8394220750,"category":"historic","name":"LB181","wikidata":null,"wikipedia":null,"tags":{"historic":"boundary_stone","image":"https://archive.org/details/lb181","material":"metal","name":"LB181","start_date":"1843"}}},{"type":"Feature","id":"node/8394220915","geometry":{"type":"Point","coordinates":[5.7465698,49.9063112]},"properties":{"osm_type":"node","osm_id":8394220915,"category":"historic","name":"LB187","wikidata":null,"wikipedia":null,"tags":{"historic":"boundary_stone","image":"https://archive.org/details/lb187","material":"metal","name":"LB187","start_date":"1843"}}},{"type":"Feature","id":"node/8411937647","geometry":{"type":"Point","coordinates":[5.9726779,49.9389157]},"properties":{"osm_type":"node","osm_id":8411937647,"category":"memorial","name":"80th US Infantry Division","wikidata":null,"wikipedia":null,"tags":{"historic":"memorial","memorial":"war_memorial","name":"80th US Infantry Division","start_date":"1996"}}},{"type":"Feature","id":"node/8449427022","geometry":{"type":"Point","coordinates":[5.8391865,49.9708469]},"properties":{"osm_type":"node","osm_id":8449427022,"category":"artwork","name":"Donkelser Wollef","wikidata":null,"wikipedia":null,"tags":{"artwork_type":"sculpture","name":"Donkelser Wollef","tourism":"artwork"}}},{"type":"Feature","id":"node/8514941167","geometry":{"type":"Point","coordinates":[6.0412196,49.6434327]},"properties":{"osm_type":"node","osm_id":8514941167,"category":"archaeological_site","name":"Hondsfiels","wikidata":null,"wikipedia":null,"tags":{"alt_name":"Décke Fiels","historic":"archaeological_site","name":"Hondsfiels"}}},{"type":"Feature","id":"node/8545266311","geometry":{"type":"Point","coordinates":[5.9710423,50.0949097]},"properties":{"osm_type":"node","osm_id":8545266311,"category":"museum","name":"Schreibmuseum und ehemaliges Klassenzimmer","wikidata":null,"wikipedia":null,"tags":{"name":"Schreibmuseum und ehemaliges Klassenzimmer","tourism":"museum"}}},{"type":"Feature","id":"node/8545266312","geometry":{"type":"Point","coordinates":[5.9640197,50.0879912]},"properties":{"osm_type":"node","osm_id":8545266312,"category":"museum","name":"Museum Moulin d'Asselborn","wikidata":null,"wikipedia":null,"tags":{"name":"Museum Moulin d'Asselborn","phone":"+352 99 86 16","tourism":"museum","website":"https://hotelvieuxmoulin.lu/"}}},{"type":"Feature","id":"node/8546952489","geometry":{"type":"Point","coordinates":[6.0302241,50.0543396]},"properties":{"osm_type":"node","osm_id":8546952489,"category":"museum","name":"Museum der Modelle der Schlösser und Burgen Luxemburgs","wikidata":null,"wikipedia":null,"tags":{"name":"Museum der Modelle der Schlösser und Burgen Luxemburgs","opening_hours":"Aug 11-Apr 30 Sa-Su 10:00-18:00; May 01-Aug 10 Tu-Su 10:00-18:00","tourism":"museum"}}},{"type":"Feature","id":"node/8561938731","geometry":{"type":"Point","coordinates":[5.9383164,49.9662696]},"properties":{"osm_type":"node","osm_id":8561938731,"category":"museum","name":"Museum of the Battle of the Bulge","wikidata":null,"wikipedia":null,"tags":{"name":"Museum of the Battle of the Bulge","tourism":"museum"}}},{"type":"Feature","id":"node/8561938732","geometry":{"type":"Point","coordinates":[5.9379627,49.9662851]},"properties":{"osm_type":"node","osm_id":8561938732,"category":"museum","name":"National Tannery Museum","wikidata":null,"wikipedia":null,"tags":{"name":"National Tannery Museum","name:de":"Gerbereimuseum","tourism":"museum"}}},{"type":"Feature","id":"node/8561938733","geometry":{"type":"Point","coordinates":[5.9895964,50.0000381]},"properties":{"osm_type":"node","osm_id":8561938733,"category":"museum","name":"Rackésmillen","wikidata":null,"wikipedia":null,"tags":{"name":"Rackésmillen","tourism":"museum"}}},{"type":"Feature","id":"node/8561938734","geometry":{"type":"Point","coordinates":[5.9381177,49.9662222]},"properties":{"osm_type":"node","osm_id":8561938734,"category":"museum","name":"National Brewery Museum","wikidata":null,"wikipedia":null,"tags":{"name":"National Brewery Museum","name:de":"Nationalmuseum der Braukunst","tourism":"museum"}}},{"type":"Feature","id":"node/8567090867","geometry":{"type":"Point","coordinates":[6.2025891,49.9352143]},"properties":{"osm_type":"node","osm_id":8567090867,"category":"museum","name":"Château de Vianden","wikidata":null,"wikipedia":null,"tags":{"name":"Château de Vianden","opening_hours":"Mo-Su,PH 10:00-18:00","tourism":"museum"}}},{"type":"Feature","id":"node/8568530477","geometry":{"type":"Point","coordinates":[6.1677534,49.964257]},"properties":{"osm_type":"node","osm_id":8568530477,"category":"historic","name":"Koffergrouf","wikidata":null,"wikipedia":null,"tags":{"historic":"mine","name":"Koffergrouf","name:de":"Kupfermine","name:en":"Copper mine","name:fr":"Koffergrouf"}}},{"type":"Feature","id":"node/8583986964","geometry":{"type":"Point","coordinates":[6.1622773,49.8687561]},"properties":{"osm_type":"node","osm_id":8583986964,"category":"memorial","name":"Alexis Heck","wikidata":null,"wikipedia":null,"tags":{"historic":"memorial","memorial":"stone","name":"Alexis Heck"}}},{"type":"Feature","id":"node/8592403558","geometry":{"type":"Point","coordinates":[6.1164451,49.7130182]},"properties":{"osm_type":"node","osm_id":8592403558,"category":"historic","name":"Fléikert","wikidata":null,"wikipedia":null,"tags":{"historic":"yes","name":"Fléikert","name:lb":"Fléikert"}}},{"type":"Feature","id":"node/8594733323","geometry":{"type":"Point","coordinates":[6.1278167,49.6070741]},"properties":{"osm_type":"node","osm_id":8594733323,"category":"memorial","name":"CEGA","wikidata":null,"wikipedia":null,"tags":{"historic":"memorial","memorial":"plaque","name":"CEGA"}}},{"type":"Feature","id":"node/8594733324","geometry":{"type":"Point","coordinates":[6.1278417,49.6070642]},"properties":{"osm_type":"node","osm_id":8594733324,"category":"memorial","name":"General Omar N. Bradley","wikidata":null,"wikipedia":null,"tags":{"historic":"memorial","material":"metal","memorial":"plaque","name":"General Omar N. Bradley"}}},{"type":"Feature","id":"node/8595716385","geometry":{"type":"Point","coordinates":[6.1286935,49.6111866]},"properties":{"osm_type":"node","osm_id":8595716385,"category":"memorial","name":"Jan Palach","wikidata":null,"wikipedia":null,"tags":{"historic":"memorial","image":"https://travaux.public.lu/dam-assets/fr/abp/actualites/2016/10/Inauguration_place_palach/001.jpg","memorial":"plaque","name":"Jan Palach"}}},{"type":"Feature","id":"node/8607035009","geometry":{"type":"Point","coordinates":[5.9307576,49.9071634]},"properties":{"osm_type":"node","osm_id":8607035009,"category":"museum","name":"Tuchfabrik","wikidata":null,"wikipedia":null,"tags":{"addr:city":"Esch-sur-Sûre","addr:housenumber":"15","addr:postcode":"9650","addr:street":"Rue de Lultzhausen","name":"Tuchfabrik","opening_hours":"Apr-Jun,Sep-Oct Mo-Fr 10:00-12:00,14:00-18:00; Apr-Jun,Sep-Oct Sa-Su 14:00-18:00; Nov-Mar Mo-Fr 10:00-12:00,14:00-17:00; Nov-Mar Sa-Su 14:00-17:00; Jul-Aug 10:00-18:00","tourism":"museum"}}},{"type":"Feature","id":"node/8607035010","geometry":{"type":"Point","coordinates":[5.9305212,49.9071207]},"properties":{"osm_type":"node","osm_id":8607035010,"category":"museum","name":"Naturparkausstellung","wikidata":null,"wikipedia":null,"tags":{"addr:city":"Esch-sur-Sûre","addr:housenumber":"15","addr:postcode":"9650","addr:street":"Rue de Lultzhausen","name":"Naturparkausstellung","opening_hours":"Apr-Jun,Sep-Oct Mo-Fr 10:00-12:00,14:00-18:00; Apr-Jun,Sep-Oct Sa-Su 14:00-18:00; Nov-Mar Mo-Fr 10:00-12:00,14:00-17:00; Nov-Mar Sa-Su 14:00-17:00; Jul-Aug 10:00-18:00","tourism":"museum"}}},{"type":"Feature","id":"node/8607666100","geometry":{"type":"Point","coordinates":[6.1341684,49.6110384]},"properties":{"osm_type":"node","osm_id":8607666100,"category":"arts_centre","name":"Konschthaus Beim Engel","wikidata":null,"wikipedia":null,"tags":{"amenity":"arts_centre","name":"Konschthaus Beim Engel"}}},{"type":"Feature","id":"node/8614377514","geometry":{"type":"Point","coordinates":[5.9796549,49.677003]},"properties":{"osm_type":"node","osm_id":8614377514,"category":"archaeological_site","name":"Réimervilla vu Giewel","wikidata":null,"wikipedia":"lb:Réimervilla vu Giewel","tags":{"historic":"archaeological_site","name":"Réimervilla vu Giewel","name:fr":"Villa Romaine de Goeblange","wikipedia":"lb:Réimervilla vu Giewel"}}},{"type":"Feature","id":"node/8617049603","geometry":{"type":"Point","coordinates":[6.1306199,49.6103554]},"properties":{"osm_type":"node","osm_id":8617049603,"category":"artwork","name":"Deux Lions","wikidata":null,"wikipedia":null,"tags":{"artist_name":"Auguste Trémont","artwork_type":"statue","material":"bronze","name":"Deux Lions","start_date":"1932","tourism":"artwork"}}},{"type":"Feature","id":"node/8617049604","geometry":{"type":"Point","coordinates":[6.130353,49.6103467]},"properties":{"osm_type":"node","osm_id":8617049604,"category":"artwork","name":"Deux Lions","wikidata":null,"wikipedia":null,"tags":{"artist_name":"Auguste Trémont","artwork_type":"statue","material":"bronze","name":"Deux Lions","start_date":"1932","tourism":"artwork"}}},{"type":"Feature","id":"node/8617656435","geometry":{"type":"Point","coordinates":[6.1140183,49.8512831]},"properties":{"osm_type":"node","osm_id":8617656435,"category":"artwork","name":"Mutatis","wikidata":null,"wikipedia":null,"tags":{"artist_name":"Daniel Bragoni","artwork_type":"stone","name":"Mutatis","start_date":"2001","tourism":"artwork"}}},{"type":"Feature","id":"node/8641658152","geometry":{"type":"Point","coordinates":[6.1188441,49.5128133]},"properties":{"osm_type":"node","osm_id":8641658152,"category":"artwork","name":"Aschenputtel","wikidata":null,"wikipedia":null,"tags":{"artwork_type":"statue","name":"Aschenputtel","tourism":"artwork"}}},{"type":"Feature","id":"node/8641658155","geometry":{"type":"Point","coordinates":[6.1196682,49.5103802]},"properties":{"osm_type":"node","osm_id":8641658155,"category":"artwork","name":"Hirsch","wikidata":null,"wikipedia":null,"tags":{"artwork_type":"statue","name":"Hirsch","tourism":"artwork"}}},{"type":"Feature","id":"node/8641658199","geometry":{"type":"Point","coordinates":[6.1193535,49.5133663]},"properties":{"osm_type":"node","osm_id":8641658199,"category":"artwork","name":"Die Maus Kättie","wikidata":null,"wikipedia":null,"tags":{"artwork_type":"statue","name":"Die Maus Kättie","tourism":"artwork"}}},{"type":"Feature","id":"node/8641658349","geometry":{"type":"Point","coordinates":[6.1189602,49.5130332]},"properties":{"osm_type":"node","osm_id":8641658349,"category":"artwork","name":"Klenge roude Léiw","wikidata":null,"wikipedia":null,"tags":{"artwork_type":"statue","name":"Klenge roude Léiw","tourism":"artwork"}}},{"type":"Feature","id":"node/8671445622","geometry":{"type":"Point","coordinates":[5.8448017,49.800121]},"properties":{"osm_type":"node","osm_id":8671445622,"category":"archaeological_site","name":"Galo-Roman Arena Ground","wikidata":null,"wikipedia":null,"tags":{"historic":"archaeological_site","name":"Galo-Roman Arena Ground"}}},{"type":"Feature","id":"node/8718904042","geometry":{"type":"Point","coordinates":[5.9822729,50.1458588]},"properties":{"osm_type":"node","osm_id":8718904042,"category":"memorial","name":"100 Jar Onhofängigkeet 1989","wikidata":null,"wikipedia":null,"tags":{"historic":"memorial","memorial":"stone","name":"100 Jar Onhofängigkeet 1989"}}},{"type":"Feature","id":"node/8726534673","geometry":{"type":"Point","coordinates":[5.9595036,49.685185]},"properties":{"osm_type":"node","osm_id":8726534673,"category":"artwork","name":"Le grand murmure","wikidata":null,"wikipedia":null,"tags":{"name":"Le grand murmure","tourism":"artwork"}}},{"type":"Feature","id":"node/8730335331","geometry":{"type":"Point","coordinates":[6.0724635,49.9845844]},"properties":{"osm_type":"node","osm_id":8730335331,"category":"memorial","name":"150 Joer Onofhängegkeet vu Lëtzebuerg","wikidata":null,"wikipedia":null,"tags":{"historic":"memorial","name":"150 Joer Onofhängegkeet vu Lëtzebuerg"}}},{"type":"Feature","id":"node/8731011298","geometry":{"type":"Point","coordinates":[6.1108714,50.1248481]},"properties":{"osm_type":"node","osm_id":8731011298,"category":"memorial","name":"712th US Tank Bataillon","wikidata":null,"wikipedia":null,"tags":{"historic":"memorial","memorial":"war_memorial","name":"712th US Tank Bataillon"}}},{"type":"Feature","id":"node/8732317756","geometry":{"type":"Point","coordinates":[5.979463,50.1168566]},"properties":{"osm_type":"node","osm_id":8732317756,"category":"memorial","name":"150 Joer Onofhängegkeet 1989","wikidata":null,"wikipedia":null,"tags":{"historic":"memorial","name":"150 Joer Onofhängegkeet 1989"}}},{"type":"Feature","id":"node/8733491568","geometry":{"type":"Point","coordinates":[6.1421291,50.0086294]},"properties":{"osm_type":"node","osm_id":8733491568,"category":"memorial","name":"300 Joer Kapell","wikidata":null,"wikipedia":null,"tags":{"historic":"memorial","name":"300 Joer Kapell"}}},{"type":"Feature","id":"node/8735725653","geometry":{"type":"Point","coordinates":[5.9480734,49.9963303]},"properties":{"osm_type":"node","osm_id":8735725653,"category":"memorial","name":"George O. Mergenthaler","wikidata":null,"wikipedia":null,"tags":{"historic":"memorial","memorial":"war_memorial","name":"George O. Mergenthaler"}}},{"type":"Feature","id":"node/8735725660","geometry":{"type":"Point","coordinates":[5.9601467,49.988797]},"properties":{"osm_type":"node","osm_id":8735725660,"category":"memorial","name":"George O. Mergenthaler","wikidata":null,"wikipedia":null,"tags":{"historic":"memorial","memorial":"war_memorial","name":"George O. Mergenthaler"}}},{"type":"Feature","id":"node/8735725989","geometry":{"type":"Point","coordinates":[5.9624132,50.0118493]},"properties":{"osm_type":"node","osm_id":8735725989,"category":"memorial","name":"Eise Kréichsaffer","wikidata":null,"wikipedia":null,"tags":{"historic":"memorial","memorial":"war_memorial","name":"Eise Kréichsaffer"}}},{"type":"Feature","id":"node/8761027734","geometry":{"type":"Point","coordinates":[5.9802536,49.9358211]},"properties":{"osm_type":"node","osm_id":8761027734,"category":"memorial","name":"Day G. Turner","wikidata":null,"wikipedia":null,"tags":{"historic":"memorial","memorial":"plaque","name":"Day G. Turner","operator":"Cercle d'Études sur la Bataille des Ardennes"}}},{"type":"Feature","id":"node/8761027913","geometry":{"type":"Point","coordinates":[5.968538,49.9352135]},"properties":{"osm_type":"node","osm_id":8761027913,"category":"memorial","name":"Waassertur vun Dol","wikidata":null,"wikipedia":null,"tags":{"historic":"memorial","memorial":"stone","name":"Waassertur vun Dol"}}},{"type":"Feature","id":"node/8769817125","geometry":{"type":"Point","coordinates":[5.9560409,49.5823652]},"properties":{"osm_type":"node","osm_id":8769817125,"category":"memorial","name":"Fräiheetsbam","wikidata":null,"wikipedia":null,"tags":{"historic":"memorial","name":"Fräiheetsbam"}}},{"type":"Feature","id":"node/8828137947","geometry":{"type":"Point","coordinates":[6.3007966,49.7282244]},"properties":{"osm_type":"node","osm_id":8828137947,"category":"memorial","name":null,"wikidata":"Q13104428","wikipedia":"lb:Onofhängegkeetsmonument Beidler","tags":{"historic":"memorial","memorial":"stone","wikidata":"Q13104428","wikipedia":"lb:Onofhängegkeetsmonument Beidler"}}},{"type":"Feature","id":"node/8829775168","geometry":{"type":"Point","coordinates":[6.4243814,49.8156757]},"properties":{"osm_type":"node","osm_id":8829775168,"category":"memorial","name":"Univ. Prof. Dr. Rudolf Palgen (1895-1975)","wikidata":null,"wikipedia":null,"tags":{"artist_name":"Rodolfo Zilli","historic":"memorial","material":"metal","memorial":"bust","name":"Univ. Prof. Dr. Rudolf Palgen (1895-1975)"}}},{"type":"Feature","id":"node/8832045854","geometry":{"type":"Point","coordinates":[5.8808718,49.5952462]},"properties":{"osm_type":"node","osm_id":8832045854,"category":"memorial","name":null,"wikidata":"Q13102483","wikipedia":null,"tags":{"historic":"memorial","memorial":"war_memorial","wikidata":"Q13102483"}}},{"type":"Feature","id":"node/8897327331","geometry":{"type":"Point","coordinates":[6.2850577,49.7965072]},"properties":{"osm_type":"node","osm_id":8897327331,"category":"memorial","name":"Michel Rodange","wikidata":null,"wikipedia":null,"tags":{"historic":"memorial","memorial":"plaque","name":"Michel Rodange"}}},{"type":"Feature","id":"node/8903697472","geometry":{"type":"Point","coordinates":[6.4369925,49.6591116]},"properties":{"osm_type":"node","osm_id":8903697472,"category":"memorial","name":"Jean Misch","wikidata":null,"wikipedia":null,"tags":{"historic":"memorial","memorial":"plaque","name":"Jean Misch"}}},{"type":"Feature","id":"node/8903697473","geometry":{"type":"Point","coordinates":[6.4362282,49.6594828]},"properties":{"osm_type":"node","osm_id":8903697473,"category":"memorial","name":"1839-1989","wikidata":null,"wikipedia":null,"tags":{"historic":"memorial","memorial":"plaque","name":"1839-1989"}}},{"type":"Feature","id":"node/8919450723","geometry":{"type":"Point","coordinates":[6.3641125,49.4848521]},"properties":{"osm_type":"node","osm_id":8919450723,"category":"archaeological_site","name":"Protohistoric tomb","wikidata":null,"wikipedia":null,"tags":{"historic":"archaeological_site","name":"Protohistoric tomb"}}},{"type":"Feature","id":"node/8931883101","geometry":{"type":"Point","coordinates":[5.9786151,49.7690785]},"properties":{"osm_type":"node","osm_id":8931883101,"category":"memorial","name":"Jean Reiffers","wikidata":null,"wikipedia":null,"tags":{"historic":"memorial","memorial":"plaque","name":"Jean Reiffers"}}},{"type":"Feature","id":"node/8931883112","geometry":{"type":"Point","coordinates":[6.1584076,49.865017]},"properties":{"osm_type":"node","osm_id":8931883112,"category":"memorial","name":"Ficellesbréck","wikidata":null,"wikipedia":null,"tags":{"historic":"memorial","memorial":"plaque","name":"Ficellesbréck"}}},{"type":"Feature","id":"node/8931960246","geometry":{"type":"Point","coordinates":[6.1585578,49.8651108]},"properties":{"osm_type":"node","osm_id":8931960246,"category":"memorial","name":"American Liberators","wikidata":null,"wikipedia":null,"tags":{"historic":"memorial","memorial":"war_memorial","name":"American Liberators"}}},{"type":"Feature","id":"node/8955133599","geometry":{"type":"Point","coordinates":[6.2976931,49.8330727]},"properties":{"osm_type":"node","osm_id":8955133599,"category":"memorial","name":"WW2 Befreiung von Buchenwald","wikidata":null,"wikipedia":null,"tags":{"historic":"memorial","material":"stone","name":"WW2 Befreiung von Buchenwald"}}},{"type":"Feature","id":"node/8973419881","geometry":{"type":"Point","coordinates":[5.8715147,49.5491947]},"properties":{"osm_type":"node","osm_id":8973419881,"category":"historic","name":"Akela Steen","wikidata":null,"wikipedia":null,"tags":{"heritage":"LGS Péiteng","historic":"stone","name":"Akela Steen"}}},{"type":"Feature","id":"node/8989484103","geometry":{"type":"Point","coordinates":[6.2555719,49.6886106]},"properties":{"osm_type":"node","osm_id":8989484103,"category":"gallery","name":"Galerie Celsius","wikidata":null,"wikipedia":null,"tags":{"name":"Galerie Celsius","phone":"+352 78 98 88","tourism":"gallery","website":"https://www.rolfschmitt.lu/fr-FR"}}},{"type":"Feature","id":"node/8998596779","geometry":{"type":"Point","coordinates":[5.8718067,49.5604429]},"properties":{"osm_type":"node","osm_id":8998596779,"category":"historic","name":"Light Armored Car M8","wikidata":null,"wikipedia":null,"tags":{"historic":"tank","name":"Light Armored Car M8"}}},{"type":"Feature","id":"node/9007884978","geometry":{"type":"Point","coordinates":[6.0640442,49.5161267]},"properties":{"osm_type":"node","osm_id":9007884978,"category":"monument","name":"Ado Rinnen","wikidata":null,"wikipedia":null,"tags":{"historic":"monument","name":"Ado Rinnen"}}},{"type":"Feature","id":"node/9009544504","geometry":{"type":"Point","coordinates":[5.8893725,49.5345909]},"properties":{"osm_type":"node","osm_id":9009544504,"category":"memorial","name":"Monument 100 years Communist Party Luxembourg","wikidata":null,"wikipedia":null,"tags":{"historic":"memorial","material":"stone","memorial":"stone","name":"Monument 100 years Communist Party Luxembourg"}}},{"type":"Feature","id":"node/9070578806","geometry":{"type":"Point","coordinates":[5.9756944,49.518254]},"properties":{"osm_type":"node","osm_id":9070578806,"category":"artwork","name":"Ferrum Dinosaurum","wikidata":null,"wikipedia":null,"tags":{"name":"Ferrum Dinosaurum","tourism":"artwork"}}},{"type":"Feature","id":"node/9070578807","geometry":{"type":"Point","coordinates":[5.975748,49.5181555]},"properties":{"osm_type":"node","osm_id":9070578807,"category":"artwork","name":"Ferrum Dinosaurum","wikidata":null,"wikipedia":null,"tags":{"name":"Ferrum Dinosaurum","tourism":"artwork"}}},{"type":"Feature","id":"node/9084524265","geometry":{"type":"Point","coordinates":[5.84457,49.7213588]},"properties":{"osm_type":"node","osm_id":9084524265,"category":"historic","name":"LB 117","wikidata":null,"wikipedia":null,"tags":{"historic":"boundary_stone","image":"https://archive.org/details/lb117","material":"metal","name":"LB 117","start_date":"1843"}}},{"type":"Feature","id":"node/9090566323","geometry":{"type":"Point","coordinates":[5.9499182,49.6110101]},"properties":{"osm_type":"node","osm_id":9090566323,"category":"historic","name":"Botterkräiz","wikidata":"Q16762725","wikipedia":"lb:Botterkräiz","tags":{"historic":"wayside_cross","name":"Botterkräiz","name:lb":"Botterkräiz","wikidata":"Q16762725","wikipedia":"lb:Botterkräiz"}}},{"type":"Feature","id":"node/9236353257","geometry":{"type":"Point","coordinates":[5.8229256,49.8572937]},"properties":{"osm_type":"node","osm_id":9236353257,"category":"monument","name":"A l'abbé Nicolas Neuens","wikidata":null,"wikipedia":null,"tags":{"historic":"monument","name":"A l'abbé Nicolas Neuens"}}},{"type":"Feature","id":"node/9294540853","geometry":{"type":"Point","coordinates":[6.0815495,49.4852983]},"properties":{"osm_type":"node","osm_id":9294540853,"category":"memorial","name":"Mémorial des victimes de crimes nazi pendant la 2e Guerre Mondiale","wikidata":null,"wikipedia":null,"tags":{"historic":"memorial","name":"Mémorial des victimes de crimes nazi pendant la 2e Guerre Mondiale"}}},{"type":"Feature","id":"node/9388386153","geometry":{"type":"Point","coordinates":[6.1595224,49.5713094]},"properties":{"osm_type":"node","osm_id":9388386153,"category":"arts_centre","name":"CELO","wikidata":null,"wikipedia":null,"tags":{"addr:city":"Hesperange","addr:housenumber":"476","addr:postcode":"5886","addr:street":"Route de Thionville","amenity":"arts_centre","name":"CELO"}}},{"type":"Feature","id":"node/9523177955","geometry":{"type":"Point","coordinates":[6.1647653,49.6187933]},"properties":{"osm_type":"node","osm_id":9523177955,"category":"artwork","name":"Henri Frommes Monument","wikidata":null,"wikipedia":null,"tags":{"artwork_type":"sculpture","name":"Henri Frommes Monument","tourism":"artwork"}}},{"type":"Feature","id":"node/9549179053","geometry":{"type":"Point","coordinates":[6.1376399,49.6069954]},"properties":{"osm_type":"node","osm_id":9549179053,"category":"memorial","name":"À nos morts 1940-1945","wikidata":null,"wikipedia":null,"tags":{"historic":"memorial","name":"À nos morts 1940-1945"}}},{"type":"Feature","id":"node/9552319561","geometry":{"type":"Point","coordinates":[5.9041194,49.6456163]},"properties":{"osm_type":"node","osm_id":9552319561,"category":"historic","name":"LB073","wikidata":null,"wikipedia":null,"tags":{"historic":"boundary_stone","image":"https://archive.org/details/lb073","material":"metal","name":"LB073","start_date":"1843"}}},{"type":"Feature","id":"node/9605106511","geometry":{"type":"Point","coordinates":[5.754848,49.7926235]},"properties":{"osm_type":"node","osm_id":9605106511,"category":"historic","name":"BE-LU 154a","wikidata":null,"wikipedia":null,"tags":{"historic":"boundary_stone","material":"stone","name":"BE-LU 154a","start_date":"1843"}}},{"type":"Feature","id":"node/9605106513","geometry":{"type":"Point","coordinates":[5.7542138,49.7934175]},"properties":{"osm_type":"node","osm_id":9605106513,"category":"historic","name":"BE-LU 154c","wikidata":null,"wikipedia":null,"tags":{"historic":"boundary_stone","material":"stone","name":"BE-LU 154c","start_date":"1843"}}},{"type":"Feature","id":"node/9605106515","geometry":{"type":"Point","coordinates":[5.7535291,49.7967313]},"properties":{"osm_type":"node","osm_id":9605106515,"category":"historic","name":"BE-LU 156a","wikidata":null,"wikipedia":null,"tags":{"historic":"boundary_stone","material":"stone","name":"BE-LU 156a","start_date":"1843"}}},{"type":"Feature","id":"node/9605113265","geometry":{"type":"Point","coordinates":[5.755161,49.7914632]},"properties":{"osm_type":"node","osm_id":9605113265,"category":"historic","name":"BE-LU 154","wikidata":null,"wikipedia":null,"tags":{"historic":"boundary_stone","image":"https://archive.org/details/lb154","material":"cast_iron","name":"BE-LU 154","start_date":"1843"}}},{"type":"Feature","id":"node/9605113266","geometry":{"type":"Point","coordinates":[5.7530951,49.7933996]},"properties":{"osm_type":"node","osm_id":9605113266,"category":"historic","name":"BE-LU 155","wikidata":null,"wikipedia":null,"tags":{"historic":"boundary_stone","image":"https://archive.org/details/lb155","material":"cast_iron","name":"BE-LU 155","start_date":"1843"}}},{"type":"Feature","id":"node/9605113267","geometry":{"type":"Point","coordinates":[5.7533463,49.7960953]},"properties":{"osm_type":"node","osm_id":9605113267,"category":"historic","name":"BE-LU 156","wikidata":null,"wikipedia":null,"tags":{"historic":"boundary_stone","image":"https://archive.org/details/lb156","material":"cast_iron","name":"BE-LU 156","start_date":"1843"}}},{"type":"Feature","id":"node/9605113269","geometry":{"type":"Point","coordinates":[5.7510043,49.8057615]},"properties":{"osm_type":"node","osm_id":9605113269,"category":"historic","name":"BE-LU 158","wikidata":null,"wikipedia":null,"tags":{"historic":"boundary_stone","image":"https://archive.org/details/lb158","material":"cast_iron","name":"BE-LU 158","start_date":"1843"}}},{"type":"Feature","id":"node/9605113272","geometry":{"type":"Point","coordinates":[5.7511798,49.8148496]},"properties":{"osm_type":"node","osm_id":9605113272,"category":"historic","name":"BE-LU 161","wikidata":null,"wikipedia":null,"tags":{"historic":"boundary_stone","image":"https://archive.org/details/lb161","material":"cast_iron","name":"BE-LU 161","start_date":"1843"}}},{"type":"Feature","id":"node/9605113274","geometry":{"type":"Point","coordinates":[5.7466297,49.8154813]},"properties":{"osm_type":"node","osm_id":9605113274,"category":"historic","name":"BE-LU 163","wikidata":null,"wikipedia":null,"tags":{"historic":"boundary_stone","image":"https://archive.org/details/lb163","material":"cast_iron","name":"BE-LU 163","start_date":"1843"}}},{"type":"Feature","id":"node/9605113275","geometry":{"type":"Point","coordinates":[5.7433957,49.8209791]},"properties":{"osm_type":"node","osm_id":9605113275,"category":"historic","name":"BE-LU 164","wikidata":null,"wikipedia":null,"tags":{"historic":"boundary_stone","image":"https://archive.org/details/lb164","material":"cast_iron","name":"BE-LU 164","start_date":"1843"}}},{"type":"Feature","id":"node/9605174419","geometry":{"type":"Point","coordinates":[5.7503605,49.8062578]},"properties":{"osm_type":"node","osm_id":9605174419,"category":"historic","name":"BE-LU 158a","wikidata":null,"wikipedia":null,"tags":{"historic":"boundary_stone","material":"stone","name":"BE-LU 158a","start_date":"1843"}}},{"type":"Feature","id":"node/9605174420","geometry":{"type":"Point","coordinates":[5.7509004,49.8070932]},"properties":{"osm_type":"node","osm_id":9605174420,"category":"historic","name":"BE-LU 158b","wikidata":null,"wikipedia":null,"tags":{"historic":"boundary_stone","material":"stone","name":"BE-LU 158b","start_date":"1843"}}},{"type":"Feature","id":"node/9605174421","geometry":{"type":"Point","coordinates":[5.7503716,49.807189]},"properties":{"osm_type":"node","osm_id":9605174421,"category":"historic","name":"BE-LU 158c","wikidata":null,"wikipedia":null,"tags":{"historic":"boundary_stone","material":"stone","name":"BE-LU 158c","start_date":"1843"}}},{"type":"Feature","id":"node/9605174422","geometry":{"type":"Point","coordinates":[5.7506107,49.8090707]},"properties":{"osm_type":"node","osm_id":9605174422,"category":"historic","name":"BE-LU 158e","wikidata":null,"wikipedia":null,"tags":{"historic":"boundary_stone","material":"stone","name":"BE-LU 158e","start_date":"1843"}}},{"type":"Feature","id":"node/9605174424","geometry":{"type":"Point","coordinates":[5.7500598,49.8111394]},"properties":{"osm_type":"node","osm_id":9605174424,"category":"historic","name":"BE-LU 159a","wikidata":null,"wikipedia":null,"tags":{"historic":"boundary_stone","material":"stone","name":"BE-LU 159a","start_date":"1843"}}},{"type":"Feature","id":"node/9605174425","geometry":{"type":"Point","coordinates":[5.7504623,49.8112659]},"properties":{"osm_type":"node","osm_id":9605174425,"category":"historic","name":"BE-LU 159b","wikidata":null,"wikipedia":null,"tags":{"historic":"boundary_stone","material":"stone","name":"BE-LU 159b","start_date":"1843"}}},{"type":"Feature","id":"node/9605174426","geometry":{"type":"Point","coordinates":[5.7499582,49.8119703]},"properties":{"osm_type":"node","osm_id":9605174426,"category":"historic","name":"BE-LU 159c","wikidata":null,"wikipedia":null,"tags":{"historic":"boundary_stone","material":"stone","name":"BE-LU 159c","start_date":"1843"}}},{"type":"Feature","id":"node/9605174429","geometry":{"type":"Point","coordinates":[5.7512597,49.8140425]},"properties":{"osm_type":"node","osm_id":9605174429,"category":"historic","name":"BE-LU 160b","wikidata":null,"wikipedia":null,"tags":{"historic":"boundary_stone","material":"stone","name":"BE-LU 160b","start_date":"1843"}}},{"type":"Feature","id":"node/9634966146","geometry":{"type":"Point","coordinates":[6.0662037,49.7876301]},"properties":{"osm_type":"node","osm_id":9634966146,"category":"memorial","name":"150 Joer Onofhängegkeet","wikidata":null,"wikipedia":null,"tags":{"historic":"memorial","memorial":"stone","name":"150 Joer Onofhängegkeet"}}},{"type":"Feature","id":"node/9634966147","geometry":{"type":"Point","coordinates":[6.0663459,49.787533]},"properties":{"osm_type":"node","osm_id":9634966147,"category":"memorial","name":"Enrolés de force","wikidata":null,"wikipedia":null,"tags":{"historic":"memorial","memorial":"plaque","name":"Enrolés de force"}}},{"type":"Feature","id":"node/9664402621","geometry":{"type":"Point","coordinates":[5.9467413,49.7948058]},"properties":{"osm_type":"node","osm_id":9664402621,"category":"memorial","name":"Michel Lucius","wikidata":null,"wikipedia":null,"tags":{"historic":"memorial","image":"http://www.museemichellucius.lu/images/sld_monument-michel-lucius-img_5480.jpg","material":"sandstone","memorial":"stone","name":"Michel Lucius","website":"http://www.museemichellucius.lu/michel-lucius/monument-michel-lucius/index.html"}}},{"type":"Feature","id":"node/9673531578","geometry":{"type":"Point","coordinates":[6.2058052,49.9331084]},"properties":{"osm_type":"node","osm_id":9673531578,"category":"gallery","name":"Veiner Konstgalerie","wikidata":null,"wikipedia":null,"tags":{"name":"Veiner Konstgalerie","opening_hours":"We 14:00-18:00; Su 14:00-18:00","tourism":"gallery","website":"https://viart.lu"}}},{"type":"Feature","id":"node/9675531531","geometry":{"type":"Point","coordinates":[6.2016371,49.9347965]},"properties":{"osm_type":"node","osm_id":9675531531,"category":"memorial","name":"René Engelmann","wikidata":null,"wikipedia":null,"tags":{"historic":"memorial","image":"https://commons.wikimedia.org/wiki/File:Vianden_Ren%C3%A9_Engelmann_monument_a.jpg","memorial":"plaque","name":"René Engelmann"}}},{"type":"Feature","id":"node/9676148839","geometry":{"type":"Point","coordinates":[6.3251498,49.6109296]},"properties":{"osm_type":"node","osm_id":9676148839,"category":"memorial","name":"Jean-Joseph Koppes","wikidata":null,"wikipedia":null,"tags":{"historic":"memorial","memorial":"stone","name":"Jean-Joseph Koppes"}}},{"type":"Feature","id":"node/9708717418","geometry":{"type":"Point","coordinates":[5.7635205,49.7932002]},"properties":{"osm_type":"node","osm_id":9708717418,"category":"historic","name":"BE-LU 152a","wikidata":null,"wikipedia":null,"tags":{"historic":"boundary_stone","material":"stone","name":"BE-LU 152a","start_date":"1843"}}},{"type":"Feature","id":"node/9724512826","geometry":{"type":"Point","coordinates":[6.4225086,49.8125117]},"properties":{"osm_type":"node","osm_id":9724512826,"category":"memorial","name":"KofferDenkmal","wikidata":null,"wikipedia":null,"tags":{"artist_name":"Ralf Kotschka","historic":"memorial","material":"bronze","memorial":"sculpture","name":"KofferDenkmal","start_date":"2023-10-18"}}},{"type":"Feature","id":"node/9727449842","geometry":{"type":"Point","coordinates":[6.4149983,49.7974222]},"properties":{"osm_type":"node","osm_id":9727449842,"category":"ruins","name":"Lëschenhaus","wikidata":null,"wikipedia":"lb:Lëschenhaus","tags":{"historic":"ruins","name":"Lëschenhaus","wikipedia":"lb:Lëschenhaus"}}},{"type":"Feature","id":"node/9742083389","geometry":{"type":"Point","coordinates":[5.938078,49.7953855]},"properties":{"osm_type":"node","osm_id":9742083389,"category":"artwork","name":"Renert","wikidata":null,"wikipedia":null,"tags":{"artwork_type":"mural","material":"metal","name":"Renert","tourism":"artwork"}}},{"type":"Feature","id":"node/9743544699","geometry":{"type":"Point","coordinates":[6.1267042,49.4924128]},"properties":{"osm_type":"node","osm_id":9743544699,"category":"historic","name":"La Borne des Trois Seigneurs","wikidata":null,"wikipedia":null,"tags":{"historic":"boundary_stone","name":"La Borne des Trois Seigneurs","name:de":"Dreiherrenstein","tourism":"attraction"}}},{"type":"Feature","id":"node/9766143437","geometry":{"type":"Point","coordinates":[6.2854651,49.7837786]},"properties":{"osm_type":"node","osm_id":9766143437,"category":"memorial","name":"Jean Engling","wikidata":null,"wikipedia":null,"tags":{"historic":"memorial","memorial":"plaque","name":"Jean Engling"}}},{"type":"Feature","id":"node/9779784387","geometry":{"type":"Point","coordinates":[6.5054821,49.7137182]},"properties":{"osm_type":"node","osm_id":9779784387,"category":"historic","name":"Hellege Néklos","wikidata":null,"wikipedia":null,"tags":{"denomination":"catholic","historic":"wayside_shrine","image":"https://commons.wikimedia.org/wiki/File:%22HELLEGEN_NEKLOS%22_,_LU.jpg","name":"Hellege Néklos","religion":"christian"}}},{"type":"Feature","id":"node/9781499266","geometry":{"type":"Point","coordinates":[5.7501208,49.8393536]},"properties":{"osm_type":"node","osm_id":9781499266,"category":"historic","name":"BE-LU 169","wikidata":null,"wikipedia":null,"tags":{"historic":"boundary_stone","image":"https://archive.org/details/lb169","material":"cast_iron","name":"BE-LU 169","start_date":"1843"}}},{"type":"Feature","id":"node/9781499269","geometry":{"type":"Point","coordinates":[5.7518826,49.8462246]},"properties":{"osm_type":"node","osm_id":9781499269,"category":"historic","name":"BE-LU 170b","wikidata":null,"wikipedia":null,"tags":{"historic":"boundary_stone","material":"stone","name":"BE-LU 170b"}}},{"type":"Feature","id":"node/9781499270","geometry":{"type":"Point","coordinates":[5.7521648,49.8462662]},"properties":{"osm_type":"node","osm_id":9781499270,"category":"historic","name":"BE-LU 170c","wikidata":null,"wikipedia":null,"tags":{"historic":"boundary_stone","material":"stone","name":"BE-LU 170c"}}},{"type":"Feature","id":"node/9781499271","geometry":{"type":"Point","coordinates":[5.7560369,49.845057]},"properties":{"osm_type":"node","osm_id":9781499271,"category":"historic","name":"BE-LU 170d","wikidata":null,"wikipedia":null,"tags":{"historic":"boundary_stone","material":"stone","name":"BE-LU 170d"}}},{"type":"Feature","id":"node/9781499273","geometry":{"type":"Point","coordinates":[5.7484299,49.8520565]},"properties":{"osm_type":"node","osm_id":9781499273,"category":"historic","name":"BE-LU 171","wikidata":null,"wikipedia":null,"tags":{"historic":"boundary_stone","image":"https://archive.org/details/lb171","material":"cast_iron","name":"BE-LU 171","start_date":"1843"}}},{"type":"Feature","id":"node/9782440266","geometry":{"type":"Point","coordinates":[5.7561141,49.8667846]},"properties":{"osm_type":"node","osm_id":9782440266,"category":"historic","name":"BE-LU 172c","wikidata":null,"wikipedia":null,"tags":{"historic":"boundary_stone","material":"stone","name":"BE-LU 172c","start_date":"1843"}}},{"type":"Feature","id":"node/9782440267","geometry":{"type":"Point","coordinates":[5.7542488,49.8678212]},"properties":{"osm_type":"node","osm_id":9782440267,"category":"historic","name":"BE-LU 173","wikidata":null,"wikipedia":null,"tags":{"historic":"boundary_stone","image":"https://archive.org/details/lb173","material":"cast_iron","name":"BE-LU 173","start_date":"1843"}}},{"type":"Feature","id":"node/9800479076","geometry":{"type":"Point","coordinates":[6.1757735,49.632435]},"properties":{"osm_type":"node","osm_id":9800479076,"category":"artwork","name":"Stein der Öffnung","wikidata":null,"wikipedia":null,"tags":{"artist_name":"Paul Schneider","artwork_type":"sculpture","material":"stone","name":"Stein der Öffnung","start_date":"2004","tourism":"artwork"}}},{"type":"Feature","id":"node/9800498793","geometry":{"type":"Point","coordinates":[6.1361593,49.6026132]},"properties":{"osm_type":"node","osm_id":9800498793,"category":"artwork","name":"Ubu roi","wikidata":"Q81549858","wikipedia":"lb:Ubu roi (Skulptur)","tags":{"artist_name":"Hubert Herman;François Valentiny","artwork_type":"sculpture","material":"steel","name":"Ubu roi","tourism":"artwork","wikidata":"Q81549858","wikipedia":"lb:Ubu roi (Skulptur)"}}},{"type":"Feature","id":"node/9810649932","geometry":{"type":"Point","coordinates":[6.1272983,49.6112528]},"properties":{"osm_type":"node","osm_id":9810649932,"category":"artwork","name":"La Grande Tempérance","wikidata":null,"wikipedia":null,"tags":{"artist_name":"Niki de Saint Phalle","artwork_type":"statue","name":"La Grande Tempérance","tourism":"artwork"}}},{"type":"Feature","id":"node/9832416577","geometry":{"type":"Point","coordinates":[6.3633085,49.7523597]},"properties":{"osm_type":"node","osm_id":9832416577,"category":"monument","name":"'Monument aux morts","wikidata":"Q13104190","wikipedia":"lb:Monument aux morts Bech","tags":{"historic":"monument","name":"'Monument aux morts","wikidata":"Q13104190","wikipedia":"lb:Monument aux morts Bech"}}},{"type":"Feature","id":"node/9877386466","geometry":{"type":"Point","coordinates":[6.0391338,49.5232815]},"properties":{"osm_type":"node","osm_id":9877386466,"category":"monument","name":"Fraihatsbam vun 1939","wikidata":null,"wikipedia":null,"tags":{"historic":"monument","name":"Fraihatsbam vun 1939"}}},{"type":"Feature","id":"node/9893261007","geometry":{"type":"Point","coordinates":[5.9636097,50.1610243]},"properties":{"osm_type":"node","osm_id":9893261007,"category":"historic","name":"LB280","wikidata":null,"wikipedia":null,"tags":{"historic":"boundary_stone","image":"https://archive.org/details/lb280","material":"metal","name":"LB280","start_date":"1843"}}},{"type":"Feature","id":"node/9966187392","geometry":{"type":"Point","coordinates":[6.0581062,49.4664428]},"properties":{"osm_type":"node","osm_id":9966187392,"category":"historic","name":"FL102","wikidata":null,"wikipedia":null,"tags":{"historic":"boundary_stone","material":"rock","name":"FL102"}}},{"type":"Feature","id":"node/10007345560","geometry":{"type":"Point","coordinates":[5.8782957,49.5247853]},"properties":{"osm_type":"node","osm_id":10007345560,"category":"historic","name":"Mine Thillenberg","wikidata":null,"wikipedia":null,"tags":{"historic":"yes","name":"Mine Thillenberg","name:lb":"Mine Thillebierg"}}},{"type":"Feature","id":"node/10055864387","geometry":{"type":"Point","coordinates":[6.0621787,49.4963164]},"properties":{"osm_type":"node","osm_id":10055864387,"category":"archaeological_site","name":"Ponk","wikidata":null,"wikipedia":null,"tags":{"historic":"archaeological_site","name":"Ponk"}}},{"type":"Feature","id":"node/10056510812","geometry":{"type":"Point","coordinates":[6.0523621,49.490595]},"properties":{"osm_type":"node","osm_id":10056510812,"category":"archaeological_site","name":"Schurel","wikidata":null,"wikipedia":null,"tags":{"historic":"archaeological_site","name":"Schurel"}}},{"type":"Feature","id":"node/10137833664","geometry":{"type":"Point","coordinates":[5.8186303,49.5464124]},"properties":{"osm_type":"node","osm_id":10137833664,"category":"historic","name":"LB001L","wikidata":"Q16681164","wikipedia":"fr:Tripoint Belgique-France-Luxembourg","tags":{"historic":"boundary_stone","image":"https://archive.org/details/lb001L","material":"iron","name":"LB001L","wikidata":"Q16681164","wikipedia":"fr:Tripoint Belgique-France-Luxembourg"}}},{"type":"Feature","id":"node/10229595584","geometry":{"type":"Point","coordinates":[5.9849119,49.727179]},"properties":{"osm_type":"node","osm_id":10229595584,"category":"memorial","name":"150 Joer Onofhängegkeet","wikidata":null,"wikipedia":null,"tags":{"historic":"memorial","memorial":"stone","name":"150 Joer Onofhängegkeet"}}},{"type":"Feature","id":"node/10264375309","geometry":{"type":"Point","coordinates":[6.1261544,49.5987699]},"properties":{"osm_type":"node","osm_id":10264375309,"category":"theatre","name":"Den Atelier","wikidata":null,"wikipedia":null,"tags":{"amenity":"theatre","email":"info@atelier.lu","name":"Den Atelier","phone":"+352 495 485-1","website":"https://atelier.lu","wheelchair":"yes"}}},{"type":"Feature","id":"node/10287781781","geometry":{"type":"Point","coordinates":[6.0966634,49.74332]},"properties":{"osm_type":"node","osm_id":10287781781,"category":"memorial","name":"Nic Welter","wikidata":null,"wikipedia":null,"tags":{"historic":"memorial","material":"concrete","memorial":"plaque","name":"Nic Welter"}}},{"type":"Feature","id":"node/10293369100","geometry":{"type":"Point","coordinates":[6.1044771,49.7473257]},"properties":{"osm_type":"node","osm_id":10293369100,"category":"artwork","name":"Le Dragon de Mersch","wikidata":null,"wikipedia":null,"tags":{"artist_name":"Paul Eyschen","artwork_type":"sculpture","material":"metal","name":"Le Dragon de Mersch","name:de":"Der Drache von Mersch","name:en":"The Dragon of Mersch","start_date":"1997","tourism":"artwork"}}},{"type":"Feature","id":"node/10293383522","geometry":{"type":"Point","coordinates":[6.101144,49.7474899]},"properties":{"osm_type":"node","osm_id":10293383522,"category":"historic","name":"Mierscher Weekräizer-Grupp","wikidata":null,"wikipedia":null,"tags":{"historic":"wayside_cross","material":"metal","memorial":"plaque","name":"Mierscher Weekräizer-Grupp"}}},{"type":"Feature","id":"node/10293712622","geometry":{"type":"Point","coordinates":[6.0926016,49.7419424]},"properties":{"osm_type":"node","osm_id":10293712622,"category":"memorial","name":"Grondsteen École Cécile Ries","wikidata":null,"wikipedia":null,"tags":{"historic":"memorial","material":"stone","memorial":"plaque","name":"Grondsteen École Cécile Ries"}}},{"type":"Feature","id":"node/10300012606","geometry":{"type":"Point","coordinates":[5.814083,49.5405811]},"properties":{"osm_type":"node","osm_id":10300012606,"category":"historic","name":"LF 2","wikidata":null,"wikipedia":null,"tags":{"historic":"boundary_stone","name":"LF 2"}}},{"type":"Feature","id":"node/10300012607","geometry":{"type":"Point","coordinates":[5.8143489,49.5400233]},"properties":{"osm_type":"node","osm_id":10300012607,"category":"historic","name":"LF 2A","wikidata":null,"wikipedia":null,"tags":{"historic":"boundary_stone","name":"LF 2A"}}},{"type":"Feature","id":"node/10300042009","geometry":{"type":"Point","coordinates":[5.8154715,49.5384925]},"properties":{"osm_type":"node","osm_id":10300042009,"category":"historic","name":"LF 3","wikidata":null,"wikipedia":null,"tags":{"historic":"boundary_stone","material":"stone","name":"LF 3"}}},{"type":"Feature","id":"node/10300042011","geometry":{"type":"Point","coordinates":[5.8187246,49.5373224]},"properties":{"osm_type":"node","osm_id":10300042011,"category":"historic","name":"LF 6A","wikidata":null,"wikipedia":null,"tags":{"historic":"boundary_stone","material":"stone","name":"LF 6A"}}},{"type":"Feature","id":"node/10300042013","geometry":{"type":"Point","coordinates":[5.8215647,49.538057]},"properties":{"osm_type":"node","osm_id":10300042013,"category":"historic","name":"LF 7A","wikidata":null,"wikipedia":null,"tags":{"historic":"boundary_stone","material":"iron","name":"LF 7A"}}},{"type":"Feature","id":"node/10300042015","geometry":{"type":"Point","coordinates":[5.8225331,49.5384162]},"properties":{"osm_type":"node","osm_id":10300042015,"category":"historic","name":"LF 9A","wikidata":null,"wikipedia":null,"tags":{"historic":"boundary_stone","name":"LF 9A"}}},{"type":"Feature","id":"node/10300042016","geometry":{"type":"Point","coordinates":[5.8227191,49.5380313]},"properties":{"osm_type":"node","osm_id":10300042016,"category":"historic","name":"LF 10","wikidata":null,"wikipedia":null,"tags":{"historic":"boundary_stone","material":"stone","name":"LF 10"}}},{"type":"Feature","id":"node/10300406214","geometry":{"type":"Point","coordinates":[5.8236706,49.5385639]},"properties":{"osm_type":"node","osm_id":10300406214,"category":"historic","name":"LF 11","wikidata":null,"wikipedia":null,"tags":{"historic":"boundary_stone","material":"stone","name":"LF 11"}}},{"type":"Feature","id":"node/10300694066","geometry":{"type":"Point","coordinates":[5.8375662,49.5413684]},"properties":{"osm_type":"node","osm_id":10300694066,"category":"historic","name":"LF 19","wikidata":null,"wikipedia":null,"tags":{"historic":"boundary_stone","material":"stone","name":"LF 19"}}},{"type":"Feature","id":"node/10300694067","geometry":{"type":"Point","coordinates":[5.8385481,49.538868]},"properties":{"osm_type":"node","osm_id":10300694067,"category":"historic","name":"LF 19A","wikidata":null,"wikipedia":null,"tags":{"historic":"boundary_stone","material":"stone","name":"LF 19A"}}},{"type":"Feature","id":"node/10300694068","geometry":{"type":"Point","coordinates":[5.8407673,49.5356621]},"properties":{"osm_type":"node","osm_id":10300694068,"category":"historic","name":"LF 20A","wikidata":null,"wikipedia":null,"tags":{"historic":"boundary_stone","material":"stone","name":"LF 20A"}}},{"type":"Feature","id":"node/10311772212","geometry":{"type":"Point","coordinates":[5.835067,49.5423538]},"properties":{"osm_type":"node","osm_id":10311772212,"category":"historic","name":"LF 16C","wikidata":null,"wikipedia":null,"tags":{"historic":"boundary_stone","material":"stone","name":"LF 16C"}}},{"type":"Feature","id":"node/10311772213","geometry":{"type":"Point","coordinates":[5.8420344,49.5343647]},"properties":{"osm_type":"node","osm_id":10311772213,"category":"historic","name":"LF 21","wikidata":null,"wikipedia":null,"tags":{"historic":"boundary_stone","material":"stone","name":"LF 21"}}},{"type":"Feature","id":"node/10311772214","geometry":{"type":"Point","coordinates":[5.8434719,49.5329316]},"properties":{"osm_type":"node","osm_id":10311772214,"category":"historic","name":"LF 22","wikidata":null,"wikipedia":null,"tags":{"historic":"boundary_stone","material":"stone","name":"LF 22"}}},{"type":"Feature","id":"node/10311772215","geometry":{"type":"Point","coordinates":[5.8451214,49.5307067]},"properties":{"osm_type":"node","osm_id":10311772215,"category":"historic","name":"LF 23","wikidata":null,"wikipedia":null,"tags":{"historic":"boundary_stone","material":"stone","name":"LF 23"}}},{"type":"Feature","id":"node/10311772216","geometry":{"type":"Point","coordinates":[5.8457982,49.5298805]},"properties":{"osm_type":"node","osm_id":10311772216,"category":"historic","name":"LF 24","wikidata":null,"wikipedia":null,"tags":{"historic":"boundary_stone","material":"stone","name":"LF 24"}}},{"type":"Feature","id":"node/10311772217","geometry":{"type":"Point","coordinates":[5.8432096,49.5295441]},"properties":{"osm_type":"node","osm_id":10311772217,"category":"historic","name":"LF 24B","wikidata":null,"wikipedia":null,"tags":{"historic":"boundary_stone","material":"stone","name":"LF 24B"}}},{"type":"Feature","id":"node/10311772218","geometry":{"type":"Point","coordinates":[5.8407776,49.5287994]},"properties":{"osm_type":"node","osm_id":10311772218,"category":"historic","name":"LF 24C","wikidata":null,"wikipedia":null,"tags":{"historic":"boundary_stone","material":"stone","name":"LF 24C"}}},{"type":"Feature","id":"node/10311772220","geometry":{"type":"Point","coordinates":[5.8387401,49.5278272]},"properties":{"osm_type":"node","osm_id":10311772220,"category":"historic","name":"LF 24E","wikidata":null,"wikipedia":null,"tags":{"historic":"boundary_stone","material":"stone","name":"LF 24E"}}},{"type":"Feature","id":"node/10311772221","geometry":{"type":"Point","coordinates":[5.8379303,49.5277138]},"properties":{"osm_type":"node","osm_id":10311772221,"category":"historic","name":"LF 24F","wikidata":null,"wikipedia":null,"tags":{"historic":"boundary_stone","material":"stone","name":"LF 24F"}}},{"type":"Feature","id":"node/10311772222","geometry":{"type":"Point","coordinates":[5.8373733,49.5276089]},"properties":{"osm_type":"node","osm_id":10311772222,"category":"historic","name":"LF 25A","wikidata":null,"wikipedia":null,"tags":{"historic":"boundary_stone","material":"stone","name":"LF 25A"}}},{"type":"Feature","id":"node/10311772223","geometry":{"type":"Point","coordinates":[5.8353959,49.5272302]},"properties":{"osm_type":"node","osm_id":10311772223,"category":"historic","name":"LF 25C","wikidata":null,"wikipedia":null,"tags":{"historic":"boundary_stone","material":"stone","name":"LF 25C"}}},{"type":"Feature","id":"node/10311772224","geometry":{"type":"Point","coordinates":[5.8344722,49.5244512]},"properties":{"osm_type":"node","osm_id":10311772224,"category":"historic","name":"LF 27","wikidata":null,"wikipedia":null,"tags":{"historic":"boundary_stone","material":"stone","name":"LF 27"}}},{"type":"Feature","id":"node/10311772227","geometry":{"type":"Point","coordinates":[5.8347212,49.5228772]},"properties":{"osm_type":"node","osm_id":10311772227,"category":"historic","name":"LF 27D","wikidata":null,"wikipedia":null,"tags":{"historic":"boundary_stone","material":"stone","name":"LF 27D"}}},{"type":"Feature","id":"node/10311772229","geometry":{"type":"Point","coordinates":[5.8353435,49.5229568]},"properties":{"osm_type":"node","osm_id":10311772229,"category":"historic","name":"LF 27F","wikidata":null,"wikipedia":null,"tags":{"historic":"boundary_stone","material":"stone","name":"LF 27F"}}},{"type":"Feature","id":"node/10311772232","geometry":{"type":"Point","coordinates":[5.8361937,49.5212733]},"properties":{"osm_type":"node","osm_id":10311772232,"category":"historic","name":"LF 27I","wikidata":null,"wikipedia":null,"tags":{"historic":"boundary_stone","material":"stone","name":"LF 27I"}}},{"type":"Feature","id":"node/10311772233","geometry":{"type":"Point","coordinates":[5.8360173,49.5204096]},"properties":{"osm_type":"node","osm_id":10311772233,"category":"historic","name":"LF 27K","wikidata":null,"wikipedia":null,"tags":{"historic":"boundary_stone","material":"stone","name":"LF 27K"}}},{"type":"Feature","id":"node/10311772234","geometry":{"type":"Point","coordinates":[5.8360447,49.5200134]},"properties":{"osm_type":"node","osm_id":10311772234,"category":"historic","name":"LF 28","wikidata":null,"wikipedia":null,"tags":{"historic":"boundary_stone","material":"stone","name":"LF 28"}}},{"type":"Feature","id":"node/10311772237","geometry":{"type":"Point","coordinates":[5.8382387,49.5195713]},"properties":{"osm_type":"node","osm_id":10311772237,"category":"historic","name":"LF 28D","wikidata":null,"wikipedia":null,"tags":{"historic":"boundary_stone","material":"stone","name":"LF 28D"}}},{"type":"Feature","id":"node/10311772239","geometry":{"type":"Point","coordinates":[5.842298,49.516733]},"properties":{"osm_type":"node","osm_id":10311772239,"category":"historic","name":"LF 28E","wikidata":null,"wikipedia":null,"tags":{"historic":"boundary_stone","material":"stone","name":"LF 28E"}}},{"type":"Feature","id":"node/10311772240","geometry":{"type":"Point","coordinates":[5.8469327,49.5152793]},"properties":{"osm_type":"node","osm_id":10311772240,"category":"historic","name":"LF 28F","wikidata":null,"wikipedia":null,"tags":{"historic":"boundary_stone","material":"stone","name":"LF 28F"}}},{"type":"Feature","id":"node/10311772241","geometry":{"type":"Point","coordinates":[5.8471475,49.5151266]},"properties":{"osm_type":"node","osm_id":10311772241,"category":"historic","name":"LF 28G","wikidata":null,"wikipedia":null,"tags":{"historic":"boundary_stone","material":"stone","name":"LF 28G"}}},{"type":"Feature","id":"node/10311772242","geometry":{"type":"Point","coordinates":[5.8479603,49.5146857]},"properties":{"osm_type":"node","osm_id":10311772242,"category":"historic","name":"LF 28I","wikidata":null,"wikipedia":null,"tags":{"historic":"boundary_stone","material":"stone","name":"LF 28I"}}},{"type":"Feature","id":"node/10542515227","geometry":{"type":"Point","coordinates":[5.8419295,49.9207069]},"properties":{"osm_type":"node","osm_id":10542515227,"category":"memorial","name":"Kapell Harelerberg","wikidata":null,"wikipedia":null,"tags":{"historic":"memorial","memorial":"war_memorial","name":"Kapell Harelerberg"}}},{"type":"Feature","id":"node/10542515228","geometry":{"type":"Point","coordinates":[5.841617,49.9208286]},"properties":{"osm_type":"node","osm_id":10542515228,"category":"memorial","name":"3 Kräizer","wikidata":null,"wikipedia":null,"tags":{"historic":"memorial","memorial":"war_memorial","name":"3 Kräizer"}}},{"type":"Feature","id":"node/10542515229","geometry":{"type":"Point","coordinates":[5.8416211,49.9208813]},"properties":{"osm_type":"node","osm_id":10542515229,"category":"memorial","name":"3 Kräizer","wikidata":null,"wikipedia":null,"tags":{"historic":"memorial","memorial":"war_memorial","name":"3 Kräizer"}}},{"type":"Feature","id":"node/10542515230","geometry":{"type":"Point","coordinates":[5.8416881,49.9208925]},"properties":{"osm_type":"node","osm_id":10542515230,"category":"memorial","name":"3 Kräizer","wikidata":null,"wikipedia":null,"tags":{"historic":"memorial","memorial":"war_memorial","name":"3 Kräizer"}}},{"type":"Feature","id":"node/10579095938","geometry":{"type":"Point","coordinates":[6.1585561,49.6288767]},"properties":{"osm_type":"node","osm_id":10579095938,"category":"artwork","name":"Památník Václava Havla","wikidata":null,"wikipedia":null,"tags":{"artwork_type":"sculpture","name":"Památník Václava Havla","tourism":"artwork"}}},{"type":"Feature","id":"node/10593665442","geometry":{"type":"Point","coordinates":[5.9905357,49.4986907]},"properties":{"osm_type":"node","osm_id":10593665442,"category":"arts_centre","name":"Bâtiment IV - Tiers lieu culturel","wikidata":null,"wikipedia":null,"tags":{"amenity":"arts_centre","name":"Bâtiment IV - Tiers lieu culturel","website":"https://www.batiment-4.lu/"}}},{"type":"Feature","id":"node/10686571555","geometry":{"type":"Point","coordinates":[5.8037107,49.7764921]},"properties":{"osm_type":"node","osm_id":10686571555,"category":"historic","name":"LB142a","wikidata":null,"wikipedia":null,"tags":{"historic":"boundary_stone","material":"stone","name":"LB142a","start_date":"1843"}}},{"type":"Feature","id":"node/10693011818","geometry":{"type":"Point","coordinates":[5.778427,49.8835296]},"properties":{"osm_type":"node","osm_id":10693011818,"category":"historic","name":"LB178","wikidata":null,"wikipedia":null,"tags":{"historic":"boundary_stone","image":"https://archive.org/details/lb178","material":"metal","name":"LB178","start_date":"1843"}}},{"type":"Feature","id":"node/10693472206","geometry":{"type":"Point","coordinates":[5.742505,49.8950991]},"properties":{"osm_type":"node","osm_id":10693472206,"category":"historic","name":"LB182","wikidata":null,"wikipedia":null,"tags":{"historic":"boundary_stone","image":"https://archive.org/details/lb182","material":"metal","name":"LB182","start_date":"1843"}}},{"type":"Feature","id":"node/10693785162","geometry":{"type":"Point","coordinates":[6.224604,49.9278149]},"properties":{"osm_type":"node","osm_id":10693785162,"category":"historic","name":"LU-DE 22","wikidata":null,"wikipedia":null,"tags":{"historic":"boundary_stone","material":"stone","name":"LU-DE 22"}}},{"type":"Feature","id":"node/10693785163","geometry":{"type":"Point","coordinates":[6.2252719,49.9282062]},"properties":{"osm_type":"node","osm_id":10693785163,"category":"historic","name":"LU-DE 23","wikidata":null,"wikipedia":null,"tags":{"historic":"boundary_stone","material":"stone","name":"LU-DE 23"}}},{"type":"Feature","id":"node/10693785167","geometry":{"type":"Point","coordinates":[6.2240456,49.9319414]},"properties":{"osm_type":"node","osm_id":10693785167,"category":"historic","name":"LU-DE 27","wikidata":null,"wikipedia":null,"tags":{"historic":"boundary_stone","material":"stone","name":"LU-DE 27"}}},{"type":"Feature","id":"node/10693785168","geometry":{"type":"Point","coordinates":[6.2244503,49.9328064]},"properties":{"osm_type":"node","osm_id":10693785168,"category":"historic","name":"LU-DE 28","wikidata":null,"wikipedia":null,"tags":{"historic":"boundary_stone","material":"stone","name":"LU-DE 28"}}},{"type":"Feature","id":"node/10693785172","geometry":{"type":"Point","coordinates":[6.2237843,49.9336255]},"properties":{"osm_type":"node","osm_id":10693785172,"category":"historic","name":"LU-DE 31","wikidata":null,"wikipedia":null,"tags":{"historic":"boundary_stone","material":"stone","name":"LU-DE 31"}}},{"type":"Feature","id":"node/10693785178","geometry":{"type":"Point","coordinates":[6.216893,49.9453913]},"properties":{"osm_type":"node","osm_id":10693785178,"category":"historic","name":"LU-DE 38","wikidata":null,"wikipedia":null,"tags":{"historic":"boundary_stone","material":"stone","name":"LU-DE 38"}}},{"type":"Feature","id":"node/10693785179","geometry":{"type":"Point","coordinates":[6.2185043,49.9454981]},"properties":{"osm_type":"node","osm_id":10693785179,"category":"historic","name":"LU-DE 39","wikidata":null,"wikipedia":null,"tags":{"historic":"boundary_stone","material":"stone","name":"LU-DE 39"}}},{"type":"Feature","id":"node/10693785186","geometry":{"type":"Point","coordinates":[6.2012055,49.9532103]},"properties":{"osm_type":"node","osm_id":10693785186,"category":"historic","name":"LU-DE 46","wikidata":null,"wikipedia":null,"tags":{"historic":"boundary_stone","material":"stone","name":"LU-DE 46"}}},{"type":"Feature","id":"node/10693785187","geometry":{"type":"Point","coordinates":[6.1982779,49.9484392]},"properties":{"osm_type":"node","osm_id":10693785187,"category":"historic","name":"LU-DE 47","wikidata":null,"wikipedia":null,"tags":{"historic":"boundary_stone","material":"stone","name":"LU-DE 47"}}},{"type":"Feature","id":"node/10699409777","geometry":{"type":"Point","coordinates":[5.8874354,50.0837839]},"properties":{"osm_type":"node","osm_id":10699409777,"category":"historic","name":"LB262","wikidata":null,"wikipedia":null,"tags":{"historic":"boundary_stone","image":"https://archive.org/details/lb262","material":"metal","name":"LB262","start_date":"1843"}}},{"type":"Feature","id":"node/10700120720","geometry":{"type":"Point","coordinates":[6.1831824,49.8126251]},"properties":{"osm_type":"node","osm_id":10700120720,"category":"historic","name":"schwaarz Kräiz","wikidata":null,"wikipedia":null,"tags":{"historic":"wayside_cross","name":"schwaarz Kräiz","start_date":"1715"}}},{"type":"Feature","id":"node/10700336430","geometry":{"type":"Point","coordinates":[6.0000848,50.1758731]},"properties":{"osm_type":"node","osm_id":10700336430,"category":"historic","name":"LB284","wikidata":null,"wikipedia":null,"tags":{"historic":"boundary_stone","image":"https://archive.org/details/lb284","material":"metal","name":"LB284","start_date":"1843"}}},{"type":"Feature","id":"node/10733565535","geometry":{"type":"Point","coordinates":[5.856435,49.5063295]},"properties":{"osm_type":"node","osm_id":10733565535,"category":"historic","name":"LF 28m","wikidata":null,"wikipedia":null,"tags":{"historic":"boundary_stone","material":"stone","name":"LF 28m"}}},{"type":"Feature","id":"node/10733565540","geometry":{"type":"Point","coordinates":[5.8681297,49.4996684]},"properties":{"osm_type":"node","osm_id":10733565540,"category":"historic","name":"LF 32b","wikidata":null,"wikipedia":null,"tags":{"historic":"boundary_stone","material":"stone","name":"LF 32b"}}},{"type":"Feature","id":"node/10733565541","geometry":{"type":"Point","coordinates":[5.8692693,49.4993451]},"properties":{"osm_type":"node","osm_id":10733565541,"category":"historic","name":"LF 32d","wikidata":null,"wikipedia":null,"tags":{"historic":"boundary_stone","material":"stone","name":"LF 32d"}}},{"type":"Feature","id":"node/10733565542","geometry":{"type":"Point","coordinates":[5.8700009,49.4994049]},"properties":{"osm_type":"node","osm_id":10733565542,"category":"historic","name":"LF 33","wikidata":null,"wikipedia":null,"tags":{"historic":"boundary_stone","material":"stone","name":"LF 33"}}},{"type":"Feature","id":"node/10733565544","geometry":{"type":"Point","coordinates":[5.872486,49.4996282]},"properties":{"osm_type":"node","osm_id":10733565544,"category":"historic","name":"LF 36","wikidata":null,"wikipedia":null,"tags":{"historic":"boundary_stone","material":"stone","name":"LF 36"}}},{"type":"Feature","id":"node/10733565552","geometry":{"type":"Point","coordinates":[5.8789539,49.4987743]},"properties":{"osm_type":"node","osm_id":10733565552,"category":"historic","name":"LF 42","wikidata":null,"wikipedia":null,"tags":{"historic":"boundary_stone","material":"stone","name":"LF 42"}}},{"type":"Feature","id":"node/10733565553","geometry":{"type":"Point","coordinates":[5.8790408,49.4987847]},"properties":{"osm_type":"node","osm_id":10733565553,"category":"historic","name":"LF 42a","wikidata":null,"wikipedia":null,"tags":{"historic":"boundary_stone","material":"stone","name":"LF 42a"}}},{"type":"Feature","id":"node/10733565559","geometry":{"type":"Point","coordinates":[5.8893571,49.4967593]},"properties":{"osm_type":"node","osm_id":10733565559,"category":"historic","name":"LF 48","wikidata":null,"wikipedia":null,"tags":{"historic":"boundary_stone","material":"stone","name":"LF 48"}}},{"type":"Feature","id":"node/10733565560","geometry":{"type":"Point","coordinates":[5.8900503,49.4966868]},"properties":{"osm_type":"node","osm_id":10733565560,"category":"historic","name":"LF 48a","wikidata":null,"wikipedia":null,"tags":{"historic":"boundary_stone","material":"stone","name":"LF 48a"}}},{"type":"Feature","id":"node/10733565561","geometry":{"type":"Point","coordinates":[5.8910043,49.4967521]},"properties":{"osm_type":"node","osm_id":10733565561,"category":"historic","name":"LF 48b","wikidata":null,"wikipedia":null,"tags":{"historic":"boundary_stone","material":"stone","name":"LF 48b"}}},{"type":"Feature","id":"node/10733565562","geometry":{"type":"Point","coordinates":[5.8920091,49.4967934]},"properties":{"osm_type":"node","osm_id":10733565562,"category":"historic","name":"LF 48c","wikidata":null,"wikipedia":null,"tags":{"historic":"boundary_stone","material":"stone","name":"LF 48c"}}},{"type":"Feature","id":"node/10744343866","geometry":{"type":"Point","coordinates":[6.0628394,49.9474441]},"properties":{"osm_type":"node","osm_id":10744343866,"category":"artwork","name":"Klangskulptur Summhöhle","wikidata":null,"wikipedia":null,"tags":{"name":"Klangskulptur Summhöhle","tourism":"artwork"}}},{"type":"Feature","id":"node/10747930978","geometry":{"type":"Point","coordinates":[6.0619495,49.9088793]},"properties":{"osm_type":"node","osm_id":10747930978,"category":"memorial","name":"Erny Schmit","wikidata":null,"wikipedia":null,"tags":{"historic":"memorial","memorial":"stone","name":"Erny Schmit"}}},{"type":"Feature","id":"node/10772650790","geometry":{"type":"Point","coordinates":[5.9046311,49.4989647]},"properties":{"osm_type":"node","osm_id":10772650790,"category":"historic","name":"FL 4-I","wikidata":null,"wikipedia":null,"tags":{"historic":"boundary_stone","material":"concrete","name":"FL 4-I"}}},{"type":"Feature","id":"node/10772650791","geometry":{"type":"Point","coordinates":[5.9076746,49.5021321]},"properties":{"osm_type":"node","osm_id":10772650791,"category":"historic","name":"FL 6","wikidata":null,"wikipedia":null,"tags":{"historic":"boundary_stone","material":"metal","name":"FL 6"}}},{"type":"Feature","id":"node/10772650792","geometry":{"type":"Point","coordinates":[5.9085981,49.5015939]},"properties":{"osm_type":"node","osm_id":10772650792,"category":"historic","name":"FL 7","wikidata":null,"wikipedia":null,"tags":{"historic":"boundary_stone","name":"FL 7"}}},{"type":"Feature","id":"node/10778343548","geometry":{"type":"Point","coordinates":[6.0239977,50.1614806]},"properties":{"osm_type":"node","osm_id":10778343548,"category":"memorial","name":"87th Infantry Division","wikidata":null,"wikipedia":null,"tags":{"historic":"memorial","memorial":"war_memorial","name":"87th Infantry Division"}}},{"type":"Feature","id":"node/10814838150","geometry":{"type":"Point","coordinates":[5.8860936,49.6279608]},"properties":{"osm_type":"node","osm_id":10814838150,"category":"historic","name":"LB062","wikidata":null,"wikipedia":null,"tags":{"historic":"boundary_stone","image":"https://archive.org/details/lb062","material":"metal","name":"LB062","start_date":"1843"}}},{"type":"Feature","id":"node/10827382281","geometry":{"type":"Point","coordinates":[5.7537273,49.8677767]},"properties":{"osm_type":"node","osm_id":10827382281,"category":"historic","name":"BE-Lu 174","wikidata":null,"wikipedia":null,"tags":{"historic":"boundary_stone","image":"https://archive.org/details/lb174","material":"cast_iron","name":"BE-Lu 174","start_date":"1843"}}},{"type":"Feature","id":"node/10833997539","geometry":{"type":"Point","coordinates":[5.9803495,49.6470069]},"properties":{"osm_type":"node","osm_id":10833997539,"category":"historic","name":"LB003-005-012-013-014-015-016","wikidata":null,"wikipedia":null,"tags":{"historic":"boundary_stone","image":"https://archive.org/details/capellen-lb","material":"metal","name":"LB003-005-012-013-014-015-016","start_date":"1843"}}},{"type":"Feature","id":"node/10834237703","geometry":{"type":"Point","coordinates":[6.1384204,49.6157951]},"properties":{"osm_type":"node","osm_id":10834237703,"category":"historic","name":"LB004","wikidata":null,"wikipedia":null,"tags":{"historic":"boundary_stone","image":"https://archive.org/details/lb004","material":"metal","name":"LB004","start_date":"1843"}}},{"type":"Feature","id":"node/10839729928","geometry":{"type":"Point","coordinates":[5.9551989,49.493101]},"properties":{"osm_type":"node","osm_id":10839729928,"category":"historic","name":"FL 27","wikidata":null,"wikipedia":null,"tags":{"historic":"boundary_stone","image":"https://ontheborder.eu/grenspalencom/lufr/RK3B3105.JPG","material":"basalt","name":"FL 27"}}},{"type":"Feature","id":"node/10839789688","geometry":{"type":"Point","coordinates":[5.9569684,49.4935587]},"properties":{"osm_type":"node","osm_id":10839789688,"category":"historic","name":"FL 28-I","wikidata":null,"wikipedia":null,"tags":{"historic":"boundary_stone","image":"https://ontheborder.eu/grenspalencom/lufr/RK3B3119.JPG","name":"FL 28-I"}}},{"type":"Feature","id":"node/10839789689","geometry":{"type":"Point","coordinates":[5.9737942,49.4891107]},"properties":{"osm_type":"node","osm_id":10839789689,"category":"historic","name":"FL 37","wikidata":null,"wikipedia":null,"tags":{"historic":"boundary_stone","image":"https://ontheborder.eu/grenspalencom/lufr/RK3B3138.JPG","material":"basalt","name":"FL 37"}}},{"type":"Feature","id":"node/10839789692","geometry":{"type":"Point","coordinates":[5.9699181,49.4845654]},"properties":{"osm_type":"node","osm_id":10839789692,"category":"historic","name":"FL 39-II","wikidata":null,"wikipedia":null,"tags":{"historic":"boundary_stone","image":"https://ontheborder.eu/grenspalencom/lufr/RK3B3153.JPG","material":"basalt","name":"FL 39-II"}}},{"type":"Feature","id":"node/10839789693","geometry":{"type":"Point","coordinates":[5.9706221,49.4837158]},"properties":{"osm_type":"node","osm_id":10839789693,"category":"historic","name":"FL 39-III","wikidata":null,"wikipedia":null,"tags":{"historic":"boundary_stone","image":"https://ontheborder.eu/grenspalencom/lufr/RK3B3155.JPG","material":"basalt","name":"FL 39-III"}}},{"type":"Feature","id":"node/10839789694","geometry":{"type":"Point","coordinates":[5.9714107,49.4830682]},"properties":{"osm_type":"node","osm_id":10839789694,"category":"historic","name":"FL 40","wikidata":null,"wikipedia":null,"tags":{"historic":"boundary_stone","image":"https://ontheborder.eu/grenspalencom/lufr/RK3B3158.JPG","material":"basalt","name":"FL 40"}}},{"type":"Feature","id":"node/10839875367","geometry":{"type":"Point","coordinates":[5.9750016,49.4814943]},"properties":{"osm_type":"node","osm_id":10839875367,"category":"historic","name":"FL 43-I","wikidata":null,"wikipedia":null,"tags":{"historic":"boundary_stone","material":"basalt","name":"FL 43-I"}}},{"type":"Feature","id":"node/10839875368","geometry":{"type":"Point","coordinates":[5.9745646,49.4795795]},"properties":{"osm_type":"node","osm_id":10839875368,"category":"historic","name":"FL 45-I","wikidata":null,"wikipedia":null,"tags":{"historic":"boundary_stone","material":"basalt","name":"FL 45-I"}}},{"type":"Feature","id":"node/10839875369","geometry":{"type":"Point","coordinates":[5.9749356,49.4790628]},"properties":{"osm_type":"node","osm_id":10839875369,"category":"historic","name":"FL 46","wikidata":null,"wikipedia":null,"tags":{"historic":"boundary_stone","image":"https://ontheborder.eu/grenspalencom/lufr/RK3B3192.JPG","material":"basalt","name":"FL 46"}}},{"type":"Feature","id":"node/10839875371","geometry":{"type":"Point","coordinates":[5.9745605,49.4772838]},"properties":{"osm_type":"node","osm_id":10839875371,"category":"historic","name":"FL 47-I","wikidata":null,"wikipedia":null,"tags":{"historic":"boundary_stone","material":"basalt","name":"FL 47-I"}}},{"type":"Feature","id":"node/10839875374","geometry":{"type":"Point","coordinates":[5.9715891,49.4755335]},"properties":{"osm_type":"node","osm_id":10839875374,"category":"historic","name":"FL 48-I","wikidata":null,"wikipedia":null,"tags":{"historic":"boundary_stone","material":"basalt","name":"FL 48-I"}}},{"type":"Feature","id":"node/10839875375","geometry":{"type":"Point","coordinates":[5.9696474,49.4755077]},"properties":{"osm_type":"node","osm_id":10839875375,"category":"historic","name":"FL 49","wikidata":null,"wikipedia":null,"tags":{"historic":"boundary_stone","image":"https://ontheborder.eu/grenspalencom/lufr/RK3B3210.JPG","material":"basalt","name":"FL 49"}}},{"type":"Feature","id":"node/10839875376","geometry":{"type":"Point","coordinates":[5.9712145,49.474515]},"properties":{"osm_type":"node","osm_id":10839875376,"category":"historic","name":"FL 50","wikidata":null,"wikipedia":null,"tags":{"historic":"boundary_stone","image":"https://ontheborder.eu/grenspalencom/lufr/RK3B3218.JPG","material":"basalt","name":"FL 50"}}},{"type":"Feature","id":"node/10839875377","geometry":{"type":"Point","coordinates":[5.9715941,49.4746458]},"properties":{"osm_type":"node","osm_id":10839875377,"category":"historic","name":"FL 50-I","wikidata":null,"wikipedia":null,"tags":{"historic":"boundary_stone","material":"basalt","name":"FL 50-I"}}},{"type":"Feature","id":"node/10839875378","geometry":{"type":"Point","coordinates":[5.9723107,49.474379]},"properties":{"osm_type":"node","osm_id":10839875378,"category":"historic","name":"FL 51","wikidata":null,"wikipedia":null,"tags":{"historic":"boundary_stone","image":"https://ontheborder.eu/grenspalencom/lufr/RK3B3228.JPG","material":"basalt","name":"FL 51"}}},{"type":"Feature","id":"node/10839875379","geometry":{"type":"Point","coordinates":[5.972445,49.4738984]},"properties":{"osm_type":"node","osm_id":10839875379,"category":"historic","name":"FL 51-I","wikidata":null,"wikipedia":null,"tags":{"historic":"boundary_stone","material":"basalt","name":"FL 51-I"}}},{"type":"Feature","id":"node/10839875380","geometry":{"type":"Point","coordinates":[5.9724696,49.4736675]},"properties":{"osm_type":"node","osm_id":10839875380,"category":"historic","name":"FL 51-II","wikidata":null,"wikipedia":null,"tags":{"historic":"boundary_stone","material":"basalt","name":"FL 51-II"}}},{"type":"Feature","id":"node/10839875381","geometry":{"type":"Point","coordinates":[5.9723472,49.4729457]},"properties":{"osm_type":"node","osm_id":10839875381,"category":"historic","name":"FL 51-III","wikidata":null,"wikipedia":null,"tags":{"historic":"boundary_stone","material":"basalt","name":"FL 51-III"}}},{"type":"Feature","id":"node/10844119364","geometry":{"type":"Point","coordinates":[6.1721434,49.6131378]},"properties":{"osm_type":"node","osm_id":10844119364,"category":"historic","name":"LB069+LB226","wikidata":null,"wikipedia":null,"tags":{"historic":"boundary_stone","image":"https://archive.org/details/lb-069-226-m","material":"metal","name":"LB069+LB226","start_date":"1843"}}},{"type":"Feature","id":"node/10844463375","geometry":{"type":"Point","coordinates":[6.1336109,49.6102061]},"properties":{"osm_type":"node","osm_id":10844463375,"category":"historic","name":"LB017","wikidata":null,"wikipedia":null,"tags":{"historic":"boundary_stone","image":"https://archive.org/details/lb017","material":"metal","name":"LB017","start_date":"1843"}}},{"type":"Feature","id":"node/10844474810","geometry":{"type":"Point","coordinates":[6.1395433,49.6166069]},"properties":{"osm_type":"node","osm_id":10844474810,"category":"historic","name":"LB068","wikidata":null,"wikipedia":null,"tags":{"historic":"boundary_stone","image":"https://archive.org/details/lb068","material":"metal","name":"LB068","start_date":"1843"}}},{"type":"Feature","id":"node/10915521396","geometry":{"type":"Point","coordinates":[5.9929698,49.644172]},"properties":{"osm_type":"node","osm_id":10915521396,"category":"historic","name":"Voie de la Liberté 1944","wikidata":null,"wikipedia":"fr:Voie de la Liberté","tags":{"historic":"milestone","memorial":"stone","name":"Voie de la Liberté 1944","wikipedia":"fr:Voie de la Liberté"}}},{"type":"Feature","id":"node/10958061772","geometry":{"type":"Point","coordinates":[6.2480262,49.5916889]},"properties":{"osm_type":"node","osm_id":10958061772,"category":"memorial","name":"Am Wëllemslach","wikidata":null,"wikipedia":null,"tags":{"historic":"memorial","memorial":"war_memorial","name":"Am Wëllemslach"}}},{"type":"Feature","id":"node/10959407739","geometry":{"type":"Point","coordinates":[6.1039282,49.7482976]},"properties":{"osm_type":"node","osm_id":10959407739,"category":"artwork","name":"De Superjhemp","wikidata":null,"wikipedia":null,"tags":{"artist_name":"Katarzyna Kot","artwork_type":"sculpture","material":"bronze","name":"De Superjhemp","tourism":"artwork"}}},{"type":"Feature","id":"node/10969740903","geometry":{"type":"Point","coordinates":[6.3874727,49.6005382]},"properties":{"osm_type":"node","osm_id":10969740903,"category":"artwork","name":"De Wënzer bei senger Arbecht","wikidata":null,"wikipedia":null,"tags":{"name":"De Wënzer bei senger Arbecht","tourism":"artwork"}}},{"type":"Feature","id":"node/10969742421","geometry":{"type":"Point","coordinates":[6.3564027,49.5282995]},"properties":{"osm_type":"node","osm_id":10969742421,"category":"historic","name":"LU-DE 2","wikidata":null,"wikipedia":null,"tags":{"historic":"boundary_stone","name":"LU-DE 2"}}},{"type":"Feature","id":"node/10974498846","geometry":{"type":"Point","coordinates":[5.8440893,49.8596651]},"properties":{"osm_type":"node","osm_id":10974498846,"category":"historic","name":"Lourdes-Grott","wikidata":null,"wikipedia":null,"tags":{"denomination":"catholic","historic":"wayside_shrine","name":"Lourdes-Grott","religion":"christian"}}},{"type":"Feature","id":"node/10996828313","geometry":{"type":"Point","coordinates":[6.1334416,49.6093609]},"properties":{"osm_type":"node","osm_id":10996828313,"category":"arts_centre","name":"Rainbow Center","wikidata":null,"wikipedia":null,"tags":{"addr:city":"Luxembourg","addr:country":"LU","addr:housenumber":"19","addr:postcode":"1475","addr:street":"Rue du Saint-Esprit","amenity":"arts_centre","name":"Rainbow Center","operator":"Rosa-Lëtzebuerg asbl"}}},{"type":"Feature","id":"node/11008417450","geometry":{"type":"Point","coordinates":[5.8408212,49.5464767]},"properties":{"osm_type":"node","osm_id":11008417450,"category":"memorial","name":"Abbé Nicolas Gloden","wikidata":null,"wikipedia":null,"tags":{"historic":"memorial","image":"https://petange.lu/wp-content/uploads/2023/03/Aweiung-Zentrum-Rodange_Rail-Owl-9.jpg","memorial":"stone","name":"Abbé Nicolas Gloden"}}},{"type":"Feature","id":"node/11018428798","geometry":{"type":"Point","coordinates":[6.00705,49.7505884]},"properties":{"osm_type":"node","osm_id":11018428798,"category":"memorial","name":"Monument aux Morts","wikidata":null,"wikipedia":null,"tags":{"historic":"memorial","image":"https://commons.wikimedia.org/wiki/File:Monument_aux_Morts,_B%C3%ABschdref-101.jpg","material":"sandstone","memorial":"stone","name":"Monument aux Morts"}}},{"type":"Feature","id":"node/11028045955","geometry":{"type":"Point","coordinates":[5.9728698,49.4691454]},"properties":{"osm_type":"node","osm_id":11028045955,"category":"historic","name":"FL 54-II","wikidata":null,"wikipedia":null,"tags":{"historic":"boundary_stone","material":"basalt","name":"FL 54-II"}}},{"type":"Feature","id":"node/11028045956","geometry":{"type":"Point","coordinates":[5.9737074,49.4681941]},"properties":{"osm_type":"node","osm_id":11028045956,"category":"historic","name":"FL 55","wikidata":null,"wikipedia":null,"tags":{"historic":"boundary_stone","image":"https://ontheborder.eu/grenspalencom/lufr/RK3B3759.JPG","material":"basalt","name":"FL 55"}}},{"type":"Feature","id":"node/11028045957","geometry":{"type":"Point","coordinates":[5.973842,49.4678649]},"properties":{"osm_type":"node","osm_id":11028045957,"category":"historic","name":"FL 55-I","wikidata":null,"wikipedia":null,"tags":{"historic":"boundary_stone","material":"basalt","name":"FL 55-I"}}},{"type":"Feature","id":"node/11028045958","geometry":{"type":"Point","coordinates":[5.9740459,49.4671401]},"properties":{"osm_type":"node","osm_id":11028045958,"category":"historic","name":"FL 55-II","wikidata":null,"wikipedia":null,"tags":{"historic":"boundary_stone","material":"basalt","name":"FL 55-II"}}},{"type":"Feature","id":"node/11028045961","geometry":{"type":"Point","coordinates":[5.9742047,49.4651549]},"properties":{"osm_type":"node","osm_id":11028045961,"category":"historic","name":"FL 56-I","wikidata":null,"wikipedia":null,"tags":{"historic":"boundary_stone","material":"basalt","name":"FL 56-I"}}},{"type":"Feature","id":"node/11028045962","geometry":{"type":"Point","coordinates":[5.9743552,49.4649203]},"properties":{"osm_type":"node","osm_id":11028045962,"category":"historic","name":"FL 57","wikidata":null,"wikipedia":null,"tags":{"historic":"boundary_stone","image":"https://ontheborder.eu/grenspalencom/lufr/RK3B3781.JPG","material":"basalt","name":"FL 57"}}},{"type":"Feature","id":"node/11028045964","geometry":{"type":"Point","coordinates":[5.9751346,49.4641891]},"properties":{"osm_type":"node","osm_id":11028045964,"category":"historic","name":"FL 57-II","wikidata":null,"wikipedia":null,"tags":{"historic":"boundary_stone","material":"basalt","name":"FL 57-II"}}},{"type":"Feature","id":"node/11028045965","geometry":{"type":"Point","coordinates":[5.9757407,49.4634522]},"properties":{"osm_type":"node","osm_id":11028045965,"category":"historic","name":"FL 58","wikidata":null,"wikipedia":null,"tags":{"historic":"boundary_stone","image":"https://ontheborder.eu/grenspalencom/lufr/RK3B3804.JPG","material":"basalt","name":"FL 58"}}},{"type":"Feature","id":"node/11028288304","geometry":{"type":"Point","coordinates":[5.9765219,49.4627593]},"properties":{"osm_type":"node","osm_id":11028288304,"category":"historic","name":"FL 59-I","wikidata":null,"wikipedia":null,"tags":{"historic":"boundary_stone","material":"basalt","name":"FL 59-I"}}},{"type":"Feature","id":"node/11028301805","geometry":{"type":"Point","coordinates":[5.9768624,49.4627197]},"properties":{"osm_type":"node","osm_id":11028301805,"category":"historic","name":"FL 59-II","wikidata":null,"wikipedia":null,"tags":{"historic":"boundary_stone","material":"basalt","name":"FL 59-II"}}},{"type":"Feature","id":"node/11028301806","geometry":{"type":"Point","coordinates":[5.9772985,49.4626301]},"properties":{"osm_type":"node","osm_id":11028301806,"category":"historic","name":"FL 60","wikidata":null,"wikipedia":null,"tags":{"historic":"boundary_stone","image":"https://ontheborder.eu/grenspalencom/lufr/RK3B3822.JPG","material":"basalt","name":"FL 60"}}},{"type":"Feature","id":"node/11028301808","geometry":{"type":"Point","coordinates":[5.9783657,49.4616909]},"properties":{"osm_type":"node","osm_id":11028301808,"category":"historic","name":"FL 61","wikidata":null,"wikipedia":null,"tags":{"historic":"boundary_stone","image":"https://ontheborder.eu/grenspalencom/lufr/RK3B3830.JPG","material":"basalt","name":"FL 61"}}},{"type":"Feature","id":"node/11028301809","geometry":{"type":"Point","coordinates":[5.9787204,49.4611851]},"properties":{"osm_type":"node","osm_id":11028301809,"category":"historic","name":"FL 62","wikidata":null,"wikipedia":null,"tags":{"historic":"boundary_stone","image":"https://ontheborder.eu/grenspalencom/lufr/RK3B3832.JPG","material":"basalt","name":"FL 62"}}},{"type":"Feature","id":"node/11028301810","geometry":{"type":"Point","coordinates":[5.9793101,49.4609075]},"properties":{"osm_type":"node","osm_id":11028301810,"category":"historic","name":"FL 63","wikidata":null,"wikipedia":null,"tags":{"historic":"boundary_stone","image":"https://ontheborder.eu/grenspalencom/lufr/RK3B3836.JPG","material":"basalt","name":"FL 63"}}},{"type":"Feature","id":"node/11028301811","geometry":{"type":"Point","coordinates":[5.9803653,49.4611338]},"properties":{"osm_type":"node","osm_id":11028301811,"category":"historic","name":"FL 64","wikidata":null,"wikipedia":null,"tags":{"historic":"boundary_stone","image":"https://ontheborder.eu/grenspalencom/lufr/RK3B3840.JPG","material":"basalt","name":"FL 64"}}},{"type":"Feature","id":"node/11028301812","geometry":{"type":"Point","coordinates":[5.981557,49.4618196]},"properties":{"osm_type":"node","osm_id":11028301812,"category":"historic","name":"FL 65-I","wikidata":null,"wikipedia":null,"tags":{"historic":"boundary_stone","material":"basalt","name":"FL 65-I"}}},{"type":"Feature","id":"node/11028301813","geometry":{"type":"Point","coordinates":[5.98172,49.4621863]},"properties":{"osm_type":"node","osm_id":11028301813,"category":"historic","name":"FL 65-II","wikidata":null,"wikipedia":null,"tags":{"historic":"boundary_stone","material":"basalt","name":"FL 65-II"}}},{"type":"Feature","id":"node/11028301814","geometry":{"type":"Point","coordinates":[5.9819846,49.4627812]},"properties":{"osm_type":"node","osm_id":11028301814,"category":"historic","name":"FL 65-III","wikidata":null,"wikipedia":null,"tags":{"historic":"boundary_stone","material":"basalt","name":"FL 65-III"}}},{"type":"Feature","id":"node/11028301815","geometry":{"type":"Point","coordinates":[5.9848348,49.4630453]},"properties":{"osm_type":"node","osm_id":11028301815,"category":"historic","name":"FL 66-II","wikidata":null,"wikipedia":null,"tags":{"historic":"boundary_stone","material":"basalt","name":"FL 66-II"}}},{"type":"Feature","id":"node/11028301818","geometry":{"type":"Point","coordinates":[5.9872628,49.4593726]},"properties":{"osm_type":"node","osm_id":11028301818,"category":"historic","name":"FL 69-II","wikidata":null,"wikipedia":null,"tags":{"historic":"boundary_stone","material":"basalt","name":"FL 69-II"}}},{"type":"Feature","id":"node/11028301819","geometry":{"type":"Point","coordinates":[5.9867361,49.4587001]},"properties":{"osm_type":"node","osm_id":11028301819,"category":"historic","name":"FL 69-III","wikidata":null,"wikipedia":null,"tags":{"historic":"boundary_stone","material":"basalt","name":"FL 69-III"}}},{"type":"Feature","id":"node/11028301822","geometry":{"type":"Point","coordinates":[5.9857809,49.4558771]},"properties":{"osm_type":"node","osm_id":11028301822,"category":"historic","name":"FL 70-I","wikidata":null,"wikipedia":null,"tags":{"historic":"boundary_stone","material":"basalt","name":"FL 70-I"}}},{"type":"Feature","id":"node/11028349626","geometry":{"type":"Point","coordinates":[5.9825463,49.4569478]},"properties":{"osm_type":"node","osm_id":11028349626,"category":"historic","name":"FL 71-III","wikidata":null,"wikipedia":null,"tags":{"historic":"boundary_stone","material":"basalt","name":"FL 71-III"}}},{"type":"Feature","id":"node/11028349627","geometry":{"type":"Point","coordinates":[5.9806343,49.4560734]},"properties":{"osm_type":"node","osm_id":11028349627,"category":"historic","name":"FL 72-II","wikidata":null,"wikipedia":null,"tags":{"historic":"boundary_stone","material":"basalt","name":"FL 72-II"}}},{"type":"Feature","id":"node/11028349628","geometry":{"type":"Point","coordinates":[5.9789803,49.4531676]},"properties":{"osm_type":"node","osm_id":11028349628,"category":"historic","name":"FL 74-I","wikidata":null,"wikipedia":null,"tags":{"historic":"boundary_stone","material":"basalt","name":"FL 74-I"}}},{"type":"Feature","id":"node/11028349630","geometry":{"type":"Point","coordinates":[5.9824685,49.451233]},"properties":{"osm_type":"node","osm_id":11028349630,"category":"historic","name":"FL 76-I","wikidata":null,"wikipedia":null,"tags":{"historic":"boundary_stone","material":"basalt","name":"FL 76-I"}}},{"type":"Feature","id":"node/11028349632","geometry":{"type":"Point","coordinates":[5.9983585,49.4564953]},"properties":{"osm_type":"node","osm_id":11028349632,"category":"historic","name":"FL 77-I","wikidata":null,"wikipedia":null,"tags":{"historic":"boundary_stone","material":"basalt","name":"FL 77-I"}}},{"type":"Feature","id":"node/11028349635","geometry":{"type":"Point","coordinates":[6.0030886,49.455216]},"properties":{"osm_type":"node","osm_id":11028349635,"category":"historic","name":"FL 78-II","wikidata":null,"wikipedia":null,"tags":{"historic":"boundary_stone","material":"basalt","name":"FL 78-II"}}},{"type":"Feature","id":"node/11028349636","geometry":{"type":"Point","coordinates":[6.0039546,49.4546368]},"properties":{"osm_type":"node","osm_id":11028349636,"category":"historic","name":"FL 78-III","wikidata":null,"wikipedia":null,"tags":{"historic":"boundary_stone","material":"basalt","name":"FL 78-III"}}},{"type":"Feature","id":"node/11028349637","geometry":{"type":"Point","coordinates":[6.0043447,49.4543405]},"properties":{"osm_type":"node","osm_id":11028349637,"category":"historic","name":"FL 78-IV","wikidata":null,"wikipedia":null,"tags":{"historic":"boundary_stone","material":"basalt","name":"FL 78-IV"}}},{"type":"Feature","id":"node/11028349638","geometry":{"type":"Point","coordinates":[6.0053216,49.4536345]},"properties":{"osm_type":"node","osm_id":11028349638,"category":"historic","name":"FL 78-VI","wikidata":null,"wikipedia":null,"tags":{"historic":"boundary_stone","material":"sandstone","name":"FL 78-VI"}}},{"type":"Feature","id":"node/11028349640","geometry":{"type":"Point","coordinates":[6.006504,49.4527721]},"properties":{"osm_type":"node","osm_id":11028349640,"category":"historic","name":"FL 78-VIII","wikidata":null,"wikipedia":null,"tags":{"historic":"boundary_stone","material":"sandstone","name":"FL 78-VIII"}}},{"type":"Feature","id":"node/11028349641","geometry":{"type":"Point","coordinates":[6.0069513,49.4523445]},"properties":{"osm_type":"node","osm_id":11028349641,"category":"historic","name":"FL 78-IX","wikidata":null,"wikipedia":null,"tags":{"historic":"boundary_stone","material":"sandstone","name":"FL 78-IX"}}},{"type":"Feature","id":"node/11028349643","geometry":{"type":"Point","coordinates":[6.0095119,49.452456]},"properties":{"osm_type":"node","osm_id":11028349643,"category":"historic","name":"FL 79-II","wikidata":null,"wikipedia":null,"tags":{"historic":"boundary_stone","material":"basalt","name":"FL 79-II"}}},{"type":"Feature","id":"node/11033281820","geometry":{"type":"Point","coordinates":[6.2057671,49.9330139]},"properties":{"osm_type":"node","osm_id":11033281820,"category":"memorial","name":"Léon Roger","wikidata":null,"wikipedia":null,"tags":{"historic":"memorial","image":"https://ingress-intel.com/portal/erennerung-leon-roger-fir-d-heemicht-gefall/","material":"bronze","memorial":"plaque","name":"Léon Roger"}}},{"type":"Feature","id":"node/11042648196","geometry":{"type":"Point","coordinates":[6.3180816,49.7397995]},"properties":{"osm_type":"node","osm_id":11042648196,"category":"artwork","name":"Fierkel","wikidata":null,"wikipedia":null,"tags":{"artwork_type":"sculpture","material":"bronze","name":"Fierkel","tourism":"artwork"}}},{"type":"Feature","id":"node/11049553806","geometry":{"type":"Point","coordinates":[6.0040599,50.1250401]},"properties":{"osm_type":"node","osm_id":11049553806,"category":"historic","name":"LB276","wikidata":null,"wikipedia":null,"tags":{"historic":"boundary_stone","image":"https://archive.org/details/lb-267","material":"metal","name":"LB276","start_date":"1843"}}},{"type":"Feature","id":"node/11053626061","geometry":{"type":"Point","coordinates":[5.966041,49.8265335]},"properties":{"osm_type":"node","osm_id":11053626061,"category":"memorial","name":"Monument aux morts","wikidata":null,"wikipedia":null,"tags":{"historic":"memorial","memorial":"plaque","name":"Monument aux morts"}}},{"type":"Feature","id":"node/11123686516","geometry":{"type":"Point","coordinates":[5.9389485,49.7956875]},"properties":{"osm_type":"node","osm_id":11123686516,"category":"memorial","name":"Morts pour la Patrie","wikidata":null,"wikipedia":null,"tags":{"historic":"memorial","memorial":"war_memorial","name":"Morts pour la Patrie"}}},{"type":"Feature","id":"node/11123686548","geometry":{"type":"Point","coordinates":[5.8211218,49.8158771]},"properties":{"osm_type":"node","osm_id":11123686548,"category":"memorial","name":"Halifax bomber W7677 crash site","wikidata":null,"wikipedia":null,"tags":{"historic":"memorial","memorial":"war_memorial","name":"Halifax bomber W7677 crash site"}}},{"type":"Feature","id":"node/11123686638","geometry":{"type":"Point","coordinates":[5.7647171,49.8094459]},"properties":{"osm_type":"node","osm_id":11123686638,"category":"memorial","name":"A nos enfants morts","wikidata":null,"wikipedia":null,"tags":{"historic":"memorial","memorial":"war_memorial","name":"A nos enfants morts"}}},{"type":"Feature","id":"node/11123686643","geometry":{"type":"Point","coordinates":[5.8476039,49.8296782]},"properties":{"osm_type":"node","osm_id":11123686643,"category":"memorial","name":"Halifax Bomber W7677","wikidata":null,"wikipedia":null,"tags":{"historic":"memorial","memorial":"war_memorial","name":"Halifax Bomber W7677"}}},{"type":"Feature","id":"node/11123686644","geometry":{"type":"Point","coordinates":[5.8479479,49.8296904]},"properties":{"osm_type":"node","osm_id":11123686644,"category":"memorial","name":"26th Division","wikidata":null,"wikipedia":null,"tags":{"historic":"memorial","memorial":"war_memorial","name":"26th Division"}}},{"type":"Feature","id":"node/11123686645","geometry":{"type":"Point","coordinates":[5.8479204,49.8297457]},"properties":{"osm_type":"node","osm_id":11123686645,"category":"memorial","name":"Lt Parmelee","wikidata":null,"wikipedia":null,"tags":{"historic":"memorial","memorial":"war_memorial","name":"Lt Parmelee"}}},{"type":"Feature","id":"node/11123686652","geometry":{"type":"Point","coordinates":[5.8466899,49.8298984]},"properties":{"osm_type":"node","osm_id":11123686652,"category":"memorial","name":"A nos morts","wikidata":null,"wikipedia":null,"tags":{"historic":"memorial","memorial":"war_memorial","name":"A nos morts"}}},{"type":"Feature","id":"node/11123686690","geometry":{"type":"Point","coordinates":[5.8866837,49.822937]},"properties":{"osm_type":"node","osm_id":11123686690,"category":"memorial","name":"Lt Sovern","wikidata":null,"wikipedia":null,"tags":{"historic":"memorial","memorial":"war_memorial","name":"Lt Sovern"}}},{"type":"Feature","id":"node/11123686719","geometry":{"type":"Point","coordinates":[5.9651745,49.9929628]},"properties":{"osm_type":"node","osm_id":11123686719,"category":"memorial","name":"Lt Sweat & Cpl Deluga","wikidata":null,"wikipedia":null,"tags":{"historic":"memorial","memorial":"war_memorial","name":"Lt Sweat & Cpl Deluga"}}},{"type":"Feature","id":"node/11123686735","geometry":{"type":"Point","coordinates":[6.293724,49.6854021]},"properties":{"osm_type":"node","osm_id":11123686735,"category":"memorial","name":"Ernest Hemingway","wikidata":null,"wikipedia":null,"tags":{"historic":"memorial","material":"metal","memorial":"war_memorial","name":"Ernest Hemingway"}}},{"type":"Feature","id":"node/11134853193","geometry":{"type":"Point","coordinates":[5.9386951,49.7954888]},"properties":{"osm_type":"node","osm_id":11134853193,"category":"memorial","name":"1839-1989","wikidata":null,"wikipedia":null,"tags":{"historic":"memorial","name":"1839-1989"}}},{"type":"Feature","id":"node/11141499491","geometry":{"type":"Point","coordinates":[6.139175,49.5980704]},"properties":{"osm_type":"node","osm_id":11141499491,"category":"artwork","name":"Sodade","wikidata":null,"wikipedia":null,"tags":{"artist_name":"Severo Delgado","artwork_type":"sculpture","material":"bronze","name":"Sodade","tourism":"artwork"}}},{"type":"Feature","id":"node/11146194187","geometry":{"type":"Point","coordinates":[6.0707282,49.5421829]},"properties":{"osm_type":"node","osm_id":11146194187,"category":"historic","name":"historic FB routemarker","wikidata":null,"wikipedia":null,"tags":{"historic":"yes","name":"historic FB routemarker","tourism":"information"}}},{"type":"Feature","id":"node/11180912701","geometry":{"type":"Point","coordinates":[6.1128402,49.6236382]},"properties":{"osm_type":"node","osm_id":11180912701,"category":"memorial","name":"Ghost Army","wikidata":null,"wikipedia":"en:Ghost Army","tags":{"historic":"memorial","memorial":"plaque","name":"Ghost Army","start_date":"2023-09-10","wikipedia":"en:Ghost Army"}}},{"type":"Feature","id":"node/11222684391","geometry":{"type":"Point","coordinates":[6.2059209,49.9412289]},"properties":{"osm_type":"node","osm_id":11222684391,"category":"artwork","name":"La Mémoire","wikidata":null,"wikipedia":null,"tags":{"artist_name":"Klaus Dauven","artwork_type":"graffiti","name":"La Mémoire","start_date":"2023-06","tourism":"artwork"}}},{"type":"Feature","id":"node/11240712060","geometry":{"type":"Point","coordinates":[6.1770509,49.9540804]},"properties":{"osm_type":"node","osm_id":11240712060,"category":"historic","name":"LU-DE 48","wikidata":null,"wikipedia":null,"tags":{"historic":"boundary_stone","name":"LU-DE 48"}}},{"type":"Feature","id":"node/11240712061","geometry":{"type":"Point","coordinates":[6.132942,50.0423896]},"properties":{"osm_type":"node","osm_id":11240712061,"category":"historic","name":"LU-DE 50","wikidata":null,"wikipedia":null,"tags":{"historic":"boundary_stone","name":"LU-DE 50"}}},{"type":"Feature","id":"node/11240877134","geometry":{"type":"Point","coordinates":[6.0803556,49.4724708]},"properties":{"osm_type":"node","osm_id":11240877134,"category":"historic","name":"ADU Nr 6","wikidata":null,"wikipedia":null,"tags":{"historic":"train","name":"ADU Nr 6"}}},{"type":"Feature","id":"node/11241164403","geometry":{"type":"Point","coordinates":[6.2233599,49.9279046]},"properties":{"osm_type":"node","osm_id":11241164403,"category":"historic","name":"LU-DE 19","wikidata":null,"wikipedia":null,"tags":{"historic":"boundary_stone","material":"stone","name":"LU-DE 19"}}},{"type":"Feature","id":"node/11241164407","geometry":{"type":"Point","coordinates":[6.2260806,49.9289303]},"properties":{"osm_type":"node","osm_id":11241164407,"category":"historic","name":"KW 141","wikidata":null,"wikipedia":null,"tags":{"historic":"boundary_stone","name":"KW 141"}}},{"type":"Feature","id":"node/11241164408","geometry":{"type":"Point","coordinates":[6.2251758,49.9309116]},"properties":{"osm_type":"node","osm_id":11241164408,"category":"historic","name":"KW 147","wikidata":null,"wikipedia":null,"tags":{"historic":"boundary_stone","name":"KW 147"}}},{"type":"Feature","id":"node/11241164409","geometry":{"type":"Point","coordinates":[6.2249307,49.9313597]},"properties":{"osm_type":"node","osm_id":11241164409,"category":"historic","name":"KW 149","wikidata":null,"wikipedia":null,"tags":{"historic":"boundary_stone","name":"KW 149"}}},{"type":"Feature","id":"node/11241164411","geometry":{"type":"Point","coordinates":[6.2246987,49.9315793]},"properties":{"osm_type":"node","osm_id":11241164411,"category":"historic","name":"KW 151","wikidata":null,"wikipedia":null,"tags":{"historic":"boundary_stone","name":"KW 151"}}},{"type":"Feature","id":"node/11241164415","geometry":{"type":"Point","coordinates":[6.2240265,49.9321033]},"properties":{"osm_type":"node","osm_id":11241164415,"category":"historic","name":"KW 154","wikidata":null,"wikipedia":null,"tags":{"historic":"boundary_stone","name":"KW 154"}}},{"type":"Feature","id":"node/11241164416","geometry":{"type":"Point","coordinates":[6.2244044,49.9387769]},"properties":{"osm_type":"node","osm_id":11241164416,"category":"historic","name":"KW 180 (?)","wikidata":null,"wikipedia":null,"tags":{"historic":"boundary_stone","name":"KW 180 (?)"}}},{"type":"Feature","id":"node/11241164423","geometry":{"type":"Point","coordinates":[6.2201627,49.9471681]},"properties":{"osm_type":"node","osm_id":11241164423,"category":"historic","name":"KW 208","wikidata":null,"wikipedia":null,"tags":{"historic":"boundary_stone","name":"KW 208"}}},{"type":"Feature","id":"node/11241328681","geometry":{"type":"Point","coordinates":[6.4712584,49.8222673]},"properties":{"osm_type":"node","osm_id":11241328681,"category":"historic","name":"LU-DE 13","wikidata":null,"wikipedia":null,"tags":{"historic":"boundary_stone","name":"LU-DE 13"}}},{"type":"Feature","id":"node/11241328684","geometry":{"type":"Point","coordinates":[6.4252692,49.8157162]},"properties":{"osm_type":"node","osm_id":11241328684,"category":"historic","name":"LU-DE 14","wikidata":null,"wikipedia":null,"tags":{"historic":"boundary_stone","material":"stone","name":"LU-DE 14"}}},{"type":"Feature","id":"node/11241328686","geometry":{"type":"Point","coordinates":[6.3836253,49.8335606]},"properties":{"osm_type":"node","osm_id":11241328686,"category":"historic","name":"LU-DE 15","wikidata":null,"wikipedia":null,"tags":{"historic":"boundary_stone","material":"stone","name":"LU-DE 15"}}},{"type":"Feature","id":"node/11241328687","geometry":{"type":"Point","coordinates":[6.1298387,50.0312689]},"properties":{"osm_type":"node","osm_id":11241328687,"category":"historic","name":"LU-DE 49","wikidata":null,"wikipedia":null,"tags":{"historic":"boundary_stone","name":"LU-DE 49"}}},{"type":"Feature","id":"node/11241328688","geometry":{"type":"Point","coordinates":[6.12949,50.0312749]},"properties":{"osm_type":"node","osm_id":11241328688,"category":"historic","name":"LU-DE 49","wikidata":null,"wikipedia":null,"tags":{"historic":"boundary_stone","name":"LU-DE 49"}}},{"type":"Feature","id":"node/11241328689","geometry":{"type":"Point","coordinates":[6.2872347,49.8748592]},"properties":{"osm_type":"node","osm_id":11241328689,"category":"historic","name":"LU-DE 16","wikidata":null,"wikipedia":null,"tags":{"historic":"boundary_stone","name":"LU-DE 16"}}},{"type":"Feature","id":"node/11241328690","geometry":{"type":"Point","coordinates":[6.2864757,49.8750338]},"properties":{"osm_type":"node","osm_id":11241328690,"category":"historic","name":"LU-DE 17","wikidata":null,"wikipedia":null,"tags":{"historic":"boundary_stone","material":"stone","name":"LU-DE 17"}}},{"type":"Feature","id":"node/11241328692","geometry":{"type":"Point","coordinates":[6.2501894,49.8903853]},"properties":{"osm_type":"node","osm_id":11241328692,"category":"historic","name":"LU-DE 18","wikidata":null,"wikipedia":null,"tags":{"historic":"boundary_stone","material":"stone","name":"LU-DE 18"}}},{"type":"Feature","id":"node/11264042781","geometry":{"type":"Point","coordinates":[6.1577959,49.869783]},"properties":{"osm_type":"node","osm_id":11264042781,"category":"memorial","name":"J.A. Zinnen","wikidata":null,"wikipedia":null,"tags":{"historic":"memorial","memorial":"plaque","name":"J.A. Zinnen","start_date":"1996-06-01"}}},{"type":"Feature","id":"node/11267839795","geometry":{"type":"Point","coordinates":[6.3682394,49.4904641]},"properties":{"osm_type":"node","osm_id":11267839795,"category":"historic","name":"LU-DE 1","wikidata":null,"wikipedia":null,"tags":{"historic":"boundary_stone","name":"LU-DE 1"}}},{"type":"Feature","id":"node/11267839796","geometry":{"type":"Point","coordinates":[6.3790548,49.5511954]},"properties":{"osm_type":"node","osm_id":11267839796,"category":"historic","name":"LU-DE 3","wikidata":null,"wikipedia":null,"tags":{"historic":"boundary_stone","name":"LU-DE 3"}}},{"type":"Feature","id":"node/11267839797","geometry":{"type":"Point","coordinates":[6.3689348,49.5645596]},"properties":{"osm_type":"node","osm_id":11267839797,"category":"historic","name":"LU-DE 4","wikidata":null,"wikipedia":null,"tags":{"historic":"boundary_stone","name":"LU-DE 4"}}},{"type":"Feature","id":"node/11267839799","geometry":{"type":"Point","coordinates":[6.4054693,49.6095958]},"properties":{"osm_type":"node","osm_id":11267839799,"category":"historic","name":"LU-DE 6","wikidata":null,"wikipedia":null,"tags":{"historic":"boundary_stone","name":"LU-DE 6"}}},{"type":"Feature","id":"node/11267839802","geometry":{"type":"Point","coordinates":[6.4804027,49.697785]},"properties":{"osm_type":"node","osm_id":11267839802,"category":"historic","name":"LU-DE 9","wikidata":null,"wikipedia":null,"tags":{"historic":"boundary_stone","name":"LU-DE 9"}}},{"type":"Feature","id":"node/11267839807","geometry":{"type":"Point","coordinates":[6.5059548,49.7137236]},"properties":{"osm_type":"node","osm_id":11267839807,"category":"historic","name":"LU-DE 11","wikidata":null,"wikipedia":null,"tags":{"historic":"boundary_stone","name":"LU-DE 11"}}},{"type":"Feature","id":"node/11267839808","geometry":{"type":"Point","coordinates":[6.1337878,50.1051411]},"properties":{"osm_type":"node","osm_id":11267839808,"category":"historic","name":"LU-DE 51","wikidata":null,"wikipedia":null,"tags":{"historic":"boundary_stone","name":"LU-DE 51"}}},{"type":"Feature","id":"node/11269496553","geometry":{"type":"Point","coordinates":[5.9896419,49.4929452]},"properties":{"osm_type":"node","osm_id":11269496553,"category":"memorial","name":"Memorial Fola","wikidata":null,"wikipedia":null,"tags":{"historic":"memorial","memorial":"war_memorial","name":"Memorial Fola","start_date":"1947-08-17"}}},{"type":"Feature","id":"node/11277273611","geometry":{"type":"Point","coordinates":[5.9088225,49.5044052]},"properties":{"osm_type":"node","osm_id":11277273611,"category":"artwork","name":"Metal mounted Pictures","wikidata":null,"wikipedia":null,"tags":{"name":"Metal mounted Pictures","tourism":"artwork"}}},{"type":"Feature","id":"node/11279943917","geometry":{"type":"Point","coordinates":[6.0942282,49.8465964]},"properties":{"osm_type":"node","osm_id":11279943917,"category":"artwork","name":"Félicie Schlesser","wikidata":null,"wikipedia":null,"tags":{"artwork_type":"statue","material":"bronze","name":"Félicie Schlesser","start_date":"2021-11","tourism":"artwork"}}},{"type":"Feature","id":"node/11287303184","geometry":{"type":"Point","coordinates":[6.0924861,49.8105021]},"properties":{"osm_type":"node","osm_id":11287303184,"category":"memorial","name":"150 Joer Colmer Musek","wikidata":null,"wikipedia":null,"tags":{"historic":"memorial","name":"150 Joer Colmer Musek","start_date":"2022-06-25"}}},{"type":"Feature","id":"node/11299534870","geometry":{"type":"Point","coordinates":[6.3682156,49.5449367]},"properties":{"osm_type":"node","osm_id":11299534870,"category":"memorial","name":"A memoire des famililes juives de Remich","wikidata":null,"wikipedia":null,"tags":{"historic":"memorial","name":"A memoire des famililes juives de Remich"}}},{"type":"Feature","id":"node/11307988981","geometry":{"type":"Point","coordinates":[6.3159551,49.8570356]},"properties":{"osm_type":"node","osm_id":11307988981,"category":"memorial","name":"80th US Infantry Division Sauer Crossing","wikidata":null,"wikipedia":null,"tags":{"historic":"memorial","memorial":"war_memorial","name":"80th US Infantry Division Sauer Crossing"}}},{"type":"Feature","id":"node/11308018650","geometry":{"type":"Point","coordinates":[6.0992283,49.8503338]},"properties":{"osm_type":"node","osm_id":11308018650,"category":"memorial","name":"Place de la Jeunesse Sacrifiée 1940-1945","wikidata":null,"wikipedia":null,"tags":{"historic":"memorial","memorial":"plaque","name":"Place de la Jeunesse Sacrifiée 1940-1945"}}},{"type":"Feature","id":"node/11338846695","geometry":{"type":"Point","coordinates":[6.132244,49.6013836]},"properties":{"osm_type":"node","osm_id":11338846695,"category":"memorial","name":"Shoah Gedenkplack","wikidata":null,"wikipedia":null,"tags":{"historic":"memorial","material":"plastic","memorial":"plaque","name":"Shoah Gedenkplack","start_date":"2023-11-09"}}},{"type":"Feature","id":"node/11352166402","geometry":{"type":"Point","coordinates":[6.0963158,49.8523622]},"properties":{"osm_type":"node","osm_id":11352166402,"category":"memorial","name":"Square Dr Ch. Marx","wikidata":null,"wikipedia":null,"tags":{"historic":"memorial","memorial":"plaque","name":"Square Dr Ch. Marx"}}},{"type":"Feature","id":"node/11358425732","geometry":{"type":"Point","coordinates":[5.9545644,50.0618802]},"properties":{"osm_type":"node","osm_id":11358425732,"category":"memorial","name":"150 Joër","wikidata":null,"wikipedia":null,"tags":{"historic":"memorial","memorial":"plaque","name":"150 Joër"}}},{"type":"Feature","id":"node/11358425736","geometry":{"type":"Point","coordinates":[5.9544859,50.061993]},"properties":{"osm_type":"node","osm_id":11358425736,"category":"memorial","name":"Pro Patria 1940-1945","wikidata":null,"wikipedia":null,"tags":{"historic":"memorial","memorial":"war_memorial","name":"Pro Patria 1940-1945"}}},{"type":"Feature","id":"node/11423114174","geometry":{"type":"Point","coordinates":[6.0486544,49.4694203]},"properties":{"osm_type":"node","osm_id":11423114174,"category":"historic","name":"Minnet ruins","wikidata":null,"wikipedia":null,"tags":{"historic":"mine","name":"Minnet ruins"}}},{"type":"Feature","id":"node/11521840908","geometry":{"type":"Point","coordinates":[6.0247697,49.6289524]},"properties":{"osm_type":"node","osm_id":11521840908,"category":"historic","name":"Chapel","wikidata":null,"wikipedia":null,"tags":{"historic":"wayside_shrine","name":"Chapel","religion":"christian"}}},{"type":"Feature","id":"node/11521893186","geometry":{"type":"Point","coordinates":[6.0224001,49.6314584]},"properties":{"osm_type":"node","osm_id":11521893186,"category":"historic","name":"Herz Jesu Kapelle","wikidata":null,"wikipedia":null,"tags":{"historic":"wayside_shrine","name":"Herz Jesu Kapelle","religion":"christian"}}},{"type":"Feature","id":"node/11554050545","geometry":{"type":"Point","coordinates":[6.0398311,49.6421814]},"properties":{"osm_type":"node","osm_id":11554050545,"category":"historic","name":"Mutter Gottes","wikidata":null,"wikipedia":null,"tags":{"historic":"wayside_shrine","name":"Mutter Gottes","religion":"christian"}}},{"type":"Feature","id":"node/11554132682","geometry":{"type":"Point","coordinates":[6.010518,49.6750913]},"properties":{"osm_type":"node","osm_id":11554132682,"category":"historic","name":"Marienkapelle","wikidata":null,"wikipedia":null,"tags":{"historic":"wayside_shrine","name":"Marienkapelle","religion":"christian"}}},{"type":"Feature","id":"node/11564735661","geometry":{"type":"Point","coordinates":[6.2583518,49.5879255]},"properties":{"osm_type":"node","osm_id":11564735661,"category":"historic","name":"Kapell","wikidata":null,"wikipedia":null,"tags":{"historic":"wayside_shrine","name":"Kapell","religion":"christian"}}},{"type":"Feature","id":"node/11685780746","geometry":{"type":"Point","coordinates":[5.8786082,49.5546168]},"properties":{"osm_type":"node","osm_id":11685780746,"category":"artwork","name":"Péitenger Wandjang","wikidata":null,"wikipedia":null,"tags":{"artist_name":"Yvette Gastauer-Claire","artwork_type":"statue","name":"Péitenger Wandjang","tourism":"artwork"}}},{"type":"Feature","id":"node/11685780747","geometry":{"type":"Point","coordinates":[5.8772147,49.5565744]},"properties":{"osm_type":"node","osm_id":11685780747,"category":"memorial","name":"Histoire.s","wikidata":null,"wikipedia":null,"tags":{"historic":"memorial","name":"Histoire.s"}}},{"type":"Feature","id":"node/11766867083","geometry":{"type":"Point","coordinates":[5.895081,49.5232862]},"properties":{"osm_type":"node","osm_id":11766867083,"category":"memorial","name":"Grève générale de 1942","wikidata":null,"wikipedia":null,"tags":{"historic":"memorial","memorial":"sculpture","name":"Grève générale de 1942","start_date":"2023-09-01"}}},{"type":"Feature","id":"node/11837672007","geometry":{"type":"Point","coordinates":[6.4993875,49.7443963]},"properties":{"osm_type":"node","osm_id":11837672007,"category":"memorial","name":"Camino de Santiago","wikidata":null,"wikipedia":null,"tags":{"historic":"memorial","memorial":"stone","name":"Camino de Santiago"}}},{"type":"Feature","id":"node/11893133144","geometry":{"type":"Point","coordinates":[6.1338409,49.6096639]},"properties":{"osm_type":"node","osm_id":11893133144,"category":"artwork","name":"Monument aux Morts Corniche","wikidata":null,"wikipedia":"lb:Monument aux morts op der Corniche","tags":{"artwork_type":"statue","image":"https://d2exd72xrrp1s7.cloudfront.net/www/000/1k8/1f/1f1kt8yhty3v9ltldf9ffmf8251b3aza2-uhi74650557/0","name":"Monument aux Morts Corniche","tourism":"artwork","url":"https://www.komoot.com/de-de/highlight/6767173","wikipedia":"lb:Monument aux morts op der Corniche"}}},{"type":"Feature","id":"node/11919397736","geometry":{"type":"Point","coordinates":[6.2548343,49.7861409]},"properties":{"osm_type":"node","osm_id":11919397736,"category":"memorial","name":"Hougeriicht","wikidata":null,"wikipedia":null,"tags":{"historic":"memorial","memorial":"stone","name":"Hougeriicht","website":"https://www.medernach.info/en/discover/art-culture/hougeriicht-die-letzte-hinrichtung-durch-den-strang"}}},{"type":"Feature","id":"node/11994766815","geometry":{"type":"Point","coordinates":[6.2171543,49.8293106]},"properties":{"osm_type":"node","osm_id":11994766815,"category":"memorial","name":"Camille Sutor","wikidata":null,"wikipedia":null,"tags":{"historic":"memorial","memorial":"war_memorial","name":"Camille Sutor","start_date":"2024-05-19"}}},{"type":"Feature","id":"node/12026740236","geometry":{"type":"Point","coordinates":[6.1369526,49.5436279]},"properties":{"osm_type":"node","osm_id":12026740236,"category":"memorial","name":"Place Edward Steichen","wikidata":null,"wikipedia":null,"tags":{"historic":"memorial","name":"Place Edward Steichen"}}},{"type":"Feature","id":"node/12081813129","geometry":{"type":"Point","coordinates":[5.92686,49.5180022]},"properties":{"osm_type":"node","osm_id":12081813129,"category":"arts_centre","name":"Artikuss","wikidata":null,"wikipedia":null,"tags":{"amenity":"arts_centre","name":"Artikuss","website":"https://artikuss.lu/"}}},{"type":"Feature","id":"node/12095139630","geometry":{"type":"Point","coordinates":[6.2216769,49.5177037]},"properties":{"osm_type":"node","osm_id":12095139630,"category":"archaeological_site","name":"op der Stä","wikidata":null,"wikipedia":null,"tags":{"historic":"archaeological_site","name":"op der Stä"}}},{"type":"Feature","id":"node/12104026887","geometry":{"type":"Point","coordinates":[6.3474775,49.7315297]},"properties":{"osm_type":"node","osm_id":12104026887,"category":"memorial","name":"Poly Greisen&Jengi Hemes","wikidata":null,"wikipedia":null,"tags":{"historic":"memorial","memorial":"war_memorial","name":"Poly Greisen&Jengi Hemes"}}},{"type":"Feature","id":"node/12112960542","geometry":{"type":"Point","coordinates":[5.8908982,49.5241601]},"properties":{"osm_type":"node","osm_id":12112960542,"category":"memorial","name":"Hélène Salomon","wikidata":null,"wikipedia":null,"tags":{"artist_name":"Gunter Demnig","historic":"memorial","image":"File:Stolpersteen Hélène Salomon, 25, rue Michel-Rodange, Déifferdeng-001.jpg","material":"brass","memorial":"stolperstein","name":"Hélène Salomon","start_date":"2014-10-28"}}},{"type":"Feature","id":"node/12113442777","geometry":{"type":"Point","coordinates":[5.8908642,49.5228536]},"properties":{"osm_type":"node","osm_id":12113442777,"category":"memorial","name":"Perla Finkelstein geb. Langwajz","wikidata":null,"wikipedia":null,"tags":{"artist_name":"Gunter Demnig","historic":"memorial","image":"File:Stolpersteng Famill Finkelstein, 33, rue Émile Mark, Déifferdeng.jpg","material":"brass","memorial":"stolperstein","name":"Perla Finkelstein geb. Langwajz","start_date":"2014-10-28"}}},{"type":"Feature","id":"node/12128194688","geometry":{"type":"Point","coordinates":[6.0056048,50.1084001]},"properties":{"osm_type":"node","osm_id":12128194688,"category":"historic","name":"Grotte de Lourdes","wikidata":null,"wikipedia":null,"tags":{"denomination":"catholic","historic":"wayside_shrine","name":"Grotte de Lourdes","religion":"christian"}}},{"type":"Feature","id":"node/12148492456","geometry":{"type":"Point","coordinates":[6.1490822,49.6213854]},"properties":{"osm_type":"node","osm_id":12148492456,"category":"museum","name":"Europa Experience Luxembourg","wikidata":null,"wikipedia":null,"tags":{"name":"Europa Experience Luxembourg","opening_hours":"Mo-Sa 10:00-18:00","tourism":"museum","wheelchair":"yes"}}},{"type":"Feature","id":"node/12165287124","geometry":{"type":"Point","coordinates":[6.4223554,49.812472]},"properties":{"osm_type":"node","osm_id":12165287124,"category":"artwork","name":"Willibrord","wikidata":null,"wikipedia":null,"tags":{"artist_name":"Alex Reding;Götz Arndt","artwork_type":"sculpture","material":"stone","name":"Willibrord","start_date":"1998","tourism":"artwork"}}},{"type":"Feature","id":"node/12183625161","geometry":{"type":"Point","coordinates":[6.1244975,49.6049735]},"properties":{"osm_type":"node","osm_id":12183625161,"category":"memorial","name":"Beth Am Ivri","wikidata":null,"wikipedia":null,"tags":{"historic":"memorial","material":"glass","memorial":"plaque","name":"Beth Am Ivri"}}},{"type":"Feature","id":"node/12224494327","geometry":{"type":"Point","coordinates":[6.0434119,49.4800118]},"properties":{"osm_type":"node","osm_id":12224494327,"category":"memorial","name":"Jean-Schortgen-Monument","wikidata":null,"wikipedia":"lb:Jean-Schortgen-Monument um Téitenger Kierfecht","tags":{"historic":"memorial","memorial":"stele","name":"Jean-Schortgen-Monument","name:etymology:wikidata":"Q16440127","wikipedia":"lb:Jean-Schortgen-Monument um Téitenger Kierfecht"}}},{"type":"Feature","id":"node/12299404413","geometry":{"type":"Point","coordinates":[6.1804759,49.6320737]},"properties":{"osm_type":"node","osm_id":12299404413,"category":"artwork","name":"Mock-up MUDAM bridge","wikidata":null,"wikipedia":null,"tags":{"artwork_type":"architecture","name":"Mock-up MUDAM bridge","tourism":"artwork"}}},{"type":"Feature","id":"node/12299724425","geometry":{"type":"Point","coordinates":[6.0794527,49.4731738]},"properties":{"osm_type":"node","osm_id":12299724425,"category":"artwork","name":"¡No pasarán!","wikidata":null,"wikipedia":null,"tags":{"artist_name":"Lucien Wercollier","artwork_type":"sculpture","material":"bronze","name":"¡No pasarán!","start_date":"1997-11-08","tourism":"artwork"}}},{"type":"Feature","id":"node/12309791922","geometry":{"type":"Point","coordinates":[6.0649383,49.9101086]},"properties":{"osm_type":"node","osm_id":12309791922,"category":"memorial","name":"A nos morts 1940-1945","wikidata":null,"wikipedia":null,"tags":{"historic":"memorial","memorial":"war_memorial","name":"A nos morts 1940-1945"}}},{"type":"Feature","id":"node/12393532300","geometry":{"type":"Point","coordinates":[6.1940314,49.5062432]},"properties":{"osm_type":"node","osm_id":12393532300,"category":"historic","name":"FL192","wikidata":null,"wikipedia":null,"tags":{"historic":"boundary_stone","name":"FL192"}}},{"type":"Feature","id":"node/12393618201","geometry":{"type":"Point","coordinates":[6.1952468,49.5064246]},"properties":{"osm_type":"node","osm_id":12393618201,"category":"historic","name":"FL193","wikidata":null,"wikipedia":null,"tags":{"historic":"boundary_stone","name":"FL193"}}},{"type":"Feature","id":"node/12393618204","geometry":{"type":"Point","coordinates":[6.2056021,49.506574]},"properties":{"osm_type":"node","osm_id":12393618204,"category":"historic","name":"FL196","wikidata":null,"wikipedia":null,"tags":{"historic":"boundary_stone","name":"FL196"}}},{"type":"Feature","id":"node/12393618206","geometry":{"type":"Point","coordinates":[6.2170323,49.5078604]},"properties":{"osm_type":"node","osm_id":12393618206,"category":"historic","name":"FL198","wikidata":null,"wikipedia":null,"tags":{"historic":"boundary_stone","name":"FL198"}}},{"type":"Feature","id":"node/12393618209","geometry":{"type":"Point","coordinates":[6.2181033,49.5099652]},"properties":{"osm_type":"node","osm_id":12393618209,"category":"historic","name":"FL201","wikidata":null,"wikipedia":null,"tags":{"historic":"boundary_stone","name":"FL201"}}},{"type":"Feature","id":"node/12393618211","geometry":{"type":"Point","coordinates":[6.2198707,49.509544]},"properties":{"osm_type":"node","osm_id":12393618211,"category":"historic","name":"FL203","wikidata":null,"wikipedia":null,"tags":{"historic":"boundary_stone","name":"FL203"}}},{"type":"Feature","id":"node/12393618214","geometry":{"type":"Point","coordinates":[6.228275,49.5095126]},"properties":{"osm_type":"node","osm_id":12393618214,"category":"historic","name":"FL206","wikidata":null,"wikipedia":null,"tags":{"historic":"boundary_stone","name":"FL206"}}},{"type":"Feature","id":"node/12393618215","geometry":{"type":"Point","coordinates":[6.2361623,49.5081542]},"properties":{"osm_type":"node","osm_id":12393618215,"category":"historic","name":"FL207","wikidata":null,"wikipedia":null,"tags":{"historic":"boundary_stone","name":"FL207"}}},{"type":"Feature","id":"node/12393618218","geometry":{"type":"Point","coordinates":[6.2569291,49.5098553]},"properties":{"osm_type":"node","osm_id":12393618218,"category":"historic","name":"FL210","wikidata":null,"wikipedia":null,"tags":{"historic":"boundary_stone","name":"FL210"}}},{"type":"Feature","id":"node/12393666769","geometry":{"type":"Point","coordinates":[6.1783153,49.5069644]},"properties":{"osm_type":"node","osm_id":12393666769,"category":"historic","name":"FL188","wikidata":null,"wikipedia":null,"tags":{"historic":"boundary_stone","name":"FL188"}}},{"type":"Feature","id":"node/12393666770","geometry":{"type":"Point","coordinates":[6.1766058,49.5086096]},"properties":{"osm_type":"node","osm_id":12393666770,"category":"historic","name":"FL187","wikidata":null,"wikipedia":null,"tags":{"historic":"boundary_stone","name":"FL187"}}},{"type":"Feature","id":"node/12393666773","geometry":{"type":"Point","coordinates":[6.1619758,49.5041558]},"properties":{"osm_type":"node","osm_id":12393666773,"category":"historic","name":"FL182","wikidata":null,"wikipedia":null,"tags":{"historic":"boundary_stone","name":"FL182"}}},{"type":"Feature","id":"node/12393666774","geometry":{"type":"Point","coordinates":[6.1633969,49.5044769]},"properties":{"osm_type":"node","osm_id":12393666774,"category":"historic","name":"FL183","wikidata":null,"wikipedia":null,"tags":{"historic":"boundary_stone","name":"FL183"}}},{"type":"Feature","id":"node/12395485793","geometry":{"type":"Point","coordinates":[6.0293889,49.4550125]},"properties":{"osm_type":"node","osm_id":12395485793,"category":"historic","name":"FL 86","wikidata":null,"wikipedia":null,"tags":{"historic":"boundary_stone","name":"FL 86"}}},{"type":"Feature","id":"node/12395485795","geometry":{"type":"Point","coordinates":[6.025997,49.4507157]},"properties":{"osm_type":"node","osm_id":12395485795,"category":"historic","name":"FL 89","wikidata":null,"wikipedia":null,"tags":{"historic":"boundary_stone","name":"FL 89"}}},{"type":"Feature","id":"node/12395485796","geometry":{"type":"Point","coordinates":[6.0268439,49.4485938]},"properties":{"osm_type":"node","osm_id":12395485796,"category":"historic","name":"FL 90","wikidata":null,"wikipedia":null,"tags":{"historic":"boundary_stone","name":"FL 90"}}},{"type":"Feature","id":"node/12395485799","geometry":{"type":"Point","coordinates":[6.0361431,49.4487437]},"properties":{"osm_type":"node","osm_id":12395485799,"category":"historic","name":"FL 94","wikidata":null,"wikipedia":null,"tags":{"historic":"boundary_stone","name":"FL 94"}}},{"type":"Feature","id":"node/12395485800","geometry":{"type":"Point","coordinates":[6.038237,49.4485912]},"properties":{"osm_type":"node","osm_id":12395485800,"category":"historic","name":"FL 95","wikidata":null,"wikipedia":null,"tags":{"historic":"boundary_stone","name":"FL 95"}}},{"type":"Feature","id":"node/12402614046","geometry":{"type":"Point","coordinates":[5.7934304,49.790558]},"properties":{"osm_type":"node","osm_id":12402614046,"category":"historic","name":"LB144","wikidata":null,"wikipedia":null,"tags":{"historic":"boundary_stone","image":"https://archive.org/details/lb144","material":"metal","name":"LB144","start_date":"1843"}}},{"type":"Feature","id":"node/12425531410","geometry":{"type":"Point","coordinates":[6.0239389,50.0595773]},"properties":{"osm_type":"node","osm_id":12425531410,"category":"memorial","name":"Colonel Hurley E. Fuller","wikidata":null,"wikipedia":null,"tags":{"historic":"memorial","memorial":"bust","name":"Colonel Hurley E. Fuller"}}},{"type":"Feature","id":"node/12450064978","geometry":{"type":"Point","coordinates":[6.1120043,49.8610196]},"properties":{"osm_type":"node","osm_id":12450064978,"category":"memorial","name":"Joseph Kalbersch","wikidata":null,"wikipedia":null,"tags":{"historic":"memorial","material":"glass","memorial":"plaque","name":"Joseph Kalbersch"}}},{"type":"Feature","id":"node/12450064983","geometry":{"type":"Point","coordinates":[6.1111718,49.8611082]},"properties":{"osm_type":"node","osm_id":12450064983,"category":"memorial","name":"150 Joër Onofhängegkeet","wikidata":null,"wikipedia":null,"tags":{"historic":"memorial","memorial":"stone","name":"150 Joër Onofhängegkeet"}}},{"type":"Feature","id":"node/12465540810","geometry":{"type":"Point","coordinates":[6.1583196,49.5042923]},"properties":{"osm_type":"node","osm_id":12465540810,"category":"historic","name":"FL179","wikidata":null,"wikipedia":null,"tags":{"historic":"boundary_stone","name":"FL179"}}},{"type":"Feature","id":"node/12465540812","geometry":{"type":"Point","coordinates":[6.1571136,49.5042351]},"properties":{"osm_type":"node","osm_id":12465540812,"category":"historic","name":"FL177","wikidata":null,"wikipedia":null,"tags":{"historic":"boundary_stone","material":"rock","name":"FL177"}}},{"type":"Feature","id":"node/12465540813","geometry":{"type":"Point","coordinates":[6.1559556,49.5036662]},"properties":{"osm_type":"node","osm_id":12465540813,"category":"historic","name":"FL176","wikidata":null,"wikipedia":null,"tags":{"historic":"boundary_stone","material":"rock","name":"FL176"}}},{"type":"Feature","id":"node/12465540815","geometry":{"type":"Point","coordinates":[6.1546852,49.5021504]},"properties":{"osm_type":"node","osm_id":12465540815,"category":"historic","name":"FL174","wikidata":null,"wikipedia":null,"tags":{"historic":"boundary_stone","material":"rock","name":"FL174"}}},{"type":"Feature","id":"node/12465540820","geometry":{"type":"Point","coordinates":[6.1558567,49.4933945]},"properties":{"osm_type":"node","osm_id":12465540820,"category":"historic","name":"FL167","wikidata":null,"wikipedia":null,"tags":{"historic":"boundary_stone","material":"rock","name":"FL167"}}},{"type":"Feature","id":"node/12465540821","geometry":{"type":"Point","coordinates":[6.1528028,49.4927407]},"properties":{"osm_type":"node","osm_id":12465540821,"category":"historic","name":"FL166","wikidata":null,"wikipedia":null,"tags":{"historic":"boundary_stone","material":"rock","name":"FL166"}}},{"type":"Feature","id":"node/12465540826","geometry":{"type":"Point","coordinates":[6.1337266,49.4899799]},"properties":{"osm_type":"node","osm_id":12465540826,"category":"historic","name":"FL159","wikidata":null,"wikipedia":null,"tags":{"historic":"boundary_stone","material":"rock","name":"FL159"}}},{"type":"Feature","id":"node/12465540827","geometry":{"type":"Point","coordinates":[6.1315257,49.4909498]},"properties":{"osm_type":"node","osm_id":12465540827,"category":"historic","name":"FL158","wikidata":null,"wikipedia":null,"tags":{"historic":"boundary_stone","material":"rock","name":"FL158"}}},{"type":"Feature","id":"node/12465540828","geometry":{"type":"Point","coordinates":[6.1290211,49.4932739]},"properties":{"osm_type":"node","osm_id":12465540828,"category":"historic","name":"FL157","wikidata":null,"wikipedia":null,"tags":{"historic":"boundary_stone","material":"rock","name":"FL157"}}},{"type":"Feature","id":"node/12466770396","geometry":{"type":"Point","coordinates":[6.0440301,49.4513106]},"properties":{"osm_type":"node","osm_id":12466770396,"category":"historic","name":"FL 97","wikidata":null,"wikipedia":null,"tags":{"historic":"boundary_stone","material":"rock","name":"FL 97"}}},{"type":"Feature","id":"node/12466770397","geometry":{"type":"Point","coordinates":[6.0481642,49.4570279]},"properties":{"osm_type":"node","osm_id":12466770397,"category":"historic","name":"FL 98","wikidata":null,"wikipedia":null,"tags":{"historic":"boundary_stone","material":"rock","name":"FL 98"}}},{"type":"Feature","id":"node/12466770398","geometry":{"type":"Point","coordinates":[6.0498809,49.4596348]},"properties":{"osm_type":"node","osm_id":12466770398,"category":"historic","name":"FL 99","wikidata":null,"wikipedia":null,"tags":{"historic":"boundary_stone","material":"rock","name":"FL 99"}}},{"type":"Feature","id":"node/12466770400","geometry":{"type":"Point","coordinates":[6.057163,49.4654516]},"properties":{"osm_type":"node","osm_id":12466770400,"category":"historic","name":"FL 101","wikidata":null,"wikipedia":null,"tags":{"historic":"boundary_stone","material":"rock","name":"FL 101"}}},{"type":"Feature","id":"node/12466799602","geometry":{"type":"Point","coordinates":[6.0695797,49.4649864]},"properties":{"osm_type":"node","osm_id":12466799602,"category":"historic","name":"FL 104","wikidata":null,"wikipedia":null,"tags":{"historic":"boundary_stone","material":"rock","name":"FL 104"}}},{"type":"Feature","id":"node/12466799603","geometry":{"type":"Point","coordinates":[6.0722346,49.4656124]},"properties":{"osm_type":"node","osm_id":12466799603,"category":"historic","name":"FL 105","wikidata":null,"wikipedia":null,"tags":{"historic":"boundary_stone","material":"rock","name":"FL 105"}}},{"type":"Feature","id":"node/12466799609","geometry":{"type":"Point","coordinates":[6.0860012,49.4561218]},"properties":{"osm_type":"node","osm_id":12466799609,"category":"historic","name":"FL 117","wikidata":null,"wikipedia":null,"tags":{"historic":"boundary_stone","material":"rock","name":"FL 117"}}},{"type":"Feature","id":"node/12466799611","geometry":{"type":"Point","coordinates":[6.0877982,49.4547515]},"properties":{"osm_type":"node","osm_id":12466799611,"category":"historic","name":"FL 119","wikidata":null,"wikipedia":null,"tags":{"historic":"boundary_stone","material":"rock","name":"FL 119"}}},{"type":"Feature","id":"node/12466799612","geometry":{"type":"Point","coordinates":[6.0903236,49.4544268]},"properties":{"osm_type":"node","osm_id":12466799612,"category":"historic","name":"FL 120","wikidata":null,"wikipedia":null,"tags":{"historic":"boundary_stone","material":"rock","name":"FL 120"}}},{"type":"Feature","id":"node/12466799614","geometry":{"type":"Point","coordinates":[6.0920828,49.4542874]},"properties":{"osm_type":"node","osm_id":12466799614,"category":"historic","name":"FL 122","wikidata":null,"wikipedia":null,"tags":{"historic":"boundary_stone","material":"rock","name":"FL 122"}}},{"type":"Feature","id":"node/12466799615","geometry":{"type":"Point","coordinates":[6.0923222,49.4531408]},"properties":{"osm_type":"node","osm_id":12466799615,"category":"historic","name":"FL 123","wikidata":null,"wikipedia":null,"tags":{"historic":"boundary_stone","material":"rock","name":"FL 123"}}},{"type":"Feature","id":"node/12466799616","geometry":{"type":"Point","coordinates":[6.0962256,49.4535076]},"properties":{"osm_type":"node","osm_id":12466799616,"category":"historic","name":"FL 124","wikidata":null,"wikipedia":null,"tags":{"historic":"boundary_stone","material":"rock","name":"FL 124"}}},{"type":"Feature","id":"node/12466799617","geometry":{"type":"Point","coordinates":[6.099801,49.4530934]},"properties":{"osm_type":"node","osm_id":12466799617,"category":"historic","name":"FL 125","wikidata":null,"wikipedia":null,"tags":{"historic":"boundary_stone","material":"rock","name":"FL 125"}}},{"type":"Feature","id":"node/12469209429","geometry":{"type":"Point","coordinates":[6.1016233,49.4542438]},"properties":{"osm_type":"node","osm_id":12469209429,"category":"historic","name":"FL 127","wikidata":null,"wikipedia":null,"tags":{"historic":"boundary_stone","material":"rock","name":"FL 127"}}},{"type":"Feature","id":"node/12469209430","geometry":{"type":"Point","coordinates":[6.1008252,49.4569853]},"properties":{"osm_type":"node","osm_id":12469209430,"category":"historic","name":"FL 128","wikidata":null,"wikipedia":null,"tags":{"historic":"boundary_stone","material":"rock","name":"FL 128"}}},{"type":"Feature","id":"node/12469209433","geometry":{"type":"Point","coordinates":[6.0998065,49.4597628]},"properties":{"osm_type":"node","osm_id":12469209433,"category":"historic","name":"FL 131","wikidata":null,"wikipedia":null,"tags":{"historic":"boundary_stone","material":"rock","name":"FL 131"}}},{"type":"Feature","id":"node/12469209434","geometry":{"type":"Point","coordinates":[6.0987118,49.4608463]},"properties":{"osm_type":"node","osm_id":12469209434,"category":"historic","name":"FL 132","wikidata":null,"wikipedia":null,"tags":{"historic":"boundary_stone","material":"rock","name":"FL 132"}}},{"type":"Feature","id":"node/12469209435","geometry":{"type":"Point","coordinates":[6.0991233,49.4622228]},"properties":{"osm_type":"node","osm_id":12469209435,"category":"historic","name":"FL 133","wikidata":null,"wikipedia":null,"tags":{"historic":"boundary_stone","material":"rock","name":"FL 133"}}},{"type":"Feature","id":"node/12469209438","geometry":{"type":"Point","coordinates":[6.09978,49.4662004]},"properties":{"osm_type":"node","osm_id":12469209438,"category":"historic","name":"FL 136","wikidata":null,"wikipedia":null,"tags":{"historic":"boundary_stone","material":"rock","name":"FL 136"}}},{"type":"Feature","id":"node/12469209440","geometry":{"type":"Point","coordinates":[6.101561,49.4690006]},"properties":{"osm_type":"node","osm_id":12469209440,"category":"historic","name":"FL 138","wikidata":null,"wikipedia":null,"tags":{"historic":"boundary_stone","material":"rock","name":"FL 138"}}},{"type":"Feature","id":"node/12469209444","geometry":{"type":"Point","coordinates":[6.1073993,49.4719194]},"properties":{"osm_type":"node","osm_id":12469209444,"category":"historic","name":"FL 142","wikidata":null,"wikipedia":null,"tags":{"historic":"boundary_stone","material":"rock","name":"FL 142"}}},{"type":"Feature","id":"node/12474068252","geometry":{"type":"Point","coordinates":[6.1111803,49.4725482]},"properties":{"osm_type":"node","osm_id":12474068252,"category":"historic","name":"FL 144","wikidata":null,"wikipedia":null,"tags":{"historic":"boundary_stone","material":"rock","name":"FL 144"}}},{"type":"Feature","id":"node/12474068255","geometry":{"type":"Point","coordinates":[6.1234459,49.4734654]},"properties":{"osm_type":"node","osm_id":12474068255,"category":"historic","name":"FL 148","wikidata":null,"wikipedia":null,"tags":{"historic":"boundary_stone","material":"rock","name":"FL 148"}}},{"type":"Feature","id":"node/12474068259","geometry":{"type":"Point","coordinates":[6.1262922,49.4805667]},"properties":{"osm_type":"node","osm_id":12474068259,"category":"historic","name":"FL 152","wikidata":null,"wikipedia":null,"tags":{"historic":"boundary_stone","material":"rock","name":"FL 152"}}},{"type":"Feature","id":"node/12492784233","geometry":{"type":"Point","coordinates":[5.8584474,50.0078575]},"properties":{"osm_type":"node","osm_id":12492784233,"category":"artwork","name":"Wëllschwäin","wikidata":null,"wikipedia":null,"tags":{"artwork_type":"sculpture","material":"wood","name":"Wëllschwäin","tourism":"artwork"}}},{"type":"Feature","id":"node/12492784247","geometry":{"type":"Point","coordinates":[5.8460499,50.0051851]},"properties":{"osm_type":"node","osm_id":12492784247,"category":"artwork","name":"Roude Schéierschwanz","wikidata":null,"wikipedia":null,"tags":{"artwork_type":"sculpture","material":"wood","name":"Roude Schéierschwanz","tourism":"artwork"}}},{"type":"Feature","id":"node/12580169554","geometry":{"type":"Point","coordinates":[5.9239523,49.7406703]},"properties":{"osm_type":"node","osm_id":12580169554,"category":"memorial","name":"Ardennenoffensiv","wikidata":null,"wikipedia":null,"tags":{"historic":"memorial","memorial":"plaque","name":"Ardennenoffensiv"}}},{"type":"Feature","id":"node/12580169562","geometry":{"type":"Point","coordinates":[6.094859,49.8302544]},"properties":{"osm_type":"node","osm_id":12580169562,"category":"memorial","name":"Atertlinn","wikidata":null,"wikipedia":null,"tags":{"historic":"memorial","memorial":"stone","name":"Atertlinn","start_date":"2007.10.06"}}},{"type":"Feature","id":"node/12580169564","geometry":{"type":"Point","coordinates":[5.8762004,49.9093285]},"properties":{"osm_type":"node","osm_id":12580169564,"category":"memorial","name":"27th December 1944","wikidata":null,"wikipedia":null,"tags":{"historic":"memorial","memorial":"plaque","name":"27th December 1944"}}},{"type":"Feature","id":"node/12626482194","geometry":{"type":"Point","coordinates":[6.3508292,49.4905468]},"properties":{"osm_type":"node","osm_id":12626482194,"category":"memorial","name":"A nos Morts","wikidata":null,"wikipedia":null,"tags":{"historic":"memorial","memorial":"war_memorial","name":"A nos Morts"}}},{"type":"Feature","id":"node/12626482250","geometry":{"type":"Point","coordinates":[6.4207839,49.6274878]},"properties":{"osm_type":"node","osm_id":12626482250,"category":"memorial","name":"A nos Martyrs","wikidata":null,"wikipedia":null,"tags":{"historic":"memorial","memorial":"war_memorial","name":"A nos Martyrs"}}},{"type":"Feature","id":"node/12626482300","geometry":{"type":"Point","coordinates":[6.2181893,49.6157692]},"properties":{"osm_type":"node","osm_id":12626482300,"category":"memorial","name":"A nos Morts","wikidata":null,"wikipedia":null,"tags":{"historic":"memorial","memorial":"war_memorial","name":"A nos Morts"}}},{"type":"Feature","id":"node/12626482429","geometry":{"type":"Point","coordinates":[6.043662,49.596288]},"properties":{"osm_type":"node","osm_id":12626482429,"category":"memorial","name":"5th US Armored Division","wikidata":null,"wikipedia":null,"tags":{"historic":"memorial","memorial":"war_memorial","name":"5th US Armored Division"}}},{"type":"Feature","id":"node/12656982832","geometry":{"type":"Point","coordinates":[6.2274833,49.5849173]},"properties":{"osm_type":"node","osm_id":12656982832,"category":"artwork","name":"Village de la BD","wikidata":null,"wikipedia":null,"tags":{"artwork_type":"statue","material":"concrete","name":"Village de la BD","tourism":"artwork"}}},{"type":"Feature","id":"node/12699192139","geometry":{"type":"Point","coordinates":[5.7903622,49.7957561]},"properties":{"osm_type":"node","osm_id":12699192139,"category":"historic","name":"LB 146","wikidata":null,"wikipedia":null,"tags":{"historic":"boundary_stone","image":"https://archive.org/details/lb146.","material":"cast_iron","name":"LB 146"}}},{"type":"Feature","id":"node/12718329117","geometry":{"type":"Point","coordinates":[6.1923907,49.7484493]},"properties":{"osm_type":"node","osm_id":12718329117,"category":"memorial","name":"93 arbres plantés en honeur de G.D. Jean","wikidata":null,"wikipedia":null,"tags":{"historic":"memorial","memorial":"trees","name":"93 arbres plantés en honeur de G.D. Jean"}}},{"type":"Feature","id":"node/12732741253","geometry":{"type":"Point","coordinates":[6.0996464,49.850494]},"properties":{"osm_type":"node","osm_id":12732741253,"category":"memorial","name":"ons Jongen a Meedercher","wikidata":null,"wikipedia":null,"tags":{"historic":"memorial","memorial":"war_memorial","name":"ons Jongen a Meedercher"}}},{"type":"Feature","id":"node/12757426207","geometry":{"type":"Point","coordinates":[5.9475479,49.496783]},"properties":{"osm_type":"node","osm_id":12757426207,"category":"historic","name":"FL 21-1","wikidata":null,"wikipedia":null,"tags":{"historic":"boundary_stone","name":"FL 21-1"}}},{"type":"Feature","id":"node/12757507246","geometry":{"type":"Point","coordinates":[5.9219453,49.5007277]},"properties":{"osm_type":"node","osm_id":12757507246,"category":"historic","name":"FL 9-I","wikidata":null,"wikipedia":null,"tags":{"historic":"boundary_stone","name":"FL 9-I"}}},{"type":"Feature","id":"node/12757507254","geometry":{"type":"Point","coordinates":[5.9255679,49.4989148]},"properties":{"osm_type":"node","osm_id":12757507254,"category":"historic","name":"FL 10","wikidata":null,"wikipedia":null,"tags":{"historic":"boundary_stone","material":"basalt","name":"FL 10"}}},{"type":"Feature","id":"node/12757507255","geometry":{"type":"Point","coordinates":[5.9256498,49.4989698]},"properties":{"osm_type":"node","osm_id":12757507255,"category":"historic","name":"FL 11","wikidata":null,"wikipedia":null,"tags":{"historic":"boundary_stone","name":"FL 11"}}},{"type":"Feature","id":"node/12772669774","geometry":{"type":"Point","coordinates":[5.8382647,49.9823923]},"properties":{"osm_type":"node","osm_id":12772669774,"category":"historic","name":"BE-LU 226a","wikidata":null,"wikipedia":null,"tags":{"historic":"boundary_stone","material":"bluestone","name":"BE-LU 226a","start_date":"1843"}}},{"type":"Feature","id":"node/12772669777","geometry":{"type":"Point","coordinates":[5.8377805,49.9814982]},"properties":{"osm_type":"node","osm_id":12772669777,"category":"historic","name":"LB226","wikidata":null,"wikipedia":null,"tags":{"historic":"boundary_stone","image":"https://archive.org/details/lb226","name":"LB226","start_date":"1843"}}},{"type":"Feature","id":"node/12773094042","geometry":{"type":"Point","coordinates":[5.8491489,49.5977402]},"properties":{"osm_type":"node","osm_id":12773094042,"category":"historic","name":"LB047","wikidata":null,"wikipedia":null,"tags":{"historic":"boundary_stone","image":"https://archive.org/details/lb047","material":"metal","name":"LB047","start_date":"1843"}}},{"type":"Feature","id":"node/12786105241","geometry":{"type":"Point","coordinates":[5.9793015,49.7679062]},"properties":{"osm_type":"node","osm_id":12786105241,"category":"historic","name":"Maria","wikidata":null,"wikipedia":null,"tags":{"historic":"wayside_shrine","name":"Maria","religion":"christian"}}},{"type":"Feature","id":"node/12812266585","geometry":{"type":"Point","coordinates":[6.0454959,50.0750016]},"properties":{"osm_type":"node","osm_id":12812266585,"category":"memorial","name":"110th US Infantry Regiment","wikidata":null,"wikipedia":null,"tags":{"historic":"memorial","memorial":"war_memorial","name":"110th US Infantry Regiment"}}},{"type":"Feature","id":"node/12817672418","geometry":{"type":"Point","coordinates":[5.7703851,49.9354172]},"properties":{"osm_type":"node","osm_id":12817672418,"category":"historic","name":"LB199","wikidata":null,"wikipedia":null,"tags":{"historic":"boundary_stone","image":"https://archive.org/details/lb199","material":"metal","name":"LB199","start_date":"1843"}}},{"type":"Feature","id":"node/12840728218","geometry":{"type":"Point","coordinates":[6.1561458,49.6348953]},"properties":{"osm_type":"node","osm_id":12840728218,"category":"artwork","name":"Phyllōm","wikidata":null,"wikipedia":null,"tags":{"artist_name":"Schürmann + Witry","artwork_type":"sculpture","name":"Phyllōm","tourism":"artwork"}}},{"type":"Feature","id":"node/12843908196","geometry":{"type":"Point","coordinates":[5.9094644,49.664562]},"properties":{"osm_type":"node","osm_id":12843908196,"category":"historic","name":"LB082","wikidata":null,"wikipedia":null,"tags":{"historic":"boundary_stone","image":"https://archive.org/details/lb082","material":"metal","name":"LB082","start_date":"1843"}}},{"type":"Feature","id":"node/12843908255","geometry":{"type":"Point","coordinates":[5.9022422,49.6460456]},"properties":{"osm_type":"node","osm_id":12843908255,"category":"historic","name":"LB074","wikidata":null,"wikipedia":null,"tags":{"historic":"boundary_stone","image":"https://archive.org/details/lb074","material":"metal","name":"LB074","start_date":"1843"}}},{"type":"Feature","id":"node/12844064317","geometry":{"type":"Point","coordinates":[5.8313161,49.7425503]},"properties":{"osm_type":"node","osm_id":12844064317,"category":"historic","name":"LB129","wikidata":null,"wikipedia":null,"tags":{"historic":"boundary_stone","image":"https://archive.org/details/lb129","material":"metal","name":"LB129","start_date":"1843"}}},{"type":"Feature","id":"node/12844064366","geometry":{"type":"Point","coordinates":[5.8269098,49.7269022]},"properties":{"osm_type":"node","osm_id":12844064366,"category":"historic","name":"LB123","wikidata":null,"wikipedia":null,"tags":{"historic":"boundary_stone","image":"https://archive.org/details/lb123","material":"metal","name":"LB123","start_date":"1843"}}},{"type":"Feature","id":"node/12844064371","geometry":{"type":"Point","coordinates":[5.8243277,49.7260657]},"properties":{"osm_type":"node","osm_id":12844064371,"category":"historic","name":"LB122","wikidata":null,"wikipedia":null,"tags":{"historic":"boundary_stone","image":"https://archive.org/details/lb122_202304","material":"metal","name":"LB122","start_date":"1843"}}},{"type":"Feature","id":"node/12844064402","geometry":{"type":"Point","coordinates":[5.837608,49.7240239]},"properties":{"osm_type":"node","osm_id":12844064402,"category":"historic","name":"LB119","wikidata":null,"wikipedia":null,"tags":{"historic":"boundary_stone","image":"https://archive.org/details/lb119","material":"metal","name":"LB119","start_date":"1943"}}},{"type":"Feature","id":"node/12844064518","geometry":{"type":"Point","coordinates":[5.869597,49.7237822]},"properties":{"osm_type":"node","osm_id":12844064518,"category":"historic","name":"LB112","wikidata":null,"wikipedia":null,"tags":{"historic":"boundary_stone","image":"https://archive.org/details/lb112","material":"metal","name":"LB112","start_date":"1843"}}},{"type":"Feature","id":"node/12844064560","geometry":{"type":"Point","coordinates":[5.8742032,49.7174483]},"properties":{"osm_type":"node","osm_id":12844064560,"category":"historic","name":"LU-BE 107","wikidata":null,"wikipedia":null,"tags":{"historic":"boundary_stone","image":"https://archive.org/details/lb107","material":"cast_iron","name":"LU-BE 107","start_date":"1843"}}},{"type":"Feature","id":"node/12864916169","geometry":{"type":"Point","coordinates":[6.1305562,49.6125519]},"properties":{"osm_type":"node","osm_id":12864916169,"category":"gallery","name":"Galerie K","wikidata":null,"wikipedia":null,"tags":{"name":"Galerie K","opening_hours":"Fr, Sa 11:00-18:00","phone":"65173487","tourism":"gallery","website":"https://www.galerie-k.lu/"}}},{"type":"Feature","id":"node/12920218912","geometry":{"type":"Point","coordinates":[6.2570916,49.5106963]},"properties":{"osm_type":"node","osm_id":12920218912,"category":"memorial","name":"Monument aux Morts","wikidata":null,"wikipedia":null,"tags":{"historic":"memorial","memorial":"stone","name":"Monument aux Morts"}}},{"type":"Feature","id":"node/13007024697","geometry":{"type":"Point","coordinates":[6.2737124,49.5073337]},"properties":{"osm_type":"node","osm_id":13007024697,"category":"memorial","name":"Bernard Weber","wikidata":null,"wikipedia":null,"tags":{"artist_name":"Gunter Demnig","historic":"memorial","image":"File:Stolperstee Bernard Weber, 25, rue John-Grün, Munneref-101.jpg","material":"brass","memorial":"stolperstein","name":"Bernard Weber","start_date":"2015-11-06"}}},{"type":"Feature","id":"node/13015276406","geometry":{"type":"Point","coordinates":[6.1294889,49.6155142]},"properties":{"osm_type":"node","osm_id":13015276406,"category":"artwork","name":"Juliens Maus","wikidata":"Q135432623","wikipedia":null,"tags":{"artist_name":"Rémy Markowitsch","artwork_type":"sculpture","name":"Juliens Maus","tourism":"artwork","wikidata":"Q135432623"}}},{"type":"Feature","id":"node/13040770731","geometry":{"type":"Point","coordinates":[6.0244493,49.6261151]},"properties":{"osm_type":"node","osm_id":13040770731,"category":"artwork","name":"Verdun, Saarburg a Mamer","wikidata":null,"wikipedia":null,"tags":{"artwork_type":"sculpture","material":"metal","name":"Verdun, Saarburg a Mamer","tourism":"artwork","wheelchair":"yes"}}},{"type":"Feature","id":"node/13041607601","geometry":{"type":"Point","coordinates":[6.177054,49.9532023]},"properties":{"osm_type":"node","osm_id":13041607601,"category":"memorial","name":"Francis Turbine mit Seilkupplung und Generator","wikidata":null,"wikipedia":null,"tags":{"historic":"memorial","name":"Francis Turbine mit Seilkupplung und Generator"}}},{"type":"Feature","id":"node/13041607701","geometry":{"type":"Point","coordinates":[6.1760993,49.956963]},"properties":{"osm_type":"node","osm_id":13041607701,"category":"memorial","name":"Historische Turbinenlaufräder","wikidata":null,"wikipedia":null,"tags":{"historic":"memorial","name":"Historische Turbinenlaufräder"}}},{"type":"Feature","id":"node/13049926393","geometry":{"type":"Point","coordinates":[6.3676172,49.5447878]},"properties":{"osm_type":"node","osm_id":13049926393,"category":"memorial","name":"Erna Hilb","wikidata":null,"wikipedia":null,"tags":{"artist_name":"Gunter Demnig","historic":"memorial","material":"brass","memorial":"stolperstein","name":"Erna Hilb","start_date":"2016-06-24"}}},{"type":"Feature","id":"node/13049926394","geometry":{"type":"Point","coordinates":[6.367616,49.5447885]},"properties":{"osm_type":"node","osm_id":13049926394,"category":"memorial","name":"Regina Hilb-Bonem","wikidata":null,"wikipedia":null,"tags":{"artist_name":"Gunter Demnig","historic":"memorial","material":"brass","memorial":"stolperstein","name":"Regina Hilb-Bonem","start_date":"2016-06-24"}}},{"type":"Feature","id":"node/13049926395","geometry":{"type":"Point","coordinates":[6.3676184,49.5447871]},"properties":{"osm_type":"node","osm_id":13049926395,"category":"memorial","name":"Leopold Hilb","wikidata":null,"wikipedia":null,"tags":{"artist_name":"Gunter Demnig","historic":"memorial","material":"brass","memorial":"stolperstein","name":"Leopold Hilb","start_date":"2016-06-24"}}},{"type":"Feature","id":"node/13049926396","geometry":{"type":"Point","coordinates":[6.3654041,49.545121]},"properties":{"osm_type":"node","osm_id":13049926396,"category":"memorial","name":"Emma Marx-Nathan","wikidata":null,"wikipedia":null,"tags":{"artist_name":"Gunter Demnig","historic":"memorial","image":"File:Stolpersteine in Remich 2.jpg","material":"brass","memorial":"stolperstein","name":"Emma Marx-Nathan","start_date":"2016-06-24"}}},{"type":"Feature","id":"node/13049926397","geometry":{"type":"Point","coordinates":[6.3654029,49.5451217]},"properties":{"osm_type":"node","osm_id":13049926397,"category":"memorial","name":"Gaston Marx","wikidata":null,"wikipedia":null,"tags":{"artist_name":"Gunter Demnig","historic":"memorial","image":"File:Stolpersteine in Remich 2.jpg","material":"brass","memorial":"stolperstein","name":"Gaston Marx","start_date":"2016-06-24"}}},{"type":"Feature","id":"node/13049926398","geometry":{"type":"Point","coordinates":[6.3654017,49.5451225]},"properties":{"osm_type":"node","osm_id":13049926398,"category":"memorial","name":"Felix Marx","wikidata":null,"wikipedia":null,"tags":{"artist_name":"Gunter Demnig","historic":"memorial","image":"File:Stolpersteine in Remich 2.jpg","material":"brass","memorial":"stolperstein","name":"Felix Marx","start_date":"2016-06-24"}}},{"type":"Feature","id":"node/13049926399","geometry":{"type":"Point","coordinates":[6.3652328,49.5455409]},"properties":{"osm_type":"node","osm_id":13049926399,"category":"memorial","name":"Arthur Meyer","wikidata":null,"wikipedia":null,"tags":{"artist_name":"Gunter Demnig","historic":"memorial","image":"File:Stolpersteng MEYER-KAHN, HAYUM, JOSEPH, 6, rue de la Gare, Réimech-101.jpg","material":"brass","memorial":"stolperstein","name":"Arthur Meyer","start_date":"2016-06-24"}}},{"type":"Feature","id":"node/13049926400","geometry":{"type":"Point","coordinates":[6.3652341,49.5455415]},"properties":{"osm_type":"node","osm_id":13049926400,"category":"memorial","name":"Renée Hayum-Meyer","wikidata":null,"wikipedia":null,"tags":{"artist_name":"Gunter Demnig","historic":"memorial","image":"File:Stolpersteng MEYER-KAHN, HAYUM, JOSEPH, 6, rue de la Gare, Réimech-101.jpg","material":"brass","memorial":"stolperstein","name":"Renée Hayum-Meyer","start_date":"2016-06-24"}}},{"type":"Feature","id":"node/13049985301","geometry":{"type":"Point","coordinates":[6.3652354,49.545542]},"properties":{"osm_type":"node","osm_id":13049985301,"category":"memorial","name":"Leo Hayum","wikidata":null,"wikipedia":null,"tags":{"artist_name":"Gunter Demnig","historic":"memorial","image":"File:Stolpersteng MEYER-KAHN, HAYUM, JOSEPH, 6, rue de la Gare, Réimech-101.jpg","material":"brass","memorial":"stolperstein","name":"Leo Hayum","start_date":"2016-06-24"}}},{"type":"Feature","id":"node/13049985302","geometry":{"type":"Point","coordinates":[6.3652367,49.5455426]},"properties":{"osm_type":"node","osm_id":13049985302,"category":"memorial","name":"Heinz Joseph","wikidata":null,"wikipedia":null,"tags":{"artist_name":"Gunter Demnig","historic":"memorial","image":"File:Stolpersteng MEYER-KAHN, HAYUM, JOSEPH, 6, rue de la Gare, Réimech-101.jpg","material":"brass","memorial":"stolperstein","name":"Heinz Joseph","start_date":"2016-06-24"}}},{"type":"Feature","id":"node/13049985303","geometry":{"type":"Point","coordinates":[6.3652315,49.5455403]},"properties":{"osm_type":"node","osm_id":13049985303,"category":"memorial","name":"Fanny Meyer-Kahn","wikidata":null,"wikipedia":null,"tags":{"artist_name":"Gunter Demnig","historic":"memorial","image":"File:Stolpersteng MEYER-KAHN, HAYUM, JOSEPH, 6, rue de la Gare, Réimech-101.jpg","material":"brass","memorial":"stolperstein","name":"Fanny Meyer-Kahn","start_date":"2016-06-24"}}},{"type":"Feature","id":"node/13049985304","geometry":{"type":"Point","coordinates":[6.3684262,49.5456964]},"properties":{"osm_type":"node","osm_id":13049985304,"category":"memorial","name":"Roger Herrmann","wikidata":null,"wikipedia":null,"tags":{"artist_name":"Gunter Demnig","historic":"memorial","image":"File:Stolpersteng HERRMANN-KAHN, 4, rue Dauvelt Réimech-101.jpg","material":"brass","memorial":"stolperstein","name":"Roger Herrmann","start_date":"2016-06-24"}}},{"type":"Feature","id":"node/13049985305","geometry":{"type":"Point","coordinates":[6.368425,49.5456971]},"properties":{"osm_type":"node","osm_id":13049985305,"category":"memorial","name":"Myrtil Herrmann","wikidata":null,"wikipedia":null,"tags":{"artist_name":"Gunter Demnig","historic":"memorial","image":"File:Stolpersteng HERRMANN-KAHN, 4, rue Dauvelt Réimech-101.jpg","material":"brass","memorial":"stolperstein","name":"Myrtil Herrmann","start_date":"2016-06-24"}}},{"type":"Feature","id":"node/13049985306","geometry":{"type":"Point","coordinates":[6.3684226,49.5456986]},"properties":{"osm_type":"node","osm_id":13049985306,"category":"memorial","name":"Heinrich Herrmann","wikidata":null,"wikipedia":null,"tags":{"artist_name":"Gunter Demnig","historic":"memorial","image":"File:Stolpersteng HERRMANN-KAHN, 4, rue Dauvelt Réimech-101.jpg","material":"brass","memorial":"stolperstein","name":"Heinrich Herrmann","start_date":"2016-06-24"}}},{"type":"Feature","id":"node/13049985307","geometry":{"type":"Point","coordinates":[6.3684238,49.5456978]},"properties":{"osm_type":"node","osm_id":13049985307,"category":"memorial","name":"Klara Herrmann-Kahn","wikidata":null,"wikipedia":null,"tags":{"artist_name":"Gunter Demnig","historic":"memorial","image":"File:Stolpersteng HERRMANN-KAHN, 4, rue Dauvelt Réimech-101.jpg","material":"brass","memorial":"stolperstein","name":"Klara Herrmann-Kahn","start_date":"2016-06-24"}}},{"type":"Feature","id":"node/13049985308","geometry":{"type":"Point","coordinates":[6.3635271,49.5411252]},"properties":{"osm_type":"node","osm_id":13049985308,"category":"memorial","name":"Kurt Deichmann","wikidata":null,"wikipedia":null,"tags":{"artist_name":"Gunter Demnig","historic":"memorial","image":"File:Stolpersteine in Remich.jpg","material":"brass","memorial":"stolperstein","name":"Kurt Deichmann","start_date":"2016-06-24"}}},{"type":"Feature","id":"node/13049985309","geometry":{"type":"Point","coordinates":[6.3635258,49.5411246]},"properties":{"osm_type":"node","osm_id":13049985309,"category":"memorial","name":"Alice Deichmann gebuer Aron","wikidata":null,"wikipedia":null,"tags":{"artist_name":"Gunter Demnig","historic":"memorial","image":"File:Stolpersteine in Remich.jpg","material":"brass","memorial":"stolperstein","name":"Alice Deichmann gebuer Aron","start_date":"2016-06-24"}}},{"type":"Feature","id":"node/13050197218","geometry":{"type":"Point","coordinates":[6.2800591,49.5040264]},"properties":{"osm_type":"node","osm_id":13050197218,"category":"memorial","name":"Joseph Kinman","wikidata":null,"wikipedia":null,"tags":{"artist_name":"Gunter Demnig","historic":"memorial","image":"File:Stolpersteine Mondorf-les-Bains, 4 avenue Dr. Klein 01.jpg","material":"brass","memorial":"stolperstein","name":"Joseph Kinman","start_date":"2015-11-06"}}},{"type":"Feature","id":"node/13050197219","geometry":{"type":"Point","coordinates":[6.2800581,49.5040257]},"properties":{"osm_type":"node","osm_id":13050197219,"category":"memorial","name":"Jakob 'Jacques' Hayum","wikidata":null,"wikipedia":null,"tags":{"artist_name":"Gunter Demnig","historic":"memorial","image":"File:Stolpersteine Mondorf-les-Bains, 4 avenue Dr. Klein 01.jpg","material":"brass","memorial":"stolperstein","name":"Jakob 'Jacques' Hayum","start_date":"2015-11-06"}}},{"type":"Feature","id":"node/13050197220","geometry":{"type":"Point","coordinates":[6.2654957,49.5046576]},"properties":{"osm_type":"node","osm_id":13050197220,"category":"memorial","name":"Pauline Bonem","wikidata":null,"wikipedia":null,"tags":{"artist_name":"Gunter Demnig","historic":"memorial","image":"File:Stolpersteine Mondorf-les-Bains, 3 rue du Moulin 01.jpg","material":"brass","memorial":"stolperstein","name":"Pauline Bonem","start_date":"2015-11-06"}}},{"type":"Feature","id":"node/13050197221","geometry":{"type":"Point","coordinates":[6.2654942,49.5046574]},"properties":{"osm_type":"node","osm_id":13050197221,"category":"memorial","name":"Albert Bonem","wikidata":null,"wikipedia":null,"tags":{"artist_name":"Gunter Demnig","historic":"memorial","image":"File:Stolpersteine Mondorf-les-Bains, 3 rue du Moulin 01.jpg","material":"brass","memorial":"stolperstein","name":"Albert Bonem","start_date":"2015-11-06"}}},{"type":"Feature","id":"node/13050197222","geometry":{"type":"Point","coordinates":[6.2654927,49.5046572]},"properties":{"osm_type":"node","osm_id":13050197222,"category":"memorial","name":"Mayer Bonem","wikidata":null,"wikipedia":null,"tags":{"artist_name":"Gunter Demnig","historic":"memorial","image":"File:Stolpersteine Mondorf-les-Bains, 3 rue du Moulin 01.jpg","material":"brass","memorial":"stolperstein","name":"Mayer Bonem","start_date":"2015-11-06"}}},{"type":"Feature","id":"node/13050197223","geometry":{"type":"Point","coordinates":[6.2676467,49.5050549]},"properties":{"osm_type":"node","osm_id":13050197223,"category":"memorial","name":"Marie Faber geb. Siebenaler","wikidata":null,"wikipedia":null,"tags":{"artist_name":"Gunter Demnig","historic":"memorial","material":"brass","memorial":"stolperstein","name":"Marie Faber geb. Siebenaler","start_date":"2015-11-06"}}},{"type":"Feature","id":"node/13050322059","geometry":{"type":"Point","coordinates":[6.2705866,49.5051139]},"properties":{"osm_type":"node","osm_id":13050322059,"category":"memorial","name":"Oskar 'Osias' Herschtritt","wikidata":null,"wikipedia":null,"tags":{"artist_name":"Gunter Demnig","historic":"memorial","material":"brass","memorial":"stolperstein","name":"Oskar 'Osias' Herschtritt","start_date":"2015-11-06"}}},{"type":"Feature","id":"node/13050678359","geometry":{"type":"Point","coordinates":[5.9785796,49.4928722]},"properties":{"osm_type":"node","osm_id":13050678359,"category":"memorial","name":"Heinrich Freymann","wikidata":null,"wikipedia":null,"tags":{"artist_name":"Gunter Demnig","historic":"memorial","image":"File:Stolpersteine für Familie Freymann (Esch-sur-Alzette) 01.jpg","material":"brass","memorial":"stolperstein","name":"Heinrich Freymann","start_date":"2013-10-22"}}},{"type":"Feature","id":"node/13050678360","geometry":{"type":"Point","coordinates":[5.9785809,49.4928727]},"properties":{"osm_type":"node","osm_id":13050678360,"category":"memorial","name":"Frieda Freymann geb. Gallar","wikidata":null,"wikipedia":null,"tags":{"artist_name":"Gunter Demnig","historic":"memorial","image":"File:Stolpersteine für Familie Freymann (Esch-sur-Alzette) 01.jpg","material":"brass","memorial":"stolperstein","name":"Frieda Freymann geb. Gallar","start_date":"2013-10-22"}}},{"type":"Feature","id":"node/13050678361","geometry":{"type":"Point","coordinates":[5.9785821,49.4928733]},"properties":{"osm_type":"node","osm_id":13050678361,"category":"memorial","name":"Minna Sarah Freymann","wikidata":null,"wikipedia":null,"tags":{"artist_name":"Gunter Demnig","historic":"memorial","image":"File:Stolpersteine für Familie Freymann (Esch-sur-Alzette) 01.jpg","material":"brass","memorial":"stolperstein","name":"Minna Sarah Freymann","start_date":"2013-10-22"}}},{"type":"Feature","id":"node/13050678362","geometry":{"type":"Point","coordinates":[5.9840003,49.4951139]},"properties":{"osm_type":"node","osm_id":13050678362,"category":"memorial","name":"Ida Blank geb. Wachenheimer","wikidata":null,"wikipedia":null,"tags":{"artist_name":"Gunter Demnig","historic":"memorial","image":"File:Stolpersteine Esch-Alzette, 23 rue de l'Alzette 01.jpg","material":"brass","memorial":"stolperstein","name":"Ida Blank geb. Wachenheimer","start_date":"2013-10-22"}}},{"type":"Feature","id":"node/13050678363","geometry":{"type":"Point","coordinates":[5.9840016,49.4951144]},"properties":{"osm_type":"node","osm_id":13050678363,"category":"memorial","name":"Karoline Wachenheimer geb. Dreifuss","wikidata":null,"wikipedia":null,"tags":{"artist_name":"Gunter Demnig","historic":"memorial","image":"File:Stolpersteine Esch-Alzette, 23 rue de l'Alzette 01.jpg","material":"brass","memorial":"stolperstein","name":"Karoline Wachenheimer geb. Dreifuss","start_date":"2013-10-22"}}},{"type":"Feature","id":"node/13050678364","geometry":{"type":"Point","coordinates":[5.9840029,49.495115]},"properties":{"osm_type":"node","osm_id":13050678364,"category":"memorial","name":"Sophie Wachenheimer","wikidata":null,"wikipedia":null,"tags":{"artist_name":"Gunter Demnig","historic":"memorial","image":"File:Stolpersteine Esch-Alzette, 23 rue de l'Alzette 01.jpg","material":"brass","memorial":"stolperstein","name":"Sophie Wachenheimer","start_date":"2013-10-22"}}},{"type":"Feature","id":"node/13050678365","geometry":{"type":"Point","coordinates":[5.9819752,49.4931438]},"properties":{"osm_type":"node","osm_id":13050678365,"category":"memorial","name":"Sylvain Roger Nathan","wikidata":null,"wikipedia":null,"tags":{"artist_name":"Gunter Demnig","historic":"memorial","image":"File:Stolpersteine Esch-Alzette, 8 rue de la Libération 01.jpg","material":"brass","memorial":"stolperstein","name":"Sylvain Roger Nathan","start_date":"2013-10-22"}}},{"type":"Feature","id":"node/13050678366","geometry":{"type":"Point","coordinates":[5.9819762,49.4931431]},"properties":{"osm_type":"node","osm_id":13050678366,"category":"memorial","name":"Agathe Nathan geb. Moyse","wikidata":null,"wikipedia":null,"tags":{"artist_name":"Gunter Demnig","historic":"memorial","image":"File:Stolpersteine Esch-Alzette, 8 rue de la Libération 01.jpg","material":"brass","memorial":"stolperstein","name":"Agathe Nathan geb. Moyse","start_date":"2013-10-22"}}},{"type":"Feature","id":"node/13050678367","geometry":{"type":"Point","coordinates":[5.9819741,49.4931445]},"properties":{"osm_type":"node","osm_id":13050678367,"category":"memorial","name":"Leopold Nathan","wikidata":null,"wikipedia":null,"tags":{"artist_name":"Gunter Demnig","historic":"memorial","image":"File:Stolpersteine Esch-Alzette, 8 rue de la Libération 01.jpg","material":"brass","memorial":"stolperstein","name":"Leopold Nathan","start_date":"2013-10-22"}}},{"type":"Feature","id":"node/13050678368","geometry":{"type":"Point","coordinates":[5.9786118,49.4915593]},"properties":{"osm_type":"node","osm_id":13050678368,"category":"memorial","name":"Léon Adler","wikidata":null,"wikipedia":null,"tags":{"artist_name":"Gunter Demnig","historic":"memorial","image":"File:Stolpersteine Esch-Alzette, 38, rue du Brill 01.jpg","material":"brass","memorial":"stolperstein","name":"Léon Adler","start_date":"2013-10-22"}}},{"type":"Feature","id":"node/13050678369","geometry":{"type":"Point","coordinates":[5.978611,49.4915582]},"properties":{"osm_type":"node","osm_id":13050678369,"category":"memorial","name":"Maria Helena Adler gennant Irma","wikidata":null,"wikipedia":null,"tags":{"artist_name":"Gunter Demnig","historic":"memorial","image":"File:Stolpersteine Esch-Alzette, 38, rue du Brill 01.jpg","material":"brass","memorial":"stolperstein","name":"Maria Helena Adler gennant Irma","start_date":"2013-10-22"}}},{"type":"Feature","id":"node/13050678370","geometry":{"type":"Point","coordinates":[5.97861,49.4915591]},"properties":{"osm_type":"node","osm_id":13050678370,"category":"memorial","name":"Léon Marc Adler","wikidata":null,"wikipedia":null,"tags":{"artist_name":"Gunter Demnig","historic":"memorial","image":"File:Stolpersteine Esch-Alzette, 38, rue du Brill 01.jpg","material":"brass","memorial":"stolperstein","name":"Léon Marc Adler","start_date":"2013-10-22"}}},{"type":"Feature","id":"node/13050678371","geometry":{"type":"Point","coordinates":[5.9758693,49.4937715]},"properties":{"osm_type":"node","osm_id":13050678371,"category":"memorial","name":"Jeanne Lukmanski","wikidata":null,"wikipedia":null,"tags":{"artist_name":"Gunter Demnig","historic":"memorial","image":"File:Stolpersteine Familie Lukmanski-Liebenstein Esch-Alzette, 88 rue du Brill 01.jpg","material":"brass","memorial":"stolperstein","name":"Jeanne Lukmanski","start_date":"2021-04-23"}}},{"type":"Feature","id":"node/13050678372","geometry":{"type":"Point","coordinates":[5.9758688,49.4937724]},"properties":{"osm_type":"node","osm_id":13050678372,"category":"memorial","name":"Frieda Lukmanski geb. Lebenstein","wikidata":null,"wikipedia":null,"tags":{"artist_name":"Gunter Demnig","historic":"memorial","image":"File:Stolpersteine Familie Lukmanski-Liebenstein Esch-Alzette, 88 rue du Brill 01.jpg","material":"brass","memorial":"stolperstein","name":"Frieda Lukmanski geb. Lebenstein","start_date":"2021-04-23"}}},{"type":"Feature","id":"node/13050678373","geometry":{"type":"Point","coordinates":[5.9758683,49.4937733]},"properties":{"osm_type":"node","osm_id":13050678373,"category":"memorial","name":"Arno Lukmanski","wikidata":null,"wikipedia":null,"tags":{"artist_name":"Gunter Demnig","historic":"memorial","image":"File:Stolpersteine Familie Lukmanski-Liebenstein Esch-Alzette, 88 rue du Brill 01.jpg","material":"brass","memorial":"stolperstein","name":"Arno Lukmanski","start_date":"2021-04-23"}}},{"type":"Feature","id":"node/13050678374","geometry":{"type":"Point","coordinates":[5.9769691,49.4959825]},"properties":{"osm_type":"node","osm_id":13050678374,"category":"memorial","name":"Heinrich Nussbaum","wikidata":null,"wikipedia":null,"tags":{"artist_name":"Gunter Demnig","historic":"memorial","image":"File:Stolpersteine Familie Nussbaum-Schmitz Esch-Alzette, 43 rue des Charbons 01.jpg","material":"brass","memorial":"stolperstein","name":"Heinrich Nussbaum","start_date":"2021-04-23"}}},{"type":"Feature","id":"node/13050678375","geometry":{"type":"Point","coordinates":[5.9769685,49.4959834]},"properties":{"osm_type":"node","osm_id":13050678375,"category":"memorial","name":"Johanna Nussbaum geb. Schmitz","wikidata":null,"wikipedia":null,"tags":{"artist_name":"Gunter Demnig","historic":"memorial","image":"File:Stolpersteine Familie Nussbaum-Schmitz Esch-Alzette, 43 rue des Charbons 01.jpg","material":"brass","memorial":"stolperstein","name":"Johanna Nussbaum geb. Schmitz","start_date":"2021-04-23"}}},{"type":"Feature","id":"node/13050678376","geometry":{"type":"Point","coordinates":[5.9769678,49.4959843]},"properties":{"osm_type":"node","osm_id":13050678376,"category":"memorial","name":"Bernard Nussbaum","wikidata":null,"wikipedia":null,"tags":{"artist_name":"Gunter Demnig","historic":"memorial","image":"File:Stolpersteine Familie Nussbaum-Schmitz Esch-Alzette, 43 rue des Charbons 01.jpg","material":"brass","memorial":"stolperstein","name":"Bernard Nussbaum","start_date":"2021-04-23"}}},{"type":"Feature","id":"node/13050678377","geometry":{"type":"Point","coordinates":[5.9755808,49.4980633]},"properties":{"osm_type":"node","osm_id":13050678377,"category":"memorial","name":"Flora Bobrowsky geb. Markiewicz","wikidata":null,"wikipedia":null,"tags":{"artist_name":"Gunter Demnig","historic":"memorial","image":"File:Stolpersteine Feiner Bobrowsky families Esch-sur-Alzette 2021-05.jpg","material":"brass","memorial":"stolperstein","name":"Flora Bobrowsky geb. Markiewicz","start_date":"2021-04-23"}}},{"type":"Feature","id":"node/13050678378","geometry":{"type":"Point","coordinates":[5.9755802,49.4980642]},"properties":{"osm_type":"node","osm_id":13050678378,"category":"memorial","name":"Ruth Bobrowsky","wikidata":null,"wikipedia":null,"tags":{"artist_name":"Gunter Demnig","historic":"memorial","image":"File:Stolpersteine Feiner Bobrowsky families Esch-sur-Alzette 2021-05.jpg","material":"brass","memorial":"stolperstein","name":"Ruth Bobrowsky","start_date":"2021-04-23"}}},{"type":"Feature","id":"node/13050678379","geometry":{"type":"Point","coordinates":[5.975579,49.498066]},"properties":{"osm_type":"node","osm_id":13050678379,"category":"memorial","name":"Arno Bobrowsky","wikidata":null,"wikipedia":null,"tags":{"artist_name":"Gunter Demnig","historic":"memorial","image":"File:Stolpersteine Feiner Bobrowsky families Esch-sur-Alzette 2021-05.jpg","material":"brass","memorial":"stolperstein","name":"Arno Bobrowsky","start_date":"2021-04-23"}}},{"type":"Feature","id":"node/13050678380","geometry":{"type":"Point","coordinates":[5.9755796,49.4980651]},"properties":{"osm_type":"node","osm_id":13050678380,"category":"memorial","name":"Rosa Bobrowsky geb. Feiner","wikidata":null,"wikipedia":null,"tags":{"artist_name":"Gunter Demnig","historic":"memorial","image":"File:Stolpersteine Feiner Bobrowsky families Esch-sur-Alzette 2021-05.jpg","material":"brass","memorial":"stolperstein","name":"Rosa Bobrowsky geb. Feiner","start_date":"2021-04-23"}}},{"type":"Feature","id":"node/13050678381","geometry":{"type":"Point","coordinates":[5.9755819,49.4980641]},"properties":{"osm_type":"node","osm_id":13050678381,"category":"memorial","name":"Albert Feiner","wikidata":null,"wikipedia":null,"tags":{"artist_name":"Gunter Demnig","historic":"memorial","image":"File:Stolpersteine Feiner Bobrowsky families Esch-sur-Alzette 2021-05.jpg","material":"brass","memorial":"stolperstein","name":"Albert Feiner","start_date":"2021-04-23"}}},{"type":"Feature","id":"node/13050678382","geometry":{"type":"Point","coordinates":[5.9755813,49.498065]},"properties":{"osm_type":"node","osm_id":13050678382,"category":"memorial","name":"Sophie Feiner geb. Simon","wikidata":null,"wikipedia":null,"tags":{"artist_name":"Gunter Demnig","historic":"memorial","image":"File:Stolpersteine Feiner Bobrowsky families Esch-sur-Alzette 2021-05.jpg","material":"brass","memorial":"stolperstein","name":"Sophie Feiner geb. Simon","start_date":"2021-04-23"}}},{"type":"Feature","id":"node/13050678383","geometry":{"type":"Point","coordinates":[5.9755806,49.4980659]},"properties":{"osm_type":"node","osm_id":13050678383,"category":"memorial","name":"Henri Feiner","wikidata":null,"wikipedia":null,"tags":{"artist_name":"Gunter Demnig","historic":"memorial","image":"File:Stolpersteine Feiner Bobrowsky families Esch-sur-Alzette 2021-05.jpg","material":"brass","memorial":"stolperstein","name":"Henri Feiner","start_date":"2021-04-23"}}},{"type":"Feature","id":"node/13050736441","geometry":{"type":"Point","coordinates":[5.9757411,49.4988553]},"properties":{"osm_type":"node","osm_id":13050736441,"category":"memorial","name":"Heinrich Adam","wikidata":null,"wikipedia":null,"tags":{"artist_name":"Gunter Demnig","historic":"memorial","material":"brass","memorial":"stolperstein","name":"Heinrich Adam","start_date":"2021-04-23"}}},{"type":"Feature","id":"node/13050736442","geometry":{"type":"Point","coordinates":[5.9829991,49.4944259]},"properties":{"osm_type":"node","osm_id":13050736442,"category":"memorial","name":"Ferdinand Cahen","wikidata":null,"wikipedia":null,"tags":{"artist_name":"Gunter Demnig","historic":"memorial","material":"brass","memorial":"stolperstein","name":"Ferdinand Cahen","start_date":"2013-10-22"}}},{"type":"Feature","id":"node/13050736443","geometry":{"type":"Point","coordinates":[5.9821241,49.4942843]},"properties":{"osm_type":"node","osm_id":13050736443,"category":"memorial","name":"Julien Cerf","wikidata":null,"wikipedia":null,"tags":{"artist_name":"Gunter Demnig","historic":"memorial","material":"brass","memorial":"stolperstein","name":"Julien Cerf","start_date":"2013-10-22"}}},{"type":"Feature","id":"node/13050910887","geometry":{"type":"Point","coordinates":[5.9749523,49.4985678]},"properties":{"osm_type":"node","osm_id":13050910887,"category":"memorial","name":"Anna Schlang geb. Glaser","wikidata":null,"wikipedia":null,"tags":{"artist_name":"Gunter Demnig","historic":"memorial","material":"brass","memorial":"stolperstein","name":"Anna Schlang geb. Glaser","start_date":"2021-04-23"}}},{"type":"Feature","id":"node/13050910888","geometry":{"type":"Point","coordinates":[5.9749517,49.4985687]},"properties":{"osm_type":"node","osm_id":13050910888,"category":"memorial","name":"Sophie Schlang","wikidata":null,"wikipedia":null,"tags":{"artist_name":"Gunter Demnig","historic":"memorial","material":"brass","memorial":"stolperstein","name":"Sophie Schlang","start_date":"2021-04-23"}}},{"type":"Feature","id":"node/13050910889","geometry":{"type":"Point","coordinates":[5.9749529,49.4985669]},"properties":{"osm_type":"node","osm_id":13050910889,"category":"memorial","name":"Tobias Schlang","wikidata":null,"wikipedia":null,"tags":{"artist_name":"Gunter Demnig","historic":"memorial","material":"brass","memorial":"stolperstein","name":"Tobias Schlang","start_date":"2021-04-23"}}},{"type":"Feature","id":"node/13051099895","geometry":{"type":"Point","coordinates":[6.0116964,49.5044497]},"properties":{"osm_type":"node","osm_id":13051099895,"category":"memorial","name":"Eugène Biren","wikidata":null,"wikipedia":null,"tags":{"artist_name":"Gunter Demnig","historic":"memorial","material":"brass","memorial":"stolperstein","name":"Eugène Biren","start_date":"2021-04-23"}}},{"type":"Feature","id":"node/13051099896","geometry":{"type":"Point","coordinates":[6.0104282,49.5053531]},"properties":{"osm_type":"node","osm_id":13051099896,"category":"memorial","name":"Eugénie Cerf geb. Rheims","wikidata":null,"wikipedia":null,"tags":{"artist_name":"Gunter Demnig","historic":"memorial","material":"brass","memorial":"stolperstein","name":"Eugénie Cerf geb. Rheims","start_date":"2021-04-23"}}},{"type":"Feature","id":"node/13051099897","geometry":{"type":"Point","coordinates":[6.0104218,49.5053514]},"properties":{"osm_type":"node","osm_id":13051099897,"category":"memorial","name":"Renée Cerf","wikidata":null,"wikipedia":null,"tags":{"artist_name":"Gunter Demnig","historic":"memorial","material":"brass","memorial":"stolperstein","name":"Renée Cerf","start_date":"2021-04-23"}}},{"type":"Feature","id":"node/13051099898","geometry":{"type":"Point","coordinates":[6.0104345,49.5053549]},"properties":{"osm_type":"node","osm_id":13051099898,"category":"memorial","name":"Salomon Cerf","wikidata":null,"wikipedia":null,"tags":{"artist_name":"Gunter Demnig","historic":"memorial","material":"brass","memorial":"stolperstein","name":"Salomon Cerf","start_date":"2021-04-23"}}},{"type":"Feature","id":"node/13052159547","geometry":{"type":"Point","coordinates":[5.8893845,49.5238546]},"properties":{"osm_type":"node","osm_id":13052159547,"category":"memorial","name":"Alfons Goldschmidt","wikidata":null,"wikipedia":null,"tags":{"artist_name":"Gunter Demnig","historic":"memorial","image":"File:Stolpersteng Alfons a Karl Goldschmidt, 17 rue de la Grève nationale, Déifferdeng-102.jpg","material":"brass","memorial":"stolperstein","name":"Alfons Goldschmidt","start_date":"2015-11-05"}}},{"type":"Feature","id":"node/13052159548","geometry":{"type":"Point","coordinates":[5.8893844,49.5238536]},"properties":{"osm_type":"node","osm_id":13052159548,"category":"memorial","name":"Karl Goldschmidt","wikidata":null,"wikipedia":null,"tags":{"artist_name":"Gunter Demnig","historic":"memorial","image":"File:Stolpersteng Alfons a Karl Goldschmidt, 17 rue de la Grève nationale, Déifferdeng-102.jpg","material":"brass","memorial":"stolperstein","name":"Karl Goldschmidt","start_date":"2015-11-05"}}},{"type":"Feature","id":"node/13052159549","geometry":{"type":"Point","coordinates":[5.8893697,49.5237719]},"properties":{"osm_type":"node","osm_id":13052159549,"category":"memorial","name":"Rosel Kaufmann","wikidata":null,"wikipedia":null,"tags":{"artist_name":"Gunter Demnig","historic":"memorial","image":"File:Stolpersteng Famill Kaufmann , 15 rue de la Grève nationale, Déifferdeng-101.jpg","material":"brass","memorial":"stolperstein","name":"Rosel Kaufmann","start_date":"2015-11-05"}}},{"type":"Feature","id":"node/13052159550","geometry":{"type":"Point","coordinates":[5.8893695,49.523771]},"properties":{"osm_type":"node","osm_id":13052159550,"category":"memorial","name":"Alfred Kaufmann","wikidata":null,"wikipedia":null,"tags":{"artist_name":"Gunter Demnig","historic":"memorial","image":"File:Stolpersteng Famill Kaufmann , 15 rue de la Grève nationale, Déifferdeng-101.jpg","material":"brass","memorial":"stolperstein","name":"Alfred Kaufmann","start_date":"2015-11-05"}}},{"type":"Feature","id":"node/13052159551","geometry":{"type":"Point","coordinates":[5.8893699,49.5237729]},"properties":{"osm_type":"node","osm_id":13052159551,"category":"memorial","name":"Caroline Kaufmann geb. Bonem","wikidata":null,"wikipedia":null,"tags":{"artist_name":"Gunter Demnig","historic":"memorial","image":"File:Stolpersteng Famill Kaufmann , 15 rue de la Grève nationale, Déifferdeng-101.jpg","material":"brass","memorial":"stolperstein","name":"Caroline Kaufmann geb. Bonem","start_date":"2015-11-05"}}},{"type":"Feature","id":"node/13052159552","geometry":{"type":"Point","coordinates":[5.8866788,49.5218923]},"properties":{"osm_type":"node","osm_id":13052159552,"category":"memorial","name":"Renée Jeanne Lazard","wikidata":null,"wikipedia":null,"tags":{"artist_name":"Gunter Demnig","historic":"memorial","image":"File:Stolpersteng Famill Lazard, 11, rue Saint-Nicolas, Déifferdeng.jpg","material":"brass","memorial":"stolperstein","name":"Renée Jeanne Lazard","start_date":"2014-10-28"}}},{"type":"Feature","id":"node/13052159553","geometry":{"type":"Point","coordinates":[5.8866803,49.5218924]},"properties":{"osm_type":"node","osm_id":13052159553,"category":"memorial","name":"Berthe Lazard geb. Mayer","wikidata":null,"wikipedia":null,"tags":{"artist_name":"Gunter Demnig","historic":"memorial","image":"File:Stolpersteng Famill Lazard, 11, rue Saint-Nicolas, Déifferdeng.jpg","material":"brass","memorial":"stolperstein","name":"Berthe Lazard geb. Mayer","start_date":"2014-10-28"}}},{"type":"Feature","id":"node/13052159554","geometry":{"type":"Point","coordinates":[5.8866818,49.5218926]},"properties":{"osm_type":"node","osm_id":13052159554,"category":"memorial","name":"Siegmund Lazard","wikidata":null,"wikipedia":null,"tags":{"artist_name":"Gunter Demnig","historic":"memorial","image":"File:Stolpersteng Famill Lazard, 11, rue Saint-Nicolas, Déifferdeng.jpg","material":"brass","memorial":"stolperstein","name":"Siegmund Lazard","start_date":"2014-10-28"}}},{"type":"Feature","id":"node/13052159555","geometry":{"type":"Point","coordinates":[5.8866833,49.5218928]},"properties":{"osm_type":"node","osm_id":13052159555,"category":"memorial","name":"Isidor Lazard","wikidata":null,"wikipedia":null,"tags":{"artist_name":"Gunter Demnig","historic":"memorial","image":"File:Stolpersteng Famill Lazard, 11, rue Saint-Nicolas, Déifferdeng.jpg","material":"brass","memorial":"stolperstein","name":"Isidor Lazard","start_date":"2014-10-28"}}},{"type":"Feature","id":"node/13052159556","geometry":{"type":"Point","coordinates":[5.8910906,49.5234129]},"properties":{"osm_type":"node","osm_id":13052159556,"category":"memorial","name":"Nicha Fenechel geb. Stockmann","wikidata":null,"wikipedia":null,"tags":{"artist_name":"Gunter Demnig","historic":"memorial","image":"File:Stolpersteng Famill Fenechel, 41, rue Michel-Rodange, Déifferdeng-101.jpg","material":"brass","memorial":"stolperstein","name":"Nicha Fenechel geb. Stockmann","start_date":"2015-11-05"}}},{"type":"Feature","id":"node/13052159557","geometry":{"type":"Point","coordinates":[5.8910904,49.5234139]},"properties":{"osm_type":"node","osm_id":13052159557,"category":"memorial","name":"Malvy Fenechel","wikidata":null,"wikipedia":null,"tags":{"artist_name":"Gunter Demnig","historic":"memorial","image":"File:Stolpersteng Famill Fenechel, 41, rue Michel-Rodange, Déifferdeng-101.jpg","material":"brass","memorial":"stolperstein","name":"Malvy Fenechel","start_date":"2015-11-05"}}},{"type":"Feature","id":"node/13052159558","geometry":{"type":"Point","coordinates":[5.8910901,49.5234149]},"properties":{"osm_type":"node","osm_id":13052159558,"category":"memorial","name":"David Lieber Fenechel","wikidata":null,"wikipedia":null,"tags":{"artist_name":"Gunter Demnig","historic":"memorial","image":"File:Stolpersteng Famill Fenechel, 41, rue Michel-Rodange, Déifferdeng-101.jpg","material":"brass","memorial":"stolperstein","name":"David Lieber Fenechel","start_date":"2015-11-05"}}},{"type":"Feature","id":"node/13052184152","geometry":{"type":"Point","coordinates":[5.8896623,49.5243008]},"properties":{"osm_type":"node","osm_id":13052184152,"category":"memorial","name":"Gustave Wolf","wikidata":null,"wikipedia":null,"tags":{"artist_name":"Gunter Demnig","historic":"memorial","image":"File:Stolperstee Gustave Wolf, Déifferdeng, 30 ave de la Liberté-002.jpg","material":"brass","memorial":"stolperstein","name":"Gustave Wolf","start_date":"2014-10-28"}}},{"type":"Feature","id":"node/13052184153","geometry":{"type":"Point","coordinates":[5.8888333,49.5236572]},"properties":{"osm_type":"node","osm_id":13052184153,"category":"memorial","name":"Josef André Cahen","wikidata":null,"wikipedia":null,"tags":{"artist_name":"Gunter Demnig","historic":"memorial","image":"File:Stolpersteng Isabelle a Joseph Cahen, 12, avenue de la Liberté, Déifferdeng-001.jpg","material":"brass","memorial":"stolperstein","name":"Josef André Cahen","start_date":"2014-10-28"}}},{"type":"Feature","id":"node/13052184154","geometry":{"type":"Point","coordinates":[5.8888334,49.5236561]},"properties":{"osm_type":"node","osm_id":13052184154,"category":"memorial","name":"Isabelle Rose Cahen geb. Reh","wikidata":null,"wikipedia":null,"tags":{"artist_name":"Gunter Demnig","historic":"memorial","image":"File:Stolpersteng Isabelle a Joseph Cahen, 12, avenue de la Liberté, Déifferdeng-001.jpg","material":"brass","memorial":"stolperstein","name":"Isabelle Rose Cahen geb. Reh","start_date":"2014-10-28"}}},{"type":"Feature","id":"node/13052184155","geometry":{"type":"Point","coordinates":[5.8911446,49.5246869]},"properties":{"osm_type":"node","osm_id":13052184155,"category":"memorial","name":"Theresia Cahen geb. Isaak","wikidata":null,"wikipedia":null,"tags":{"artist_name":"Gunter Demnig","historic":"memorial","image":"File:Stolpersteng Famill Cahen , 8, rue des Prés, Déifferdeng-101.jpg","material":"brass","memorial":"stolperstein","name":"Theresia Cahen geb. Isaak","start_date":"2015-11-05"}}},{"type":"Feature","id":"node/13052184156","geometry":{"type":"Point","coordinates":[5.891146,49.5246874]},"properties":{"osm_type":"node","osm_id":13052184156,"category":"memorial","name":"Georg Cahen","wikidata":null,"wikipedia":null,"tags":{"artist_name":"Gunter Demnig","historic":"memorial","image":"File:Stolpersteng Famill Cahen , 8, rue des Prés, Déifferdeng-101.jpg","material":"brass","memorial":"stolperstein","name":"Georg Cahen","start_date":"2015-11-05"}}},{"type":"Feature","id":"node/13052184157","geometry":{"type":"Point","coordinates":[5.8870542,49.5225565]},"properties":{"osm_type":"node","osm_id":13052184157,"category":"memorial","name":"Sophie Aronow geb. Herz","wikidata":null,"wikipedia":null,"tags":{"artist_name":"Gunter Demnig","historic":"memorial","image":"File:Stolpersteng Aronow-Herz, 42, rue J.-F. Kennedy, Déifferdeng.jpg","material":"brass","memorial":"stolperstein","name":"Sophie Aronow geb. Herz","start_date":"2014-10-28"}}},{"type":"Feature","id":"node/13052184158","geometry":{"type":"Point","coordinates":[5.8870557,49.5225566]},"properties":{"osm_type":"node","osm_id":13052184158,"category":"memorial","name":"Girsch Aronow","wikidata":null,"wikipedia":null,"tags":{"artist_name":"Gunter Demnig","historic":"memorial","image":"File:Stolpersteng Aronow-Herz, 42, rue J.-F. Kennedy, Déifferdeng.jpg","material":"brass","memorial":"stolperstein","name":"Girsch Aronow","start_date":"2014-10-28"}}},{"type":"Feature","id":"node/13052262459","geometry":{"type":"Point","coordinates":[5.8934534,49.5082295]},"properties":{"osm_type":"node","osm_id":13052262459,"category":"memorial","name":"Emile Goldmann","wikidata":null,"wikipedia":null,"tags":{"artist_name":"Gunter Demnig","historic":"memorial","image":"File:Stolpersteen Émile Goldmann, 20, rue Dalscheidt, Uewerkuer-101.jpg","material":"brass","memorial":"stolperstein","name":"Emile Goldmann","start_date":"2015-11-05"}}},{"type":"Feature","id":"node/13052262460","geometry":{"type":"Point","coordinates":[5.8916033,49.5336015]},"properties":{"osm_type":"node","osm_id":13052262460,"category":"memorial","name":"Robert Georg Lehmann","wikidata":null,"wikipedia":null,"tags":{"artist_name":"Gunter Demnig","historic":"memorial","image":"File:Stolpersteng Famill Lehmann, 18 rue du verger, Nidderkuer-101.jpg","material":"brass","memorial":"stolperstein","name":"Robert Georg Lehmann","start_date":"2015-11-05"}}},{"type":"Feature","id":"node/13052262461","geometry":{"type":"Point","coordinates":[5.8916042,49.5336007]},"properties":{"osm_type":"node","osm_id":13052262461,"category":"memorial","name":"Christine Lehmann","wikidata":null,"wikipedia":null,"tags":{"artist_name":"Gunter Demnig","historic":"memorial","image":"File:Stolpersteng Famill Lehmann, 18 rue du verger, Nidderkuer-101.jpg","material":"brass","memorial":"stolperstein","name":"Christine Lehmann","start_date":"2015-11-05"}}},{"type":"Feature","id":"node/13052262462","geometry":{"type":"Point","coordinates":[5.8916051,49.5335999]},"properties":{"osm_type":"node","osm_id":13052262462,"category":"memorial","name":"Egon Karl Lehmann","wikidata":null,"wikipedia":null,"tags":{"artist_name":"Gunter Demnig","historic":"memorial","image":"File:Stolpersteng Famill Lehmann, 18 rue du verger, Nidderkuer-101.jpg","material":"brass","memorial":"stolperstein","name":"Egon Karl Lehmann","start_date":"2015-11-05"}}},{"type":"Feature","id":"node/13052360599","geometry":{"type":"Point","coordinates":[5.8960762,49.5187674]},"properties":{"osm_type":"node","osm_id":13052360599,"category":"memorial","name":"Roger Joseph Levy","wikidata":null,"wikipedia":null,"tags":{"artist_name":"Gunter Demnig","historic":"memorial","image":"File:Stolpersteng Famill Levy, 96 rue Dicks-Lentz, Déifferdeng-101.jpg","material":"brass","memorial":"stolperstein","name":"Roger Joseph Levy","start_date":"2015-11-05"}}},{"type":"Feature","id":"node/13052360600","geometry":{"type":"Point","coordinates":[5.8960744,49.5187658]},"properties":{"osm_type":"node","osm_id":13052360600,"category":"memorial","name":"Michel Levy","wikidata":null,"wikipedia":null,"tags":{"artist_name":"Gunter Demnig","historic":"memorial","image":"File:Stolpersteng Famill Levy, 96 rue Dicks-Lentz, Déifferdeng-101.jpg","material":"brass","memorial":"stolperstein","name":"Michel Levy","start_date":"2015-11-05"}}},{"type":"Feature","id":"node/13052393901","geometry":{"type":"Point","coordinates":[5.8908661,49.5228537]},"properties":{"osm_type":"node","osm_id":13052393901,"category":"memorial","name":"Rachel Roma Finkelstein","wikidata":null,"wikipedia":null,"tags":{"artist_name":"Gunter Demnig","historic":"memorial","image":"File:Stolpersteng Famill Finkelstein, 33, rue Émile Mark, Déifferdeng.jpg","material":"brass","memorial":"stolperstein","name":"Rachel Roma Finkelstein","start_date":"2014-10-28"}}},{"type":"Feature","id":"node/13052393902","geometry":{"type":"Point","coordinates":[5.890868,49.5228537]},"properties":{"osm_type":"node","osm_id":13052393902,"category":"memorial","name":"Julius Isidor Finkelstein","wikidata":null,"wikipedia":null,"tags":{"artist_name":"Gunter Demnig","historic":"memorial","image":"File:Stolpersteng Famill Finkelstein, 33, rue Émile Mark, Déifferdeng.jpg","material":"brass","memorial":"stolperstein","name":"Julius Isidor Finkelstein","start_date":"2014-10-28"}}},{"type":"Feature","id":"node/13052393903","geometry":{"type":"Point","coordinates":[5.8908603,49.5228535]},"properties":{"osm_type":"node","osm_id":13052393903,"category":"memorial","name":"Esther Rosa Finkelstein geb. Schutzmann","wikidata":null,"wikipedia":null,"tags":{"artist_name":"Gunter Demnig","historic":"memorial","image":"File:Stolpersteng Famill Finkelstein, 33, rue Émile Mark, Déifferdeng.jpg","material":"brass","memorial":"stolperstein","name":"Esther Rosa Finkelstein geb. Schutzmann","start_date":"2014-10-28"}}},{"type":"Feature","id":"node/13052393904","geometry":{"type":"Point","coordinates":[5.8908622,49.5228536]},"properties":{"osm_type":"node","osm_id":13052393904,"category":"memorial","name":"Jakob Josef Finkelstein","wikidata":null,"wikipedia":null,"tags":{"artist_name":"Gunter Demnig","historic":"memorial","image":"File:Stolpersteng Famill Finkelstein, 33, rue Émile Mark, Déifferdeng.jpg","material":"brass","memorial":"stolperstein","name":"Jakob Josef Finkelstein","start_date":"2014-10-28"}}},{"type":"Feature","id":"node/13052393905","geometry":{"type":"Point","coordinates":[5.8899661,49.517876]},"properties":{"osm_type":"node","osm_id":13052393905,"category":"memorial","name":"Rachmil Bornstein","wikidata":null,"wikipedia":null,"tags":{"artist_name":"Gunter Demnig","historic":"memorial","image":"File:Stolpersteng Bornstein a Furleiser, 96 av Charlotte, Déifferdeng-101.jpg","material":"brass","memorial":"stolperstein","name":"Rachmil Bornstein","start_date":"2015-11-05"}}},{"type":"Feature","id":"node/13052393906","geometry":{"type":"Point","coordinates":[5.8899667,49.5178751]},"properties":{"osm_type":"node","osm_id":13052393906,"category":"memorial","name":"Esther Bornstein","wikidata":null,"wikipedia":null,"tags":{"artist_name":"Gunter Demnig","historic":"memorial","image":"File:Stolpersteng Bornstein a Furleiser, 96 av Charlotte, Déifferdeng-101.jpg","material":"brass","memorial":"stolperstein","name":"Esther Bornstein","start_date":"2015-11-05"}}},{"type":"Feature","id":"node/13052393907","geometry":{"type":"Point","coordinates":[5.8899673,49.5178742]},"properties":{"osm_type":"node","osm_id":13052393907,"category":"memorial","name":"Dina Bornstein","wikidata":null,"wikipedia":null,"tags":{"artist_name":"Gunter Demnig","historic":"memorial","material":"brass","memorial":"stolperstein","name":"Dina Bornstein","start_date":"2015-11-05"}}},{"type":"Feature","id":"node/13052393908","geometry":{"type":"Point","coordinates":[5.8899647,49.5178756]},"properties":{"osm_type":"node","osm_id":13052393908,"category":"memorial","name":"Salomon Bornstein","wikidata":null,"wikipedia":null,"tags":{"artist_name":"Gunter Demnig","historic":"memorial","image":"File:Stolpersteng Bornstein a Furleiser, 96 av Charlotte, Déifferdeng-101.jpg","material":"brass","memorial":"stolperstein","name":"Salomon Bornstein","start_date":"2015-11-05"}}},{"type":"Feature","id":"node/13052393909","geometry":{"type":"Point","coordinates":[5.8899654,49.5178747]},"properties":{"osm_type":"node","osm_id":13052393909,"category":"memorial","name":"Golda Bornstein geb. Furleiser","wikidata":null,"wikipedia":null,"tags":{"artist_name":"Gunter Demnig","historic":"memorial","image":"File:Stolpersteng Bornstein a Furleiser, 96 av Charlotte, Déifferdeng-101.jpg","material":"brass","memorial":"stolperstein","name":"Golda Bornstein geb. Furleiser","start_date":"2015-11-05"}}},{"type":"Feature","id":"node/13052498425","geometry":{"type":"Point","coordinates":[6.2698631,49.5051607]},"properties":{"osm_type":"node","osm_id":13052498425,"category":"memorial","name":"Friedrich Fink","wikidata":null,"wikipedia":null,"tags":{"artist_name":"Gunter Demnig","historic":"memorial","material":"brass","memorial":"stolperstein","name":"Friedrich Fink","start_date":"2021-10"}}},{"type":"Feature","id":"node/13056557001","geometry":{"type":"Point","coordinates":[6.4418134,49.6810673]},"properties":{"osm_type":"node","osm_id":13056557001,"category":"memorial","name":"Raphael Cahen","wikidata":null,"wikipedia":null,"tags":{"artist_name":"Gunter Demnig","historic":"memorial","image":"File:Stolperstein in Grevenmacher.jpg","material":"brass","memorial":"stolperstein","name":"Raphael Cahen","start_date":"2017-03-10"}}},{"type":"Feature","id":"node/13056557002","geometry":{"type":"Point","coordinates":[6.439199,49.6794792]},"properties":{"osm_type":"node","osm_id":13056557002,"category":"memorial","name":"Max Bonem","wikidata":null,"wikipedia":null,"tags":{"artist_name":"Gunter Demnig","historic":"memorial","material":"brass","memorial":"stolperstein","name":"Max Bonem","start_date":"2017-03-10"}}},{"type":"Feature","id":"node/13056557003","geometry":{"type":"Point","coordinates":[6.4412864,49.6792718]},"properties":{"osm_type":"node","osm_id":13056557003,"category":"memorial","name":"Selma Sommer geb. Bonem","wikidata":null,"wikipedia":null,"tags":{"artist_name":"Gunter Demnig","historic":"memorial","material":"brass","memorial":"stolperstein","name":"Selma Sommer geb. Bonem","start_date":"2017-03-10"}}},{"type":"Feature","id":"node/13056557004","geometry":{"type":"Point","coordinates":[6.4443541,49.6797199]},"properties":{"osm_type":"node","osm_id":13056557004,"category":"memorial","name":"Fernand Hayum","wikidata":null,"wikipedia":null,"tags":{"artist_name":"Gunter Demnig","historic":"memorial","material":"brass","memorial":"stolperstein","name":"Fernand Hayum","start_date":"2017-03-10"}}},{"type":"Feature","id":"node/13056557005","geometry":{"type":"Point","coordinates":[6.4443547,49.6797221]},"properties":{"osm_type":"node","osm_id":13056557005,"category":"memorial","name":"Felix Hayum","wikidata":null,"wikipedia":null,"tags":{"artist_name":"Gunter Demnig","historic":"memorial","material":"brass","memorial":"stolperstein","name":"Felix Hayum","start_date":"2017-03-10"}}},{"type":"Feature","id":"node/13056557006","geometry":{"type":"Point","coordinates":[6.4443538,49.6797213]},"properties":{"osm_type":"node","osm_id":13056557006,"category":"memorial","name":"Siegmund Hayum","wikidata":null,"wikipedia":null,"tags":{"artist_name":"Gunter Demnig","historic":"memorial","material":"brass","memorial":"stolperstein","name":"Siegmund Hayum","start_date":"2017-03-10"}}},{"type":"Feature","id":"node/13056557007","geometry":{"type":"Point","coordinates":[6.4443529,49.6797205]},"properties":{"osm_type":"node","osm_id":13056557007,"category":"memorial","name":"Oskar Hayum","wikidata":null,"wikipedia":null,"tags":{"artist_name":"Gunter Demnig","historic":"memorial","material":"brass","memorial":"stolperstein","name":"Oskar Hayum","start_date":"2017-03-10"}}},{"type":"Feature","id":"node/13063846442","geometry":{"type":"Point","coordinates":[6.2711255,49.5062321]},"properties":{"osm_type":"node","osm_id":13063846442,"category":"memorial","name":"Ernestine Kronenberger","wikidata":null,"wikipedia":null,"tags":{"artist_name":"Gunter Demnig","historic":"memorial","material":"brass","memorial":"stolperstein","name":"Ernestine Kronenberger","start_date":"2021-10"}}},{"type":"Feature","id":"node/13063846443","geometry":{"type":"Point","coordinates":[6.2711242,49.5062326]},"properties":{"osm_type":"node","osm_id":13063846443,"category":"memorial","name":"Elise Kronenberger geb. Elisabeth Isaak","wikidata":null,"wikipedia":null,"tags":{"artist_name":"Gunter Demnig","historic":"memorial","material":"brass","memorial":"stolperstein","name":"Elise Kronenberger geb. Elisabeth Isaak","start_date":"2021-10"}}},{"type":"Feature","id":"node/13063846444","geometry":{"type":"Point","coordinates":[6.2711229,49.506233]},"properties":{"osm_type":"node","osm_id":13063846444,"category":"memorial","name":"Albert Kronenberger","wikidata":null,"wikipedia":null,"tags":{"artist_name":"Gunter Demnig","historic":"memorial","material":"brass","memorial":"stolperstein","name":"Albert Kronenberger","start_date":"2021-10"}}},{"type":"Feature","id":"node/13063846445","geometry":{"type":"Point","coordinates":[6.2706434,49.5050343]},"properties":{"osm_type":"node","osm_id":13063846445,"category":"memorial","name":"Frantz Clement","wikidata":null,"wikipedia":null,"tags":{"artist_name":"Gunter Demnig","historic":"memorial","material":"brass","memorial":"stolperstein","name":"Frantz Clement","start_date":"2021-10"}}},{"type":"Feature","id":"node/13063846446","geometry":{"type":"Point","coordinates":[6.2843868,49.5038708]},"properties":{"osm_type":"node","osm_id":13063846446,"category":"memorial","name":"Hedwig Kaufmann geb. Stern","wikidata":null,"wikipedia":null,"tags":{"artist_name":"Gunter Demnig","historic":"memorial","material":"brass","memorial":"stolperstein","name":"Hedwig Kaufmann geb. Stern","start_date":"2021-10"}}},{"type":"Feature","id":"node/13063846447","geometry":{"type":"Point","coordinates":[6.2843863,49.5038699]},"properties":{"osm_type":"node","osm_id":13063846447,"category":"memorial","name":"Joseph Kaufmann","wikidata":null,"wikipedia":null,"tags":{"artist_name":"Gunter Demnig","historic":"memorial","material":"brass","memorial":"stolperstein","name":"Joseph Kaufmann","start_date":"2021-10"}}},{"type":"Feature","id":"node/13063846448","geometry":{"type":"Point","coordinates":[6.280136,49.5040802]},"properties":{"osm_type":"node","osm_id":13063846448,"category":"memorial","name":"Ernest 'Elias' Cohn","wikidata":null,"wikipedia":null,"tags":{"artist_name":"Gunter Demnig","historic":"memorial","material":"brass","memorial":"stolperstein","name":"Ernest 'Elias' Cohn","start_date":"2021-10"}}},{"type":"Feature","id":"node/13063846449","geometry":{"type":"Point","coordinates":[6.279111,49.5039959]},"properties":{"osm_type":"node","osm_id":13063846449,"category":"memorial","name":"Julius Heumann","wikidata":null,"wikipedia":null,"tags":{"artist_name":"Gunter Demnig","historic":"memorial","material":"brass","memorial":"stolperstein","name":"Julius Heumann","start_date":"2021-10"}}},{"type":"Feature","id":"node/13063846450","geometry":{"type":"Point","coordinates":[6.27911,49.5039966]},"properties":{"osm_type":"node","osm_id":13063846450,"category":"memorial","name":"Clementine Heumann geb. Regensteiner","wikidata":null,"wikipedia":null,"tags":{"artist_name":"Gunter Demnig","historic":"memorial","material":"brass","memorial":"stolperstein","name":"Clementine Heumann geb. Regensteiner","start_date":"2021-10"}}},{"type":"Feature","id":"node/13063846451","geometry":{"type":"Point","coordinates":[6.279109,49.5039973]},"properties":{"osm_type":"node","osm_id":13063846451,"category":"memorial","name":"Flora Heumann","wikidata":null,"wikipedia":null,"tags":{"artist_name":"Gunter Demnig","historic":"memorial","material":"brass","memorial":"stolperstein","name":"Flora Heumann","start_date":"2021-10"}}},{"type":"Feature","id":"node/13071398465","geometry":{"type":"Point","coordinates":[5.980934,49.4954341]},"properties":{"osm_type":"node","osm_id":13071398465,"category":"monument","name":"Monument","wikidata":null,"wikipedia":null,"tags":{"historic":"monument","name":"Monument"}}},{"type":"Feature","id":"node/13082848254","geometry":{"type":"Point","coordinates":[6.0398137,49.7638667]},"properties":{"osm_type":"node","osm_id":13082848254,"category":"memorial","name":"Jean Ginter","wikidata":null,"wikipedia":null,"tags":{"artist_name":"Gunter Demnig","historic":"memorial","material":"brass","memorial":"stolperstein","name":"Jean Ginter","start_date":"2019-03-04"}}},{"type":"Feature","id":"node/13082848255","geometry":{"type":"Point","coordinates":[6.0329238,49.7619976]},"properties":{"osm_type":"node","osm_id":13082848255,"category":"memorial","name":"Willy Bertemes","wikidata":null,"wikipedia":null,"tags":{"artist_name":"Gunter Demnig","historic":"memorial","material":"brass","memorial":"stolperstein","name":"Willy Bertemes","start_date":"2019-03-04"}}},{"type":"Feature","id":"node/13085100059","geometry":{"type":"Point","coordinates":[6.4221852,49.8127339]},"properties":{"osm_type":"node","osm_id":13085100059,"category":"memorial","name":"Herbert Kerngut","wikidata":null,"wikipedia":null,"tags":{"artist_name":"Gunter Demnig","historic":"memorial","image":"https://commons.wikimedia.org/wiki/File:Echternach_Stolpersteine_zum_Andenken_an_Herbert_Kerngut_und_Berthold_Kahn;_Rue_du_Pont;_Stolpersteine_in_Echternac,,_July_2024_Luxembourg_photographs.jpg","material":"brass","memorial":"stolperstein","name":"Herbert Kerngut","start_date":"2021-06-11"}}},{"type":"Feature","id":"node/13085100060","geometry":{"type":"Point","coordinates":[6.422184,49.8127333]},"properties":{"osm_type":"node","osm_id":13085100060,"category":"memorial","name":"Berthold Kahn","wikidata":null,"wikipedia":null,"tags":{"artist_name":"Gunter Demnig","historic":"memorial","image":"https://commons.wikimedia.org/wiki/File:Echternach_Stolpersteine_zum_Andenken_an_Herbert_Kerngut_und_Berthold_Kahn;_Rue_du_Pont;_Stolpersteine_in_Echternac,,_July_2024_Luxembourg_photographs.jpg","material":"brass","memorial":"stolperstein","name":"Berthold Kahn","start_date":"2021-06-11"}}},{"type":"Feature","id":"node/13085100061","geometry":{"type":"Point","coordinates":[6.4233467,49.8117775]},"properties":{"osm_type":"node","osm_id":13085100061,"category":"memorial","name":"Alma Gottlieb","wikidata":null,"wikipedia":null,"tags":{"artist_name":"Gunter Demnig","historic":"memorial","image":"https://commons.wikimedia.org/wiki/File:Stolpersteng_Famill_Gottlieb,_39,_Rue_de_la_Montagne,_Iechternach-101.jpg","material":"brass","memorial":"stolperstein","name":"Alma Gottlieb","start_date":"2019-06-27"}}},{"type":"Feature","id":"node/13085100062","geometry":{"type":"Point","coordinates":[6.4233476,49.8117767]},"properties":{"osm_type":"node","osm_id":13085100062,"category":"memorial","name":"Josephine Gottlieb","wikidata":null,"wikipedia":null,"tags":{"artist_name":"Gunter Demnig","historic":"memorial","image":"https://commons.wikimedia.org/wiki/File:Stolpersteng_Famill_Gottlieb,_39,_Rue_de_la_Montagne,_Iechternach-101.jpg","material":"brass","memorial":"stolperstein","name":"Josephine Gottlieb","start_date":"2019-06-27"}}},{"type":"Feature","id":"node/13085100063","geometry":{"type":"Point","coordinates":[6.4233485,49.8117759]},"properties":{"osm_type":"node","osm_id":13085100063,"category":"memorial","name":"Berthe Gottlieb geb. Callmann","wikidata":null,"wikipedia":null,"tags":{"artist_name":"Gunter Demnig","historic":"memorial","image":"https://commons.wikimedia.org/wiki/File:Stolpersteng_Famill_Gottlieb,_39,_Rue_de_la_Montagne,_Iechternach-101.jpg","material":"brass","memorial":"stolperstein","name":"Berthe Gottlieb geb. Callmann","start_date":"2019-06-27"}}},{"type":"Feature","id":"node/13085100064","geometry":{"type":"Point","coordinates":[6.422207,49.812315]},"properties":{"osm_type":"node","osm_id":13085100064,"category":"memorial","name":"Delphine Meyer","wikidata":null,"wikipedia":null,"tags":{"artist_name":"Gunter Demnig","historic":"memorial","material":"brass","memorial":"stolperstein","name":"Delphine Meyer","start_date":"2019-06-27"}}},{"type":"Feature","id":"node/13085100065","geometry":{"type":"Point","coordinates":[6.4222083,49.8123145]},"properties":{"osm_type":"node","osm_id":13085100065,"category":"memorial","name":"Flora Meyer","wikidata":null,"wikipedia":null,"tags":{"artist_name":"Gunter Demnig","historic":"memorial","material":"brass","memorial":"stolperstein","name":"Flora Meyer","start_date":"2019-06-27"}}},{"type":"Feature","id":"node/13085100066","geometry":{"type":"Point","coordinates":[6.4222062,49.8123141]},"properties":{"osm_type":"node","osm_id":13085100066,"category":"memorial","name":"Rebecca Meyer","wikidata":null,"wikipedia":null,"tags":{"artist_name":"Gunter Demnig","historic":"memorial","material":"brass","memorial":"stolperstein","name":"Rebecca Meyer","start_date":"2019-06-27"}}},{"type":"Feature","id":"node/13085100067","geometry":{"type":"Point","coordinates":[6.4222075,49.8123136]},"properties":{"osm_type":"node","osm_id":13085100067,"category":"memorial","name":"Mathias Meyer","wikidata":null,"wikipedia":null,"tags":{"artist_name":"Gunter Demnig","historic":"memorial","material":"brass","memorial":"stolperstein","name":"Mathias Meyer","start_date":"2019-06-27"}}},{"type":"Feature","id":"node/13085100068","geometry":{"type":"Point","coordinates":[6.4167695,49.8136069]},"properties":{"osm_type":"node","osm_id":13085100068,"category":"memorial","name":"Hugo Kahn","wikidata":null,"wikipedia":null,"tags":{"artist_name":"Gunter Demnig","historic":"memorial","material":"brass","memorial":"stolperstein","name":"Hugo Kahn","start_date":"2019-06-27"}}},{"type":"Feature","id":"node/13085100069","geometry":{"type":"Point","coordinates":[6.4167694,49.8136059]},"properties":{"osm_type":"node","osm_id":13085100069,"category":"memorial","name":"Rose Kahn","wikidata":null,"wikipedia":null,"tags":{"artist_name":"Gunter Demnig","historic":"memorial","material":"brass","memorial":"stolperstein","name":"Rose Kahn","start_date":"2019-06-27"}}},{"type":"Feature","id":"node/13085100070","geometry":{"type":"Point","coordinates":[6.4167679,49.813607]},"properties":{"osm_type":"node","osm_id":13085100070,"category":"memorial","name":"Maurice Joseph","wikidata":null,"wikipedia":null,"tags":{"artist_name":"Gunter Demnig","historic":"memorial","material":"brass","memorial":"stolperstein","name":"Maurice Joseph","start_date":"2019-06-27"}}},{"type":"Feature","id":"node/13085100071","geometry":{"type":"Point","coordinates":[6.4167694,49.8136049]},"properties":{"osm_type":"node","osm_id":13085100071,"category":"memorial","name":"Sylvain Kahn","wikidata":null,"wikipedia":null,"tags":{"artist_name":"Gunter Demnig","historic":"memorial","material":"brass","memorial":"stolperstein","name":"Sylvain Kahn","start_date":"2019-06-27"}}},{"type":"Feature","id":"node/13085100072","geometry":{"type":"Point","coordinates":[6.4167678,49.813606]},"properties":{"osm_type":"node","osm_id":13085100072,"category":"memorial","name":"Adeline Kahn","wikidata":null,"wikipedia":null,"tags":{"artist_name":"Gunter Demnig","historic":"memorial","material":"brass","memorial":"stolperstein","name":"Adeline Kahn","start_date":"2019-06-27"}}},{"type":"Feature","id":"node/13085100073","geometry":{"type":"Point","coordinates":[6.4167678,49.8136049]},"properties":{"osm_type":"node","osm_id":13085100073,"category":"memorial","name":"Max Kahn","wikidata":null,"wikipedia":null,"tags":{"artist_name":"Gunter Demnig","historic":"memorial","material":"brass","memorial":"stolperstein","name":"Max Kahn","start_date":"2019-06-27"}}},{"type":"Feature","id":"node/13085100074","geometry":{"type":"Point","coordinates":[6.419196,49.8117655]},"properties":{"osm_type":"node","osm_id":13085100074,"category":"memorial","name":"Renée Nussbaum","wikidata":null,"wikipedia":null,"tags":{"artist_name":"Gunter Demnig","historic":"memorial","image":"https://commons.wikimedia.org/wiki/File:Stolpersteine_in_Echternach,_Adolf_Steinberger,_Erna_Plonsker-Steinberger,_Herbert_Plonsker,_Marianne_Steinberger,_Gustave_Nussbaum,_Fanny_Nussbaum,_Ren%C3%A9e_Nussbaum;_Rue_de_Luxembourg_(Echternach).jpg","material":"brass","memorial":"stolperstein","name":"Renée Nussbaum","start_date":"2019-06-27"}}},{"type":"Feature","id":"node/13085100075","geometry":{"type":"Point","coordinates":[6.4191961,49.8117644]},"properties":{"osm_type":"node","osm_id":13085100075,"category":"memorial","name":"Fanny Nussbaum geb. Israel","wikidata":null,"wikipedia":null,"tags":{"artist_name":"Gunter Demnig","historic":"memorial","image":"https://commons.wikimedia.org/wiki/File:Stolpersteine_in_Echternach,_Adolf_Steinberger,_Erna_Plonsker-Steinberger,_Herbert_Plonsker,_Marianne_Steinberger,_Gustave_Nussbaum,_Fanny_Nussbaum,_Ren%C3%A9e_Nussbaum;_Rue_de_Luxembourg_(Echternach).jpg","material":"brass","memorial":"stolperstein","name":"Fanny Nussbaum geb. Israel","start_date":"2019-06-27"}}},{"type":"Feature","id":"node/13085100076","geometry":{"type":"Point","coordinates":[6.4191973,49.8117649]},"properties":{"osm_type":"node","osm_id":13085100076,"category":"memorial","name":"Gustave Nussbaum","wikidata":null,"wikipedia":null,"tags":{"artist_name":"Gunter Demnig","historic":"memorial","image":"https://commons.wikimedia.org/wiki/File:Stolpersteine_in_Echternach,_Adolf_Steinberger,_Erna_Plonsker-Steinberger,_Herbert_Plonsker,_Marianne_Steinberger,_Gustave_Nussbaum,_Fanny_Nussbaum,_Ren%C3%A9e_Nussbaum;_Rue_de_Luxembourg_(Echternach).jpg","material":"brass","memorial":"stolperstein","name":"Gustave Nussbaum","start_date":"2019-06-27"}}},{"type":"Feature","id":"node/13085100077","geometry":{"type":"Point","coordinates":[6.4191986,49.8117665]},"properties":{"osm_type":"node","osm_id":13085100077,"category":"memorial","name":"Marianne Steinberger geb. Levy","wikidata":null,"wikipedia":null,"tags":{"artist_name":"Gunter Demnig","historic":"memorial","image":"https://commons.wikimedia.org/wiki/File:Stolpersteine_in_Echternach,_Adolf_Steinberger,_Erna_Plonsker-Steinberger,_Herbert_Plonsker,_Marianne_Steinberger,_Gustave_Nussbaum,_Fanny_Nussbaum,_Ren%C3%A9e_Nussbaum;_Rue_de_Luxembourg_(Echternach).jpg","material":"brass","memorial":"stolperstein","name":"Marianne Steinberger geb. Levy","start_date":"2019-06-27"}}},{"type":"Feature","id":"node/13085100078","geometry":{"type":"Point","coordinates":[6.4191999,49.811767]},"properties":{"osm_type":"node","osm_id":13085100078,"category":"memorial","name":"Herbert Plonsker","wikidata":null,"wikipedia":null,"tags":{"artist_name":"Gunter Demnig","historic":"memorial","image":"https://commons.wikimedia.org/wiki/File:Stolpersteine_in_Echternach,_Adolf_Steinberger,_Erna_Plonsker-Steinberger,_Herbert_Plonsker,_Marianne_Steinberger,_Gustave_Nussbaum,_Fanny_Nussbaum,_Ren%C3%A9e_Nussbaum;_Rue_de_Luxembourg_(Echternach).jpg","material":"brass","memorial":"stolperstein","name":"Herbert Plonsker","start_date":"2019-06-27"}}},{"type":"Feature","id":"node/13085100079","geometry":{"type":"Point","coordinates":[6.4192006,49.8117662]},"properties":{"osm_type":"node","osm_id":13085100079,"category":"memorial","name":"Adolf Steinberger","wikidata":null,"wikipedia":null,"tags":{"artist_name":"Gunter Demnig","historic":"memorial","image":"https://commons.wikimedia.org/wiki/File:Stolpersteine_in_Echternach,_Adolf_Steinberger,_Erna_Plonsker-Steinberger,_Herbert_Plonsker,_Marianne_Steinberger,_Gustave_Nussbaum,_Fanny_Nussbaum,_Ren%C3%A9e_Nussbaum;_Rue_de_Luxembourg_(Echternach).jpg","material":"brass","memorial":"stolperstein","name":"Adolf Steinberger","start_date":"2019-06-27"}}},{"type":"Feature","id":"node/13085100080","geometry":{"type":"Point","coordinates":[6.4191994,49.8117657]},"properties":{"osm_type":"node","osm_id":13085100080,"category":"memorial","name":"Erna Plonsker-Steinberger","wikidata":null,"wikipedia":null,"tags":{"artist_name":"Gunter Demnig","historic":"memorial","image":"https://commons.wikimedia.org/wiki/File:Stolpersteine_in_Echternach,_Adolf_Steinberger,_Erna_Plonsker-Steinberger,_Herbert_Plonsker,_Marianne_Steinberger,_Gustave_Nussbaum,_Fanny_Nussbaum,_Ren%C3%A9e_Nussbaum;_Rue_de_Luxembourg_(Echternach).jpg","material":"brass","memorial":"stolperstein","name":"Erna Plonsker-Steinberger","start_date":"2019-06-27"}}},{"type":"Feature","id":"node/13085210374","geometry":{"type":"Point","coordinates":[6.4221667,49.8121563]},"properties":{"osm_type":"node","osm_id":13085210374,"category":"memorial","name":"Malvine Wolf geb. Gottlieb","wikidata":null,"wikipedia":null,"tags":{"artist_name":"Gunter Demnig","historic":"memorial","material":"brass","memorial":"stolperstein","name":"Malvine Wolf geb. Gottlieb","start_date":"2021-06-11"}}},{"type":"Feature","id":"node/13085210375","geometry":{"type":"Point","coordinates":[6.4221655,49.8121554]},"properties":{"osm_type":"node","osm_id":13085210375,"category":"memorial","name":"Simon Wolf","wikidata":null,"wikipedia":null,"tags":{"artist_name":"Gunter Demnig","historic":"memorial","material":"brass","memorial":"stolperstein","name":"Simon Wolf","start_date":"2021-06-11"}}},{"type":"Feature","id":"node/13085210376","geometry":{"type":"Point","coordinates":[6.4159066,49.8153685]},"properties":{"osm_type":"node","osm_id":13085210376,"category":"memorial","name":"Fanny Levy-Nussbaum","wikidata":null,"wikipedia":null,"tags":{"artist_name":"Gunter Demnig","historic":"memorial","material":"brass","memorial":"stolperstein","name":"Fanny Levy-Nussbaum","start_date":"2021-06-11"}}},{"type":"Feature","id":"node/13085210377","geometry":{"type":"Point","coordinates":[6.4159059,49.8153673]},"properties":{"osm_type":"node","osm_id":13085210377,"category":"memorial","name":"Simon Mayer","wikidata":null,"wikipedia":null,"tags":{"artist_name":"Gunter Demnig","historic":"memorial","material":"brass","memorial":"stolperstein","name":"Simon Mayer","start_date":"2021-06-11"}}},{"type":"Feature","id":"node/13085210378","geometry":{"type":"Point","coordinates":[6.4159049,49.8153682]},"properties":{"osm_type":"node","osm_id":13085210378,"category":"memorial","name":"Pauline Mayer geb. Stern","wikidata":null,"wikipedia":null,"tags":{"artist_name":"Gunter Demnig","historic":"memorial","material":"brass","memorial":"stolperstein","name":"Pauline Mayer geb. Stern","start_date":"2021-06-11"}}},{"type":"Feature","id":"node/13085568578","geometry":{"type":"Point","coordinates":[6.2480359,49.709217]},"properties":{"osm_type":"node","osm_id":13085568578,"category":"memorial","name":"Irma Leib","wikidata":null,"wikipedia":null,"tags":{"artist_name":"Gunter Demnig","historic":"memorial","material":"brass","memorial":"stolperstein","name":"Irma Leib","start_date":"2021-09-12"}}},{"type":"Feature","id":"node/13121916470","geometry":{"type":"Point","coordinates":[6.2967944,49.5032871]},"properties":{"osm_type":"node","osm_id":13121916470,"category":"historic","name":"42-102513 Swing Shift Baby","wikidata":null,"wikipedia":null,"tags":{"historic":"crash_site","name":"42-102513 Swing Shift Baby","operator":"USAF"}}},{"type":"Feature","id":"node/13123212541","geometry":{"type":"Point","coordinates":[5.9713878,49.5029896]},"properties":{"osm_type":"node","osm_id":13123212541,"category":"artwork","name":"Le vertige de l’amour","wikidata":null,"wikipedia":null,"tags":{"artist_name":"Raphael Gindt","artwork_type":"mural","name":"Le vertige de l’amour","start_date":"2025-09","tourism":"artwork"}}},{"type":"Feature","id":"node/13125278469","geometry":{"type":"Point","coordinates":[6.270054,49.7113315]},"properties":{"osm_type":"node","osm_id":13125278469,"category":"memorial","name":"Memorial - Bib Leer","wikidata":null,"wikipedia":null,"tags":{"historic":"memorial","name":"Memorial - Bib Leer"}}},{"type":"Feature","id":"node/13143932704","geometry":{"type":"Point","coordinates":[6.0387882,49.6676755]},"properties":{"osm_type":"node","osm_id":13143932704,"category":"historic","name":"Hl. Donatus Kapelle","wikidata":null,"wikipedia":null,"tags":{"historic":"wayside_shrine","name":"Hl. Donatus Kapelle","religion":"christian"}}},{"type":"Feature","id":"node/13204771418","geometry":{"type":"Point","coordinates":[6.1216653,49.6162342]},"properties":{"osm_type":"node","osm_id":13204771418,"category":"memorial","name":"Ancienne Chapelle du Glacis","wikidata":null,"wikipedia":null,"tags":{"historic":"memorial","material":"metal","memorial":"plaque","name":"Ancienne Chapelle du Glacis"}}},{"type":"Feature","id":"node/13206442094","geometry":{"type":"Point","coordinates":[5.9472616,49.6702926]},"properties":{"osm_type":"node","osm_id":13206442094,"category":"historic","name":"Cross","wikidata":null,"wikipedia":null,"tags":{"historic":"wayside_cross","material":"concrete","name":"Cross"}}},{"type":"Feature","id":"node/13207099431","geometry":{"type":"Point","coordinates":[6.2525012,49.5976203]},"properties":{"osm_type":"node","osm_id":13207099431,"category":"historic","name":"42-28925","wikidata":null,"wikipedia":null,"tags":{"historic":"crash_site","name":"42-28925","operator":"USAF"}}},{"type":"Feature","id":"node/13236451536","geometry":{"type":"Point","coordinates":[6.1625787,49.752138]},"properties":{"osm_type":"node","osm_id":13236451536,"category":"memorial","name":"Donald Hartley Huff","wikidata":null,"wikipedia":null,"tags":{"historic":"memorial","memorial":"war_memorial","name":"Donald Hartley Huff"}}},{"type":"Feature","id":"node/13256555379","geometry":{"type":"Point","coordinates":[5.8516106,49.5648567]},"properties":{"osm_type":"node","osm_id":13256555379,"category":"historic","name":"LB024","wikidata":null,"wikipedia":null,"tags":{"historic":"boundary_stone","image":"https://archive.org/details/lb024","material":"metal","name":"LB024","start_date":"1843"}}},{"type":"Feature","id":"node/13281370048","geometry":{"type":"Point","coordinates":[6.1274121,49.6116449]},"properties":{"osm_type":"node","osm_id":13281370048,"category":"gallery","name":"YellowKorner","wikidata":null,"wikipedia":null,"tags":{"addr:city":"Luxembourg","addr:housenumber":"6","addr:postcode":"1222","addr:street":"Rue Beck","email":"luxembourg@yellowkorner.art","name":"YellowKorner","opening_hours":"Mo off; Tu-Fr 11:00-18:00; Sa 10:00-18:00; Su off; PH off","tourism":"gallery","website":"https://www.yellowkorner.com"}}},{"type":"Feature","id":"node/13309075541","geometry":{"type":"Point","coordinates":[6.2924527,49.834252]},"properties":{"osm_type":"node","osm_id":13309075541,"category":"museum","name":"Geo-Expo","wikidata":null,"wikipedia":null,"tags":{"addr:city":"Beaufort","addr:housenumber":"6","addr:postcode":"6315","addr:street":"Rue de l'Auberge","name":"Geo-Expo","opening_hours":"Mo-Su 10:00-17:00","tourism":"museum","website":"https://www.naturpark-mellerdall.lu"}}},{"type":"Feature","id":"node/13333295786","geometry":{"type":"Point","coordinates":[5.9251416,49.8792633]},"properties":{"osm_type":"node","osm_id":13333295786,"category":"monument","name":"Summsteen","wikidata":null,"wikipedia":null,"tags":{"historic":"monument","name":"Summsteen"}}},{"type":"Feature","id":"node/13395436992","geometry":{"type":"Point","coordinates":[6.1460607,49.6148004]},"properties":{"osm_type":"node","osm_id":13395436992,"category":"gallery","name":"ClausenArt","wikidata":null,"wikipedia":null,"tags":{"addr:city":"Luxembourg","addr:housenumber":"32","addr:postcode":"1342","addr:street":"Rue de Clausen","email":"Saint@ClausenArt.lu","name":"ClausenArt","phone":"+352 621 377 867","start_date":"2026-03-6","tourism":"gallery","website":"https://clausenart.lu/"}}},{"type":"Feature","id":"node/13434372786","geometry":{"type":"Point","coordinates":[6.0221897,49.46131]},"properties":{"osm_type":"node","osm_id":13434372786,"category":"historic","name":"26","wikidata":null,"wikipedia":null,"tags":{"historic":"water_pump","name":"26","operator":"HADIR"}}},{"type":"Feature","id":"node/13437171519","geometry":{"type":"Point","coordinates":[6.024507,49.4614053]},"properties":{"osm_type":"node","osm_id":13437171519,"category":"monument","name":"Lockomotiv ARBED 15","wikidata":null,"wikipedia":null,"tags":{"historic":"monument","name":"Lockomotiv ARBED 15"}}},{"type":"Feature","id":"node/13439439903","geometry":{"type":"Point","coordinates":[6.1113734,49.4763205]},"properties":{"osm_type":"node","osm_id":13439439903,"category":"historic","name":"110013","wikidata":null,"wikipedia":null,"tags":{"historic":"crash_site","name":"110013","operator":"Luftwaffe"}}},{"type":"Feature","id":"node/13439439904","geometry":{"type":"Point","coordinates":[6.1134516,49.4796639]},"properties":{"osm_type":"node","osm_id":13439439904,"category":"historic","name":"444","wikidata":null,"wikipedia":null,"tags":{"historic":"crash_site","name":"444","operator":"French Air Force"}}},{"type":"Feature","id":"node/13442496695","geometry":{"type":"Point","coordinates":[6.2647159,49.5532132]},"properties":{"osm_type":"node","osm_id":13442496695,"category":"historic","name":"42-97156","wikidata":null,"wikipedia":null,"tags":{"historic":"crash_site","name":"42-97156","operator":"USAF"}}},{"type":"Feature","id":"node/13442503364","geometry":{"type":"Point","coordinates":[6.2320699,49.534049]},"properties":{"osm_type":"node","osm_id":13442503364,"category":"historic","name":"43-34156","wikidata":null,"wikipedia":null,"tags":{"historic":"crash_site","name":"43-34156","operator":"USAF"}}},{"type":"Feature","id":"node/13519983036","geometry":{"type":"Point","coordinates":[6.3916722,49.7317735]},"properties":{"osm_type":"node","osm_id":13519983036,"category":"castle","name":"Burgruine Berbourg","wikidata":null,"wikipedia":null,"tags":{"historic":"castle","name":"Burgruine Berbourg"}}},{"type":"Feature","id":"node/13539095000","geometry":{"type":"Point","coordinates":[6.2682362,49.6235757]},"properties":{"osm_type":"node","osm_id":13539095000,"category":"memorial","name":"Stèle du Souvenir","wikidata":null,"wikipedia":null,"tags":{"historic":"memorial","material":"stone","memorial":"war_memorial","name":"Stèle du Souvenir","start_date":"7 Mai 1995"}}},{"type":"Feature","id":"node/13624818349","geometry":{"type":"Point","coordinates":[6.1288817,49.6004518]},"properties":{"osm_type":"node","osm_id":13624818349,"category":"gallery","name":"1:1","wikidata":null,"wikipedia":null,"tags":{"addr:city":"Luxembourg","addr:housenumber":"31","addr:postcode":"2561","addr:street":"Rue de Strasbourg","email":"contact@sumoartwork.com","name":"1:1","opening_hours":"Sa 13:00-18:00, open \"by appointment\"","phone":"+35226 19 09 74","tourism":"gallery","website":"https://gallery1to1.com/"}}},{"type":"Feature","id":"node/13735926761","geometry":{"type":"Point","coordinates":[6.2011364,49.5440229]},"properties":{"osm_type":"node","osm_id":13735926761,"category":"memorial","name":"Morts Pour La Patrie 1940-1945","wikidata":null,"wikipedia":null,"tags":{"historic":"memorial","memorial":"plaque","name":"Morts Pour La Patrie 1940-1945"}}},{"type":"Feature","id":"node/13742925914","geometry":{"type":"Point","coordinates":[6.3362712,49.6313996]},"properties":{"osm_type":"node","osm_id":13742925914,"category":"memorial","name":"A Nos Morts 1940 - 1945","wikidata":null,"wikipedia":null,"tags":{"historic":"memorial","memorial":"war_memorial","name":"A Nos Morts 1940 - 1945"}}},{"type":"Feature","id":"node/13791010148","geometry":{"type":"Point","coordinates":[6.0725762,49.6050898]},"properties":{"osm_type":"node","osm_id":13791010148,"category":"artwork","name":"MDRN_CALIBURN","wikidata":null,"wikipedia":null,"tags":{"artist_name":"Gilles Pegel","artwork_type":"sculpture","material":"aluminium","name":"MDRN_CALIBURN","tourism":"artwork"}}},{"type":"Feature","id":"node/13795188779","geometry":{"type":"Point","coordinates":[6.1153487,49.7677969]},"properties":{"osm_type":"node","osm_id":13795188779,"category":"museum","name":"Pompjeesmusee Gemeng Miersch","wikidata":null,"wikipedia":null,"tags":{"name":"Pompjeesmusee Gemeng Miersch","opening_hours":"\"by appointment\"","phone":"+352 325023 267","tourism":"museum","website":"https://www.pjm.lu/"}}},{"type":"Feature","id":"way/8879368","geometry":{"type":"Point","coordinates":[6.1165241,49.5281787]},"properties":{"osm_type":"way","osm_id":8879368,"category":"historic","name":"Rue de Bettembourg","wikidata":null,"wikipedia":null,"tags":{"historic":"roman_road","name":"Rue de Bettembourg","name:etymology:wikidata":"Q13101690"}}},{"type":"Feature","id":"way/8907740","geometry":{"type":"Point","coordinates":[6.1035822,49.5176163]},"properties":{"osm_type":"way","osm_id":8907740,"category":"historic","name":"Rue de la Montagne","wikidata":null,"wikipedia":null,"tags":{"historic":"roman_road","name":"Rue de la Montagne","name:lb":"Biergstrooss"}}},{"type":"Feature","id":"way/9042342","geometry":{"type":"Point","coordinates":[6.1400254,49.616819]},"properties":{"osm_type":"way","osm_id":9042342,"category":"museum","name":"MUDAM","wikidata":"Q1955758","wikipedia":"en:MUDAM","tags":{"addr:city":"Luxembourg","addr:country":"LU","addr:housenumber":"3","addr:postcode":"1499","addr:street":"Park Dräi Eechelen","building":"yes","email":"info@mudam.lu","name":"MUDAM","name:zh":"大公现代艺术博物馆","official_name":"Musée d'Art Moderne Grand-Duc Jean","opening_hours":"Tu, Th-Su 10:00-18:00; We 10:00-21:00","phone":"+3524537851","tourism":"museum","website":"https://www.mudam.lu/","wheelchair":"yes","wikidata":"Q1955758","wikipedia":"en:MUDAM"}}},{"type":"Feature","id":"way/9653074","geometry":{"type":"Point","coordinates":[6.1329129,49.610988]},"properties":{"osm_type":"way","osm_id":9653074,"category":"castle","name":"Palais Grand Ducal","wikidata":"Q1205254","wikipedia":"lb:Groussherzogleche Palais","tags":{"building":"public","historic":"castle","name":"Palais Grand Ducal","name:de":"Großherzogliches Palais","name:en":"Grand Ducal Palace","name:fr":"Palais Grand Ducal","name:he":"ארמון הדוכס הגדול","name:lb":"Groussherzogleche Palais","name:ru":"Дворец великого князя","name:zh":"大公府","tourism":"attraction","wikidata":"Q1205254","wikipedia":"lb:Groussherzogleche Palais"}}},{"type":"Feature","id":"way/9653796","geometry":{"type":"Point","coordinates":[6.1278739,49.6177793]},"properties":{"osm_type":"way","osm_id":9653796,"category":"theatre","name":"Grand Théâtre de Luxembourg","wikidata":"Q1542926","wikipedia":"en:Grand Théâtre de Luxembourg","tags":{"addr:city":"Luxembourg","addr:country":"LU","addr:housenumber":"1","addr:postcode":"2525","addr:street":"Rond-Point Robert Schuman","amenity":"theatre","building":"civic","name":"Grand Théâtre de Luxembourg","name:fr":"Grand Théâtre de la ville de Luxembourg","operator":"Ville de Luxembourg","phone":"+352 47 96 39 00","website":"http://www.lestheatres.lu","wheelchair":"yes","wikidata":"Q1542926","wikipedia":"en:Grand Théâtre de Luxembourg"}}},{"type":"Feature","id":"way/9804791","geometry":{"type":"Point","coordinates":[6.1183923,49.5295607]},"properties":{"osm_type":"way","osm_id":9804791,"category":"historic","name":"Rue de la Chapelle","wikidata":null,"wikipedia":null,"tags":{"historic":"roman_road","name":"Rue de la Chapelle"}}},{"type":"Feature","id":"way/9805069","geometry":{"type":"Point","coordinates":[6.1272677,49.5220427]},"properties":{"osm_type":"way","osm_id":9805069,"category":"historic","name":"Rue de Hellange","wikidata":null,"wikipedia":null,"tags":{"historic":"roman_road","name":"Rue de Hellange"}}},{"type":"Feature","id":"way/9879654","geometry":{"type":"Point","coordinates":[6.2196447,49.6468637]},"properties":{"osm_type":"way","osm_id":9879654,"category":"historic","name":"Via Aurolaunum-Andethannale","wikidata":null,"wikipedia":null,"tags":{"historic":"roman_road","name":"Via Aurolaunum-Andethannale"}}},{"type":"Feature","id":"way/24357820","geometry":{"type":"Point","coordinates":[6.1255841,49.5217771]},"properties":{"osm_type":"way","osm_id":24357820,"category":"historic","name":"Rue de Crauthem","wikidata":null,"wikipedia":null,"tags":{"historic":"roman_road","name":"Rue de Crauthem"}}},{"type":"Feature","id":"way/24685153","geometry":{"type":"Point","coordinates":[5.8393682,49.5449906]},"properties":{"osm_type":"way","osm_id":24685153,"category":"historic","name":"Rue Joseph Philippart","wikidata":null,"wikipedia":null,"tags":{"historic":"roman_road","name":"Rue Joseph Philippart","name:etymology:wikidata":"Q20559171"}}},{"type":"Feature","id":"way/24778337","geometry":{"type":"Point","coordinates":[6.157497,49.5113938]},"properties":{"osm_type":"way","osm_id":24778337,"category":"historic","name":"Wisestrooss","wikidata":null,"wikipedia":null,"tags":{"historic":"roman_road","name":"Wisestrooss"}}},{"type":"Feature","id":"way/25190832","geometry":{"type":"Point","coordinates":[6.0999007,49.490955]},"properties":{"osm_type":"way","osm_id":25190832,"category":"historic","name":"Rue Pierre et Marie Curie","wikidata":null,"wikipedia":null,"tags":{"historic":"roman_road","name":"Rue Pierre et Marie Curie","name:etymology:wikidata":"Q37463;Q7186"}}},{"type":"Feature","id":"way/25576901","geometry":{"type":"Point","coordinates":[5.8427536,49.5494497]},"properties":{"osm_type":"way","osm_id":25576901,"category":"historic","name":"Avenue Docteur Gaasch","wikidata":null,"wikipedia":null,"tags":{"historic":"roman_road","name":"Avenue Docteur Gaasch","official_name":"Avenue Dr Gaasch"}}},{"type":"Feature","id":"way/25624530","geometry":{"type":"Point","coordinates":[6.2607342,49.7530383]},"properties":{"osm_type":"way","osm_id":25624530,"category":"historic","name":"Am Duerf","wikidata":null,"wikipedia":null,"tags":{"historic":"roman_road","name":"Am Duerf"}}},{"type":"Feature","id":"way/26167230","geometry":{"type":"Point","coordinates":[5.8759872,49.5556563]},"properties":{"osm_type":"way","osm_id":26167230,"category":"arts_centre","name":"A Rousen","wikidata":null,"wikipedia":null,"tags":{"addr:city":"Pétange","addr:housenumber":"3","addr:postcode":"4756","addr:street":"Place du Marché","amenity":"arts_centre","building":"public","name":"A Rousen"}}},{"type":"Feature","id":"way/26362748","geometry":{"type":"Point","coordinates":[6.0042199,49.5005951]},"properties":{"osm_type":"way","osm_id":26362748,"category":"historic","name":"Roude Wee","wikidata":null,"wikipedia":null,"tags":{"historic":"roman_road","name":"Roude Wee","name:fr":"Allée Rouge","name:lb":"Roude Wee"}}},{"type":"Feature","id":"way/26424184","geometry":{"type":"Point","coordinates":[6.1394276,49.6164859]},"properties":{"osm_type":"way","osm_id":26424184,"category":"fort","name":"Fort Thüngen","wikidata":"Q585990","wikipedia":"en:Fort Thüngen","tags":{"addr:city":"Luxembourg","addr:country":"LU","addr:housenumber":"5","addr:postcode":"1499","addr:street":"Park Dräi Eechelen","alt_name":"Trois Glands","building":"yes","historic":"fort","name":"Fort Thüngen","wikidata":"Q585990","wikipedia":"en:Fort Thüngen"}}},{"type":"Feature","id":"way/26570675","geometry":{"type":"Point","coordinates":[6.5018288,49.7151856]},"properties":{"osm_type":"way","osm_id":26570675,"category":"historic","name":"Rue des Romains","wikidata":null,"wikipedia":null,"tags":{"historic":"roman_road","name":"Rue des Romains","name:etymology:wikidata":"Q1747689","name:lb":"Hanner de Goarden"}}},{"type":"Feature","id":"way/26570710","geometry":{"type":"Point","coordinates":[6.5047998,49.715297]},"properties":{"osm_type":"way","osm_id":26570710,"category":"historic","name":"Rue des Romains","wikidata":null,"wikipedia":null,"tags":{"historic":"roman_road","name":"Rue des Romains","name:etymology:wikidata":"Q1747689","name:lb":"Hanner de Goarden"}}},{"type":"Feature","id":"way/26613328","geometry":{"type":"Point","coordinates":[5.8611935,49.534941]},"properties":{"osm_type":"way","osm_id":26613328,"category":"museum","name":"Hall Paul Wurth","wikidata":"Q13103045","wikipedia":"lb:Hollerecher Elektrozentral","tags":{"building":"yes","name":"Hall Paul Wurth","name:de":"Paul-Wurth-Halle","name:fr":"Hall Paul Wurth","opening_hours":"Su 14:00-18:00","tourism":"museum","website":"http://www.fond-de-gras.lu/","wikidata":"Q13103045","wikipedia":"lb:Hollerecher Elektrozentral"}}},{"type":"Feature","id":"way/26749823","geometry":{"type":"Point","coordinates":[6.2172346,49.7856138]},"properties":{"osm_type":"way","osm_id":26749823,"category":"castle","name":"Buerg Fiels","wikidata":"Q1011703","wikipedia":null,"tags":{"building":"no","historic":"castle","name":"Buerg Fiels","name:de":"Burg Fels","name:en":"Larochette Castle","name:fr":"Château de Larochette","name:lb":"Buerg Fiels","tourism":"attraction","wheelchair":"no","wikidata":"Q1011703"}}},{"type":"Feature","id":"way/27021794","geometry":{"type":"Point","coordinates":[6.1214343,49.5271039]},"properties":{"osm_type":"way","osm_id":27021794,"category":"historic","name":"Rue de Peppange","wikidata":null,"wikipedia":null,"tags":{"historic":"roman_road","name":"Rue de Peppange"}}},{"type":"Feature","id":"way/28259938","geometry":{"type":"Point","coordinates":[6.2461379,49.6535118]},"properties":{"osm_type":"way","osm_id":28259938,"category":"arts_centre","name":"Centre de Loisirs Loisi","wikidata":null,"wikipedia":null,"tags":{"amenity":"arts_centre","name":"Centre de Loisirs Loisi"}}},{"type":"Feature","id":"way/28962395","geometry":{"type":"Point","coordinates":[5.8425587,49.5519339]},"properties":{"osm_type":"way","osm_id":28962395,"category":"historic","name":"Rue de l'Industrie","wikidata":null,"wikipedia":null,"tags":{"historic":"roman_road","name":"Rue de l'Industrie"}}},{"type":"Feature","id":"way/30914180","geometry":{"type":"Point","coordinates":[6.0599065,49.4904817]},"properties":{"osm_type":"way","osm_id":30914180,"category":"archaeological_site","name":"Oppidum de Montjean","wikidata":null,"wikipedia":null,"tags":{"historic":"archaeological_site","name":"Oppidum de Montjean"}}},{"type":"Feature","id":"way/31315571","geometry":{"type":"Point","coordinates":[5.8890155,49.5213533]},"properties":{"osm_type":"way","osm_id":31315571,"category":"castle","name":"Miami University John E. Dolibois European Campus","wikidata":null,"wikipedia":"lb:Déifferdenger Schlass","tags":{"addr:city":"Differdange","addr:country":"LU","addr:housenumber":"1","addr:postcode":"4524","addr:street":"Impasse du Château","alt_name":"Miami University John E. Dolibois Eurpean Center","building":"university","historic":"castle","name":"Miami University John E. Dolibois European Campus","operator":"Miami University","phone":"+352 58 22 22-1","website":"http://www.units.miamioh.edu/luxembourg/","wheelchair":"limited","wikipedia":"lb:Déifferdenger Schlass"}}},{"type":"Feature","id":"way/32545380","geometry":{"type":"Point","coordinates":[5.8582811,49.5391063]},"properties":{"osm_type":"way","osm_id":32545380,"category":"archaeological_site","name":"Titelberg","wikidata":null,"wikipedia":"lb:Kelteschen Oppidum um Tëtelbierg","tags":{"historic":"archaeological_site","name":"Titelberg","name:lb":"Tëtelbierg","wikipedia":"lb:Kelteschen Oppidum um Tëtelbierg"}}},{"type":"Feature","id":"way/32545453","geometry":{"type":"Point","coordinates":[5.8604104,49.5381015]},"properties":{"osm_type":"way","osm_id":32545453,"category":"archaeological_site","name":"Titelberg","wikidata":null,"wikipedia":"lb:Kelteschen Oppidum um Tëtelbierg","tags":{"historic":"archaeological_site","name":"Titelberg","name:lb":"Tëtelbierg","wikipedia":"lb:Kelteschen Oppidum um Tëtelbierg"}}},{"type":"Feature","id":"way/32548302","geometry":{"type":"Point","coordinates":[6.1598435,49.8709514]},"properties":{"osm_type":"way","osm_id":32548302,"category":"museum","name":"Musée militaire de Diekirch","wikidata":"Q478061","wikipedia":"en:National Museum of Military History (Luxembourg)","tags":{"addr:city":"Diekirch","addr:housenumber":"10","addr:postcode":"9209","addr:street":"Bamertal","building":"yes","email":"info@mnhm.lu","name":"Musée militaire de Diekirch","name:es":"Museo Militar Histórico","opening_hours":"Tu-Su 10:00-18:00","phone":"+352808908","tourism":"museum","website":"http://www.mnhm.lu","wikidata":"Q478061","wikipedia":"en:National Museum of Military History (Luxembourg)"}}},{"type":"Feature","id":"way/32595458","geometry":{"type":"Point","coordinates":[5.8737606,49.5588352]},"properties":{"osm_type":"way","osm_id":32595458,"category":"arts_centre","name":"Home Saint-Hubert","wikidata":null,"wikipedia":null,"tags":{"addr:city":"Pétange","addr:country":"LU","addr:housenumber":"52","addr:postcode":"4732","addr:street":"Rue de l'Église","amenity":"arts_centre","building":"civic","name":"Home Saint-Hubert"}}},{"type":"Feature","id":"way/33767420","geometry":{"type":"Point","coordinates":[6.1356048,49.6096993]},"properties":{"osm_type":"way","osm_id":33767420,"category":"museum","name":"Musée national d'histoire naturelle","wikidata":"Q6974489","wikipedia":"en:National Museum of Natural History, Luxembourg","tags":{"addr:city":"Luxembourg","addr:country":"LU","addr:housenumber":"25","addr:postcode":"2160","addr:street":"Rue Munster","building":"yes","name":"Musée national d'histoire naturelle","name:fr":"Musée national d'histoire naturelle","name:lb":"Naturmusée","opening_hours":"We-Su 10:00-18:00; Tu 10:00-20:00","tourism":"museum","wheelchair":"yes","wikidata":"Q6974489","wikipedia":"en:National Museum of Natural History, Luxembourg"}}},{"type":"Feature","id":"way/34636985","geometry":{"type":"Point","coordinates":[6.4403705,49.6995037]},"properties":{"osm_type":"way","osm_id":34636985,"category":"historic","name":"Maacherwee","wikidata":null,"wikipedia":null,"tags":{"historic":"roman_road","name":"Maacherwee"}}},{"type":"Feature","id":"way/34911517","geometry":{"type":"Point","coordinates":[6.104086,49.7471889]},"properties":{"osm_type":"way","osm_id":34911517,"category":"historic","name":"Méchelstuerm","wikidata":"Q16764253","wikipedia":null,"tags":{"building":"yes","historic":"yes","name":"Méchelstuerm","wikidata":"Q16764253"}}},{"type":"Feature","id":"way/34912038","geometry":{"type":"Point","coordinates":[6.0977429,49.7462859]},"properties":{"osm_type":"way","osm_id":34912038,"category":"archaeological_site","name":"Villa Romaine","wikidata":null,"wikipedia":"lb:Réimesch Villa zu Miersch","tags":{"building":"yes","historic":"archaeological_site","name":"Villa Romaine","tourism":"ruin","wikipedia":"lb:Réimesch Villa zu Miersch"}}},{"type":"Feature","id":"way/35103282","geometry":{"type":"Point","coordinates":[6.3376136,49.8291373]},"properties":{"osm_type":"way","osm_id":35103282,"category":"historic","name":"Réimerwee","wikidata":null,"wikipedia":null,"tags":{"historic":"roman_road","name":"Réimerwee"}}},{"type":"Feature","id":"way/36883871","geometry":{"type":"Point","coordinates":[6.0383993,49.7624359]},"properties":{"osm_type":"way","osm_id":36883871,"category":"archaeological_site","name":"Tumulus Bill","wikidata":null,"wikipedia":null,"tags":{"historic":"archaeological_site","name":"Tumulus Bill","name:de":"Tumulus Bill - Römischer Grabhügel"}}},{"type":"Feature","id":"way/36976340","geometry":{"type":"Point","coordinates":[6.1404155,49.6601886]},"properties":{"osm_type":"way","osm_id":36976340,"category":"archaeological_site","name":"Römische Villa Helmsange (Grundmauern)","wikidata":null,"wikipedia":null,"tags":{"historic":"archaeological_site","name":"Römische Villa Helmsange (Grundmauern)"}}},{"type":"Feature","id":"way/36996499","geometry":{"type":"Point","coordinates":[6.150043,49.6662005]},"properties":{"osm_type":"way","osm_id":36996499,"category":"historic","name":"Römischer Qanat","wikidata":null,"wikipedia":null,"tags":{"historic":"yes","name":"Römischer Qanat"}}},{"type":"Feature","id":"way/38096654","geometry":{"type":"Point","coordinates":[6.3978394,49.6773605]},"properties":{"osm_type":"way","osm_id":38096654,"category":"historic","name":"Réimerwee","wikidata":null,"wikipedia":null,"tags":{"historic":"roman_road","name":"Réimerwee"}}},{"type":"Feature","id":"way/41657054","geometry":{"type":"Point","coordinates":[6.0466215,49.700678]},"properties":{"osm_type":"way","osm_id":41657054,"category":"castle","name":"Nouveau Château d'Ansembourg","wikidata":"Q2240075","wikipedia":"fr:Grand château d'Ansembourg","tags":{"addr:city":"Ansembourg","addr:housenumber":"10","addr:postcode":"7411","addr:street":"Rue de la Vallée","alt_name":"Grand Château d'Ansembourg","building":"yes","historic":"castle","name":"Nouveau Château d'Ansembourg","name:de":"Schloss Ansemburg","name:lb":"Schlass Aansebuerg","tourism":"attraction","wikidata":"Q2240075","wikipedia":"fr:Grand château d'Ansembourg"}}},{"type":"Feature","id":"way/44842193","geometry":{"type":"Point","coordinates":[5.9788272,49.677836]},"properties":{"osm_type":"way","osm_id":44842193,"category":"archaeological_site","name":"Villa Romaine","wikidata":null,"wikipedia":null,"tags":{"historic":"archaeological_site","name":"Villa Romaine"}}},{"type":"Feature","id":"way/48994765","geometry":{"type":"Point","coordinates":[6.1336288,49.6099657]},"properties":{"osm_type":"way","osm_id":48994765,"category":"museum","name":"Lëtzebuerg City Museum","wikidata":"Q2555232","wikipedia":"lb:Lëtzebuerg City Museum","tags":{"addr:city":"Luxembourg","addr:housenumber":"14","addr:postcode":"1475","addr:street":"Rue du Saint-Esprit","building":"yes","name":"Lëtzebuerg City Museum","opening_hours":"Tu, We, Fr-Su 10:00-18:00; Th 10:00-20:00","phone":"47964500","tourism":"museum","website":"https://citymuseum.lu","wheelchair":"yes","wikidata":"Q2555232","wikipedia":"lb:Lëtzebuerg City Museum"}}},{"type":"Feature","id":"way/48994767","geometry":{"type":"Point","coordinates":[6.1337202,49.6117175]},"properties":{"osm_type":"way","osm_id":48994767,"category":"museum","name":"Musée national d'histore et d'art Luxembourg","wikidata":"Q2585886","wikipedia":"en:National Museum of History and Art","tags":{"addr:city":"Luxembourg","addr:country":"LU","addr:housenumber":"1","addr:postcode":"2345","addr:street":"Marché-aux-Poissons","building":"public","name":"Musée national d'histore et d'art Luxembourg","name:de":"Luxemburgisches Museum für Geschichte und Kunst","name:en":"National Museum of History and Art","name:fr":"Musée d'Histore et d'Art de Luxembourg","name:lb":"Nationalmusée fir Geschicht a Konscht","name:zh":"卢森堡国家历史艺术博物馆","opening_hours":"Fr-We 10:00-18:00; Th 10:00-20:00","phone":"+352-4793301","tourism":"museum","website":"https://www.nationalmusee.lu/","wheelchair":"yes","wikidata":"Q2585886","wikipedia":"en:National Museum of History and Art"}}},{"type":"Feature","id":"way/49908579","geometry":{"type":"Point","coordinates":[6.1376149,49.6153509]},"properties":{"osm_type":"way","osm_id":49908579,"category":"fort","name":"Fort Obergrünewald","wikidata":"Q83788027","wikipedia":null,"tags":{"historic":"fort","name":"Fort Obergrünewald","wikidata":"Q83788027"}}},{"type":"Feature","id":"way/50792280","geometry":{"type":"Point","coordinates":[6.1366983,49.6075721]},"properties":{"osm_type":"way","osm_id":50792280,"category":"ruins","name":"Écluse du Grund","wikidata":null,"wikipedia":null,"tags":{"building":"yes","historic":"ruins","name":"Écluse du Grund","name:de":"Grundschleuse"}}},{"type":"Feature","id":"way/50792281","geometry":{"type":"Point","coordinates":[6.1370496,49.6079414]},"properties":{"osm_type":"way","osm_id":50792281,"category":"ruins","name":"Écluse du Grund","wikidata":null,"wikipedia":null,"tags":{"building":"yes","historic":"ruins","name":"Écluse du Grund","name:de":"Grundschleuse"}}},{"type":"Feature","id":"way/51071560","geometry":{"type":"Point","coordinates":[6.1333119,49.6286861]},"properties":{"osm_type":"way","osm_id":51071560,"category":"historic","name":"Fonderie de Luxembourg","wikidata":null,"wikipedia":"lb:Géisserei Wies","tags":{"addr:city":"Luxembourg","addr:housenumber":"5","addr:postcode":"2173","addr:street":"Rue Marie Barbe Joséphine Munchen-Tesch","alt_name":"Eecher Géisserei","building":"industrial","historic":"building","name":"Fonderie de Luxembourg","name:lb":"Géisserei Wies","wikipedia":"lb:Géisserei Wies"}}},{"type":"Feature","id":"way/51944489","geometry":{"type":"Point","coordinates":[6.1369829,49.6150323]},"properties":{"osm_type":"way","osm_id":51944489,"category":"ruins","name":"Wachhaus","wikidata":null,"wikipedia":null,"tags":{"building":"ruins","historic":"ruins","name":"Wachhaus"}}},{"type":"Feature","id":"way/51944497","geometry":{"type":"Point","coordinates":[6.1362203,49.615018]},"properties":{"osm_type":"way","osm_id":51944497,"category":"ruins","name":"Réduit","wikidata":null,"wikipedia":null,"tags":{"building":"ruins","historic":"ruins","name":"Réduit"}}},{"type":"Feature","id":"way/52094232","geometry":{"type":"Point","coordinates":[6.1363992,49.6018962]},"properties":{"osm_type":"way","osm_id":52094232,"category":"heritage","name":"Rotonde 2","wikidata":null,"wikipedia":null,"tags":{"building":"warehouse","heritage":"2","name":"Rotonde 2"}}},{"type":"Feature","id":"way/52094233","geometry":{"type":"Point","coordinates":[6.1363438,49.6008678]},"properties":{"osm_type":"way","osm_id":52094233,"category":"heritage","name":"Rotonde 1","wikidata":null,"wikipedia":null,"tags":{"building":"grandstand","heritage":"2","name":"Rotonde 1"}}},{"type":"Feature","id":"way/52345102","geometry":{"type":"Point","coordinates":[6.1324575,49.6168423]},"properties":{"osm_type":"way","osm_id":52345102,"category":"historic","name":"Porte des Bons-Malades","wikidata":"Q69282693","wikipedia":null,"tags":{"building":"yes","historic":"yes","name":"Porte des Bons-Malades","name:lb":"Sichepaart","wikidata":"Q69282693"}}},{"type":"Feature","id":"way/52345116","geometry":{"type":"Point","coordinates":[6.1338552,49.6163023]},"properties":{"osm_type":"way","osm_id":52345116,"category":"fort","name":"Fort Niedergrünewald","wikidata":"Q13102621","wikipedia":"lb:Fort Niedergrünewald","tags":{"building":"yes","historic":"fort","name":"Fort Niedergrünewald","wikidata":"Q13102621","wikipedia":"lb:Fort Niedergrünewald"}}},{"type":"Feature","id":"way/53087984","geometry":{"type":"Point","coordinates":[6.1224881,49.6131068]},"properties":{"osm_type":"way","osm_id":53087984,"category":"museum","name":"Villa Vauban","wikidata":"Q2223322","wikipedia":"en:Villa Vauban","tags":{"addr:city":"Luxembourg","addr:country":"LU","addr:housenumber":"18","addr:postcode":"2090","addr:street":"Avenue Émile Reuter","building":"public","name":"Villa Vauban","opening_hours":"We-Mo 10:00-18:00, Fr 10:00-21:00","tourism":"museum","wheelchair":"yes","wikidata":"Q2223322","wikipedia":"en:Villa Vauban"}}},{"type":"Feature","id":"way/54435223","geometry":{"type":"Point","coordinates":[6.1325737,49.5994201]},"properties":{"osm_type":"way","osm_id":54435223,"category":"heritage","name":null,"wikidata":null,"wikipedia":"lb:Accinauto","tags":{"addr:city":"Luxembourg","addr:country":"LU","addr:housenumber":"36","addr:postcode":"1616","addr:street":"Place de la Gare","building":"office","heritage":"2","wikipedia":"lb:Accinauto"}}},{"type":"Feature","id":"way/55432249","geometry":{"type":"Point","coordinates":[6.1027458,49.5990689]},"properties":{"osm_type":"way","osm_id":55432249,"category":"museum","name":"Musée de Tramways et de Bus","wikidata":"Q4306482","wikipedia":"fr:Musée des tramways et de bus de la ville de Luxembourg","tags":{"addr:city":"Luxembourg","addr:housenumber":"63","addr:postcode":"1248","addr:street":"Rue de Bouillon","building":"yes","email":"tramsmusee@vdl.lu","name":"Musée de Tramways et de Bus","opening_hours":"Th 13:30-17:30; Sa-Su,PH 10:00-18:00","phone":"+352 47 96 23 85","start_date":"1991-03-27","tourism":"museum","wheelchair":"yes","wikidata":"Q4306482","wikipedia":"fr:Musée des tramways et de bus de la ville de Luxembourg"}}},{"type":"Feature","id":"way/69353446","geometry":{"type":"Point","coordinates":[5.9476119,49.4998446]},"properties":{"osm_type":"way","osm_id":69353446,"category":"theatre","name":"Rockhal","wikidata":"Q1393119","wikipedia":"en:Rockhal","tags":{"addr:city":"Esch-sur-Alzette","addr:country":"LU","addr:housenumber":"5","addr:postcode":"4361","addr:street":"Avenue du Rock'n'Roll","amenity":"theatre","building":"yes","name":"Rockhal","website":"https://www.rockhal.lu/","wikidata":"Q1393119","wikipedia":"en:Rockhal"}}},{"type":"Feature","id":"way/75615824","geometry":{"type":"Point","coordinates":[6.0790751,49.6564792]},"properties":{"osm_type":"way","osm_id":75615824,"category":"church","name":"Christ Sauveur","wikidata":"Q16366063","wikipedia":null,"tags":{"addr:city":"Bridel","addr:housenumber":"16","addr:postcode":"8133","addr:street":"Rue Nicolas Goedert","amenity":"place_of_worship","building":"church","denomination":"catholic","heritage":"MN","historic":"church","name":"Christ Sauveur","religion":"christian","start_date":"1972-03-19","wikidata":"Q16366063"}}},{"type":"Feature","id":"way/79885706","geometry":{"type":"Point","coordinates":[6.1494557,49.8635574]},"properties":{"osm_type":"way","osm_id":79885706,"category":"arts_centre","name":"Al Seerei","wikidata":null,"wikipedia":null,"tags":{"amenity":"arts_centre","building":"yes","name":"Al Seerei"}}},{"type":"Feature","id":"way/86614459","geometry":{"type":"Point","coordinates":[6.1681891,49.5826976]},"properties":{"osm_type":"way","osm_id":86614459,"category":"historic","name":"Rue de Hesperange","wikidata":null,"wikipedia":null,"tags":{"historic":"roman_road","name":"Rue de Hesperange","name:etymology:wikidata":"Q24283574"}}},{"type":"Feature","id":"way/87232483","geometry":{"type":"Point","coordinates":[5.841076,49.5466248]},"properties":{"osm_type":"way","osm_id":87232483,"category":"arts_centre","name":"Centre Culturel Rodange","wikidata":null,"wikipedia":null,"tags":{"addr:city":"Rodange","addr:housenumber":"83","addr:postcode":"4818","addr:street":"Avenue Docteur Gaasch","amenity":"arts_centre","building":"public","name":"Centre Culturel Rodange"}}},{"type":"Feature","id":"way/89699866","geometry":{"type":"Point","coordinates":[6.4202782,49.8134831]},"properties":{"osm_type":"way","osm_id":89699866,"category":"arts_centre","name":"Trifolion","wikidata":"Q2384801","wikipedia":"lb:Trifolion","tags":{"addr:city":"Echternach","addr:country":"LU","addr:housenumber":"2","addr:postcode":"6486","addr:street":"Porte Saint-Willibrord","amenity":"arts_centre","building":"civic","name":"Trifolion","website":"https://trifolion.lu/","wikidata":"Q2384801","wikipedia":"lb:Trifolion"}}},{"type":"Feature","id":"way/91560590","geometry":{"type":"Point","coordinates":[6.1281678,49.644018]},"properties":{"osm_type":"way","osm_id":91560590,"category":"arts_centre","name":"Centre Culturel de Beggen","wikidata":null,"wikipedia":null,"tags":{"addr:city":"Luxembourg","addr:country":"LU","addr:housenumber":"26B","addr:postcode":"2431","addr:street":"Rue de Rochefort","amenity":"arts_centre","building":"yes","name":"Centre Culturel de Beggen"}}},{"type":"Feature","id":"way/93111356","geometry":{"type":"Point","coordinates":[6.3352255,49.8311882]},"properties":{"osm_type":"way","osm_id":93111356,"category":"historic","name":"Réimerwee","wikidata":null,"wikipedia":null,"tags":{"historic":"roman_road","name":"Réimerwee"}}},{"type":"Feature","id":"way/93783080","geometry":{"type":"Point","coordinates":[6.4746444,49.7028901]},"properties":{"osm_type":"way","osm_id":93783080,"category":"historic","name":"Route du Vin","wikidata":null,"wikipedia":null,"tags":{"historic":"roman_road","name":"Route du Vin","name:etymology:wikidata":"Q282"}}},{"type":"Feature","id":"way/94599435","geometry":{"type":"Point","coordinates":[6.4204541,49.812972]},"properties":{"osm_type":"way","osm_id":94599435,"category":"historic","name":"Denzelt","wikidata":"Q1190069","wikipedia":"lb:Dënzelt","tags":{"building":"yes","heritage":"2","historic":"building","name":"Denzelt","wikidata":"Q1190069","wikipedia":"lb:Dënzelt"}}},{"type":"Feature","id":"way/94661928","geometry":{"type":"Point","coordinates":[6.1456466,49.611154]},"properties":{"osm_type":"way","osm_id":94661928,"category":"fort","name":"Fort Rumigny","wikidata":"Q13102622","wikipedia":"lb:Fort Rumigny","tags":{"building":"yes","historic":"fort","name":"Fort Rumigny","wikidata":"Q13102622","wikipedia":"lb:Fort Rumigny"}}},{"type":"Feature","id":"way/94661982","geometry":{"type":"Point","coordinates":[6.1431182,49.6106057]},"properties":{"osm_type":"way","osm_id":94661982,"category":"fort","name":"Fort Rubamprez","wikidata":"Q13102623","wikipedia":"lb:Fort Rubamprez","tags":{"building":"yes","historic":"fort","name":"Fort Rubamprez","wikidata":"Q13102623","wikipedia":"lb:Fort Rubamprez"}}},{"type":"Feature","id":"way/98675174","geometry":{"type":"Point","coordinates":[6.0310745,49.6287596]},"properties":{"osm_type":"way","osm_id":98675174,"category":"arts_centre","name":"Kinneksbond","wikidata":"Q6414056","wikipedia":null,"tags":{"alt_name":"Centre Culturel Mamer","amenity":"arts_centre","building":"yes","name":"Kinneksbond","wheelchair":"yes","wikidata":"Q6414056"}}},{"type":"Feature","id":"way/100009730","geometry":{"type":"Point","coordinates":[6.0366316,49.6675252]},"properties":{"osm_type":"way","osm_id":100009730,"category":"historic","name":"Rue des Romains","wikidata":null,"wikipedia":null,"tags":{"historic":"roman_road","name":"Rue des Romains","name:etymology:wikidata":"Q1747689"}}},{"type":"Feature","id":"way/102962477","geometry":{"type":"Point","coordinates":[5.9502312,49.6695213]},"properties":{"osm_type":"way","osm_id":102962477,"category":"castle","name":"Gréiveschlass","wikidata":null,"wikipedia":"de:Schloss Koerich","tags":{"building":"ruins","historic":"castle","name":"Gréiveschlass","tourism":"attraction","wikipedia":"de:Schloss Koerich"}}},{"type":"Feature","id":"way/103039325","geometry":{"type":"Point","coordinates":[6.3654806,49.7510354]},"properties":{"osm_type":"way","osm_id":103039325,"category":"arts_centre","name":"Hanner Bra","wikidata":null,"wikipedia":null,"tags":{"addr:city":"Bech","addr:country":"LU","addr:housenumber":"11","addr:postcode":"6231","addr:street":"Hanner Bra","amenity":"arts_centre","building":"civic","name":"Hanner Bra"}}},{"type":"Feature","id":"way/103875315","geometry":{"type":"Point","coordinates":[6.1904839,49.5163306]},"properties":{"osm_type":"way","osm_id":103875315,"category":"historic","name":"Saint-Martin","wikidata":"Q16366191","wikipedia":"lb:Kierch Fréiseng","tags":{"addr:city":"Frisange","addr:housenumber":"7A","addr:postcode":"5750","addr:street":"Munnereferstrooss","amenity":"place_of_worship","building":"church","denomination":"catholic","heritage":"2","historic":"building","name":"Saint-Martin","name:lb":"Mäerteskierch","religion":"christian","wikidata":"Q16366191","wikipedia":"lb:Kierch Fréiseng"}}},{"type":"Feature","id":"way/107087762","geometry":{"type":"Point","coordinates":[6.3658451,49.4701108]},"properties":{"osm_type":"way","osm_id":107087762,"category":"castle","name":"Château de Schengen","wikidata":"Q7431167","wikipedia":"fr:Schengen","tags":{"building":"yes","historic":"castle","name":"Château de Schengen","tourism":"hotel","website":"https://www.chateauschengen.lu/","wikidata":"Q7431167","wikipedia":"fr:Schengen"}}},{"type":"Feature","id":"way/107435888","geometry":{"type":"Point","coordinates":[6.1258064,49.62773]},"properties":{"osm_type":"way","osm_id":107435888,"category":"historic","name":"Aal Eecher Schmelz Kuelenhaal","wikidata":null,"wikipedia":null,"tags":{"building":"yes","historic":"yes","name":"Aal Eecher Schmelz Kuelenhaal"}}},{"type":"Feature","id":"way/107444901","geometry":{"type":"Point","coordinates":[6.1050771,49.625718]},"properties":{"osm_type":"way","osm_id":107444901,"category":"castle","name":"Château de Septfontaines","wikidata":"Q2970684","wikipedia":"en:Château de Septfontaines","tags":{"addr:city":"Luxembourg","addr:housenumber":"326","addr:postcode":"2441","addr:street":"Rue de Rollingergrund","building":"yes","historic":"castle","name":"Château de Septfontaines","name:lb":"Schlass Siweburen","website":"http://www.chateaudeseptfontaines.com/","wikidata":"Q2970684","wikipedia":"en:Château de Septfontaines"}}},{"type":"Feature","id":"way/108296913","geometry":{"type":"Point","coordinates":[5.9482198,49.5007054]},"properties":{"osm_type":"way","osm_id":108296913,"category":"museum","name":"Massenoire","wikidata":null,"wikipedia":null,"tags":{"addr:city":"Esch-sur-Alzette","addr:housenumber":"3","addr:postcode":"4361","addr:street":"Avenue du Rock'n'Roll","building":"yes","name":"Massenoire","opening_hours":"Mo-Fr 10:00-19:00; Sa 10:00-18:00; Su 14:00-18:00","phone":"+352 268401","tourism":"museum","website":"https://www.fonds-belval.lu/"}}},{"type":"Feature","id":"way/108698471","geometry":{"type":"Point","coordinates":[5.8558193,49.5481662]},"properties":{"osm_type":"way","osm_id":108698471,"category":"arts_centre","name":"Centre culturel","wikidata":null,"wikipedia":null,"tags":{"addr:city":"Lamadelaine","addr:country":"LU","addr:housenumber":"36","addr:postcode":"4885","addr:street":"Rue de la Providence","amenity":"arts_centre","building":"public","name":"Centre culturel"}}},{"type":"Feature","id":"way/111268652","geometry":{"type":"Point","coordinates":[5.8944029,49.5220735]},"properties":{"osm_type":"way","osm_id":111268652,"category":"museum","name":"Luxembourg Science Center","wikidata":"Q111210376","wikipedia":"fr:Luxembourg Science Center","tags":{"addr:city":"Differdange","addr:country":"LU","addr:housenumber":"1","addr:postcode":"4573","addr:street":"Rue John Ernest Dolibois","building":"yes","email":"info@science-center.lu","name":"Luxembourg Science Center","opening_hours":"Mo-Fr 09:00-17:00; Sa-Su 10:00-18:00","phone":"+352 288 399-1","start_date":"1980","tourism":"museum","website":"https://www.science-center.lu/","wheelchair":"limited","wikidata":"Q111210376","wikipedia":"fr:Luxembourg Science Center"}}},{"type":"Feature","id":"way/114423907","geometry":{"type":"Point","coordinates":[6.0731714,49.6646448]},"properties":{"osm_type":"way","osm_id":114423907,"category":"arts_centre","name":"Kulturhaus Kopstal","wikidata":null,"wikipedia":null,"tags":{"addr:city":"Kopstal","addr:country":"LU","addr:housenumber":"6","addr:postcode":"8181","addr:street":"Rue de Mersch","amenity":"arts_centre","building":"yes","name":"Kulturhaus Kopstal"}}},{"type":"Feature","id":"way/115366898","geometry":{"type":"Point","coordinates":[6.1889323,49.7704477]},"properties":{"osm_type":"way","osm_id":115366898,"category":"castle","name":"Château de Meysembourg","wikidata":"Q6826580","wikipedia":"lb:Schlass Meesebuerg","tags":{"building":"yes","historic":"castle","name":"Château de Meysembourg","name:de":"Schloss Meysembourg","name:en":"Meysembourg Castle","name:fr":"Château de Meysembourg","name:lb":"Meesebuerger Schlass","name:nl":"Kasteel van Meysembourg","tourism":"castle","wikidata":"Q6826580","wikipedia":"lb:Schlass Meesebuerg"}}},{"type":"Feature","id":"way/116150161","geometry":{"type":"Point","coordinates":[5.8830821,49.5452034]},"properties":{"osm_type":"way","osm_id":116150161,"category":"historic","name":"Concasseur","wikidata":null,"wikipedia":null,"tags":{"building":"ruins","historic":"yes","name":"Concasseur","website":"https://rail.lu/"}}},{"type":"Feature","id":"way/118188375","geometry":{"type":"Point","coordinates":[6.0858063,49.4825574]},"properties":{"osm_type":"way","osm_id":118188375,"category":"museum","name":"Centre d'Art Nei Liicht","wikidata":null,"wikipedia":null,"tags":{"addr:city":"Dudelange","addr:country":"LU","addr:housenumber":"25","addr:postcode":"3505","addr:street":"Rue Dominique Lang","building":"yes","name":"Centre d'Art Nei Liicht","opening_hours":"Tu-Su 15:00-19:00","tourism":"museum"}}},{"type":"Feature","id":"way/118608195","geometry":{"type":"Point","coordinates":[6.1608584,49.7014937]},"properties":{"osm_type":"way","osm_id":118608195,"category":"museum","name":"Maison néolithique","wikidata":null,"wikipedia":null,"tags":{"amenity":"shelter","building":"yes","name":"Maison néolithique","tourism":"museum"}}},{"type":"Feature","id":"way/120125354","geometry":{"type":"Point","coordinates":[5.9798289,49.5877432]},"properties":{"osm_type":"way","osm_id":120125354,"category":"historic","name":"Sainte-Marie","wikidata":null,"wikipedia":null,"tags":{"building":"chapel","denomination":"catholic","historic":"wayside_chapel","name":"Sainte-Marie","religion":"christian"}}},{"type":"Feature","id":"way/120125453","geometry":{"type":"Point","coordinates":[5.9805689,49.587541]},"properties":{"osm_type":"way","osm_id":120125453,"category":"arts_centre","name":"Centre culturel de Dippach","wikidata":null,"wikipedia":null,"tags":{"addr:city":"Dippach","addr:housenumber":"64A","addr:postcode":"4972","addr:street":"Route de Luxembourg","amenity":"arts_centre","building":"yes","name":"Centre culturel de Dippach"}}},{"type":"Feature","id":"way/120300068","geometry":{"type":"Point","coordinates":[6.1307345,49.6593091]},"properties":{"osm_type":"way","osm_id":120300068,"category":"arts_centre","name":"Culture@Walfer","wikidata":null,"wikipedia":null,"tags":{"addr:city":"Helmsange","addr:country":"LU","addr:housenumber":"5","addr:postcode":"7220","addr:street":"Route de Diekirch","amenity":"arts_centre","building":"yes","name":"Culture@Walfer","operator":"Commune de Walferdange","website":"https://caw-walfer.lu/"}}},{"type":"Feature","id":"way/120496476","geometry":{"type":"Point","coordinates":[6.387224,49.7961878]},"properties":{"osm_type":"way","osm_id":120496476,"category":"castle","name":"Château de Lauterborn","wikidata":"Q16764602","wikipedia":"lb:Schlass Lauterbuer","tags":{"addr:city":"Lauterborn","addr:country":"LU","addr:housenumber":"7","addr:postcode":"6562","building":"yes","historic":"castle","name":"Château de Lauterborn","name:lb":"Schlass Lauterbur","wikidata":"Q16764602","wikipedia":"lb:Schlass Lauterbuer"}}},{"type":"Feature","id":"way/121100746","geometry":{"type":"Point","coordinates":[6.2865803,49.8336211]},"properties":{"osm_type":"way","osm_id":121100746,"category":"castle","name":"Buerg Beefort","wikidata":"Q1010933","wikipedia":null,"tags":{"building":"ruins","historic":"castle","name":"Buerg Beefort","name:de":"Mittelalterburg Beaufort","name:en":"Beaufort Medieval Castle","name:fr":"Château médiéval de Beaufort","name:lb":"Buerg Beefort","name:nl":"Middeleeuwse burcht Beaufort","opening_hours":"Apr-Nov 09:00-17:30","operator":"SIT Beaufort","ruins":"yes","tourism":"attraction","website":"http://www.chateau-beaufort.lu/","wikidata":"Q1010933"}}},{"type":"Feature","id":"way/121112291","geometry":{"type":"Point","coordinates":[5.9343839,49.9110475]},"properties":{"osm_type":"way","osm_id":121112291,"category":"castle","name":"Château d'Esch-sur-Sûre","wikidata":"Q2968219","wikipedia":null,"tags":{"building":"no","historic":"castle","name":"Château d'Esch-sur-Sûre","wikidata":"Q2968219"}}},{"type":"Feature","id":"way/122635088","geometry":{"type":"Point","coordinates":[6.1226861,49.676816]},"properties":{"osm_type":"way","osm_id":122635088,"category":"arts_centre","name":"Galerie am Duerf","wikidata":null,"wikipedia":null,"tags":{"addr:city":"Steinsel","addr:country":"LU","addr:housenumber":"2","addr:postcode":"7322","addr:street":"Montée Willy Goergen","amenity":"arts_centre","building":"yes","name":"Galerie am Duerf"}}},{"type":"Feature","id":"way/123129859","geometry":{"type":"Point","coordinates":[6.1242531,49.6790625]},"properties":{"osm_type":"way","osm_id":123129859,"category":"arts_centre","name":"Kultursall","wikidata":null,"wikipedia":null,"tags":{"amenity":"arts_centre","building":"yes","name":"Kultursall"}}},{"type":"Feature","id":"way/123229279","geometry":{"type":"Point","coordinates":[6.2570298,49.5407198]},"properties":{"osm_type":"way","osm_id":123229279,"category":"archaeological_site","name":"Théâtre Gallo-Romain","wikidata":null,"wikipedia":"en:Dalheim Ricciacum","tags":{"historic":"archaeological_site","name":"Théâtre Gallo-Romain","name:en":"Gallo-Roman Theater","name:fr":"Théâtre Gallo-Romain","wikipedia":"en:Dalheim Ricciacum"}}},{"type":"Feature","id":"way/125420271","geometry":{"type":"Point","coordinates":[6.2511262,49.5301324]},"properties":{"osm_type":"way","osm_id":125420271,"category":"historic","name":"Ancienne Route Romaine Kiem","wikidata":null,"wikipedia":null,"tags":{"historic":"roman_road","name":"Ancienne Route Romaine Kiem"}}},{"type":"Feature","id":"way/127581739","geometry":{"type":"Point","coordinates":[6.2060064,49.6008739]},"properties":{"osm_type":"way","osm_id":127581739,"category":"historic","name":"Ancien bâtiment voyageurs de la gare de Sandweiler - Contern","wikidata":null,"wikipedia":"lb:Sandweiler-Gare","tags":{"building":"yes","historic":"train_station","name":"Ancien bâtiment voyageurs de la gare de Sandweiler - Contern","wikipedia":"lb:Sandweiler-Gare"}}},{"type":"Feature","id":"way/128600022","geometry":{"type":"Point","coordinates":[5.8712849,49.5603095]},"properties":{"osm_type":"way","osm_id":128600022,"category":"arts_centre","name":"Centre WAX","wikidata":"Q13102040","wikipedia":"lb:Centre Wax","tags":{"addr:city":"Pétange","addr:country":"LU","addr:housenumber":"2","addr:postcode":"4711","addr:street":"Rue d'Athus","alt_name":"Konscht-Millen","amenity":"arts_centre","building":"yes","name":"Centre WAX","website":"http://www.konschtmillen.lu","wheelchair":"yes","wikidata":"Q13102040","wikipedia":"lb:Centre Wax"}}},{"type":"Feature","id":"way/129001491","geometry":{"type":"Point","coordinates":[6.0112768,49.5106993]},"properties":{"osm_type":"way","osm_id":129001491,"category":"memorial","name":"Train Arbed","wikidata":null,"wikipedia":null,"tags":{"historic":"memorial","name":"Train Arbed"}}},{"type":"Feature","id":"way/129826378","geometry":{"type":"Point","coordinates":[6.2599845,49.6002347]},"properties":{"osm_type":"way","osm_id":129826378,"category":"arts_centre","name":"Am Medenpoull","wikidata":null,"wikipedia":null,"tags":{"amenity":"arts_centre","building":"yes","name":"Am Medenpoull"}}},{"type":"Feature","id":"way/130684413","geometry":{"type":"Point","coordinates":[6.3197813,49.7388241]},"properties":{"osm_type":"way","osm_id":130684413,"category":"historic","name":"Halte de Rippig","wikidata":null,"wikipedia":null,"tags":{"amenity":"shelter","historic":"train_station","name":"Halte de Rippig"}}},{"type":"Feature","id":"way/133403694","geometry":{"type":"Point","coordinates":[6.4737018,49.7023648]},"properties":{"osm_type":"way","osm_id":133403694,"category":"historic","name":"Route du Vin","wikidata":null,"wikipedia":null,"tags":{"historic":"roman_road","name":"Route du Vin","name:etymology:wikidata":"Q282"}}},{"type":"Feature","id":"way/134119302","geometry":{"type":"Point","coordinates":[6.5041681,49.8043664]},"properties":{"osm_type":"way","osm_id":134119302,"category":"arts_centre","name":"Reemerhof","wikidata":null,"wikipedia":null,"tags":{"addr:city":"Rosport","addr:housenumber":"4A","addr:postcode":"6581","addr:street":"Rue du Barrage","amenity":"arts_centre","building":"civic","name":"Reemerhof","website":"https://rosportmompach.lu/rosport-centre-culturel-reemerhoof/"}}},{"type":"Feature","id":"way/136277456","geometry":{"type":"Point","coordinates":[6.0970232,49.4921733]},"properties":{"osm_type":"way","osm_id":136277456,"category":"historic","name":"Rue Pierre et Marie Curie","wikidata":null,"wikipedia":null,"tags":{"historic":"roman_road","name":"Rue Pierre et Marie Curie","name:etymology:wikidata":"Q37463;Q7186"}}},{"type":"Feature","id":"way/136866578","geometry":{"type":"Point","coordinates":[6.1078783,49.7704761]},"properties":{"osm_type":"way","osm_id":136866578,"category":"ruins","name":"Château de Pettingen","wikidata":null,"wikipedia":"lb:Waasserbuerg Pëtten","tags":{"building":"yes","historic":"ruins","name":"Château de Pettingen","website":"http://www.associationchateaux.lu/francais/pettingen/adecouvriraussi/index.html","wikipedia":"lb:Waasserbuerg Pëtten"}}},{"type":"Feature","id":"way/139674230","geometry":{"type":"Point","coordinates":[6.3324212,49.7455187]},"properties":{"osm_type":"way","osm_id":139674230,"category":"historic","name":"Hemsteler Gare","wikidata":null,"wikipedia":null,"tags":{"building":"house","historic":"station","name":"Hemsteler Gare"}}},{"type":"Feature","id":"way/141480406","geometry":{"type":"Point","coordinates":[5.846013,49.5317816]},"properties":{"osm_type":"way","osm_id":141480406,"category":"historic","name":"Rue de Lasauvage","wikidata":null,"wikipedia":null,"tags":{"historic":"roman_road","name":"Rue de Lasauvage"}}},{"type":"Feature","id":"way/143727498","geometry":{"type":"Point","coordinates":[5.8494529,49.8307394]},"properties":{"osm_type":"way","osm_id":143727498,"category":"arts_centre","name":"Centre Culturel de Rambrouch","wikidata":null,"wikipedia":null,"tags":{"addr:city":"Rambrouch","addr:housenumber":"8","addr:postcode":"8806","addr:street":"Rue du Nord","amenity":"arts_centre","building":"public","name":"Centre Culturel de Rambrouch"}}},{"type":"Feature","id":"way/143888229","geometry":{"type":"Point","coordinates":[6.365718,49.4954893]},"properties":{"osm_type":"way","osm_id":143888229,"category":"archaeological_site","name":"Römische Villa (Mauerrest)","wikidata":null,"wikipedia":null,"tags":{"historic":"archaeological_site","name":"Römische Villa (Mauerrest)"}}},{"type":"Feature","id":"way/144670664","geometry":{"type":"Point","coordinates":[5.7513414,49.8404102]},"properties":{"osm_type":"way","osm_id":144670664,"category":"ruins","name":"Puits des Ardoisières Angelsberg","wikidata":null,"wikipedia":null,"tags":{"building":"yes","historic":"ruins","name":"Puits des Ardoisières Angelsberg"}}},{"type":"Feature","id":"way/144913824","geometry":{"type":"Point","coordinates":[6.2202599,49.8760542]},"properties":{"osm_type":"way","osm_id":144913824,"category":"castle","name":"Château de Bettendorf","wikidata":"Q4898419","wikipedia":"lb:Schlass Bettenduerf","tags":{"historic":"castle","name":"Château de Bettendorf","name:lb":"Schlass Bettenduerf","wikidata":"Q4898419","wikipedia":"lb:Schlass Bettenduerf"}}},{"type":"Feature","id":"way/146022343","geometry":{"type":"Point","coordinates":[6.0212335,49.4612815]},"properties":{"osm_type":"way","osm_id":146022343,"category":"museum","name":"Musée national des Mines","wikidata":null,"wikipedia":null,"tags":{"addr:city":"Rumelange","addr:housenumber":"1","addr:postcode":"3714","addr:street":"Rue des Mines","building":"yes","name":"Musée national des Mines","tourism":"museum","url":"http://www.mnm.lu/"}}},{"type":"Feature","id":"way/146028404","geometry":{"type":"Point","coordinates":[6.0180069,49.4618236]},"properties":{"osm_type":"way","osm_id":146028404,"category":"historic","name":"Gonner Haus","wikidata":null,"wikipedia":null,"tags":{"addr:city":"Rumelange","addr:housenumber":"3","addr:postcode":"3714","addr:street":"Rue des Mines","alt_name":"Gîte Minett-Trail","building":"cabin","email":"info@simpleviu.com","historic":"building","name":"Gonner Haus","operator":"Simplevue","phone":"+352691775514","start_date":"1900","tourism":"hotel","website":"https://www.simpleviu.com/rumelange"}}},{"type":"Feature","id":"way/146811861","geometry":{"type":"Point","coordinates":[6.096782,49.5173317]},"properties":{"osm_type":"way","osm_id":146811861,"category":"castle","name":"Château de Bettembourg","wikidata":"Q1821671","wikipedia":null,"tags":{"addr:city":"Bettembourg","addr:housenumber":"13","addr:postcode":"3217","addr:street":"Rue du Château","amenity":"townhall","building":"yes","historic":"castle","name":"Château de Bettembourg","name:de":"Schloss Bettemburg","wheelchair":"limited","wikidata":"Q1821671"}}},{"type":"Feature","id":"way/147360308","geometry":{"type":"Point","coordinates":[6.0445418,49.7013922]},"properties":{"osm_type":"way","osm_id":147360308,"category":"heritage","name":"Chapelle au Mont-Marie","wikidata":"Q13104183","wikipedia":"lb:Mont Marie (Aansebuerg)","tags":{"alt_name":"Chapelle Notre-Dame","amenity":"place_of_worship","building":"chapel","denomination":"catholic","heritage":"2","name":"Chapelle au Mont-Marie","religion":"christian","wikidata":"Q13104183","wikipedia":"lb:Mont Marie (Aansebuerg)"}}},{"type":"Feature","id":"way/147360334","geometry":{"type":"Point","coordinates":[6.0448081,49.700481]},"properties":{"osm_type":"way","osm_id":147360334,"category":"historic","name":"Presbytère d'Ansembourg","wikidata":null,"wikipedia":null,"tags":{"addr:city":"Ansembourg","addr:housenumber":"11","addr:postcode":"7411","addr:street":"Rue de la Vallée","building":"yes","historic":"building","name":"Presbytère d'Ansembourg"}}},{"type":"Feature","id":"way/147365851","geometry":{"type":"Point","coordinates":[6.03819,49.7029989]},"properties":{"osm_type":"way","osm_id":147365851,"category":"castle","name":"Vieux Château d'Ansembourg","wikidata":"Q4770630","wikipedia":null,"tags":{"building":"yes","historic":"castle","name":"Vieux Château d'Ansembourg","name:de":"Burg Ansemburg","wikidata":"Q4770630"}}},{"type":"Feature","id":"way/150476109","geometry":{"type":"Point","coordinates":[5.9755987,49.475144]},"properties":{"osm_type":"way","osm_id":150476109,"category":"museum","name":"Grouwen a Feldbunn","wikidata":null,"wikipedia":null,"tags":{"building":"yes","name":"Grouwen a Feldbunn","tourism":"museum","website":"https://rail.lu/feldbunnbanz.html"}}},{"type":"Feature","id":"way/153272628","geometry":{"type":"Point","coordinates":[6.1312977,49.6106847]},"properties":{"osm_type":"way","osm_id":153272628,"category":"memorial","name":"Guillaume II","wikidata":null,"wikipedia":null,"tags":{"historic":"memorial","memorial":"statue","name":"Guillaume II","name:ca":"Gran Duc Guillem II","name:de":"Wilhelm II.","name:es":"Guillermo II"}}},{"type":"Feature","id":"way/153611523","geometry":{"type":"Point","coordinates":[5.9312066,49.9670651]},"properties":{"osm_type":"way","osm_id":153611523,"category":"historic","name":"Villa Simon","wikidata":null,"wikipedia":null,"tags":{"addr:city":"Wiltz","addr:country":"LU","addr:housenumber":"8","addr:postcode":"9536","addr:street":"Avenue Nicolas Kreins","building":"yes","historic":"yes","name":"Villa Simon"}}},{"type":"Feature","id":"way/153629463","geometry":{"type":"Point","coordinates":[5.938514,49.9664671]},"properties":{"osm_type":"way","osm_id":153629463,"category":"castle","name":"Château de Wiltz","wikidata":"Q2244220","wikipedia":null,"tags":{"addr:city":"Wiltz","addr:housenumber":"35","addr:postcode":"9516","addr:street":"Rue du Château","building":"yes","historic":"castle","name":"Château de Wiltz","wikidata":"Q2244220"}}},{"type":"Feature","id":"way/153629953","geometry":{"type":"Point","coordinates":[5.9383653,49.9669636]},"properties":{"osm_type":"way","osm_id":153629953,"category":"theatre","name":"Amphithéâtre du Château de Wiltz","wikidata":null,"wikipedia":null,"tags":{"amenity":"theatre","building":"roof","name":"Amphithéâtre du Château de Wiltz","operator":"Commune de Wiltz"}}},{"type":"Feature","id":"way/157279206","geometry":{"type":"Point","coordinates":[6.0614029,49.4903017]},"properties":{"osm_type":"way","osm_id":157279206,"category":"historic","name":"Chapelle St. Jean","wikidata":"Q107040745","wikipedia":null,"tags":{"amenity":"place_of_worship","building":"chapel","denomination":"catholic","historic":"yes","name":"Chapelle St. Jean","religion":"christian","wikidata":"Q107040745"}}},{"type":"Feature","id":"way/158431647","geometry":{"type":"Point","coordinates":[6.1868486,49.7475982]},"properties":{"osm_type":"way","osm_id":158431647,"category":"castle","name":"Château de Fischbach","wikidata":"Q3247067","wikipedia":"lb:Schlass Fëschbech","tags":{"addr:city":"Fischbach","addr:housenumber":"33","addr:postcode":"7430","addr:street":"Rue Grande-Duchesse Charlotte","building":"yes","historic":"castle","name":"Château de Fischbach","name:de":"Schloss Fischbach","name:en":"Fischbach Castle","name:fr":"Château de Fischbach","name:lb":"Schlass Fëschbech","wikidata":"Q3247067","wikipedia":"lb:Schlass Fëschbech"}}},{"type":"Feature","id":"way/158690799","geometry":{"type":"Point","coordinates":[6.0264919,49.9643744]},"properties":{"osm_type":"way","osm_id":158690799,"category":"castle","name":"Schüttbuerg","wikidata":"Q7433058","wikipedia":"lb:Schüttbuerg","tags":{"alt_name":"Schüttbuerger Schlass","historic":"castle","name":"Schüttbuerg","name:de":"Schüttburg","name:fr":"Schuttbourg","name:lb":"Schëttbuerg","wikidata":"Q7433058","wikipedia":"lb:Schüttbuerg"}}},{"type":"Feature","id":"way/160596405","geometry":{"type":"Point","coordinates":[6.171766,49.5856378]},"properties":{"osm_type":"way","osm_id":160596405,"category":"historic","name":"Ancienne École","wikidata":null,"wikipedia":null,"tags":{"building":"public","historic":"school","name":"Ancienne École"}}},{"type":"Feature","id":"way/161482859","geometry":{"type":"Point","coordinates":[6.1273163,49.6253166]},"properties":{"osm_type":"way","osm_id":161482859,"category":"castle","name":"Château de Limpertsberg","wikidata":null,"wikipedia":null,"tags":{"addr:city":"Luxembourg","addr:housenumber":"40","addr:postcode":"1322","addr:street":"Rue des Cerisiers","building":"yes","historic":"castle","name":"Château de Limpertsberg"}}},{"type":"Feature","id":"way/161787117","geometry":{"type":"Point","coordinates":[6.3508329,49.8231548]},"properties":{"osm_type":"way","osm_id":161787117,"category":"arts_centre","name":"A Schmadds","wikidata":null,"wikipedia":null,"tags":{"addr:city":"Berdorf","addr:country":"LU","addr:housenumber":"29","addr:postcode":"6551","addr:street":"Rue d'Echternach","amenity":"arts_centre","building":"public","name":"A Schmadds","name:fr":"Centre Culturel"}}},{"type":"Feature","id":"way/161863295","geometry":{"type":"Point","coordinates":[6.1299404,49.6457891]},"properties":{"osm_type":"way","osm_id":161863295,"category":"historic","name":"Wiichtelhaus","wikidata":null,"wikipedia":"lb:Wiichtelhaus zu Beggen","tags":{"addr:city":"Luxembourg","addr:country":"LU","addr:housenumber":"11","addr:postcode":"1217","addr:street":"Rue de Bastogne","building":"house","historic":"house","name":"Wiichtelhaus","ruins":"no","wikipedia":"lb:Wiichtelhaus zu Beggen"}}},{"type":"Feature","id":"way/161863480","geometry":{"type":"Point","coordinates":[6.1377599,49.6433703]},"properties":{"osm_type":"way","osm_id":161863480,"category":"castle","name":"Ambassade de Russie","wikidata":"Q5369844","wikipedia":"fr:Ambassade de Russie au Luxembourg","tags":{"addr:city":"Luxembourg","addr:country":"LU","addr:housenumber":"116A","addr:postcode":"2145","addr:street":"Rue Cyprien Merjai","building":"yes","historic":"castle","name":"Ambassade de Russie","name:de":"Botschaft von Russland","name:en":"Embassy of Russia","name:fr":"Ambassade de Russie","name:ru":"Посольство России","opening_hours":"Mo-Fr 08:30-12:30,14:00-18:00","phone":"+352 42-23-33","website":"https://ambruslu.mid.ru","wikidata":"Q5369844","wikipedia":"fr:Ambassade de Russie au Luxembourg"}}},{"type":"Feature","id":"way/162076941","geometry":{"type":"Point","coordinates":[6.1416099,49.6350199]},"properties":{"osm_type":"way","osm_id":162076941,"category":"arts_centre","name":"Annexe Drescherhaus","wikidata":null,"wikipedia":null,"tags":{"addr:city":"Luxembourg","addr:country":"LU","addr:housenumber":"28","addr:postcode":"1329","addr:street":"Rue du Château","amenity":"arts_centre","building":"yes","name":"Annexe Drescherhaus","operator":"VdL"}}},{"type":"Feature","id":"way/163742171","geometry":{"type":"Point","coordinates":[6.0970989,49.603431]},"properties":{"osm_type":"way","osm_id":163742171,"category":"heritage","name":"Crèche Municipale - rue de la Barrière","wikidata":null,"wikipedia":null,"tags":{"addr:city":"Luxembourg","addr:country":"LU","addr:housenumber":"2","addr:postcode":"1215","addr:street":"Rue de la Barrière","amenity":"kindergarten","building":"school","heritage":"2","name":"Crèche Municipale - rue de la Barrière"}}},{"type":"Feature","id":"way/164179103","geometry":{"type":"Point","coordinates":[6.1442997,49.6152407]},"properties":{"osm_type":"way","osm_id":164179103,"category":"archaeological_site","name":"Schlass La Fontaine","wikidata":"Q13104967","wikipedia":"lb:Schlass La Fontaine","tags":{"alt_name":"Schlass Mansfeld","historic":"archaeological_site","name":"Schlass La Fontaine","name:de":"Mansfeld-Schloss","name:en":"\"La Fontaine\" Castle","name:fr":"Château « La Fontaine »","tourism":"attraction","wikidata":"Q13104967","wikipedia":"lb:Schlass La Fontaine"}}},{"type":"Feature","id":"way/164255339","geometry":{"type":"Point","coordinates":[6.1227583,49.5911646]},"properties":{"osm_type":"way","osm_id":164255339,"category":"arts_centre","name":"Home Saint-Joseph","wikidata":null,"wikipedia":null,"tags":{"addr:city":"Luxembourg","addr:housenumber":"35","addr:postcode":"1617","addr:street":"Rue de Gasperich","amenity":"arts_centre","building":"yes","name":"Home Saint-Joseph"}}},{"type":"Feature","id":"way/164327650","geometry":{"type":"Point","coordinates":[6.3542304,49.5287982]},"properties":{"osm_type":"way","osm_id":164327650,"category":"museum","name":"A Possen","wikidata":"Q13101369","wikipedia":null,"tags":{"addr:city":"Bech-Kleinmacher","addr:housenumber":"2","addr:postcode":"5405","addr:street":"Keeseschgässel","building":"yes","name":"A Possen","tourism":"museum","wikidata":"Q13101369"}}},{"type":"Feature","id":"way/164340780","geometry":{"type":"Point","coordinates":[6.1246579,49.5975564]},"properties":{"osm_type":"way","osm_id":164340780,"category":"museum","name":"Fondation de l'Architecture et de l'ingénierie Luxembourg","wikidata":null,"wikipedia":null,"tags":{"building":"yes","name":"Fondation de l'Architecture et de l'ingénierie Luxembourg","tourism":"museum"}}},{"type":"Feature","id":"way/164467086","geometry":{"type":"Point","coordinates":[5.8544284,49.9507323]},"properties":{"osm_type":"way","osm_id":164467086,"category":"memorial","name":"Voie de la Liberté","wikidata":null,"wikipedia":null,"tags":{"historic":"memorial","memorial":"war_memorial","name":"Voie de la Liberté"}}},{"type":"Feature","id":"way/165276719","geometry":{"type":"Point","coordinates":[6.0515912,49.7121034]},"properties":{"osm_type":"way","osm_id":165276719,"category":"castle","name":"Château de Hollenfels","wikidata":"Q1012473","wikipedia":"en:Hollenfels Castle","tags":{"building":"yes","historic":"castle","name":"Château de Hollenfels","name:de":"Burg Hollenfels","wikidata":"Q1012473","wikipedia":"en:Hollenfels Castle"}}},{"type":"Feature","id":"way/165849692","geometry":{"type":"Point","coordinates":[6.4448799,49.7124158]},"properties":{"osm_type":"way","osm_id":165849692,"category":"ruins","name":"Laerensmillen","wikidata":null,"wikipedia":null,"tags":{"historic":"ruins","name":"Laerensmillen"}}},{"type":"Feature","id":"way/166478072","geometry":{"type":"Point","coordinates":[6.0663476,49.4930069]},"properties":{"osm_type":"way","osm_id":166478072,"category":"historic","name":"Lukaskapell","wikidata":"Q16763808","wikipedia":"lb:Kapell Diddeleng-Butschebuerg (Lukaskapell)","tags":{"addr:city":"Dudelange","addr:country":"LU","addr:housenumber":"30","addr:postcode":"3443","addr:street":"Rue de la Chapelle","amenity":"place_of_worship","building":"chapel","denomination":"catholic","historic":"yes","name":"Lukaskapell","name:fr":"Chapelle Saint-Luc","name:lb":"Lukaskapell","religion":"christian","wikidata":"Q16763808","wikipedia":"lb:Kapell Diddeleng-Butschebuerg (Lukaskapell)"}}},{"type":"Feature","id":"way/166888230","geometry":{"type":"Point","coordinates":[5.7638319,49.8099176]},"properties":{"osm_type":"way","osm_id":166888230,"category":"museum","name":"Musée 385th bomb group","wikidata":null,"wikipedia":null,"tags":{"building":"yes","name":"Musée 385th bomb group","tourism":"museum","website":"https://www.385bg.lu/"}}},{"type":"Feature","id":"way/167271528","geometry":{"type":"Point","coordinates":[5.8420663,49.5542499]},"properties":{"osm_type":"way","osm_id":167271528,"category":"historic","name":"Rue de l'Industrie","wikidata":null,"wikipedia":null,"tags":{"historic":"roman_road","name":"Rue de l'Industrie"}}},{"type":"Feature","id":"way/168038631","geometry":{"type":"Point","coordinates":[5.8417524,49.5418785]},"properties":{"osm_type":"way","osm_id":168038631,"category":"historic","name":"Rue Joseph Philippart","wikidata":null,"wikipedia":null,"tags":{"historic":"roman_road","name":"Rue Joseph Philippart","name:etymology:wikidata":"Q20559171"}}},{"type":"Feature","id":"way/168038636","geometry":{"type":"Point","coordinates":[5.8406999,49.5439235]},"properties":{"osm_type":"way","osm_id":168038636,"category":"historic","name":"Rue Joseph Philippart","wikidata":null,"wikipedia":null,"tags":{"historic":"roman_road","name":"Rue Joseph Philippart","name:etymology:wikidata":"Q20559171"}}},{"type":"Feature","id":"way/168213331","geometry":{"type":"Point","coordinates":[6.1301592,49.6126004]},"properties":{"osm_type":"way","osm_id":168213331,"category":"theatre","name":"Théâtre des Capucins","wikidata":null,"wikipedia":null,"tags":{"amenity":"theatre","building":"yes","name":"Théâtre des Capucins","name:de":"Kapuzinertheater","name:lb":"Kapuzinertheater"}}},{"type":"Feature","id":"way/170026958","geometry":{"type":"Point","coordinates":[6.0283451,49.7539593]},"properties":{"osm_type":"way","osm_id":170026958,"category":"historic","name":"Helperbur","wikidata":null,"wikipedia":null,"tags":{"historic":"yes","name":"Helperbur","name:fr":"Source miraculeuse Helperbur","religion":"christian"}}},{"type":"Feature","id":"way/170026959","geometry":{"type":"Point","coordinates":[6.0279776,49.754299]},"properties":{"osm_type":"way","osm_id":170026959,"category":"historic","name":"Chapelle Saint-Willibrord","wikidata":null,"wikipedia":null,"tags":{"building":"chapel","denomination":"catholic","historic":"yes","name":"Chapelle Saint-Willibrord"}}},{"type":"Feature","id":"way/170042243","geometry":{"type":"Point","coordinates":[6.1285467,49.6131518]},"properties":{"osm_type":"way","osm_id":170042243,"category":"gallery","name":"In Joy fine art","wikidata":null,"wikipedia":null,"tags":{"addr:city":"Luxembourg","addr:country":"LU","addr:housenumber":"26","addr:postcode":"1219","addr:street":"Rue Beaumont","email":"marine@injoygallery.com","name":"In Joy fine art","opening_hours":"Mo-We \"Sur Rendez-Vous\", Th-Sa 10:30-18:00","phone":"+352 676 745 629","tourism":"gallery","website":"https://www.injoygallery.com/en"}}},{"type":"Feature","id":"way/171273337","geometry":{"type":"Point","coordinates":[6.3548219,49.7534584]},"properties":{"osm_type":"way","osm_id":171273337,"category":"historic","name":"Ancienne Gare de Bech","wikidata":null,"wikipedia":null,"tags":{"addr:city":"Bech","addr:housenumber":"2","addr:postcode":"6230","addr:street":"Becher Gare","building":"yes","historic":"train_station","name":"Ancienne Gare de Bech"}}},{"type":"Feature","id":"way/172563441","geometry":{"type":"Point","coordinates":[6.3925386,49.6747092]},"properties":{"osm_type":"way","osm_id":172563441,"category":"historic","name":"Réimerwee","wikidata":null,"wikipedia":null,"tags":{"historic":"roman_road","name":"Réimerwee"}}},{"type":"Feature","id":"way/175547729","geometry":{"type":"Point","coordinates":[6.2617778,49.5230888]},"properties":{"osm_type":"way","osm_id":175547729,"category":"historic","name":"Rue des Romains","wikidata":null,"wikipedia":null,"tags":{"historic":"roman_road","name":"Rue des Romains","name:etymology:wikidata":"Q1747689","name:lb":"op der Huuscht"}}},{"type":"Feature","id":"way/178003469","geometry":{"type":"Point","coordinates":[6.1370487,49.5063997]},"properties":{"osm_type":"way","osm_id":178003469,"category":"historic","name":"Roman Road","wikidata":null,"wikipedia":null,"tags":{"historic":"roman_road","name":"Roman Road"}}},{"type":"Feature","id":"way/183459244","geometry":{"type":"Point","coordinates":[6.171181,49.5854988]},"properties":{"osm_type":"way","osm_id":183459244,"category":"historic","name":"Rue de Hesperange","wikidata":null,"wikipedia":null,"tags":{"historic":"roman_road","name":"Rue de Hesperange","name:etymology:wikidata":"Q24283574"}}},{"type":"Feature","id":"way/183755989","geometry":{"type":"Point","coordinates":[6.081639,49.4733992]},"properties":{"osm_type":"way","osm_id":183755989,"category":"museum","name":"Pomhouse","wikidata":null,"wikipedia":null,"tags":{"addr:city":"Dudelange","addr:housenumber":"1B","addr:postcode":"3475","addr:street":"Rue du Centenaire","building":"yes","name":"Pomhouse","operator":"Centre National de l'Audiovisuel","tourism":"museum","wheelchair":"yes"}}},{"type":"Feature","id":"way/183837718","geometry":{"type":"Point","coordinates":[6.0819042,49.4733876]},"properties":{"osm_type":"way","osm_id":183837718,"category":"museum","name":"Waassertuerm","wikidata":null,"wikipedia":null,"tags":{"addr:city":"Dudelange","addr:housenumber":"1B","addr:postcode":"3475","addr:street":"Rue du Centenaire","building":"yes","name":"Waassertuerm","tourism":"museum","wheelchair":"yes"}}},{"type":"Feature","id":"way/184574081","geometry":{"type":"Point","coordinates":[5.9808452,49.5874472]},"properties":{"osm_type":"way","osm_id":184574081,"category":"arts_centre","name":"Centre culturel de Dippach","wikidata":null,"wikipedia":null,"tags":{"amenity":"arts_centre","building":"yes","name":"Centre culturel de Dippach"}}},{"type":"Feature","id":"way/184855563","geometry":{"type":"Point","coordinates":[5.9689429,49.4863165]},"properties":{"osm_type":"way","osm_id":184855563,"category":"historic","name":"Poste d'Aiguillage","wikidata":null,"wikipedia":null,"tags":{"building":"yes","heritage":"yes","historic":"yes","name":"Poste d'Aiguillage"}}},{"type":"Feature","id":"way/187498698","geometry":{"type":"Point","coordinates":[6.1116546,49.8600819]},"properties":{"osm_type":"way","osm_id":187498698,"category":"castle","name":"Château d'Erpeldange","wikidata":"Q1378791","wikipedia":"en:Erpeldange Castle","tags":{"addr:city":"Erpeldange-sur-Sûre","addr:country":"LU","addr:housenumber":"21","addr:postcode":"9145","addr:street":"Porte des Ardennes","amenity":"townhall","building":"yes","historic":"castle","name":"Château d'Erpeldange","name:de":"Schloss Erpeldange","wikidata":"Q1378791","wikipedia":"en:Erpeldange Castle"}}},{"type":"Feature","id":"way/189036843","geometry":{"type":"Point","coordinates":[6.1032035,49.5257952]},"properties":{"osm_type":"way","osm_id":189036843,"category":"historic","name":"Rue de Livange","wikidata":null,"wikipedia":null,"tags":{"historic":"roman_road","name":"Rue de Livange","name:etymology:wikidata":"Q769810"}}},{"type":"Feature","id":"way/191609796","geometry":{"type":"Point","coordinates":[6.2028321,49.934877]},"properties":{"osm_type":"way","osm_id":191609796,"category":"castle","name":"Château de Vianden","wikidata":"Q1014402","wikipedia":"fr:Château de Vianden","tags":{"historic":"castle","name":"Château de Vianden","name:de":"Burg Vianden","opening_hours":"Mo-Su 10:00-18:00","tourism":"attraction","wikidata":"Q1014402","wikipedia":"fr:Château de Vianden"}}},{"type":"Feature","id":"way/195665501","geometry":{"type":"Point","coordinates":[6.222583,49.524815]},"properties":{"osm_type":"way","osm_id":195665501,"category":"castle","name":"Château d'Aspelt","wikidata":"Q4807794","wikipedia":"lb:Schlass Uespelt","tags":{"building":"yes","heritage":"2","historic":"castle","name":"Château d'Aspelt","wheelchair":"no","wikidata":"Q4807794","wikipedia":"lb:Schlass Uespelt"}}},{"type":"Feature","id":"way/195665502","geometry":{"type":"Point","coordinates":[6.1475373,49.507102]},"properties":{"osm_type":"way","osm_id":195665502,"category":"historic","name":"Maison de l'Histoire et du Souvenir","wikidata":null,"wikipedia":null,"tags":{"addr:city":"Hellange","addr:country":"LU","addr:housenumber":"11","addr:postcode":"3333","addr:street":"Beetebuergerstrooss","alt_name":"Fondation Linster-Weydert","building":"yes","heritage":"2","historic":"building","name":"Maison de l'Histoire et du Souvenir","website":"http://www.fondationlinsterweydert.lu/"}}},{"type":"Feature","id":"way/203951823","geometry":{"type":"Point","coordinates":[6.0366702,50.1173929]},"properties":{"osm_type":"way","osm_id":203951823,"category":"museum","name":"Musée Rural A Schiewesch","wikidata":null,"wikipedia":null,"tags":{"addr:city":"Binsfeld","addr:country":"LU","addr:housenumber":"1","addr:postcode":"9946","addr:street":"Duarrefstrooss","alt_name":"Musée Rural Binsfeld","building":"yes","name":"Musée Rural A Schiewesch","tourism":"museum"}}},{"type":"Feature","id":"way/204310501","geometry":{"type":"Point","coordinates":[6.0170611,50.0616907]},"properties":{"osm_type":"way","osm_id":204310501,"category":"arts_centre","name":"Hall polyvalent","wikidata":null,"wikipedia":null,"tags":{"addr:city":"Clervaux","addr:country":"LU","addr:housenumber":"22","addr:postcode":"9706","addr:street":"Route d'Eselborn","amenity":"arts_centre","building":"public","name":"Hall polyvalent"}}},{"type":"Feature","id":"way/204665578","geometry":{"type":"Point","coordinates":[6.3632083,49.4737769]},"properties":{"osm_type":"way","osm_id":204665578,"category":"historic","name":"Markusturm","wikidata":null,"wikipedia":null,"tags":{"building":"tower","historic":"building","name":"Markusturm"}}},{"type":"Feature","id":"way/206608501","geometry":{"type":"Point","coordinates":[5.9881816,49.5037927]},"properties":{"osm_type":"way","osm_id":206608501,"category":"arts_centre","name":"Kulturfabrik","wikidata":null,"wikipedia":null,"tags":{"addr:city":"Esch-sur-Alzette","addr:housenumber":"116","addr:postcode":"4221","addr:street":"Rue de Luxembourg","amenity":"arts_centre","building":"yes","name":"Kulturfabrik","website":"https://kulturfabrik.lu/"}}},{"type":"Feature","id":"way/209293282","geometry":{"type":"Point","coordinates":[6.1340995,49.599925]},"properties":{"osm_type":"way","osm_id":209293282,"category":"historic","name":null,"wikidata":null,"wikipedia":"fr:Gare de Luxembourg","tags":{"addr:city":"Luxembourg","addr:country":"LU","addr:housenumber":"13","addr:postcode":"1616","addr:street":"Place de la Gare","building":"train_station","heritage":"2","historic":"railway_station","wikipedia":"fr:Gare de Luxembourg"}}},{"type":"Feature","id":"way/216593388","geometry":{"type":"Point","coordinates":[6.3307274,49.6940706]},"properties":{"osm_type":"way","osm_id":216593388,"category":"castle","name":"Château de Betzdorf","wikidata":"Q753353","wikipedia":null,"tags":{"building":"yes","historic":"castle","name":"Château de Betzdorf","wikidata":"Q753353"}}},{"type":"Feature","id":"way/217154058","geometry":{"type":"Point","coordinates":[6.0611646,49.7096947]},"properties":{"osm_type":"way","osm_id":217154058,"category":"historic","name":"Monastère de Marienthal","wikidata":"Q1474364","wikipedia":"lb:Märjendaller Klouschter","tags":{"building":"church","denomination":"catholic","historic":"monastery","name":"Monastère de Marienthal","name:de":"Kloster Marienthal","name:lb":"Märjendaller Klouschter","religion":"christian","wikidata":"Q1474364","wikipedia":"lb:Märjendaller Klouschter"}}},{"type":"Feature","id":"way/219168168","geometry":{"type":"Point","coordinates":[6.1290652,49.6171728]},"properties":{"osm_type":"way","osm_id":219168168,"category":"memorial","name":"Monument Robert Schuman","wikidata":"Q13104803","wikipedia":"lb:Robert-Schuman Monument","tags":{"building":"yes","historic":"memorial","material":"concrete","memorial":"plaque","name":"Monument Robert Schuman","wikidata":"Q13104803","wikipedia":"lb:Robert-Schuman Monument"}}},{"type":"Feature","id":"way/221960603","geometry":{"type":"Point","coordinates":[6.2123434,49.643711]},"properties":{"osm_type":"way","osm_id":221960603,"category":"historic","name":"Via Aurolaunum-Andethannale","wikidata":null,"wikipedia":null,"tags":{"historic":"roman_road","name":"Via Aurolaunum-Andethannale"}}},{"type":"Feature","id":"way/225017997","geometry":{"type":"Point","coordinates":[6.1405711,49.609465]},"properties":{"osm_type":"way","osm_id":225017997,"category":"fort","name":"Batterie du Rham","wikidata":null,"wikipedia":null,"tags":{"building":"yes","historic":"fort","name":"Batterie du Rham"}}},{"type":"Feature","id":"way/225017999","geometry":{"type":"Point","coordinates":[6.1400344,49.609157]},"properties":{"osm_type":"way","osm_id":225017999,"category":"historic","name":"Tour Orth","wikidata":null,"wikipedia":null,"tags":{"building":"yes","historic":"yes","name":"Tour Orth"}}},{"type":"Feature","id":"way/225018006","geometry":{"type":"Point","coordinates":[6.1401367,49.6098935]},"properties":{"osm_type":"way","osm_id":225018006,"category":"historic","name":"Ravelin du Rham","wikidata":null,"wikipedia":null,"tags":{"historic":"citywalls","name":"Ravelin du Rham"}}},{"type":"Feature","id":"way/226949190","geometry":{"type":"Point","coordinates":[6.1055369,49.5379729]},"properties":{"osm_type":"way","osm_id":226949190,"category":"historic","name":"Chemin de Luxembourg","wikidata":null,"wikipedia":null,"tags":{"historic":"roman_road","name":"Chemin de Luxembourg"}}},{"type":"Feature","id":"way/235095807","geometry":{"type":"Point","coordinates":[6.4728016,49.8194759]},"properties":{"osm_type":"way","osm_id":235095807,"category":"historic","name":"Steenemer Gare","wikidata":"Q60853710","wikipedia":"lb:Gare Steenem","tags":{"addr:city":"Steinheim","addr:housenumber":"7","addr:postcode":"6586","addr:street":"Rue de la Montagne","building":"house","historic":"train_station","name":"Steenemer Gare","name:fr":"Ancienne Gare de Steinheim","wikidata":"Q60853710","wikipedia":"lb:Gare Steenem"}}},{"type":"Feature","id":"way/238287081","geometry":{"type":"Point","coordinates":[6.0320835,50.055403]},"properties":{"osm_type":"way","osm_id":238287081,"category":"castle","name":"Villa Berlaymont","wikidata":null,"wikipedia":null,"tags":{"building":"yes","historic":"castle","name":"Villa Berlaymont"}}},{"type":"Feature","id":"way/238847055","geometry":{"type":"Point","coordinates":[6.1371801,49.5116807]},"properties":{"osm_type":"way","osm_id":238847055,"category":"historic","name":"Roman Road","wikidata":null,"wikipedia":null,"tags":{"historic":"roman_road","name":"Roman Road"}}},{"type":"Feature","id":"way/238850592","geometry":{"type":"Point","coordinates":[6.1091321,49.5190259]},"properties":{"osm_type":"way","osm_id":238850592,"category":"historic","name":"Route de Peppange","wikidata":null,"wikipedia":null,"tags":{"historic":"roman_road","name":"Route de Peppange","name:etymology:wikidata":"Q2718955"}}},{"type":"Feature","id":"way/240180329","geometry":{"type":"Point","coordinates":[6.253137,49.7135365]},"properties":{"osm_type":"way","osm_id":240180329,"category":"arts_centre","name":"Am Duerf","wikidata":null,"wikipedia":null,"tags":{"amenity":"arts_centre","building":"public","name":"Am Duerf","wheelchair":"yes"}}},{"type":"Feature","id":"way/243623706","geometry":{"type":"Point","coordinates":[6.2172965,49.7025649]},"properties":{"osm_type":"way","osm_id":243623706,"category":"castle","name":"Château de Bourglinster","wikidata":"Q4950162","wikipedia":"en:Bourglinster Castle","tags":{"building":"yes","historic":"castle","name":"Château de Bourglinster","name:de":"Schloss Burglinster","name:en":"Bourglinster Castle","name:fr":"Château de Bourglinster","name:lb":"Schlass Buerglënster","website":"https://www.visitluxembourg.com/en/place/castle/bourglinster-castle","wheelchair":"no","wikidata":"Q4950162","wikipedia":"en:Bourglinster Castle"}}},{"type":"Feature","id":"way/245989690","geometry":{"type":"Point","coordinates":[5.9842249,50.1445573]},"properties":{"osm_type":"way","osm_id":245989690,"category":"historic","name":"Fréier Molkerei","wikidata":null,"wikipedia":null,"tags":{"addr:city":"Basbellain","addr:country":"LU","addr:housenumber":"7","addr:postcode":"9942","addr:street":"Schmänneweeg","building":"yes","historic":"dairy","name":"Fréier Molkerei"}}},{"type":"Feature","id":"way/248051338","geometry":{"type":"Point","coordinates":[6.0079389,49.6738631]},"properties":{"osm_type":"way","osm_id":248051338,"category":"museum","name":"Ausgriewermusee","wikidata":null,"wikipedia":null,"tags":{"addr:city":"Nospelt","addr:country":"LU","addr:housenumber":"2","addr:postcode":"8392","addr:street":"Rue d'Olm","building":"yes","name":"Ausgriewermusee","operator":"D'Georges Kayser Altertumsfuerscher","tourism":"museum","website":"https://gka.lu/"}}},{"type":"Feature","id":"way/252893558","geometry":{"type":"Point","coordinates":[6.2593875,49.53927]},"properties":{"osm_type":"way","osm_id":252893558,"category":"historic","name":"Dräikantonstrooss","wikidata":null,"wikipedia":null,"tags":{"historic":"roman_road","name":"Dräikantonstrooss","name:fr":"Route des Trois Cantons","name:lb":"Dräikantonstrooss"}}},{"type":"Feature","id":"way/252929694","geometry":{"type":"Point","coordinates":[6.2546229,49.5353179]},"properties":{"osm_type":"way","osm_id":252929694,"category":"historic","name":"Via Agrippa","wikidata":null,"wikipedia":null,"tags":{"historic":"roman_road","name":"Via Agrippa"}}},{"type":"Feature","id":"way/257105298","geometry":{"type":"Point","coordinates":[6.2164701,49.7022646]},"properties":{"osm_type":"way","osm_id":257105298,"category":"arts_centre","name":"Old barns/stables. Now art workshops","wikidata":null,"wikipedia":null,"tags":{"amenity":"arts_centre","building":"yes","name":"Old barns/stables. Now art workshops"}}},{"type":"Feature","id":"way/257168287","geometry":{"type":"Point","coordinates":[6.438035,49.6734158]},"properties":{"osm_type":"way","osm_id":257168287,"category":"historic","name":"Machera","wikidata":null,"wikipedia":null,"tags":{"historic":"ship","name":"Machera","tourism":"attraction"}}},{"type":"Feature","id":"way/257355244","geometry":{"type":"Point","coordinates":[6.2728117,49.7026896]},"properties":{"osm_type":"way","osm_id":257355244,"category":"castle","name":"Château de Weymerich","wikidata":"Q99036329","wikipedia":"lb:Schlass Weimerech","tags":{"historic":"castle","name":"Château de Weymerich","name:fr":"Château de Weymerich","name:lb":"Schlass Weymerich","wikidata":"Q99036329","wikipedia":"lb:Schlass Weimerech"}}},{"type":"Feature","id":"way/258794418","geometry":{"type":"Point","coordinates":[6.1985168,49.543119]},"properties":{"osm_type":"way","osm_id":258794418,"category":"tower","name":"Tuerm","wikidata":null,"wikipedia":null,"tags":{"building":"yes","historic":"tower","name":"Tuerm","tourism":"attraction","wheelchair":"no"}}},{"type":"Feature","id":"way/258824839","geometry":{"type":"Point","coordinates":[5.9773215,50.156158]},"properties":{"osm_type":"way","osm_id":258824839,"category":"arts_centre","name":"Centre Culturel","wikidata":null,"wikipedia":null,"tags":{"addr:city":"Hautbellain","addr:country":"LU","addr:housenumber":"1","addr:postcode":"9943","addr:street":"Schullweeg","amenity":"arts_centre","building":"public","name":"Centre Culturel"}}},{"type":"Feature","id":"way/277845161","geometry":{"type":"Point","coordinates":[6.3684631,49.5640175]},"properties":{"osm_type":"way","osm_id":277845161,"category":"historic","name":"An der Tourelle","wikidata":null,"wikipedia":null,"tags":{"addr:city":"Stadtbredimus","addr:country":"LU","addr:housenumber":"12","addr:postcode":"5450","addr:street":"Wäistrooss","amenity":"restaurant","building":"amenity","email":"info@tourelle.lu","historic":"yes","name":"An der Tourelle","opening_hours":"Th-Mo 11:30-14:00,18:00-21:00","phone":"+352 23 69 85 11","website":"https://www.tourelle.lu/"}}},{"type":"Feature","id":"way/279492897","geometry":{"type":"Point","coordinates":[5.8354609,49.5239411]},"properties":{"osm_type":"way","osm_id":279492897,"category":"museum","name":"Espace Muséologique","wikidata":null,"wikipedia":null,"tags":{"building":"yes","email":"info@fond-de-gras.lu","name":"Espace Muséologique","opening_hours":"May-Sep Su 14:00-18:00","phone":"+352 26 50 41 24","tourism":"museum","website":"http://www.fond-de-gras.lu","wheelchair":"yes"}}},{"type":"Feature","id":"way/279492901","geometry":{"type":"Point","coordinates":[5.8378651,49.5263051]},"properties":{"osm_type":"way","osm_id":279492901,"category":"museum","name":"Musée Eugène Pesch","wikidata":null,"wikipedia":"lb:Musée Eugène-Pesch","tags":{"addr:city":"Lasauvage","addr:housenumber":"88","addr:postcode":"4698","addr:street":"Rue Principale","building":"yes","email":"info@fond-de-gras.lu","name":"Musée Eugène Pesch","opening_hours":"May-Sep Su 14:00-18:00","phone":"+352 26 50 41 24","tourism":"museum","website":"http://www.fond-de-gras.lu","wikipedia":"lb:Musée Eugène-Pesch"}}},{"type":"Feature","id":"way/281440032","geometry":{"type":"Point","coordinates":[5.9169437,49.5185303]},"properties":{"osm_type":"way","osm_id":281440032,"category":"arts_centre","name":"Oeuvres paroissiales","wikidata":null,"wikipedia":null,"tags":{"addr:city":"Soleuvre","addr:housenumber":"49A","addr:postcode":"4405","addr:street":"Rue Pierre Neiertz","amenity":"arts_centre","name":"Oeuvres paroissiales"}}},{"type":"Feature","id":"way/282940801","geometry":{"type":"Point","coordinates":[6.0038063,49.4982695]},"properties":{"osm_type":"way","osm_id":282940801,"category":"historic","name":"Roude Wee","wikidata":null,"wikipedia":null,"tags":{"historic":"roman_road","name":"Roude Wee","name:fr":"Allée Rouge","name:lb":"Roude Wee"}}},{"type":"Feature","id":"way/288079952","geometry":{"type":"Point","coordinates":[6.1192742,49.7953245]},"properties":{"osm_type":"way","osm_id":288079952,"category":"historic","name":"Gare de Cruchten","wikidata":null,"wikipedia":"lb:Gare Kruuchten","tags":{"addr:city":"Cruchten","addr:country":"LU","addr:housenumber":"1","addr:postcode":"7420","addr:street":"Rue de la Gare","building":"yes","historic":"railway_station","name":"Gare de Cruchten","website":"https://www.cfl.lu/espaces/voyageurs/fr/gares-et-services/nos-gares/cruchten","wikipedia":"lb:Gare Kruuchten"}}},{"type":"Feature","id":"way/288961733","geometry":{"type":"Point","coordinates":[5.8940132,49.5149466]},"properties":{"osm_type":"way","osm_id":288961733,"category":"arts_centre","name":"Centre culturel Marcel Noppeney","wikidata":null,"wikipedia":null,"tags":{"addr:city":"Oberkorn","addr:country":"LU","addr:housenumber":"212","addr:postcode":"4531","addr:street":"Avenue Charlotte","amenity":"arts_centre","building":"yes","email":"culture@differdange.lu","name":"Centre culturel Marcel Noppeney","operator":"Ville de Differdange","phone":"+352 58 40 34 - 1","website":"https://www.differdange.lu/","wheelchair":"yes"}}},{"type":"Feature","id":"way/292433701","geometry":{"type":"Point","coordinates":[5.9428912,49.757255]},"properties":{"osm_type":"way","osm_id":292433701,"category":"archaeological_site","name":"Villa romaine","wikidata":null,"wikipedia":null,"tags":{"historic":"archaeological_site","name":"Villa romaine"}}},{"type":"Feature","id":"way/294357960","geometry":{"type":"Point","coordinates":[5.9481473,49.5021856]},"properties":{"osm_type":"way","osm_id":294357960,"category":"historic","name":"Haut fourneau B","wikidata":null,"wikipedia":null,"tags":{"building":"yes","heritage":"yes","historic":"building","name":"Haut fourneau B","name:de":"Hochofen B","name:en":"Blast furnace B"}}},{"type":"Feature","id":"way/294357963","geometry":{"type":"Point","coordinates":[5.9480806,49.5012205]},"properties":{"osm_type":"way","osm_id":294357963,"category":"historic","name":"Haut fourneau A","wikidata":null,"wikipedia":null,"tags":{"building":"industrial","historic":"technical_monument","name":"Haut fourneau A","name:de":"Hochofen A","name:en":"Blast furnace A","tourism":"attraction"}}},{"type":"Feature","id":"way/294499931","geometry":{"type":"Point","coordinates":[5.878699,49.5174428]},"properties":{"osm_type":"way","osm_id":294499931,"category":"museum","name":"Mine Grouwen","wikidata":null,"wikipedia":null,"tags":{"alt_name":"Mine Grôven","building":"yes","name":"Mine Grouwen","operator":"Ville de Differdange","tourism":"museum","website":"https://www.differdange.lu/"}}},{"type":"Feature","id":"way/294907664","geometry":{"type":"Point","coordinates":[6.2858109,49.833803]},"properties":{"osm_type":"way","osm_id":294907664,"category":"castle","name":"Schlass Beefort","wikidata":"Q13104958","wikipedia":"lb:Schlass Beefort","tags":{"addr:city":"Beaufort","addr:country":"LU","addr:housenumber":"24","addr:postcode":"6313","addr:street":"Rue du Château","building":"yes","historic":"castle","name":"Schlass Beefort","name:de":"Renaissanceschloss Beaufort","name:en":"Beaufort Renaissance Castle","name:fr":"Château Renaissance de Beaufort","name:lb":"Schlass Beefort","name:nl":"Renaissanceslot Beaufort","ruins":"no","tourism":"attraction","wikidata":"Q13104958","wikipedia":"lb:Schlass Beefort"}}},{"type":"Feature","id":"way/295141845","geometry":{"type":"Point","coordinates":[6.206168,49.6766117]},"properties":{"osm_type":"way","osm_id":295141845,"category":"historic","name":"Ancienne voie celtique Killwee","wikidata":null,"wikipedia":null,"tags":{"historic":"yes","name":"Ancienne voie celtique Killwee"}}},{"type":"Feature","id":"way/295171507","geometry":{"type":"Point","coordinates":[5.842211,49.5535698]},"properties":{"osm_type":"way","osm_id":295171507,"category":"historic","name":"Rue de l'Industrie","wikidata":null,"wikipedia":null,"tags":{"historic":"roman_road","name":"Rue de l'Industrie"}}},{"type":"Feature","id":"way/295171508","geometry":{"type":"Point","coordinates":[5.842341,49.55297]},"properties":{"osm_type":"way","osm_id":295171508,"category":"historic","name":"Rue de l'Industrie","wikidata":null,"wikipedia":null,"tags":{"historic":"roman_road","name":"Rue de l'Industrie"}}},{"type":"Feature","id":"way/295664303","geometry":{"type":"Point","coordinates":[6.1615869,49.8689085]},"properties":{"osm_type":"way","osm_id":295664303,"category":"museum","name":"Musée d'Histoire(s) de la ville de Diekirch","wikidata":null,"wikipedia":null,"tags":{"building":"yes","name":"Musée d'Histoire(s) de la ville de Diekirch","opening_hours":"Tu-Su 10:00-18:00","tourism":"museum"}}},{"type":"Feature","id":"way/302309856","geometry":{"type":"Point","coordinates":[6.4490536,49.6833103]},"properties":{"osm_type":"way","osm_id":302309856,"category":"museum","name":"Kulturhuef","wikidata":null,"wikipedia":null,"tags":{"building":"yes","name":"Kulturhuef","tourism":"museum","website":"https://www.kulturhuef.lu/de/","wheelchair":"yes"}}},{"type":"Feature","id":"way/306126606","geometry":{"type":"Point","coordinates":[5.9803045,49.7681975]},"properties":{"osm_type":"way","osm_id":306126606,"category":"castle","name":"Château d'Useldange","wikidata":"Q1014354","wikipedia":"lb:Buerg Useldeng","tags":{"historic":"castle","name":"Château d'Useldange","name:de":"Burg Useldingen","ruins":"yes","tourism":"attraction","wheelchair":"yes","wikidata":"Q1014354","wikipedia":"lb:Buerg Useldeng"}}},{"type":"Feature","id":"way/311047072","geometry":{"type":"Point","coordinates":[6.0036534,49.4977106]},"properties":{"osm_type":"way","osm_id":311047072,"category":"historic","name":"Roude Wee","wikidata":null,"wikipedia":null,"tags":{"historic":"roman_road","name":"Roude Wee","name:fr":"Allée Rouge","name:lb":"Roude Wee"}}},{"type":"Feature","id":"way/312899604","geometry":{"type":"Point","coordinates":[5.9570866,49.8009428]},"properties":{"osm_type":"way","osm_id":312899604,"category":"historic","name":"Chapelle St Roch","wikidata":null,"wikipedia":null,"tags":{"amenity":"place_of_worship","building":"yes","historic":"yes","name":"Chapelle St Roch","religion":"christian"}}},{"type":"Feature","id":"way/312899656","geometry":{"type":"Point","coordinates":[5.9531985,49.7963728]},"properties":{"osm_type":"way","osm_id":312899656,"category":"museum","name":"Musée Michel Lucius","wikidata":null,"wikipedia":null,"tags":{"addr:city":"Reimberg","addr:country":"LU","addr:housenumber":"9","addr:postcode":"8614","addr:street":"Rue Docteur Lucius","building":"yes","name":"Musée Michel Lucius","tourism":"museum","website":"https://www.museemichellucius.lu/"}}},{"type":"Feature","id":"way/314299205","geometry":{"type":"Point","coordinates":[6.1031641,49.7478744]},"properties":{"osm_type":"way","osm_id":314299205,"category":"castle","name":"Administration communale","wikidata":"Q2409751","wikipedia":null,"tags":{"addr:city":"Mersch","addr:postcode":"7556","addr:street":"Place Saint-Michel","amenity":"townhall","building":"public","historic":"castle","name":"Administration communale","wheelchair":"limited","wikidata":"Q2409751"}}},{"type":"Feature","id":"way/315783989","geometry":{"type":"Point","coordinates":[6.1046825,49.7481394]},"properties":{"osm_type":"way","osm_id":315783989,"category":"arts_centre","name":"Mierscher Kulturhaus","wikidata":"Q16764175","wikipedia":"lb:Mierscher Kulturhaus","tags":{"addr:city":"Mersch","addr:country":"LU","addr:housenumber":"53","addr:postcode":"7520","addr:street":"Rue Grande-Duchesse Charlotte","amenity":"arts_centre","building":"public","name":"Mierscher Kulturhaus","website":"https://kulturhaus.lu","wikidata":"Q16764175","wikipedia":"lb:Mierscher Kulturhaus"}}},{"type":"Feature","id":"way/318095380","geometry":{"type":"Point","coordinates":[6.1169758,49.7796185]},"properties":{"osm_type":"way","osm_id":318095380,"category":"historic","name":null,"wikidata":"Q97254735","wikipedia":"lb:Essener Millen","tags":{"addr:city":"Essingen","addr:housenumber":"3","addr:postcode":"7424","building":"house","historic":"watermill","wikidata":"Q97254735","wikipedia":"lb:Essener Millen"}}},{"type":"Feature","id":"way/320774447","geometry":{"type":"Point","coordinates":[6.0971915,49.8820042]},"properties":{"osm_type":"way","osm_id":320774447,"category":"arts_centre","name":"Centre Culturel \"A Maesch\"","wikidata":null,"wikipedia":null,"tags":{"amenity":"arts_centre","building":"yes","name":"Centre Culturel \"A Maesch\"","website":"https://www.erpeldange.lu/"}}},{"type":"Feature","id":"way/325447988","geometry":{"type":"Point","coordinates":[6.2269202,49.7088143]},"properties":{"osm_type":"way","osm_id":325447988,"category":"historic","name":"Rennpad","wikidata":null,"wikipedia":null,"tags":{"historic":"yes","name":"Rennpad"}}},{"type":"Feature","id":"way/325449464","geometry":{"type":"Point","coordinates":[6.395466,49.6761659]},"properties":{"osm_type":"way","osm_id":325449464,"category":"historic","name":"Réimerwee","wikidata":null,"wikipedia":null,"tags":{"historic":"roman_road","name":"Réimerwee"}}},{"type":"Feature","id":"way/329062720","geometry":{"type":"Point","coordinates":[6.0228986,49.4608047]},"properties":{"osm_type":"way","osm_id":329062720,"category":"museum","name":"Musée national des Mines","wikidata":null,"wikipedia":null,"tags":{"addr:city":"Rumelange","addr:country":"LU","addr:housenumber":"3","addr:postcode":"3714","addr:street":"Carreau de la Mine Walert","building":"yes","name":"Musée national des Mines","opening_hours":"Apr-Jun,Sep Th-Su 14:00-18:00; Jun-Jul Tu-Su 14:00-18:00; \"For groups (at least 16 people): open in the whole year, also in the morning. Reservation requested.\"","tourism":"museum"}}},{"type":"Feature","id":"way/329276426","geometry":{"type":"Point","coordinates":[5.9004195,49.51374]},"properties":{"osm_type":"way","osm_id":329276426,"category":"arts_centre","name":"Espace H2O","wikidata":null,"wikipedia":"lb:Espace H2O","tags":{"addr:city":"Oberkorn","addr:country":"LU","addr:housenumber":"10","addr:postcode":"4658","addr:street":"Rue Rattem","amenity":"arts_centre","building":"yes","email":"agenda@differdange.lu","name":"Espace H2O","operator":"Ville de Differdange","start_date":"1912","website":"https://www.differdange.lu/","wheelchair":"yes","wikipedia":"lb:Espace H2O"}}},{"type":"Feature","id":"way/333443702","geometry":{"type":"Point","coordinates":[6.1441431,49.6607072]},"properties":{"osm_type":"way","osm_id":333443702,"category":"ruins","name":"Gipsminen Walferdingen","wikidata":null,"wikipedia":null,"tags":{"historic":"ruins","name":"Gipsminen Walferdingen"}}},{"type":"Feature","id":"way/341146125","geometry":{"type":"Point","coordinates":[6.2568353,49.5871116]},"properties":{"osm_type":"way","osm_id":341146125,"category":"arts_centre","name":"Centre Culturel Moutfort","wikidata":null,"wikipedia":null,"tags":{"addr:city":"Moutfort","addr:housenumber":"1B","addr:postcode":"5335","addr:street":"Rue de Medingen","amenity":"arts_centre","building":"yes","name":"Centre Culturel Moutfort"}}},{"type":"Feature","id":"way/341456590","geometry":{"type":"Point","coordinates":[6.0164456,49.4619872]},"properties":{"osm_type":"way","osm_id":341456590,"category":"ruins","name":"Polverhaischen","wikidata":null,"wikipedia":null,"tags":{"historic":"ruins","name":"Polverhaischen"}}},{"type":"Feature","id":"way/355202814","geometry":{"type":"Point","coordinates":[6.0660533,49.4801791]},"properties":{"osm_type":"way","osm_id":355202814,"category":"historic","name":"Ancien Crassier Weich","wikidata":null,"wikipedia":null,"tags":{"historic":"yes","name":"Ancien Crassier Weich","website":"https://www.industrie.lu/arbeddudelangecrassier.html"}}},{"type":"Feature","id":"way/361561549","geometry":{"type":"Point","coordinates":[5.8419156,49.5546842]},"properties":{"osm_type":"way","osm_id":361561549,"category":"historic","name":"Rue de Rodange","wikidata":null,"wikipedia":null,"tags":{"historic":"roman_road","name":"Rue de Rodange"}}},{"type":"Feature","id":"way/365612056","geometry":{"type":"Point","coordinates":[6.3076479,49.7936809]},"properties":{"osm_type":"way","osm_id":365612056,"category":"castle","name":"Heringerbuerg","wikidata":"Q17322245","wikipedia":"de:Heringerburg","tags":{"building":"ruins","historic":"castle","name":"Heringerbuerg","name:de":"Heringerburg","wikidata":"Q17322245","wikipedia":"de:Heringerburg"}}},{"type":"Feature","id":"way/366555754","geometry":{"type":"Point","coordinates":[6.0599286,49.4904903]},"properties":{"osm_type":"way","osm_id":366555754,"category":"castle","name":null,"wikidata":"Q3029261","wikipedia":"lb:Gehaansbierg","tags":{"building":"ruins","historic":"castle","tourism":"attraction","wikidata":"Q3029261","wikipedia":"lb:Gehaansbierg"}}},{"type":"Feature","id":"way/367801796","geometry":{"type":"Point","coordinates":[5.8407125,49.5395033]},"properties":{"osm_type":"way","osm_id":367801796,"category":"historic","name":"Rue Joseph Philippart","wikidata":null,"wikipedia":null,"tags":{"historic":"roman_road","name":"Rue Joseph Philippart","name:etymology:wikidata":"Q20559171"}}},{"type":"Feature","id":"way/367801797","geometry":{"type":"Point","coordinates":[5.8410238,49.540227]},"properties":{"osm_type":"way","osm_id":367801797,"category":"historic","name":"Rue Joseph Philippart","wikidata":null,"wikipedia":null,"tags":{"historic":"roman_road","name":"Rue Joseph Philippart","name:etymology:wikidata":"Q20559171"}}},{"type":"Feature","id":"way/367801799","geometry":{"type":"Point","coordinates":[5.8407903,49.539009]},"properties":{"osm_type":"way","osm_id":367801799,"category":"historic","name":"Rue de Lasauvage","wikidata":null,"wikipedia":null,"tags":{"historic":"roman_road","name":"Rue de Lasauvage"}}},{"type":"Feature","id":"way/369978923","geometry":{"type":"Point","coordinates":[5.9259844,49.5432711]},"properties":{"osm_type":"way","osm_id":369978923,"category":"castle","name":"Château de Sanem","wikidata":"Q7417572","wikipedia":"lb:Schlass Suessem","tags":{"building":"yes","historic":"castle","name":"Château de Sanem","wikidata":"Q7417572","wikipedia":"lb:Schlass Suessem"}}},{"type":"Feature","id":"way/371189368","geometry":{"type":"Point","coordinates":[6.1236881,49.6100244]},"properties":{"osm_type":"way","osm_id":371189368,"category":"ruins","name":"Caponière du fort Lambert","wikidata":null,"wikipedia":null,"tags":{"building":"yes","historic":"ruins","name":"Caponière du fort Lambert"}}},{"type":"Feature","id":"way/371476156","geometry":{"type":"Point","coordinates":[5.8493422,49.5899842]},"properties":{"osm_type":"way","osm_id":371476156,"category":"historic","name":"Impasse du Ruisseau","wikidata":null,"wikipedia":null,"tags":{"historic":"roman_road","name":"Impasse du Ruisseau"}}},{"type":"Feature","id":"way/372060971","geometry":{"type":"Point","coordinates":[6.1177987,49.529684]},"properties":{"osm_type":"way","osm_id":372060971,"category":"historic","name":"Rue de la Chapelle","wikidata":null,"wikipedia":null,"tags":{"historic":"roman_road","name":"Rue de la Chapelle"}}},{"type":"Feature","id":"way/385668313","geometry":{"type":"Point","coordinates":[6.1480284,49.6664909]},"properties":{"osm_type":"way","osm_id":385668313,"category":"archaeological_site","name":"Raschpetzer","wikidata":null,"wikipedia":null,"tags":{"historic":"archaeological_site","name":"Raschpetzer","opening_hours":"Apr-Oct: Su 14:30-17:30"}}},{"type":"Feature","id":"way/389260860","geometry":{"type":"Point","coordinates":[6.0499933,49.6110288]},"properties":{"osm_type":"way","osm_id":389260860,"category":"historic","name":"Schauwenburg","wikidata":"Q7431017","wikipedia":null,"tags":{"addr:city":"Bertrange","addr:housenumber":"7","addr:postcode":"8058","addr:street":"Beim Schlass","building":"yes","historic":"building","name":"Schauwenburg","wikidata":"Q7431017"}}},{"type":"Feature","id":"way/396030841","geometry":{"type":"Point","coordinates":[6.3132803,49.5516243]},"properties":{"osm_type":"way","osm_id":396030841,"category":"historic","name":"Lokalveräin","wikidata":null,"wikipedia":null,"tags":{"building":"yes","historic":"building","name":"Lokalveräin"}}},{"type":"Feature","id":"way/398941813","geometry":{"type":"Point","coordinates":[5.9777499,49.4914184]},"properties":{"osm_type":"way","osm_id":398941813,"category":"heritage","name":"Maison des Jeunes et de la Culture","wikidata":null,"wikipedia":null,"tags":{"building":"public","historic":"heritage","name":"Maison des Jeunes et de la Culture"}}},{"type":"Feature","id":"way/399626457","geometry":{"type":"Point","coordinates":[6.2623161,49.5873617]},"properties":{"osm_type":"way","osm_id":399626457,"category":"historic","name":"Kiem","wikidata":null,"wikipedia":null,"tags":{"historic":"roman_road","name":"Kiem"}}},{"type":"Feature","id":"way/407224760","geometry":{"type":"Point","coordinates":[6.4121124,49.8044185]},"properties":{"osm_type":"way","osm_id":407224760,"category":"museum","name":"Villa Romana","wikidata":"Q13104923","wikipedia":"lb:Réimesch Villa zu Iechternach","tags":{"historic":"archaeological_site","name":"Villa Romana","opening_hours":"Apr-Sep: Tu-Su 10:00-12:00,13:00-17:00","phone":"+3524793301","tourism":"museum","website":"https://www.mnha.lu/","wheelchair":"limited","wikidata":"Q13104923","wikipedia":"lb:Réimesch Villa zu Iechternach"}}},{"type":"Feature","id":"way/409736579","geometry":{"type":"Point","coordinates":[6.1298617,49.6128063]},"properties":{"osm_type":"way","osm_id":409736579,"category":"theatre","name":"Théâtre des Capucins","wikidata":null,"wikipedia":null,"tags":{"amenity":"theatre","building":"yes","name":"Théâtre des Capucins","name:de":"Kapuzinertheater","name:lb":"Kapuzinertheater"}}},{"type":"Feature","id":"way/409736580","geometry":{"type":"Point","coordinates":[6.1299035,49.6127474]},"properties":{"osm_type":"way","osm_id":409736580,"category":"theatre","name":"Théâtre des Capucins","wikidata":null,"wikipedia":null,"tags":{"amenity":"theatre","building":"yes","name":"Théâtre des Capucins","name:de":"Kapuzinertheater","name:lb":"Kapuzinertheater","wheelchair":"limited"}}},{"type":"Feature","id":"way/410884339","geometry":{"type":"Point","coordinates":[6.13999,49.9110001]},"properties":{"osm_type":"way","osm_id":410884339,"category":"historic","name":"Muttergottes-Kapell Branebuerg","wikidata":"Q20573195","wikipedia":"lb:Kapell Branebuerg","tags":{"amenity":"place_of_worship","building":"chapel","denomination":"catholic","historic":"yes","name":"Muttergottes-Kapell Branebuerg","religion":"christian","wikidata":"Q20573195","wikipedia":"lb:Kapell Branebuerg"}}},{"type":"Feature","id":"way/410917158","geometry":{"type":"Point","coordinates":[6.1376508,49.9128789]},"properties":{"osm_type":"way","osm_id":410917158,"category":"castle","name":"Buerg Branebuerg","wikidata":"Q3913561","wikipedia":"lb:Buerg Branebuerg","tags":{"historic":"castle","image":"https://upload.wikimedia.org/wikipedia/commons/b/bd/Brandenbourg_Castle_01_Luxembourg.jpg","name":"Buerg Branebuerg","name:ca":"castell de Brandenburg","name:de":"Burg Brandenbourg","name:en":"Brandenbourg Castle","name:es":"Castillo de Brandenburgo","name:fr":"Chatêau de Brandenbourg","name:lb":"Buerg Branebuerg","ruins":"yes","wikidata":"Q3913561","wikipedia":"lb:Buerg Branebuerg"}}},{"type":"Feature","id":"way/412707289","geometry":{"type":"Point","coordinates":[6.2350237,49.6495114]},"properties":{"osm_type":"way","osm_id":412707289,"category":"historic","name":"1911","wikidata":null,"wikipedia":null,"tags":{"amenity":"place_of_worship","building":"chapel","historic":"wayside_chapel","name":"1911","religion":"christian"}}},{"type":"Feature","id":"way/414575239","geometry":{"type":"Point","coordinates":[6.1132228,49.5071396]},"properties":{"osm_type":"way","osm_id":414575239,"category":"historic","name":"Zone d'Activité Économique Wolser F","wikidata":null,"wikipedia":null,"tags":{"historic":"roman_road","name":"Zone d'Activité Économique Wolser F"}}},{"type":"Feature","id":"way/416435130","geometry":{"type":"Point","coordinates":[6.0076241,49.6751694]},"properties":{"osm_type":"way","osm_id":416435130,"category":"museum","name":"Musée de la Poterie","wikidata":null,"wikipedia":null,"tags":{"building":"yes","name":"Musée de la Poterie","operator":"Syndicat d'Initiative Nouspelt","tourism":"museum"}}},{"type":"Feature","id":"way/417505886","geometry":{"type":"Point","coordinates":[6.3585623,49.8156443]},"properties":{"osm_type":"way","osm_id":417505886,"category":"theatre","name":"Amphithéatre Breechkaul","wikidata":null,"wikipedia":null,"tags":{"amenity":"theatre","name":"Amphithéatre Breechkaul","tourism":"attraction"}}},{"type":"Feature","id":"way/419833854","geometry":{"type":"Point","coordinates":[6.1074519,49.4807317]},"properties":{"osm_type":"way","osm_id":419833854,"category":"historic","name":"Um Tunnel","wikidata":null,"wikipedia":null,"tags":{"historic":"roman_road","name":"Um Tunnel"}}},{"type":"Feature","id":"way/423420735","geometry":{"type":"Point","coordinates":[6.0402131,49.5234148]},"properties":{"osm_type":"way","osm_id":423420735,"category":"arts_centre","name":"Beim Nessert","wikidata":null,"wikipedia":null,"tags":{"addr:city":"Bergem","addr:housenumber":"14","addr:postcode":"3316","addr:street":"Rue de Schifflange","amenity":"arts_centre","building":"yes","name":"Beim Nessert"}}},{"type":"Feature","id":"way/424582818","geometry":{"type":"Point","coordinates":[5.9792591,49.6784434]},"properties":{"osm_type":"way","osm_id":424582818,"category":"archaeological_site","name":"Bâtiment 3","wikidata":null,"wikipedia":null,"tags":{"historic":"archaeological_site","name":"Bâtiment 3"}}},{"type":"Feature","id":"way/424582823","geometry":{"type":"Point","coordinates":[5.9798444,49.6778068]},"properties":{"osm_type":"way","osm_id":424582823,"category":"archaeological_site","name":"Bâtiment 4","wikidata":null,"wikipedia":null,"tags":{"historic":"archaeological_site","name":"Bâtiment 4"}}},{"type":"Feature","id":"way/424582825","geometry":{"type":"Point","coordinates":[5.9805401,49.6782541]},"properties":{"osm_type":"way","osm_id":424582825,"category":"archaeological_site","name":"Bâtiment 5","wikidata":null,"wikipedia":null,"tags":{"historic":"archaeological_site","name":"Bâtiment 5"}}},{"type":"Feature","id":"way/426571991","geometry":{"type":"Point","coordinates":[5.8258536,49.7594184]},"properties":{"osm_type":"way","osm_id":426571991,"category":"castle","name":"Château de Colpach","wikidata":"Q5149278","wikipedia":null,"tags":{"addr:city":"Colpach-Bas","addr:housenumber":"2","addr:postcode":"8527","addr:street":"Am Schlasspark","building":"yes","historic":"castle","name":"Château de Colpach","wikidata":"Q5149278"}}},{"type":"Feature","id":"way/426608406","geometry":{"type":"Point","coordinates":[5.8237956,49.7604577]},"properties":{"osm_type":"way","osm_id":426608406,"category":"historic","name":"Manège","wikidata":null,"wikipedia":null,"tags":{"addr:city":"Colpach-Bas","addr:housenumber":"3","addr:postcode":"8527","addr:street":"Am Schlasspark","building":"roof","historic":"building","name":"Manège"}}},{"type":"Feature","id":"way/433292572","geometry":{"type":"Point","coordinates":[6.1325713,49.6160047]},"properties":{"osm_type":"way","osm_id":433292572,"category":"historic","name":"Lavoir Kneipp","wikidata":null,"wikipedia":null,"tags":{"historic":"yes","name":"Lavoir Kneipp"}}},{"type":"Feature","id":"way/439342101","geometry":{"type":"Point","coordinates":[6.1275886,49.5230443]},"properties":{"osm_type":"way","osm_id":439342101,"category":"museum","name":"Musée de Calèche","wikidata":null,"wikipedia":null,"tags":{"building":"yes","name":"Musée de Calèche","tourism":"museum"}}},{"type":"Feature","id":"way/439354564","geometry":{"type":"Point","coordinates":[6.0932033,49.7196702]},"properties":{"osm_type":"way","osm_id":439354564,"category":"castle","name":"Château de Schoenfels","wikidata":"Q7431957","wikipedia":"lb:Schlass Schëndels","tags":{"historic":"castle","name":"Château de Schoenfels","name:de":"Schloss Schönfels","name:lb":"Schlass Schëndels","wikidata":"Q7431957","wikipedia":"lb:Schlass Schëndels"}}},{"type":"Feature","id":"way/439354566","geometry":{"type":"Point","coordinates":[6.0928815,49.7193503]},"properties":{"osm_type":"way","osm_id":439354566,"category":"castle","name":"Wehrturm Schlass Schëndels","wikidata":"Q7431957","wikipedia":"lb:Schlass Schëndels","tags":{"building":"yes","historic":"castle","name":"Wehrturm Schlass Schëndels","name:de":"Schloss Schönfels","name:lb":"Schlass Schëndels","wikidata":"Q7431957","wikipedia":"lb:Schlass Schëndels"}}},{"type":"Feature","id":"way/440083903","geometry":{"type":"Point","coordinates":[6.1199702,49.5298711]},"properties":{"osm_type":"way","osm_id":440083903,"category":"historic","name":"Rue de Bettembourg","wikidata":null,"wikipedia":null,"tags":{"historic":"roman_road","name":"Rue de Bettembourg","name:etymology:wikidata":"Q13101690"}}},{"type":"Feature","id":"way/444752793","geometry":{"type":"Point","coordinates":[6.1405696,49.6931685]},"properties":{"osm_type":"way","osm_id":444752793,"category":"arts_centre","name":"Centre culturel Helmdange","wikidata":null,"wikipedia":null,"tags":{"addr:city":"Helmdange","addr:country":"LU","addr:housenumber":"120","addr:postcode":"7373","addr:street":"Route de Luxembourg","amenity":"arts_centre","building":"yes","name":"Centre culturel Helmdange"}}},{"type":"Feature","id":"way/448046857","geometry":{"type":"Point","coordinates":[6.0792257,49.9055798]},"properties":{"osm_type":"way","osm_id":448046857,"category":"historic","name":"Buurschter Schlass","wikidata":"Q1011162","wikipedia":"en:Bourscheid Castle","tags":{"addr:city":"Bourscheid","addr:housenumber":"1","addr:postcode":"9140","building":"yes","historic":"yes","name":"Buurschter Schlass","name:fr":"Château de Bourscheid","name:lb":"Buurschter Schlass","wheelchair":"yes","wikidata":"Q1011162","wikipedia":"en:Bourscheid Castle"}}},{"type":"Feature","id":"way/453755292","geometry":{"type":"Point","coordinates":[6.1373315,49.615201]},"properties":{"osm_type":"way","osm_id":453755292,"category":"historic","name":"Fort \"Thüngen\", Courtine et bastions-sud ouest","wikidata":null,"wikipedia":null,"tags":{"historic":"citywalls","name":"Fort \"Thüngen\", Courtine et bastions-sud ouest"}}},{"type":"Feature","id":"way/458918210","geometry":{"type":"Point","coordinates":[6.4119014,49.8040108]},"properties":{"osm_type":"way","osm_id":458918210,"category":"museum","name":"Réimer Villa Echternach","wikidata":null,"wikipedia":null,"tags":{"addr:city":"Echternach","addr:postcode":"6478","building":"public","email":"reimervilla@mnaha.etat.lu","name":"Réimer Villa Echternach","opening_hours":"\"Open from Easter until late September\": Tu-Su 10:00-12:00,13:00-17:00; Mo off","operator":"Musée national d'archéologie, d'histoire et d'art (MNAHA)","phone":"+325 26 86 98 01","tourism":"museum","website":"https://www.mnaha.lu/de/romische-villa-echternach"}}},{"type":"Feature","id":"way/458979819","geometry":{"type":"Point","coordinates":[6.1188557,49.5294555]},"properties":{"osm_type":"way","osm_id":458979819,"category":"historic","name":"Rue de Bettembourg","wikidata":null,"wikipedia":null,"tags":{"historic":"roman_road","name":"Rue de Bettembourg","name:etymology:wikidata":"Q13101690"}}},{"type":"Feature","id":"way/458979820","geometry":{"type":"Point","coordinates":[6.1184887,49.529105]},"properties":{"osm_type":"way","osm_id":458979820,"category":"historic","name":"Rue de Bettembourg","wikidata":null,"wikipedia":null,"tags":{"historic":"roman_road","name":"Rue de Bettembourg","name:etymology:wikidata":"Q13101690"}}},{"type":"Feature","id":"way/460848055","geometry":{"type":"Point","coordinates":[6.0115745,49.5063232]},"properties":{"osm_type":"way","osm_id":460848055,"category":"memorial","name":"A nos victimes de la guerre 1940-1945, déportés, enrolés de force, prisoniers","wikidata":null,"wikipedia":null,"tags":{"historic":"memorial","name":"A nos victimes de la guerre 1940-1945, déportés, enrolés de force, prisoniers"}}},{"type":"Feature","id":"way/469977347","geometry":{"type":"Point","coordinates":[6.0464734,49.9506475]},"properties":{"osm_type":"way","osm_id":469977347,"category":"historic","name":"Friedboesch Bunker","wikidata":null,"wikipedia":null,"tags":{"building":"hut","historic":"building","name":"Friedboesch Bunker"}}},{"type":"Feature","id":"way/470394830","geometry":{"type":"Point","coordinates":[5.9471897,49.5015466]},"properties":{"osm_type":"way","osm_id":470394830,"category":"museum","name":"Möllerei","wikidata":null,"wikipedia":null,"tags":{"addr:city":"Esch-sur-Alzette","addr:housenumber":"6","addr:postcode":"4361","building":"yes","name":"Möllerei","opening_hours":"Mo-Su 10:00-19:00","tourism":"museum","website":"https://www.fonds-belval.lu"}}},{"type":"Feature","id":"way/471505812","geometry":{"type":"Point","coordinates":[6.1057023,49.5160442]},"properties":{"osm_type":"way","osm_id":471505812,"category":"historic","name":"Rue de la Montagne","wikidata":null,"wikipedia":null,"tags":{"historic":"roman_road","name":"Rue de la Montagne","name:lb":"Biergstrooss"}}},{"type":"Feature","id":"way/472814178","geometry":{"type":"Point","coordinates":[6.0553929,49.7157153]},"properties":{"osm_type":"way","osm_id":472814178,"category":"historic","name":"Didelbur","wikidata":null,"wikipedia":null,"tags":{"historic":"lavoir","name":"Didelbur"}}},{"type":"Feature","id":"way/472814345","geometry":{"type":"Point","coordinates":[6.0798065,49.7261763]},"properties":{"osm_type":"way","osm_id":472814345,"category":"archaeological_site","name":"Wichtelslee","wikidata":null,"wikipedia":null,"tags":{"historic":"archaeological_site","name":"Wichtelslee","website":"https://www.mersch.lu/media/db557681-f3c7-44e9-b58b-0b60e6a4348d/depliant-3-spuren-zeugnisse-en.pdf"}}},{"type":"Feature","id":"way/477169511","geometry":{"type":"Point","coordinates":[6.0996686,49.7101384]},"properties":{"osm_type":"way","osm_id":477169511,"category":"historic","name":"Al Schéiferei","wikidata":null,"wikipedia":null,"tags":{"building":"yes","historic":"building","name":"Al Schéiferei"}}},{"type":"Feature","id":"way/477251532","geometry":{"type":"Point","coordinates":[6.0010009,49.9385161]},"properties":{"osm_type":"way","osm_id":477251532,"category":"ruins","name":"Hide Out FEB/JUN 1944","wikidata":null,"wikipedia":null,"tags":{"building":"bunker","historic":"ruins","name":"Hide Out FEB/JUN 1944"}}},{"type":"Feature","id":"way/479506384","geometry":{"type":"Point","coordinates":[5.9504481,49.6695371]},"properties":{"osm_type":"way","osm_id":479506384,"category":"castle","name":"Koerich Castle","wikidata":null,"wikipedia":null,"tags":{"building":"ruins","historic":"castle","name":"Koerich Castle","tourism":"attraction","wheelchair":"limited"}}},{"type":"Feature","id":"way/480065004","geometry":{"type":"Point","coordinates":[6.2180446,49.7837936]},"properties":{"osm_type":"way","osm_id":480065004,"category":"castle","name":"Verluerekascht","wikidata":null,"wikipedia":null,"tags":{"building":"ruins","historic":"castle","name":"Verluerekascht"}}},{"type":"Feature","id":"way/483190208","geometry":{"type":"Point","coordinates":[6.2118393,49.6751382]},"properties":{"osm_type":"way","osm_id":483190208,"category":"historic","name":"Pavillon de chasse, 1890","wikidata":null,"wikipedia":null,"tags":{"amenity":"hunting_stand","building":"yes","historic":"yes","name":"Pavillon de chasse, 1890","name:en":"Octogonal hunting stand, 1890"}}},{"type":"Feature","id":"way/487497913","geometry":{"type":"Point","coordinates":[5.8673262,49.5352192]},"properties":{"osm_type":"way","osm_id":487497913,"category":"historic","name":"Gallo-romaine","wikidata":null,"wikipedia":null,"tags":{"historic":"yes","name":"Gallo-romaine"}}},{"type":"Feature","id":"way/498047187","geometry":{"type":"Point","coordinates":[6.1200971,49.5283127]},"properties":{"osm_type":"way","osm_id":498047187,"category":"historic","name":"Rue de Peppange","wikidata":null,"wikipedia":null,"tags":{"historic":"roman_road","name":"Rue de Peppange"}}},{"type":"Feature","id":"way/498050718","geometry":{"type":"Point","coordinates":[6.1164401,49.5303849]},"properties":{"osm_type":"way","osm_id":498050718,"category":"historic","name":"Rue Joseph Lentz","wikidata":null,"wikipedia":null,"tags":{"historic":"roman_road","name":"Rue Joseph Lentz"}}},{"type":"Feature","id":"way/501117967","geometry":{"type":"Point","coordinates":[6.3618914,49.4934621]},"properties":{"osm_type":"way","osm_id":501117967,"category":"museum","name":"Biodiversum","wikidata":"Q69681423","wikipedia":null,"tags":{"addr:city":"Remerschen","addr:housenumber":"5","addr:postcode":"5441","addr:street":"Bréicherwee","building":"yes","email":"biodiversum@anf.etat.lu","name":"Biodiversum","official_name":"Centre Nature et Forêt Biodiversum Camille Gira","opening_hours":"Tu-Su 10:00-18:00","phone":"24756531","tourism":"museum","website":"https://environnement.public.lu/fr/natur-erliewen/centres-d_accueil/biodiversum.html","wheelchair":"yes","wikidata":"Q69681423"}}},{"type":"Feature","id":"way/510260718","geometry":{"type":"Point","coordinates":[6.135239,49.6097444]},"properties":{"osm_type":"way","osm_id":510260718,"category":"heritage","name":"Luxembourg City: Old Quarters & Fortifications","wikidata":"Q278386","wikipedia":"en:Fortress of Luxembourg","tags":{"heritage":"1","image":"https://commons.wikimedia.org/wiki/File:Festungsplan.von.Luxemburg.jpg","name":"Luxembourg City: Old Quarters & Fortifications","name:de":"Luxemburg-Stadt: Altstadt & Festungen","name:fr":"Luxembourg Ville: Vieux quartiers & fortifications","opening_hours":"24/7","tourism":"attraction","website":"https://luxembourg.public.lu/fr/visiter/que-faire/art-et-culture/forteresse","wheelchair":"limited","wikidata":"Q278386","wikipedia":"en:Fortress of Luxembourg"}}},{"type":"Feature","id":"way/511807284","geometry":{"type":"Point","coordinates":[5.9395538,49.9667831]},"properties":{"osm_type":"way","osm_id":511807284,"category":"historic","name":"Tour aux sorcières","wikidata":null,"wikipedia":null,"tags":{"building":"yes","historic":"yes","name":"Tour aux sorcières"}}},{"type":"Feature","id":"way/512385982","geometry":{"type":"Point","coordinates":[6.2726159,49.7008667]},"properties":{"osm_type":"way","osm_id":512385982,"category":"memorial","name":"Monument aux victimes de la route","wikidata":null,"wikipedia":null,"tags":{"historic":"memorial","material":"stone","name":"Monument aux victimes de la route","operator":"Association nationale des Victimes de la Route","website":"https://avr.lu/avr/gedenkstaette/"}}},{"type":"Feature","id":"way/522465725","geometry":{"type":"Point","coordinates":[6.1850242,49.6918618]},"properties":{"osm_type":"way","osm_id":522465725,"category":"castle","name":"Eesebuerer Schlass","wikidata":"Q66759401","wikipedia":"lb:Eesebuerer Schlass","tags":{"addr:city":"Eisenborn","addr:housenumber":"1","addr:postcode":"6196","addr:street":"Rue de la Forêt","building":"yes","historic":"castle","name":"Eesebuerer Schlass","name:de":"Eisenborner Schloss","name:en":"Eisenborn Castle","name:fr":"Château d'Eisenborn","name:lb":"Eesebuerer Schlass","wikidata":"Q66759401","wikipedia":"lb:Eesebuerer Schlass"}}},{"type":"Feature","id":"way/525620798","geometry":{"type":"Point","coordinates":[6.2081636,49.7328564]},"properties":{"osm_type":"way","osm_id":525620798,"category":"castle","name":null,"wikidata":"Q62422415","wikipedia":"lb:Schlass Kéideng","tags":{"addr:city":"Koedange","addr:country":"LU","addr:postcode":"6155","building":"house","historic":"castle","wikidata":"Q62422415","wikipedia":"lb:Schlass Kéideng"}}},{"type":"Feature","id":"way/532422269","geometry":{"type":"Point","coordinates":[5.9398723,49.5142417]},"properties":{"osm_type":"way","osm_id":532422269,"category":"arts_centre","name":"Centre Culturel","wikidata":null,"wikipedia":null,"tags":{"addr:city":"Belvaux","addr:housenumber":"62","addr:postcode":"4407","addr:street":"Rue Sigefroi","amenity":"arts_centre","name":"Centre Culturel"}}},{"type":"Feature","id":"way/540159071","geometry":{"type":"Point","coordinates":[6.1135269,49.6766943]},"properties":{"osm_type":"way","osm_id":540159071,"category":"archaeological_site","name":"Sanctuaire du Dieu Cerunincus","wikidata":null,"wikipedia":null,"tags":{"building":"ruins","historic":"archaeological_site","name":"Sanctuaire du Dieu Cerunincus"}}},{"type":"Feature","id":"way/546345995","geometry":{"type":"Point","coordinates":[6.1372905,49.6117914]},"properties":{"osm_type":"way","osm_id":546345995,"category":"fort","name":null,"wikidata":"Q125561209","wikipedia":null,"tags":{"building":"historic","historic":"fort","wikidata":"Q125561209"}}},{"type":"Feature","id":"way/546408800","geometry":{"type":"Point","coordinates":[6.1455246,49.6149781]},"properties":{"osm_type":"way","osm_id":546408800,"category":"historic","name":"Entrée Château de Mansfeld","wikidata":null,"wikipedia":null,"tags":{"building":"yes","historic":"yes","name":"Entrée Château de Mansfeld"}}},{"type":"Feature","id":"way/547913339","geometry":{"type":"Point","coordinates":[6.1356673,49.6147243]},"properties":{"osm_type":"way","osm_id":547913339,"category":"ruins","name":"Pulverdepot Fort Obergrünwald","wikidata":null,"wikipedia":null,"tags":{"building":"ruins","historic":"ruins","name":"Pulverdepot Fort Obergrünwald"}}},{"type":"Feature","id":"way/547913359","geometry":{"type":"Point","coordinates":[6.1369233,49.6156578]},"properties":{"osm_type":"way","osm_id":547913359,"category":"historic","name":"Spueneschen Tiermchen","wikidata":null,"wikipedia":"lb:Spueneschen Tiermchen","tags":{"historic":"citywalls","name":"Spueneschen Tiermchen","name:en":"Spanish Tower","name:fr":"Échauguette espagnole","name:lb":"Spueneschen Tiermchen","wikipedia":"lb:Spueneschen Tiermchen"}}},{"type":"Feature","id":"way/557327264","geometry":{"type":"Point","coordinates":[6.1271528,49.6096552]},"properties":{"osm_type":"way","osm_id":557327264,"category":"gallery","name":"Casino Luxembourg","wikidata":null,"wikipedia":null,"tags":{"addr:city":"Luxembourg","addr:country":"LU","addr:housenumber":"41","addr:postcode":"2345","addr:street":"Rue Notre-Dame","building":"yes","name":"Casino Luxembourg","tourism":"gallery","wheelchair":"no"}}},{"type":"Feature","id":"way/557439278","geometry":{"type":"Point","coordinates":[6.2052638,49.9330195]},"properties":{"osm_type":"way","osm_id":557439278,"category":"historic","name":"Sodalitéitskapell","wikidata":"Q13105064","wikipedia":"lb:Sodalitéitskapell zu Veianen","tags":{"building":"chapel","historic":"yes","name":"Sodalitéitskapell","name:de":"Sodalitätskapelle","name:en":"Sodality chapel","name:fr":"Chapelle de la Sodalité","name:lb":"Sodalitéitskapell","wikidata":"Q13105064","wikipedia":"lb:Sodalitéitskapell zu Veianen"}}},{"type":"Feature","id":"way/572492447","geometry":{"type":"Point","coordinates":[5.8752822,49.9034941]},"properties":{"osm_type":"way","osm_id":572492447,"category":"historic","name":"Pont de Liefrange","wikidata":null,"wikipedia":null,"tags":{"historic":"bridge","name":"Pont de Liefrange","ruins":"yes"}}},{"type":"Feature","id":"way/572492448","geometry":{"type":"Point","coordinates":[5.8802876,49.9031431]},"properties":{"osm_type":"way","osm_id":572492448,"category":"historic","name":"Grand pont d'Insenborn","wikidata":null,"wikipedia":null,"tags":{"historic":"bridge","name":"Grand pont d'Insenborn","ruins":"yes"}}},{"type":"Feature","id":"way/572492449","geometry":{"type":"Point","coordinates":[5.8845829,49.9062502]},"properties":{"osm_type":"way","osm_id":572492449,"category":"historic","name":"Petit pont d'Insemborn","wikidata":null,"wikipedia":null,"tags":{"historic":"bridge","name":"Petit pont d'Insemborn","ruins":"yes"}}},{"type":"Feature","id":"way/573112685","geometry":{"type":"Point","coordinates":[5.9409013,49.8597984]},"properties":{"osm_type":"way","osm_id":573112685,"category":"historic","name":"Jenne-Kapell","wikidata":null,"wikipedia":null,"tags":{"building":"yes","historic":"wayside_chapel","name":"Jenne-Kapell"}}},{"type":"Feature","id":"way/574539449","geometry":{"type":"Point","coordinates":[6.0455637,50.0755081]},"properties":{"osm_type":"way","osm_id":574539449,"category":"castle","name":"Schlass Ischpelt","wikidata":null,"wikipedia":"lb:Schlass Ischpelt","tags":{"addr:city":"Urspelt","addr:country":"LU","addr:housenumber":"1","addr:postcode":"9774","addr:street":"Am Schlass","alt_name":"Château d'Urspelt","building":"yes","historic":"castle","name":"Schlass Ischpelt","name:fr":"Château d'Urspelt","tourism":"hotel","wikipedia":"lb:Schlass Ischpelt"}}},{"type":"Feature","id":"way/585084734","geometry":{"type":"Point","coordinates":[6.1013024,49.8250006]},"properties":{"osm_type":"way","osm_id":585084734,"category":"archaeological_site","name":"Réimesch Villa zu Schieren","wikidata":null,"wikipedia":null,"tags":{"historic":"archaeological_site","name":"Réimesch Villa zu Schieren","name:de":"Römische Villa Schieren","name:en":"Roman Villa Schieren","name:fr":"Villa romaine de Schieren","name:lb":"Réimesch Villa zu Schieren"}}},{"type":"Feature","id":"way/609579351","geometry":{"type":"Point","coordinates":[5.9345268,49.9621925]},"properties":{"osm_type":"way","osm_id":609579351,"category":"arts_centre","name":"Brandbau","wikidata":null,"wikipedia":null,"tags":{"addr:city":"Wiltz","addr:housenumber":"2","addr:postcode":"9538","addr:street":"Gruberbeerig","amenity":"arts_centre","building":"public","name":"Brandbau"}}},{"type":"Feature","id":"way/609588060","geometry":{"type":"Point","coordinates":[5.923936,49.9792034]},"properties":{"osm_type":"way","osm_id":609588060,"category":"ruins","name":"Sanatorium Kaul, foundation ruins (1920s)","wikidata":null,"wikipedia":null,"tags":{"building":"ruins","historic":"ruins","name":"Sanatorium Kaul, foundation ruins (1920s)"}}},{"type":"Feature","id":"way/609588817","geometry":{"type":"Point","coordinates":[5.9340962,49.9666684]},"properties":{"osm_type":"way","osm_id":609588817,"category":"memorial","name":"Monument de la Grève","wikidata":null,"wikipedia":null,"tags":{"historic":"memorial","name":"Monument de la Grève"}}},{"type":"Feature","id":"way/614199750","geometry":{"type":"Point","coordinates":[6.0461465,49.6759984]},"properties":{"osm_type":"way","osm_id":614199750,"category":"heritage","name":"Allee um Quatre-Vents","wikidata":null,"wikipedia":"lb:Allee um Quatre-Vents","tags":{"heritage":"2","name":"Allee um Quatre-Vents","wikipedia":"lb:Allee um Quatre-Vents"}}},{"type":"Feature","id":"way/626954648","geometry":{"type":"Point","coordinates":[6.3329262,49.537522]},"properties":{"osm_type":"way","osm_id":626954648,"category":"historic","name":"Ancienne Gare de Scheuerberg","wikidata":null,"wikipedia":null,"tags":{"addr:city":"Erpeldange","addr:housenumber":"1","addr:postcode":"5422","building":"train_station","historic":"yes","name":"Ancienne Gare de Scheuerberg"}}},{"type":"Feature","id":"way/627439841","geometry":{"type":"Point","coordinates":[6.1227593,49.6237831]},"properties":{"osm_type":"way","osm_id":627439841,"category":"heritage","name":"Waassertuerm","wikidata":null,"wikipedia":null,"tags":{"building":"water_tower","heritage":"2","name":"Waassertuerm","tourism":"attraction"}}},{"type":"Feature","id":"way/632626334","geometry":{"type":"Point","coordinates":[6.3518526,49.4913093]},"properties":{"osm_type":"way","osm_id":632626334,"category":"arts_centre","name":"Valentiny Foundation","wikidata":null,"wikipedia":null,"tags":{"addr:city":"Remerschen","addr:housenumber":"34","addr:postcode":"5440","addr:street":"Wäistrooss","amenity":"arts_centre","building":"yes","name":"Valentiny Foundation","website":"http://www.valentiny-foundation.com/"}}},{"type":"Feature","id":"way/638481429","geometry":{"type":"Point","coordinates":[5.8574706,49.5353925]},"properties":{"osm_type":"way","osm_id":638481429,"category":"museum","name":"Parc Industriel et Ferroviaire du Fond-de-Gras","wikidata":"Q2627532","wikipedia":"lb:Industrie- an Eisebunnspark Fond-de-Gras","tags":{"email":"info@fond-de-gras.lu","historic":"technical_monument","name":"Parc Industriel et Ferroviaire du Fond-de-Gras","name:de":"Industrie- und Eisenbahnpark Fond-de-Gras","name:lb":"Industrie- an Eisebunnspark Fond-de-Gras","phone":"+352 26 50 41 24","tourism":"museum","website":"http://www.fond-de-gras.lu/","wikidata":"Q2627532","wikipedia":"lb:Industrie- an Eisebunnspark Fond-de-Gras"}}},{"type":"Feature","id":"way/648860110","geometry":{"type":"Point","coordinates":[6.0980481,49.8478037]},"properties":{"osm_type":"way","osm_id":648860110,"category":"church","name":"Al Synagog Ettelbréck","wikidata":null,"wikipedia":"lb:Synagog Ettelbréck","tags":{"amenity":"place_of_worship","building":"synagogue","historic":"church","name":"Al Synagog Ettelbréck","religion":"jewish","wheelchair":"no","wikipedia":"lb:Synagog Ettelbréck"}}},{"type":"Feature","id":"way/663855345","geometry":{"type":"Point","coordinates":[6.218782,49.872136]},"properties":{"osm_type":"way","osm_id":663855345,"category":"historic","name":"Ancienne gare de Bettendorf","wikidata":"Q60853693","wikipedia":null,"tags":{"building":"house","historic":"wayside_chapel","name":"Ancienne gare de Bettendorf","wikidata":"Q60853693"}}},{"type":"Feature","id":"way/666322023","geometry":{"type":"Point","coordinates":[6.0130744,49.707422]},"properties":{"osm_type":"way","osm_id":666322023,"category":"historic","name":"Scheidel","wikidata":null,"wikipedia":null,"tags":{"building":"chapel","historic":"wayside_shrine","name":"Scheidel"}}},{"type":"Feature","id":"way/675788928","geometry":{"type":"Point","coordinates":[5.9086894,50.1141162]},"properties":{"osm_type":"way","osm_id":675788928,"category":"historic","name":"Helzerklaus","wikidata":null,"wikipedia":"lb:Helzerklaus","tags":{"addr:city":"Hachiville","addr:country":"LU","addr:housenumber":"64","addr:postcode":"9956","addr:street":"An d'Klaus","amenity":"place_of_worship","building":"chapel","denomination":"catholic","historic":"yes","name":"Helzerklaus","religion":"christian","wikipedia":"lb:Helzerklaus"}}},{"type":"Feature","id":"way/683477965","geometry":{"type":"Point","coordinates":[6.4394957,49.6992491]},"properties":{"osm_type":"way","osm_id":683477965,"category":"historic","name":"Maacherwee","wikidata":null,"wikipedia":null,"tags":{"historic":"roman_road","name":"Maacherwee"}}},{"type":"Feature","id":"way/685625883","geometry":{"type":"Point","coordinates":[6.0461207,49.4773621]},"properties":{"osm_type":"way","osm_id":685625883,"category":"historic","name":"Waldschule","wikidata":null,"wikipedia":null,"tags":{"amenity":"shelter","building":"roof","historic":"school","name":"Waldschule"}}},{"type":"Feature","id":"way/707087314","geometry":{"type":"Point","coordinates":[6.196731,49.6093434]},"properties":{"osm_type":"way","osm_id":707087314,"category":"heritage","name":"Lannenallee um Scheedhaff","wikidata":null,"wikipedia":"lb:Lannenallee um Scheedhaff","tags":{"heritage":"2","name":"Lannenallee um Scheedhaff","wikipedia":"lb:Lannenallee um Scheedhaff"}}},{"type":"Feature","id":"way/707087318","geometry":{"type":"Point","coordinates":[6.0029541,49.731457]},"properties":{"osm_type":"way","osm_id":707087318,"category":"heritage","name":"Allee tëscht Bruch a Sëll","wikidata":null,"wikipedia":"lb:Allee tëscht Bruch a Sëll","tags":{"heritage":"2","name":"Allee tëscht Bruch a Sëll","wikipedia":"lb:Allee tëscht Bruch a Sëll"}}},{"type":"Feature","id":"way/725118143","geometry":{"type":"Point","coordinates":[6.2223016,49.9196225]},"properties":{"osm_type":"way","osm_id":725118143,"category":"historic","name":"Bëtteler Gare","wikidata":null,"wikipedia":null,"tags":{"building":"yes","historic":"building","name":"Bëtteler Gare"}}},{"type":"Feature","id":"way/772383425","geometry":{"type":"Point","coordinates":[6.4381875,49.6991369]},"properties":{"osm_type":"way","osm_id":772383425,"category":"historic","name":"Op de Groesteen","wikidata":null,"wikipedia":null,"tags":{"historic":"roman_road","name":"Op de Groesteen"}}},{"type":"Feature","id":"way/787560596","geometry":{"type":"Point","coordinates":[6.1216318,49.5120207]},"properties":{"osm_type":"way","osm_id":787560596,"category":"artwork","name":"Riese","wikidata":null,"wikipedia":null,"tags":{"artwork_type":"sculpture","building":"yes","name":"Riese","name:de":"Riese","name:fr":"Géant","name:lb":"Ries","tourism":"artwork"}}},{"type":"Feature","id":"way/804231645","geometry":{"type":"Point","coordinates":[6.0515099,49.712136]},"properties":{"osm_type":"way","osm_id":804231645,"category":"castle","name":null,"wikidata":"Q1012473","wikipedia":"lb:Buerg Huelmes","tags":{"historic":"castle","wikidata":"Q1012473","wikipedia":"lb:Buerg Huelmes"}}},{"type":"Feature","id":"way/806695676","geometry":{"type":"Point","coordinates":[6.4738445,49.8188338]},"properties":{"osm_type":"way","osm_id":806695676,"category":"arts_centre","name":"Fräihof","wikidata":null,"wikipedia":null,"tags":{"addr:city":"Steinheim","addr:housenumber":"3A","addr:postcode":"6586","addr:street":"Rue de la Montagne","amenity":"arts_centre","building":"civic","name":"Fräihof","website":"https://rosportmompach.lu/steinheim-centre-culturel-fraeihof/"}}},{"type":"Feature","id":"way/808381995","geometry":{"type":"Point","coordinates":[6.3406567,49.8275329]},"properties":{"osm_type":"way","osm_id":808381995,"category":"historic","name":"Römerwee","wikidata":null,"wikipedia":null,"tags":{"historic":"roman_road","name":"Römerwee"}}},{"type":"Feature","id":"way/808381996","geometry":{"type":"Point","coordinates":[6.3384253,49.8272523]},"properties":{"osm_type":"way","osm_id":808381996,"category":"historic","name":"Römerwee","wikidata":null,"wikipedia":null,"tags":{"historic":"roman_road","name":"Römerwee"}}},{"type":"Feature","id":"way/809936249","geometry":{"type":"Point","coordinates":[6.0141573,49.983643]},"properties":{"osm_type":"way","osm_id":809936249,"category":"historic","name":"Molkerei","wikidata":null,"wikipedia":null,"tags":{"addr:city":"Lellingen","addr:housenumber":"2","addr:postcode":"9760","addr:street":"Schraupegaass","building":"yes","historic":"yes","name":"Molkerei"}}},{"type":"Feature","id":"way/810271731","geometry":{"type":"Point","coordinates":[6.0175791,49.9526978]},"properties":{"osm_type":"way","osm_id":810271731,"category":"historic","name":"Aal Post","wikidata":null,"wikipedia":null,"tags":{"addr:city":"Kautenbach","addr:housenumber":"4","addr:postcode":"9663","addr:street":"Duerfstrooss","building":"yes","historic":"building","name":"Aal Post"}}},{"type":"Feature","id":"way/813196831","geometry":{"type":"Point","coordinates":[6.0599839,50.0940865]},"properties":{"osm_type":"way","osm_id":813196831,"category":"arts_centre","name":"Centre culturel Hupperdange","wikidata":null,"wikipedia":null,"tags":{"addr:city":"Hupperdange","addr:housenumber":"2","addr:postcode":"9755","addr:street":"Kaesfurterstrooss","amenity":"arts_centre","building":"public","name":"Centre culturel Hupperdange"}}},{"type":"Feature","id":"way/825198484","geometry":{"type":"Point","coordinates":[6.0917378,49.8996586]},"properties":{"osm_type":"way","osm_id":825198484,"category":"historic","name":"Donatus","wikidata":null,"wikipedia":null,"tags":{"amenity":"place_of_worship","building":"wayside_shrine","denomination":"catholic","historic":"wayside_shrine","name":"Donatus","religion":"christian"}}},{"type":"Feature","id":"way/831169742","geometry":{"type":"Point","coordinates":[6.1372861,49.6115531]},"properties":{"osm_type":"way","osm_id":831169742,"category":"historic","name":"Mur de Wenceslas","wikidata":null,"wikipedia":null,"tags":{"historic":"citywalls","name":"Mur de Wenceslas","name:fr":"Mur de Wenceslas","name:lb":"Wenzelsmauer"}}},{"type":"Feature","id":"way/833537997","geometry":{"type":"Point","coordinates":[6.1009187,49.9650568]},"properties":{"osm_type":"way","osm_id":833537997,"category":"historic","name":"Kéiermillen","wikidata":null,"wikipedia":null,"tags":{"addr:city":"Hoscheid-Dickt","addr:housenumber":"1","addr:postcode":"9835","building":"yes","historic":"farm","name":"Kéiermillen"}}},{"type":"Feature","id":"way/835523442","geometry":{"type":"Point","coordinates":[6.1670942,49.6692652]},"properties":{"osm_type":"way","osm_id":835523442,"category":"ruins","name":"Geeschterhaischen","wikidata":null,"wikipedia":null,"tags":{"amenity":"hunting_stand","building":"roof","historic":"ruins","name":"Geeschterhaischen","tourism":"attraction"}}},{"type":"Feature","id":"way/836167643","geometry":{"type":"Point","coordinates":[6.1661303,49.9657908]},"properties":{"osm_type":"way","osm_id":836167643,"category":"castle","name":"Buerg Stolzebuerg","wikidata":"Q7618689","wikipedia":"lb:Buerg Stolzebuerg","tags":{"building":"yes","historic":"castle","name":"Buerg Stolzebuerg","name:de":"Burg Stolzemburg","name:fr":"Cchâteau de Stolzembourg","name:lb":"Buerg Stolzebuerg","wikidata":"Q7618689","wikipedia":"lb:Buerg Stolzebuerg"}}},{"type":"Feature","id":"way/836926121","geometry":{"type":"Point","coordinates":[6.1041125,49.8486748]},"properties":{"osm_type":"way","osm_id":836926121,"category":"museum","name":"General Patton Memorial","wikidata":null,"wikipedia":null,"tags":{"addr:city":"Ettelbruck","addr:country":"LU","addr:housenumber":"5","addr:postcode":"9054","addr:street":"Rue Docteur Klein","building":"yes","name":"General Patton Memorial","opening_hours":"Tu-Su 10:00-17:00","tourism":"museum"}}},{"type":"Feature","id":"way/840954922","geometry":{"type":"Point","coordinates":[6.219424,49.7840099]},"properties":{"osm_type":"way","osm_id":840954922,"category":"museum","name":"Textil Musée Larochette","wikidata":null,"wikipedia":null,"tags":{"addr:city":"Larochette","addr:housenumber":"20","addr:postcode":"7626","addr:street":"Chemin Jean-Antoine Zinnen","building":"yes","name":"Textil Musée Larochette","tourism":"museum","website":"https://textilmuseelarochette.lu/en/"}}},{"type":"Feature","id":"way/849535388","geometry":{"type":"Point","coordinates":[6.1881032,49.5160993]},"properties":{"osm_type":"way","osm_id":849535388,"category":"memorial","name":"Voie de la Liberté 1944","wikidata":"Q13104185","wikipedia":"lb:Monument aux morts Fréiseng","tags":{"historic":"memorial","name":"Voie de la Liberté 1944","wikidata":"Q13104185","wikipedia":"lb:Monument aux morts Fréiseng"}}},{"type":"Feature","id":"way/851659232","geometry":{"type":"Point","coordinates":[6.1605766,49.867608]},"properties":{"osm_type":"way","osm_id":851659232,"category":"museum","name":"Beiemusee","wikidata":null,"wikipedia":null,"tags":{"building":"yes","name":"Beiemusee","opening_hours":"Jul 15-Sep 15 14:00-18:00","phone":"+352 80 87 80-200","tourism":"museum"}}},{"type":"Feature","id":"way/851770725","geometry":{"type":"Point","coordinates":[5.8980413,49.9154207]},"properties":{"osm_type":"way","osm_id":851770725,"category":"historic","name":"Bunker WW2","wikidata":null,"wikipedia":null,"tags":{"building":"bunker","historic":"yes","name":"Bunker WW2"}}},{"type":"Feature","id":"way/852163114","geometry":{"type":"Point","coordinates":[6.1366178,49.5073485]},"properties":{"osm_type":"way","osm_id":852163114,"category":"historic","name":"Roman Road","wikidata":null,"wikipedia":null,"tags":{"historic":"roman_road","name":"Roman Road"}}},{"type":"Feature","id":"way/852163119","geometry":{"type":"Point","coordinates":[6.1369064,49.5106897]},"properties":{"osm_type":"way","osm_id":852163119,"category":"historic","name":"Roman Road","wikidata":null,"wikipedia":null,"tags":{"historic":"roman_road","name":"Roman Road"}}},{"type":"Feature","id":"way/860028406","geometry":{"type":"Point","coordinates":[5.8815744,49.8305647]},"properties":{"osm_type":"way","osm_id":860028406,"category":"castle","name":"Schuerelserschlass","wikidata":null,"wikipedia":null,"tags":{"building":"ruins","historic":"castle","name":"Schuerelserschlass"}}},{"type":"Feature","id":"way/868083175","geometry":{"type":"Point","coordinates":[5.847589,49.9227456]},"properties":{"osm_type":"way","osm_id":868083175,"category":"historic","name":"Aal Schoul","wikidata":null,"wikipedia":null,"tags":{"addr:city":"Bavigne","addr:housenumber":"3","addr:postcode":"9635","addr:street":"Schoulberg","building":"yes","historic":"school","name":"Aal Schoul"}}},{"type":"Feature","id":"way/869917544","geometry":{"type":"Point","coordinates":[5.7762409,49.8510565]},"properties":{"osm_type":"way","osm_id":869917544,"category":"historic","name":"Wäschbur","wikidata":null,"wikipedia":null,"tags":{"building":"yes","historic":"lavoir","name":"Wäschbur","tourism":"attraction"}}},{"type":"Feature","id":"way/882794550","geometry":{"type":"Point","coordinates":[6.1473907,49.666646]},"properties":{"osm_type":"way","osm_id":882794550,"category":"historic","name":"Römischer Qanat","wikidata":null,"wikipedia":null,"tags":{"historic":"yes","name":"Römischer Qanat"}}},{"type":"Feature","id":"way/883795508","geometry":{"type":"Point","coordinates":[6.5100574,49.724655]},"properties":{"osm_type":"way","osm_id":883795508,"category":"historic","name":"Kapelle am Weinberg","wikidata":null,"wikipedia":null,"tags":{"amenity":"place_of_worship","building":"chapel","denomination":"catholic","historic":"wayside_chapel","image":"https://maps.app.goo.gl/vVEphhaaRQWjN25G9","name":"Kapelle am Weinberg"}}},{"type":"Feature","id":"way/889184148","geometry":{"type":"Point","coordinates":[6.1285718,49.6074325]},"properties":{"osm_type":"way","osm_id":889184148,"category":"tower","name":"BCEE Clock Tower","wikidata":null,"wikipedia":null,"tags":{"addr:city":"Luxembourg","addr:country":"LU","addr:housenumber":"2","addr:postcode":"2954","addr:street":"Place de Metz","building":"tower","historic":"tower","name":"BCEE Clock Tower","name:de":"Staatssparkasse Glockenturm","name:en":"BCEE Clock Tower","name:fr":"Tour d'horloge BCEE","name:ko":"BCEE 시계탑","name:lb":"Spuerkees Auer Tuerm","opening_hours":"Mo-Fr 08:45-17:00","phone":"+352 40151","tourism":"attraction","website":"https://www.bcee.lu/"}}},{"type":"Feature","id":"way/891671300","geometry":{"type":"Point","coordinates":[5.928019,49.9679893]},"properties":{"osm_type":"way","osm_id":891671300,"category":"museum","name":"Pompjeesmusee","wikidata":null,"wikipedia":null,"tags":{"addr:city":"Wiltz","addr:country":"LU","addr:housenumber":"2","addr:postcode":"9558","addr:street":"Rue Geetz","building":"public","name":"Pompjeesmusee","name:de":"Feuerwehrmuseum","name:lb":"Pompjeesmusee","tourism":"museum"}}},{"type":"Feature","id":"way/893775499","geometry":{"type":"Point","coordinates":[6.2692559,49.7875222]},"properties":{"osm_type":"way","osm_id":893775499,"category":"arts_centre","name":"Veräinsbau Christnach","wikidata":null,"wikipedia":null,"tags":{"addr:city":"Christnach","addr:housenumber":"7","addr:postcode":"7640","addr:street":"Fielserstrooss","amenity":"arts_centre","building":"yes","name":"Veräinsbau Christnach","wheelchair":"yes"}}},{"type":"Feature","id":"way/899429968","geometry":{"type":"Point","coordinates":[6.0870184,50.0940388]},"properties":{"osm_type":"way","osm_id":899429968,"category":"memorial","name":"Monument aux morts","wikidata":null,"wikipedia":null,"tags":{"historic":"memorial","memorial":"war_memorial","name":"Monument aux morts"}}},{"type":"Feature","id":"way/901994298","geometry":{"type":"Point","coordinates":[5.9268631,50.0453299]},"properties":{"osm_type":"way","osm_id":901994298,"category":"historic","name":"Luedekapell","wikidata":null,"wikipedia":null,"tags":{"amenity":"place_of_worship","building":"chapel","historic":"wayside_shrine","name":"Luedekapell","religion":"christian"}}},{"type":"Feature","id":"way/921034547","geometry":{"type":"Point","coordinates":[6.3657132,49.5861599]},"properties":{"osm_type":"way","osm_id":921034547,"category":"historic","name":"Saint Donat","wikidata":null,"wikipedia":null,"tags":{"historic":"wayside_shrine","name":"Saint Donat"}}},{"type":"Feature","id":"way/929646393","geometry":{"type":"Point","coordinates":[6.0822373,49.778875]},"properties":{"osm_type":"way","osm_id":929646393,"category":"museum","name":"Vitarium by Luxlait","wikidata":null,"wikipedia":null,"tags":{"building":"yes","name":"Vitarium by Luxlait","operator":"Luxlait S. A.","tourism":"museum"}}},{"type":"Feature","id":"way/929773739","geometry":{"type":"Point","coordinates":[6.336293,49.5226598]},"properties":{"osm_type":"way","osm_id":929773739,"category":"historic","name":"Chapelle Ste. Anne","wikidata":null,"wikipedia":null,"tags":{"amenity":"place_of_worship","historic":"yes","name":"Chapelle Ste. Anne","religion":"christian"}}},{"type":"Feature","id":"way/938089263","geometry":{"type":"Point","coordinates":[5.9870406,49.4992132]},"properties":{"osm_type":"way","osm_id":938089263,"category":"castle","name":"Château Berwart","wikidata":null,"wikipedia":null,"tags":{"building":"tower","historic":"castle","name":"Château Berwart","ruins":"yes","website":"https://www.industrie.lu/ChateauBerwartEschAlzette.html"}}},{"type":"Feature","id":"way/939212526","geometry":{"type":"Point","coordinates":[6.3141357,49.5545098]},"properties":{"osm_type":"way","osm_id":939212526,"category":"historic","name":"Kapell - Agnus Dei","wikidata":null,"wikipedia":null,"tags":{"building":"wayside_chapel","historic":"wayside_chapel","name":"Kapell - Agnus Dei","religion":"christian"}}},{"type":"Feature","id":"way/939212628","geometry":{"type":"Point","coordinates":[6.3126821,49.5520868]},"properties":{"osm_type":"way","osm_id":939212628,"category":"historic","name":"Notre-Dame","wikidata":null,"wikipedia":null,"tags":{"amenity":"place_of_worship","building":"yes","historic":"yes","name":"Notre-Dame","religion":"christian"}}},{"type":"Feature","id":"way/940044717","geometry":{"type":"Point","coordinates":[6.2226895,49.5630766]},"properties":{"osm_type":"way","osm_id":940044717,"category":"historic","name":"Donatuskapelle","wikidata":null,"wikipedia":null,"tags":{"building":"yes","historic":"wayside_shrine","name":"Donatuskapelle","religion":"christian"}}},{"type":"Feature","id":"way/943372782","geometry":{"type":"Point","coordinates":[6.2379594,49.5108199]},"properties":{"osm_type":"way","osm_id":943372782,"category":"historic","name":"Voie Romaine","wikidata":null,"wikipedia":null,"tags":{"historic":"roman_road","name":"Voie Romaine","name:en":"Roman Road"}}},{"type":"Feature","id":"way/943372784","geometry":{"type":"Point","coordinates":[6.2355367,49.5072577]},"properties":{"osm_type":"way","osm_id":943372784,"category":"historic","name":"Voie Romaine","wikidata":null,"wikipedia":null,"tags":{"historic":"roman_road","name":"Voie Romaine","name:en":"Roman Road"}}},{"type":"Feature","id":"way/946442118","geometry":{"type":"Point","coordinates":[5.9772421,49.9352284]},"properties":{"osm_type":"way","osm_id":946442118,"category":"historic","name":"Thérèse de Lisieux","wikidata":null,"wikipedia":null,"tags":{"amenity":"place_of_worship","building":"wayside_chapel","historic":"wayside_chapel","name":"Thérèse de Lisieux","religion":"christian"}}},{"type":"Feature","id":"way/946442145","geometry":{"type":"Point","coordinates":[5.9730973,49.9346589]},"properties":{"osm_type":"way","osm_id":946442145,"category":"historic","name":"Saint-Donat","wikidata":null,"wikipedia":null,"tags":{"amenity":"place_of_worship","building":"wayside_shrine","historic":"wayside_shrine","name":"Saint-Donat","religion":"christian"}}},{"type":"Feature","id":"way/958977446","geometry":{"type":"Point","coordinates":[6.1190387,49.5295821]},"properties":{"osm_type":"way","osm_id":958977446,"category":"historic","name":"Rue de Bettembourg","wikidata":null,"wikipedia":null,"tags":{"historic":"roman_road","name":"Rue de Bettembourg","name:etymology:wikidata":"Q13101690"}}},{"type":"Feature","id":"way/958977447","geometry":{"type":"Point","coordinates":[6.1211484,49.5302804]},"properties":{"osm_type":"way","osm_id":958977447,"category":"historic","name":"Rue de Bettembourg","wikidata":null,"wikipedia":null,"tags":{"historic":"roman_road","name":"Rue de Bettembourg","name:etymology:wikidata":"Q13101690"}}},{"type":"Feature","id":"way/963708463","geometry":{"type":"Point","coordinates":[6.4742157,49.7026619]},"properties":{"osm_type":"way","osm_id":963708463,"category":"historic","name":"Route du Vin","wikidata":null,"wikipedia":null,"tags":{"historic":"roman_road","name":"Route du Vin","name:etymology:wikidata":"Q282"}}},{"type":"Feature","id":"way/964950271","geometry":{"type":"Point","coordinates":[6.0987316,49.7463468]},"properties":{"osm_type":"way","osm_id":964950271,"category":"ruins","name":"Réimesch Villa zu Miersch","wikidata":null,"wikipedia":"lb:Réimesch Villa Miersch","tags":{"historic":"ruins","name":"Réimesch Villa zu Miersch","wikipedia":"lb:Réimesch Villa Miersch"}}},{"type":"Feature","id":"way/969557659","geometry":{"type":"Point","coordinates":[6.132103,49.5981358]},"properties":{"osm_type":"way","osm_id":969557659,"category":"historic","name":"Rue d'Alsace","wikidata":null,"wikipedia":null,"tags":{"historic":"yes","name":"Rue d'Alsace"}}},{"type":"Feature","id":"way/975220104","geometry":{"type":"Point","coordinates":[6.4412138,49.6997245]},"properties":{"osm_type":"way","osm_id":975220104,"category":"historic","name":"Maacherwee","wikidata":null,"wikipedia":null,"tags":{"historic":"roman_road","name":"Maacherwee"}}},{"type":"Feature","id":"way/1001781423","geometry":{"type":"Point","coordinates":[6.0828171,49.474388]},"properties":{"osm_type":"way","osm_id":1001781423,"category":"arts_centre","name":"Centre Culturel Régional Dudelange \"opderschmelz\"","wikidata":null,"wikipedia":null,"tags":{"amenity":"arts_centre","building":"public","name":"Centre Culturel Régional Dudelange \"opderschmelz\"","wheelchair":"yes"}}},{"type":"Feature","id":"way/1005606316","geometry":{"type":"Point","coordinates":[6.004067,49.5014071]},"properties":{"osm_type":"way","osm_id":1005606316,"category":"historic","name":"Roude Wee","wikidata":null,"wikipedia":null,"tags":{"historic":"roman_road","name":"Roude Wee","name:fr":"Allée Rouge","name:lb":"Roude Wee"}}},{"type":"Feature","id":"way/1010034486","geometry":{"type":"Point","coordinates":[5.9851888,49.6811553]},"properties":{"osm_type":"way","osm_id":1010034486,"category":"archaeological_site","name":"Tumulus celtes aristocratiques","wikidata":null,"wikipedia":null,"tags":{"historic":"archaeological_site","name":"Tumulus celtes aristocratiques"}}},{"type":"Feature","id":"way/1030904401","geometry":{"type":"Point","coordinates":[6.1330172,49.6286415]},"properties":{"osm_type":"way","osm_id":1030904401,"category":"historic","name":"Fonderie de Luxembourg","wikidata":null,"wikipedia":"lb:Géisserei Wies","tags":{"alt_name":"Eecher Géisserei","building":"industrial","historic":"building","name":"Fonderie de Luxembourg","name:lb":"Géisserei Wies","wikipedia":"lb:Géisserei Wies"}}},{"type":"Feature","id":"way/1056091023","geometry":{"type":"Point","coordinates":[6.1172037,49.5298658]},"properties":{"osm_type":"way","osm_id":1056091023,"category":"historic","name":"Rue Joseph Lentz","wikidata":null,"wikipedia":null,"tags":{"historic":"roman_road","name":"Rue Joseph Lentz"}}},{"type":"Feature","id":"way/1061534338","geometry":{"type":"Point","coordinates":[6.4406409,49.6801459]},"properties":{"osm_type":"way","osm_id":1061534338,"category":"historic","name":"De Kundel","wikidata":null,"wikipedia":null,"tags":{"alt_name":"Wäschbuer Kundel","building":"yes","historic":"lavoir","name":"De Kundel"}}},{"type":"Feature","id":"way/1086425175","geometry":{"type":"Point","coordinates":[6.2245502,49.6493089]},"properties":{"osm_type":"way","osm_id":1086425175,"category":"historic","name":"Via Aurolaunum-Andethannale","wikidata":null,"wikipedia":null,"tags":{"historic":"roman_road","name":"Via Aurolaunum-Andethannale"}}},{"type":"Feature","id":"way/1093436406","geometry":{"type":"Point","coordinates":[5.8483726,49.5937603]},"properties":{"osm_type":"way","osm_id":1093436406,"category":"historic","name":"Rue de Noedlange","wikidata":null,"wikipedia":null,"tags":{"historic":"roman_road","name":"Rue de Noedlange"}}},{"type":"Feature","id":"way/1104783468","geometry":{"type":"Point","coordinates":[5.8390467,49.5452749]},"properties":{"osm_type":"way","osm_id":1104783468,"category":"historic","name":"Rue du Commerce","wikidata":null,"wikipedia":null,"tags":{"historic":"roman_road","name":"Rue du Commerce"}}},{"type":"Feature","id":"way/1106404512","geometry":{"type":"Point","coordinates":[5.8435967,49.5341847]},"properties":{"osm_type":"way","osm_id":1106404512,"category":"historic","name":"Rue de Lasauvage","wikidata":null,"wikipedia":null,"tags":{"historic":"roman_road","name":"Rue de Lasauvage"}}},{"type":"Feature","id":"way/1123841205","geometry":{"type":"Point","coordinates":[6.037701,49.6250371]},"properties":{"osm_type":"way","osm_id":1123841205,"category":"archaeological_site","name":"Réimesch Thermen zu Mamer","wikidata":"Q16764127","wikipedia":"lb:Réimesch Thermen zu Mamer","tags":{"historic":"archaeological_site","name":"Réimesch Thermen zu Mamer","wikidata":"Q16764127","wikipedia":"lb:Réimesch Thermen zu Mamer"}}},{"type":"Feature","id":"way/1147054427","geometry":{"type":"Point","coordinates":[6.0042111,49.4898872]},"properties":{"osm_type":"way","osm_id":1147054427,"category":"historic","name":"Roude Wee","wikidata":null,"wikipedia":null,"tags":{"historic":"roman_road","name":"Roude Wee","name:fr":"Allée Rouge","name:lb":"Roude Wee"}}},{"type":"Feature","id":"way/1147054428","geometry":{"type":"Point","coordinates":[6.003156,49.4963988]},"properties":{"osm_type":"way","osm_id":1147054428,"category":"historic","name":"Roude Wee","wikidata":null,"wikipedia":null,"tags":{"historic":"roman_road","name":"Roude Wee","name:fr":"Allée Rouge","name:lb":"Roude Wee"}}},{"type":"Feature","id":"way/1147054429","geometry":{"type":"Point","coordinates":[6.0034272,49.4971324]},"properties":{"osm_type":"way","osm_id":1147054429,"category":"historic","name":"Roude Wee","wikidata":null,"wikipedia":null,"tags":{"historic":"roman_road","name":"Roude Wee","name:fr":"Allée Rouge","name:lb":"Roude Wee"}}},{"type":"Feature","id":"way/1147054430","geometry":{"type":"Point","coordinates":[6.004031,49.4991622]},"properties":{"osm_type":"way","osm_id":1147054430,"category":"historic","name":"Roude Wee","wikidata":null,"wikipedia":null,"tags":{"historic":"roman_road","name":"Roude Wee","name:fr":"Allée Rouge","name:lb":"Roude Wee"}}},{"type":"Feature","id":"way/1147054432","geometry":{"type":"Point","coordinates":[6.0042198,49.4999092]},"properties":{"osm_type":"way","osm_id":1147054432,"category":"historic","name":"Roude Wee","wikidata":null,"wikipedia":null,"tags":{"historic":"roman_road","name":"Roude Wee","name:fr":"Allée Rouge","name:lb":"Roude Wee"}}},{"type":"Feature","id":"way/1160532123","geometry":{"type":"Point","coordinates":[5.8423124,49.5478684]},"properties":{"osm_type":"way","osm_id":1160532123,"category":"historic","name":"Avenue Docteur Gaasch","wikidata":null,"wikipedia":null,"tags":{"historic":"roman_road","name":"Avenue Docteur Gaasch","official_name":"Avenue Dr Gaasch"}}},{"type":"Feature","id":"way/1160532124","geometry":{"type":"Point","coordinates":[5.8416088,49.5472877]},"properties":{"osm_type":"way","osm_id":1160532124,"category":"historic","name":"Avenue Docteur Gaasch","wikidata":null,"wikipedia":null,"tags":{"historic":"roman_road","name":"Avenue Docteur Gaasch","official_name":"Avenue Dr Gaasch"}}},{"type":"Feature","id":"way/1167785652","geometry":{"type":"Point","coordinates":[5.8980166,49.5190879]},"properties":{"osm_type":"way","osm_id":1167785652,"category":"theatre","name":"Labo theatre","wikidata":null,"wikipedia":null,"tags":{"addr:city":"Differdange","addr:housenumber":"61","addr:postcode":"4640","addr:street":"Avenue d'Oberkorn","amenity":"theatre","building":"yes","name":"Labo theatre","operator":"Culture info","website":"https://theatre-luxembourg.com"}}},{"type":"Feature","id":"way/1175384489","geometry":{"type":"Point","coordinates":[6.2074416,49.5505839]},"properties":{"osm_type":"way","osm_id":1175384489,"category":"historic","name":"Regina Angelorum","wikidata":null,"wikipedia":null,"tags":{"amenity":"place_of_worship","building":"wayside_chapel","historic":"wayside_chapel","name":"Regina Angelorum","religion":"christian"}}},{"type":"Feature","id":"way/1179869028","geometry":{"type":"Point","coordinates":[5.9629787,49.7252164]},"properties":{"osm_type":"way","osm_id":1179869028,"category":"historic","name":"Wäschbur Kaalmes","wikidata":null,"wikipedia":null,"tags":{"amenity":"lavoir","building":"yes","historic":"lavoir","name":"Wäschbur Kaalmes","operator":"Commune de Saeul"}}},{"type":"Feature","id":"way/1183054883","geometry":{"type":"Point","coordinates":[6.331594,49.8305807]},"properties":{"osm_type":"way","osm_id":1183054883,"category":"historic","name":"Réimerwee","wikidata":null,"wikipedia":null,"tags":{"historic":"roman_road","name":"Réimerwee"}}},{"type":"Feature","id":"way/1190325715","geometry":{"type":"Point","coordinates":[6.1340309,49.6150315]},"properties":{"osm_type":"way","osm_id":1190325715,"category":"theatre","name":"Sang & Klang","wikidata":null,"wikipedia":null,"tags":{"addr:city":"Luxembourg","addr:housenumber":"1","addr:postcode":"1629","addr:street":"Rue des Trois Glands","amenity":"theatre","building":"theatre","name":"Sang & Klang","website":"https://sangaklang.lu/"}}},{"type":"Feature","id":"way/1193564028","geometry":{"type":"Point","coordinates":[6.1420391,49.7990887]},"properties":{"osm_type":"way","osm_id":1193564028,"category":"historic","name":"Ancienne ligne Cruchten - Larochette","wikidata":null,"wikipedia":null,"tags":{"historic":"bridge","name":"Ancienne ligne Cruchten - Larochette"}}},{"type":"Feature","id":"way/1200685043","geometry":{"type":"Point","coordinates":[6.1111394,49.5337794]},"properties":{"osm_type":"way","osm_id":1200685043,"category":"historic","name":"Chemin de Luxembourg","wikidata":null,"wikipedia":null,"tags":{"historic":"roman_road","name":"Chemin de Luxembourg"}}},{"type":"Feature","id":"way/1208084945","geometry":{"type":"Point","coordinates":[6.0519793,50.1453532]},"properties":{"osm_type":"way","osm_id":1208084945,"category":"archaeological_site","name":"Halbgruppenunderstand 1945","wikidata":null,"wikipedia":null,"tags":{"historic":"archaeological_site","name":"Halbgruppenunderstand 1945"}}},{"type":"Feature","id":"way/1213675378","geometry":{"type":"Point","coordinates":[6.142439,49.6184344]},"properties":{"osm_type":"way","osm_id":1213675378,"category":"theatre","name":"Grand Auditorium","wikidata":null,"wikipedia":null,"tags":{"amenity":"theatre","name":"Grand Auditorium"}}},{"type":"Feature","id":"way/1213675379","geometry":{"type":"Point","coordinates":[6.1428595,49.618228]},"properties":{"osm_type":"way","osm_id":1213675379,"category":"theatre","name":"Salle de Musique de Chambre","wikidata":null,"wikipedia":null,"tags":{"amenity":"theatre","name":"Salle de Musique de Chambre"}}},{"type":"Feature","id":"way/1225028784","geometry":{"type":"Point","coordinates":[6.4462238,49.6799905]},"properties":{"osm_type":"way","osm_id":1225028784,"category":"arts_centre","name":"Center culturel Machera","wikidata":null,"wikipedia":null,"tags":{"addr:city":"Grevenmacher","addr:housenumber":"1","addr:postcode":"6731","addr:street":"Place du Marché aux Bestiaux","amenity":"arts_centre","building":"yes","name":"Center culturel Machera"}}},{"type":"Feature","id":"way/1253534993","geometry":{"type":"Point","coordinates":[6.3538317,49.5021792]},"properties":{"osm_type":"way","osm_id":1253534993,"category":"castle","name":"Wëntrenger Schlass","wikidata":"Q8026629","wikipedia":"lb:Schlass Wëntreng","tags":{"building":"yes","historic":"castle","name":"Wëntrenger Schlass","name:fr":"Château de Wintrange","name:lb":"Wëntrenger Schlass","wikidata":"Q8026629","wikipedia":"lb:Schlass Wëntreng"}}},{"type":"Feature","id":"way/1280934253","geometry":{"type":"Point","coordinates":[6.4005876,49.604681]},"properties":{"osm_type":"way","osm_id":1280934253,"category":"historic","name":"Chapel-Shrine","wikidata":null,"wikipedia":null,"tags":{"amenity":"place_of_worship","building":"yes","denomination":"catholic","historic":"wayside_shrine","name":"Chapel-Shrine","name:de":"Bildstock","religion":"christian"}}},{"type":"Feature","id":"way/1284253707","geometry":{"type":"Point","coordinates":[6.1351007,49.6056673]},"properties":{"osm_type":"way","osm_id":1284253707,"category":"historic","name":"Chapelle Saint-Quirin","wikidata":"Q13102879","wikipedia":"lb:Gräinskapell","tags":{"alt_name":"Quirinuskapell","amenity":"place_of_worship","building":"chapel","denomination":"catholic","historic":"yes","name":"Chapelle Saint-Quirin","name:lb":"Greinskapell","religion":"christian","ruins":"yes","tourism":"attraction","wheelchair":"no","wikidata":"Q13102879","wikipedia":"lb:Gräinskapell"}}},{"type":"Feature","id":"way/1289193248","geometry":{"type":"Point","coordinates":[5.92453,49.9667283]},"properties":{"osm_type":"way","osm_id":1289193248,"category":"museum","name":"PLOMM Kannermusée","wikidata":null,"wikipedia":null,"tags":{"building":"yes","email":"hello@plomm.lu","name":"PLOMM Kannermusée","tourism":"museum","website":"https://www.plomm.lu/"}}},{"type":"Feature","id":"way/1289746294","geometry":{"type":"Point","coordinates":[6.1024168,49.5176785]},"properties":{"osm_type":"way","osm_id":1289746294,"category":"historic","name":"Route de Peppange","wikidata":null,"wikipedia":null,"tags":{"historic":"roman_road","name":"Route de Peppange","name:etymology:wikidata":"Q2718955"}}},{"type":"Feature","id":"way/1289746303","geometry":{"type":"Point","coordinates":[6.1160042,49.5204113]},"properties":{"osm_type":"way","osm_id":1289746303,"category":"historic","name":"Route de Peppange","wikidata":null,"wikipedia":null,"tags":{"historic":"roman_road","name":"Route de Peppange","name:etymology:wikidata":"Q2718955"}}},{"type":"Feature","id":"way/1289746304","geometry":{"type":"Point","coordinates":[6.1166171,49.5206094]},"properties":{"osm_type":"way","osm_id":1289746304,"category":"historic","name":"Route de Peppange","wikidata":null,"wikipedia":null,"tags":{"historic":"roman_road","name":"Route de Peppange","name:etymology:wikidata":"Q2718955"}}},{"type":"Feature","id":"way/1289746305","geometry":{"type":"Point","coordinates":[6.1160042,49.5204113]},"properties":{"osm_type":"way","osm_id":1289746305,"category":"historic","name":"Route de Peppange","wikidata":null,"wikipedia":null,"tags":{"historic":"roman_road","name":"Route de Peppange","name:etymology:wikidata":"Q2718955"}}},{"type":"Feature","id":"way/1290091882","geometry":{"type":"Point","coordinates":[6.3259815,49.55448]},"properties":{"osm_type":"way","osm_id":1290091882,"category":"historic","name":"Oratoire Notre-Dame","wikidata":null,"wikipedia":null,"tags":{"amenity":"place_of_worship","building":"wayside_chapel","historic":"wayside_chapel","name":"Oratoire Notre-Dame","religion":"christian"}}},{"type":"Feature","id":"way/1302832178","geometry":{"type":"Point","coordinates":[6.034418,49.4777337]},"properties":{"osm_type":"way","osm_id":1302832178,"category":"heritage","name":"Den alen Arbed's Büro","wikidata":null,"wikipedia":null,"tags":{"addr:city":"Tétange","addr:housenumber":"33","addr:postcode":"3774","addr:street":"Rue de l'Industrie","alt_name":"Gîte Minett-Trail","building":"yes","email":"info@simpleviu.com","historic":"heritage","name":"Den alen Arbed's Büro","name:en":"The old labour office","official_name":"Den alen Arbed's Büro","operator":"simpleviu","phone":"+352691775514","tourism":"chalet","website":"https://www.simpleviu.com/kayl-tetange"}}},{"type":"Feature","id":"way/1339869692","geometry":{"type":"Point","coordinates":[6.1058112,49.6236121]},"properties":{"osm_type":"way","osm_id":1339869692,"category":"historic","name":"Chapelle Notre-Dame","wikidata":null,"wikipedia":null,"tags":{"addr:street":"Rue de Rollingergrund","amenity":"place_of_worship","building":"wayside_chapel","historic":"wayside_chapel","name":"Chapelle Notre-Dame","religion":"christian"}}},{"type":"Feature","id":"way/1354257212","geometry":{"type":"Point","coordinates":[5.9137952,49.9212653]},"properties":{"osm_type":"way","osm_id":1354257212,"category":"historic","name":"Aal Kiirch","wikidata":null,"wikipedia":null,"tags":{"amenity":"place_of_worship","building":"wayside_chapel","denomination":"catholic","historic":"wayside_chapel","name":"Aal Kiirch","religion":"christian"}}},{"type":"Feature","id":"way/1363674307","geometry":{"type":"Point","coordinates":[6.3361329,49.5525875]},"properties":{"osm_type":"way","osm_id":1363674307,"category":"historic","name":"Regina Pacis","wikidata":null,"wikipedia":null,"tags":{"building":"yes","denomination":"catholic","historic":"wayside_chapel","name":"Regina Pacis","religion":"christian"}}},{"type":"Feature","id":"way/1363674310","geometry":{"type":"Point","coordinates":[6.3168793,49.5502247]},"properties":{"osm_type":"way","osm_id":1363674310,"category":"historic","name":"Chapelle Notre-Dame","wikidata":null,"wikipedia":null,"tags":{"building":"wayside_chapel","denomination":"catholic","historic":"wayside_chapel","name":"Chapelle Notre-Dame","religion":"christian"}}},{"type":"Feature","id":"way/1363674397","geometry":{"type":"Point","coordinates":[6.0229177,49.6263821]},"properties":{"osm_type":"way","osm_id":1363674397,"category":"historic","name":"Chapelle Sainte-Famille","wikidata":null,"wikipedia":null,"tags":{"building":"wayside_chapel","denomination":"catholic","historic":"wayside_chapel","name":"Chapelle Sainte-Famille","religion":"christian"}}},{"type":"Feature","id":"way/1450860814","geometry":{"type":"Point","coordinates":[6.3392,49.8270246]},"properties":{"osm_type":"way","osm_id":1450860814,"category":"historic","name":"Römerwee","wikidata":null,"wikipedia":null,"tags":{"historic":"roman_road","name":"Römerwee"}}},{"type":"Feature","id":"way/1473979665","geometry":{"type":"Point","coordinates":[6.1265396,49.5221976]},"properties":{"osm_type":"way","osm_id":1473979665,"category":"historic","name":"Rue de Crauthem","wikidata":null,"wikipedia":null,"tags":{"historic":"roman_road","name":"Rue de Crauthem"}}},{"type":"Feature","id":"way/1487753225","geometry":{"type":"Point","coordinates":[6.1121623,49.5092059]},"properties":{"osm_type":"way","osm_id":1487753225,"category":"historic","name":"Zone d'Activité Économique Wolser F","wikidata":null,"wikipedia":null,"tags":{"historic":"roman_road","name":"Zone d'Activité Économique Wolser F"}}},{"type":"Feature","id":"way/1490324642","geometry":{"type":"Point","coordinates":[6.1440688,49.6129874]},"properties":{"osm_type":"way","osm_id":1490324642,"category":"city_gate","name":"Gartenportal ehem. Mansfeld-Schloss","wikidata":null,"wikipedia":null,"tags":{"building":"yes","historic":"city_gate","name":"Gartenportal ehem. Mansfeld-Schloss","name:en":"Garden portal of the former Château « La Fontaine »","name:fr":"Portail du jardin de l'ancien château « La Fontaine »"}}},{"type":"Feature","id":"way/1501558510","geometry":{"type":"Point","coordinates":[6.2582505,49.6114545]},"properties":{"osm_type":"way","osm_id":1501558510,"category":"castle","name":"Schlass Schraasseg","wikidata":null,"wikipedia":null,"tags":{"building":"yes","historic":"castle","name":"Schlass Schraasseg","name:de":"Schloss Schrassig","name:fr":"Château Schrassig"}}},{"type":"Feature","id":"way/1508854993","geometry":{"type":"Point","coordinates":[6.0169382,49.7370266]},"properties":{"osm_type":"way","osm_id":1508854993,"category":"historic","name":"Donatus-Weekapell","wikidata":null,"wikipedia":null,"tags":{"amenity":"place_of_worship","building":"wayside_shrine","denomination":"catholic","historic":"wayside_chapel","name":"Donatus-Weekapell","religion":"christian","start_date":"1940"}}},{"type":"Feature","id":"relation/1966583","geometry":{"type":"Point","coordinates":[6.1274673,49.6110375]},"properties":{"osm_type":"relation","osm_id":1966583,"category":"historic","name":"Postgebai Stad Lëtzebuerg","wikidata":"Q58484385","wikipedia":"lb:Postgebai Stad Lëtzebuerg","tags":{"building":"civic","heritage":"1","historic":"yes","name":"Postgebai Stad Lëtzebuerg","name:de":"Hauptpost","name:fr":"Hotel des Postes","operator":"POST Luxembourg","tourism":"attraction","website":"https://hoteldespostes.lu/","wheelchair":"yes","wikidata":"Q58484385","wikipedia":"lb:Postgebai Stad Lëtzebuerg"}}},{"type":"Feature","id":"relation/2742371","geometry":{"type":"Point","coordinates":[6.0302219,50.0544434]},"properties":{"osm_type":"relation","osm_id":2742371,"category":"castle","name":"Château de Clervaux","wikidata":"Q5131949","wikipedia":null,"tags":{"building":"yes","historic":"castle","name":"Château de Clervaux","wikidata":"Q5131949"}}},{"type":"Feature","id":"relation/2776940","geometry":{"type":"Point","coordinates":[5.9883536,49.5036803]},"properties":{"osm_type":"relation","osm_id":2776940,"category":"arts_centre","name":"Kulturfabrik Esch","wikidata":null,"wikipedia":null,"tags":{"addr:city":"Esch-sur-Alzette","addr:country":"LU","addr:housenumber":"116","addr:postcode":"4221","addr:street":"Rue de Luxembourg","amenity":"arts_centre","name":"Kulturfabrik Esch","website":"https://www.kulturfabrik.lu/"}}},{"type":"Feature","id":"relation/3383510","geometry":{"type":"Point","coordinates":[6.1365312,49.6103489]},"properties":{"osm_type":"relation","osm_id":3383510,"category":"arts_centre","name":"Centre culturel de rencontre Abbaye de Neumünster","wikidata":"Q334068","wikipedia":"lb:Centre culturel de rencontre Abbaye de Neumünster","tags":{"amenity":"arts_centre","building":"yes","name":"Centre culturel de rencontre Abbaye de Neumünster","wikidata":"Q334068","wikipedia":"lb:Centre culturel de rencontre Abbaye de Neumünster"}}},{"type":"Feature","id":"relation/4230179","geometry":{"type":"Point","coordinates":[6.0876921,49.8146868]},"properties":{"osm_type":"relation","osm_id":4230179,"category":"castle","name":"Château de Berg","wikidata":"Q615735","wikipedia":"lb:Schlass Bierg","tags":{"alt_name":"Château de Colmar-Berg","building":"yes","historic":"castle","name":"Château de Berg","name:lb":"Schlass Bierg","wikidata":"Q615735","wikipedia":"lb:Schlass Bierg"}}},{"type":"Feature","id":"relation/5612334","geometry":{"type":"Point","coordinates":[5.6475217,47.3039138]},"properties":{"osm_type":"relation","osm_id":5612334,"category":"historic","name":"Via Agrippa","wikidata":"Q10187","wikipedia":"de:Via Agrippa","tags":{"historic":"roman_road","name":"Via Agrippa","name:oc":"Via Agrippa","wikidata":"Q10187","wikipedia":"de:Via Agrippa"}}},{"type":"Feature","id":"relation/6201773","geometry":{"type":"Point","coordinates":[6.1889388,49.8989378]},"properties":{"osm_type":"relation","osm_id":6201773,"category":"historic","name":"Ancienne ligne Diekirch - Vianden","wikidata":null,"wikipedia":"lb:Eisebunnsstreck Dikrech-Veianen","tags":{"historic":"railway","name":"Ancienne ligne Diekirch - Vianden","name:lb":"Benni","website":"https://rail.lu/lignediekirchvianden.html","wikipedia":"lb:Eisebunnsstreck Dikrech-Veianen"}}},{"type":"Feature","id":"relation/6202666","geometry":{"type":"Point","coordinates":[6.1636128,49.5125936]},"properties":{"osm_type":"relation","osm_id":6202666,"category":"historic","name":"Ancienne ligne Bettembourg - Aspelt","wikidata":null,"wikipedia":"lb:Eisebunnsstreck Beetebuerg - Uespelt","tags":{"historic":"railway","name":"Ancienne ligne Bettembourg - Aspelt","name:lb":"Eisebunnsstreck Beetebuerg - Uespelt","website":"https://rail.lu/lignebettembourgaspelt.html","wikipedia":"lb:Eisebunnsstreck Beetebuerg - Uespelt"}}},{"type":"Feature","id":"relation/6384647","geometry":{"type":"Point","coordinates":[5.8337543,49.7914806]},"properties":{"osm_type":"relation","osm_id":6384647,"category":"historic","name":"Ancienne ligne Noerdange - Martelange","wikidata":null,"wikipedia":null,"tags":{"historic":"railway","name":"Ancienne ligne Noerdange - Martelange"}}},{"type":"Feature","id":"relation/6413016","geometry":{"type":"Point","coordinates":[5.865181,49.6332062]},"properties":{"osm_type":"relation","osm_id":6413016,"category":"historic","name":"Ancienne ligne Clemency - Autelbas","wikidata":null,"wikipedia":null,"tags":{"historic":"railway","name":"Ancienne ligne Clemency - Autelbas","operator":"Prince Henri","website":"https://www.rail.lu/ligneclemencyautel.html"}}},{"type":"Feature","id":"relation/6413017","geometry":{"type":"Point","coordinates":[5.9643787,49.6698109]},"properties":{"osm_type":"relation","osm_id":6413017,"category":"historic","name":"Ancienne ligne Pétange-Ettelbruck","wikidata":"Q802992","wikipedia":null,"tags":{"historic":"railway","name":"Ancienne ligne Pétange-Ettelbruck","operator":"PH","website":"https://rail.lu/ligneattert.html","wikidata":"Q802992"}}},{"type":"Feature","id":"relation/6429274","geometry":{"type":"Point","coordinates":[6.2604578,49.7079557]},"properties":{"osm_type":"relation","osm_id":6429274,"category":"historic","name":"Ancienne ligne Luxembourg-Echternach","wikidata":"Q2245766","wikipedia":"lb:Eisebunnsstreck Lëtzebuerg - Iechternach","tags":{"historic":"railway","name":"Ancienne ligne Luxembourg-Echternach","name:lb":"Chareli","operator":"Chemins de Fer Vicinaux","website":"https://rail.lu/ligneluxembourgechternach.html","wikidata":"Q2245766","wikipedia":"lb:Eisebunnsstreck Lëtzebuerg - Iechternach"}}},{"type":"Feature","id":"relation/6431565","geometry":{"type":"Point","coordinates":[6.2470303,49.551884]},"properties":{"osm_type":"relation","osm_id":6431565,"category":"historic","name":"Ancienne ligne Luxembourg-Remich","wikidata":null,"wikipedia":"lb:Jangli","tags":{"historic":"railway","name":"Ancienne ligne Luxembourg-Remich","name:lb":"Jhangeli","website":"https://rail.lu/ligneluxembourgremich.html","wikipedia":"lb:Jangli"}}},{"type":"Feature","id":"relation/6435878","geometry":{"type":"Point","coordinates":[6.1698008,49.7996884]},"properties":{"osm_type":"relation","osm_id":6435878,"category":"historic","name":"Ancienne ligne Cruchten - Larochette","wikidata":null,"wikipedia":"lb:Jangli","tags":{"historic":"railway","name":"Ancienne ligne Cruchten - Larochette","name:lb":"Felser Jhangeli","operator":"CFS","website":"https://rail.lu/lignecruchtenlarochette.html","wikipedia":"lb:Jangli"}}},{"type":"Feature","id":"relation/6435879","geometry":{"type":"Point","coordinates":[6.222997,49.77483]},"properties":{"osm_type":"relation","osm_id":6435879,"category":"historic","name":"Ancienne ligne Larochette - Ernzen","wikidata":null,"wikipedia":"lb:Jangli","tags":{"historic":"railway","name":"Ancienne ligne Larochette - Ernzen","name:lb":"Ernzer Streck","operator":"CFS","website":"https://rail.lu/lignelarochetteernzen.html","wikipedia":"lb:Jangli"}}},{"type":"Feature","id":"relation/6438232","geometry":{"type":"Point","coordinates":[6.3106359,49.8428057]},"properties":{"osm_type":"relation","osm_id":6438232,"category":"historic","name":"Ancienne ligne Grundhof - Beaufort","wikidata":null,"wikipedia":null,"tags":{"historic":"railway","name":"Ancienne ligne Grundhof - Beaufort","operator":"PH"}}},{"type":"Feature","id":"relation/6438233","geometry":{"type":"Point","coordinates":[6.2240752,49.4357438]},"properties":{"osm_type":"relation","osm_id":6438233,"category":"historic","name":"Ancienne ligne Mondorf - Thionville","wikidata":null,"wikipedia":"de:Schmalspurbahn Diedenhofen–Mondorf","tags":{"historic":"railway","name":"Ancienne ligne Mondorf - Thionville","name:lb":"Jaengelchen","website":"https://rail.lu/lignesfr/lignethionvillemondorf.html","wikipedia":"de:Schmalspurbahn Diedenhofen–Mondorf"}}},{"type":"Feature","id":"relation/6438234","geometry":{"type":"Point","coordinates":[5.8250293,49.9855579]},"properties":{"osm_type":"relation","osm_id":6438234,"category":"historic","name":"Ancienne ligne Wiltz - Bastogne","wikidata":null,"wikipedia":null,"tags":{"historic":"railway","name":"Ancienne ligne Wiltz - Bastogne"}}},{"type":"Feature","id":"relation/6438235","geometry":{"type":"Point","coordinates":[6.336281,49.7932823]},"properties":{"osm_type":"relation","osm_id":6438235,"category":"historic","name":"Sauerlinn","wikidata":null,"wikipedia":null,"tags":{"historic":"railway","name":"Sauerlinn","operator":"PH"}}},{"type":"Feature","id":"relation/6438236","geometry":{"type":"Point","coordinates":[6.0083323,50.1437107]},"properties":{"osm_type":"relation","osm_id":6438236,"category":"historic","name":"Vennbahn","wikidata":null,"wikipedia":"de:Vennbahn","tags":{"historic":"railway","name":"Vennbahn","website":"https://home.kpn.nl/f2hrajhamoen482/v_Vennbahn-D.htm","wikipedia":"de:Vennbahn"}}},{"type":"Feature","id":"relation/6523175","geometry":{"type":"Point","coordinates":[5.8175561,49.5369673]},"properties":{"osm_type":"relation","osm_id":6523175,"category":"historic","name":"Ancienne ligne Pétange - Lamadeleine","wikidata":null,"wikipedia":"lb:Eisebunnsstreck Péiteng - Fond-de-Gras - Doihl","tags":{"historic":"railway","name":"Ancienne ligne Pétange - Lamadeleine","name:lb":"Misärsbunn","website":"https://rail.lu/lignepetangelamadelaine.html","wikipedia":"lb:Eisebunnsstreck Péiteng - Fond-de-Gras - Doihl"}}},{"type":"Feature","id":"relation/6523636","geometry":{"type":"Point","coordinates":[6.4688162,49.6939826]},"properties":{"osm_type":"relation","osm_id":6523636,"category":"historic","name":"Ancienne ligne Wasserbillig - Grevenmacher","wikidata":null,"wikipedia":null,"tags":{"historic":"railway","name":"Ancienne ligne Wasserbillig - Grevenmacher","operator":"PH"}}},{"type":"Feature","id":"relation/7207808","geometry":{"type":"Point","coordinates":[6.0139522,49.4904664]},"properties":{"osm_type":"relation","osm_id":7207808,"category":"historic","name":"Esch/Kayl/Tintange","wikidata":null,"wikipedia":null,"tags":{"historic":"tramway","name":"Esch/Kayl/Tintange"}}},{"type":"Feature","id":"relation/7418887","geometry":{"type":"Point","coordinates":[6.1367012,49.6107269]},"properties":{"osm_type":"relation","osm_id":7418887,"category":"heritage","name":"Unesco buffer zone","wikidata":null,"wikipedia":null,"tags":{"heritage":"1","name":"Unesco buffer zone"}}},{"type":"Feature","id":"relation/8427057","geometry":{"type":"Point","coordinates":[6.1543756,49.5729067]},"properties":{"osm_type":"relation","osm_id":8427057,"category":"castle","name":"Buerg Hesper","wikidata":"Q10956982","wikipedia":"lb:Buerg Hesper","tags":{"historic":"castle","name":"Buerg Hesper","name:en":"Hesperange Castle","name:fr":"Château de Hesperange","name:lb":"Buerg Hesper","ruins":"yes","wikidata":"Q10956982","wikipedia":"lb:Buerg Hesper"}}},{"type":"Feature","id":"relation/12391456","geometry":{"type":"Point","coordinates":[5.8581001,49.5388778]},"properties":{"osm_type":"relation","osm_id":12391456,"category":"archaeological_site","name":"Fortifications de l'Oppidium du Titelberg","wikidata":null,"wikipedia":null,"tags":{"historic":"archaeological_site","name":"Fortifications de l'Oppidium du Titelberg"}}},{"type":"Feature","id":"relation/12586189","geometry":{"type":"Point","coordinates":[6.1234563,49.6100013]},"properties":{"osm_type":"relation","osm_id":12586189,"category":"ruins","name":"Bastion du fort Lambert","wikidata":"Q28227879","wikipedia":null,"tags":{"building":"ruins","historic":"ruins","name":"Bastion du fort Lambert","wikidata":"Q28227879"}}},{"type":"Feature","id":"relation/12662075","geometry":{"type":"Point","coordinates":[5.1893019,49.4849899]},"properties":{"osm_type":"relation","osm_id":12662075,"category":"historic","name":"Voie romaine Reims - Trèves","wikidata":null,"wikipedia":null,"tags":{"historic":"road","name":"Voie romaine Reims - Trèves"}}},{"type":"Feature","id":"relation/12663111","geometry":{"type":"Point","coordinates":[6.1246605,49.6086334]},"properties":{"osm_type":"relation","osm_id":12663111,"category":"castle","name":"Villa Baldauff","wikidata":null,"wikipedia":null,"tags":{"historic":"castle","name":"Villa Baldauff"}}},{"type":"Feature","id":"relation/12968882","geometry":{"type":"Point","coordinates":[6.4406431,49.6796582]},"properties":{"osm_type":"relation","osm_id":12968882,"category":"ruins","name":"Fortifications de Grevenmacher","wikidata":null,"wikipedia":null,"tags":{"historic":"ruins","name":"Fortifications de Grevenmacher","name:en":"Grevenmacher's Fortifications","name:fr":"Fortifications de Grevenmacher"}}},{"type":"Feature","id":"relation/13495324","geometry":{"type":"Point","coordinates":[6.0920977,49.8270108]},"properties":{"osm_type":"relation","osm_id":13495324,"category":"historic","name":"Baronsbreck","wikidata":null,"wikipedia":null,"tags":{"historic":"yes","name":"Baronsbreck","name:fr":"Pont des Barons","name:lb":"Baronsbreck","ruins":"yes"}}},{"type":"Feature","id":"relation/13507289","geometry":{"type":"Point","coordinates":[6.3682115,49.564115]},"properties":{"osm_type":"relation","osm_id":13507289,"category":"castle","name":"Château de Stradtbredimus","wikidata":"Q7596529","wikipedia":"lb:Schlass Stadbriedemes","tags":{"historic":"castle","name":"Château de Stradtbredimus","name:en":"Stadtbredimus Castle","name:fr":"Château de Stradtbredimus","name:lb":"Schlass Stadbriedemes","wikidata":"Q7596529","wikipedia":"lb:Schlass Stadbriedemes"}}},{"type":"Feature","id":"relation/14117596","geometry":{"type":"Point","coordinates":[6.4216965,49.8121804]},"properties":{"osm_type":"relation","osm_id":14117596,"category":"ruins","name":"Fortifications d'Echternach","wikidata":"Q13103090","wikipedia":"lb:Iechternacher Stadmauer","tags":{"historic":"ruins","name":"Fortifications d'Echternach","name:en":"Echternach's Fortifications","name:fr":"Fortifications d'Echternach","wikidata":"Q13103090","wikipedia":"lb:Iechternacher Stadmauer"}}},{"type":"Feature","id":"relation/14477883","geometry":{"type":"Point","coordinates":[5.7375401,49.7872744]},"properties":{"osm_type":"relation","osm_id":14477883,"category":"historic","name":"Via Tungri - Divodurum Mediomatricorum","wikidata":null,"wikipedia":null,"tags":{"historic":"roman_road","name":"Via Tungri - Divodurum Mediomatricorum","name:etymology:wikidata":"Q194029"}}}]}