{"type":"FeatureCollection","features":[{"type":"Feature","id":"node/204881981","geometry":{"type":"Point","coordinates":[14.3968457,35.8516299]},"properties":{"osm_type":"node","osm_id":204881981,"category":"archaeological_site","name":"Misraħ Għar il-Kbir","wikidata":"Q1760477","wikipedia":"en:Misraħ Għar il-Kbir","tags":{"alt_name":"Clapham Junction","historic":"archaeological_site","name":"Misraħ Għar il-Kbir","tourism":"attraction","wikidata":"Q1760477","wikipedia":"en:Misraħ Għar il-Kbir"}}},{"type":"Feature","id":"node/204936967","geometry":{"type":"Point","coordinates":[14.3909148,35.9632564]},"properties":{"osm_type":"node","osm_id":204936967,"category":"ruins","name":"Forti Campbell","wikidata":"Q19688283","wikipedia":"en:Fort Campbell (Malta)","tags":{"historic":"ruins","name":"Forti Campbell","name:en":"Fort Campbell","tourism":"attraction","wikidata":"Q19688283","wikipedia":"en:Fort Campbell (Malta)"}}},{"type":"Feature","id":"node/253001563","geometry":{"type":"Point","coordinates":[14.5081883,35.8935965]},"properties":{"osm_type":"node","osm_id":253001563,"category":"memorial","name":"War Memorial","wikidata":"Q22947829","wikipedia":"en:War Memorial (Floriana)","tags":{"historic":"memorial","memorial":"obelisk","name":"War Memorial","name:ar":"النصب التذكاري للحرب","wikidata":"Q22947829","wikipedia":"en:War Memorial (Floriana)"}}},{"type":"Feature","id":"node/258627656","geometry":{"type":"Point","coordinates":[14.2839472,36.0356402]},"properties":{"osm_type":"node","osm_id":258627656,"category":"tower","name":"Ta' Kenuna","wikidata":null,"wikipedia":null,"tags":{"historic":"tower","name":"Ta' Kenuna","tourism":"attraction"}}},{"type":"Feature","id":"node/261647687","geometry":{"type":"Point","coordinates":[14.4166561,35.8502537]},"properties":{"osm_type":"node","osm_id":261647687,"category":"monument","name":"Is-Salib tal-Għolja","wikidata":"Q23682859","wikipedia":"en:Laferla Cross","tags":{"historic":"monument","name":"Is-Salib tal-Għolja","name:en":"Laferla Cross","name:mt":"Is-Salib tal-Għolja","wikidata":"Q23682859","wikipedia":"en:Laferla Cross"}}},{"type":"Feature","id":"node/264128603","geometry":{"type":"Point","coordinates":[14.2543813,36.0664929]},"properties":{"osm_type":"node","osm_id":264128603,"category":"memorial","name":"Tas-Salvatur","wikidata":"Q123862","wikipedia":null,"tags":{"historic":"memorial","memorial":"statue","name":"Tas-Salvatur","name:be":"Хрыст Збавіцель","name:de":"Christus der Erlöser","name:en":"Christ the Redeemer","name:es":"Cristo Redentor","name:fr":"Le Christ Rédempteur","name:lt":"Kristus Atpirkėjas","name:lv":"Kristus Pestītājs","name:pl":"Chrystus Zbawiciel","name:pt":"Cristo Redentor","name:ru":"Христ-Искупитель","wikidata":"Q123862"}}},{"type":"Feature","id":"node/265640436","geometry":{"type":"Point","coordinates":[14.5100302,35.8681652]},"properties":{"osm_type":"node","osm_id":265640436,"category":"memorial","name":"Monument tal-Gwerra","wikidata":null,"wikipedia":null,"tags":{"historic":"memorial","name":"Monument tal-Gwerra"}}},{"type":"Feature","id":"node/265652079","geometry":{"type":"Point","coordinates":[14.4385325,35.8536923]},"properties":{"osm_type":"node","osm_id":265652079,"category":"memorial","name":"Saint Nicholas","wikidata":null,"wikipedia":null,"tags":{"historic":"memorial","image":"https://photos.app.goo.gl/fsjbcr1y7pZnJkyh6","memorial":"statue","name":"Saint Nicholas"}}},{"type":"Feature","id":"node/265696103","geometry":{"type":"Point","coordinates":[14.5335278,35.8271142]},"properties":{"osm_type":"node","osm_id":265696103,"category":"monument","name":"Cold War Memorial","wikidata":null,"wikipedia":null,"tags":{"historic":"monument","name":"Cold War Memorial","name:en":"Cold War Memorial","name:mt":"Mafkar tal-Gwerra Biedra","name:pl":"Pomnik Zimnej Wojny"}}},{"type":"Feature","id":"node/293534848","geometry":{"type":"Point","coordinates":[14.5224794,35.8871922]},"properties":{"osm_type":"node","osm_id":293534848,"category":"museum","name":"Inquisitor's Palace","wikidata":"Q3361044","wikipedia":"en:Inquisitor's Palace","tags":{"addr:city":"Il-Birgu (Vittoriosa)","addr:country":"MT","addr:postcode":"BRG 1023","addr:street":"Main Gate Street","name":"Inquisitor's Palace","name:de":"Palast des Inquisitors","name:fr":"Palais de l'Inquisiteur","name:mt":"Il-Palazz tal-Inkwiżitur","name:pl":"Pałac Inkwizytora","opening_hours":"Mo-Su 09:00-17:00","tourism":"museum","website":"https://heritagemalta.org/the-inquisitors-palace/","wikidata":"Q3361044","wikipedia":"en:Inquisitor's Palace"}}},{"type":"Feature","id":"node/293534852","geometry":{"type":"Point","coordinates":[14.5217601,35.8876407]},"properties":{"osm_type":"node","osm_id":293534852,"category":"museum","name":"Oratorju San Ġużepp","wikidata":null,"wikipedia":null,"tags":{"name":"Oratorju San Ġużepp","name:en":"Saint Joseph Oratory","name:mt":"Oratorju San Ġużepp","opening_hours":"Mo-Su 09:30-12:00","tourism":"museum"}}},{"type":"Feature","id":"node/301379326","geometry":{"type":"Point","coordinates":[14.4038738,35.8848166]},"properties":{"osm_type":"node","osm_id":301379326,"category":"museum","name":"National Museum of Natural History","wikidata":"Q3014352","wikipedia":"en:National Museum of Natural History, Malta","tags":{"addr:city":"L-Imdina","addr:country":"MT","addr:street":"Pjazza San Publiju","alt_name":"Mużew Nazzjonali tal-Istorja Naturali","image":"https://photos.app.goo.gl/9B1VTY4HhCXEPaBh7","name":"National Museum of Natural History","name:de":"Nationales Naturkundemuseum","name:en":"National Museum of Natural History","name:es":"Museo Nacional de Historia Natural","name:fr":"Musée national d'histoire naturelle","name:it":"Museo nazionale di storia naturale","name:mt":"Mużew Nazzjonali tal-Istorja Naturali","name:pl":"Narodowe Muzeum Historii Naturalnej","opening_hours":"Mo-Su 09:00-17:00; Dec 24-25 off; Dec 31-Jan 01 off; Good Friday off","phone":"+356 21 455 951","tourism":"museum","website":"https://heritagemalta.org/museums-sites/national-museum-of-natural-history/","wheelchair":"yes","wikidata":"Q3014352","wikipedia":"en:National Museum of Natural History, Malta"}}},{"type":"Feature","id":"node/301382535","geometry":{"type":"Point","coordinates":[14.3978715,35.8810967]},"properties":{"osm_type":"node","osm_id":301382535,"category":"archaeological_site","name":"Katakombi ta' San Pawl","wikidata":"Q3663203","wikipedia":"en:St. Paul's Catacombs","tags":{"historic":"archaeological_site","name":"Katakombi ta' San Pawl","name:it":"Catacombe di San Paolo","name:pl":"Katakumby św. Pawła","tourism":"attraction","website":"https://heritagemalta.mt/explore/st-pauls-catacombs/","wikidata":"Q3663203","wikipedia":"en:St. Paul's Catacombs"}}},{"type":"Feature","id":"node/301475678","geometry":{"type":"Point","coordinates":[14.3574717,35.9269444]},"properties":{"osm_type":"node","osm_id":301475678,"category":"archaeological_site","name":"Banji Rumani - inaċċessibbli","wikidata":null,"wikipedia":null,"tags":{"historic":"archaeological_site","name":"Banji Rumani - inaċċessibbli","name:en":"Roman Baths - not accessable"}}},{"type":"Feature","id":"node/301537797","geometry":{"type":"Point","coordinates":[14.5151917,35.9000427]},"properties":{"osm_type":"node","osm_id":301537797,"category":"museum","name":"Mużew tal-Ġugarelli","wikidata":"Q111993932","wikipedia":null,"tags":{"addr:city":"Il-Belt Valletta","addr:housenumber":"222","addr:street":"Triq ir-Repubblika","name":"Mużew tal-Ġugarelli","name:ar":"متحف الألعاب","name:en":"Toy Museum","name:mt":"Mużew tal-Ġugarelli","name:pl":"Muzeum Zabawek","tourism":"museum","wikidata":"Q111993932"}}},{"type":"Feature","id":"node/324669716","geometry":{"type":"Point","coordinates":[14.293135,36.0371779]},"properties":{"osm_type":"node","osm_id":324669716,"category":"museum","name":"The Kelinu Grima Maritime Museum","wikidata":null,"wikipedia":null,"tags":{"addr:city":"In-Nadur","addr:street":"Triq Dun Bernard Haber","name":"The Kelinu Grima Maritime Museum","operator":"Kelinu Grima","tourism":"museum"}}},{"type":"Feature","id":"node/325815276","geometry":{"type":"Point","coordinates":[14.2390435,36.0465993]},"properties":{"osm_type":"node","osm_id":325815276,"category":"museum","name":"Mużew tax-Xjenza Naturali","wikidata":"Q6980605","wikipedia":"en:Gozo Nature Museum","tags":{"addr:city":"Ir-Rabat (Għawdex)","addr:country":"MT","addr:postcode":"VCT 1883","addr:street":"Triq Il-Kwartier San Martin","name":"Mużew tax-Xjenza Naturali","name:en":"Gozo Nature Museum","opening_hours":"Mo-Su 09:00-17:00","phone":"+356 21 556 153","tourism":"museum","website":"https://www.heritagemalta.org/museums/naturalscience/naturalscienceinfo.html","wikidata":"Q6980605","wikipedia":"en:Gozo Nature Museum"}}},{"type":"Feature","id":"node/325815295","geometry":{"type":"Point","coordinates":[14.2399727,36.0464266]},"properties":{"osm_type":"node","osm_id":325815295,"category":"museum","name":"Mużew tal-Katidral","wikidata":null,"wikipedia":null,"tags":{"name":"Mużew tal-Katidral","name:en":"Cathedral Museum","name:mt":"Mużew tal-Katidral","tourism":"museum","website":"https://www.gozocathedral.mt/cathedral-museum/reaching-the-cathedral/"}}},{"type":"Feature","id":"node/325815441","geometry":{"type":"Point","coordinates":[14.2390264,36.0451236]},"properties":{"osm_type":"node","osm_id":325815441,"category":"theatre","name":"Citadel Theatre","wikidata":null,"wikipedia":null,"tags":{"amenity":"theatre","name":"Citadel Theatre","wheelchair":"limited"}}},{"type":"Feature","id":"node/386804625","geometry":{"type":"Point","coordinates":[14.2092717,36.0597494]},"properties":{"osm_type":"node","osm_id":386804625,"category":"museum","name":"Folk Museum","wikidata":null,"wikipedia":null,"tags":{"addr:city":"L-Għarb","addr:housenumber":"99","addr:street":"Triq il-Knisja","name":"Folk Museum","phone":"+356 2156 1929","tourism":"museum"}}},{"type":"Feature","id":"node/587832393","geometry":{"type":"Point","coordinates":[14.5339342,35.8323244]},"properties":{"osm_type":"node","osm_id":587832393,"category":"historic","name":"Ferretti","wikidata":null,"wikipedia":null,"tags":{"addr:postcode":"BBG 1281","addr:street":"Triq il-Qajjenza","amenity":"restaurant","historic":"yes","name":"Ferretti","opening_hours":"Tu-Sa 19:00-22:30; Su 12:00-15:00, 19:00-22:30","website":"https://ferretti.com.mt/"}}},{"type":"Feature","id":"node/629052745","geometry":{"type":"Point","coordinates":[14.4840581,35.8605122]},"properties":{"osm_type":"node","osm_id":629052745,"category":"monument","name":"Monument ta' Ħal Luqa","wikidata":"Q475585","wikipedia":"es:Luqa","tags":{"historic":"monument","name":"Monument ta' Ħal Luqa","wikidata":"Q475585","wikipedia":"es:Luqa"}}},{"type":"Feature","id":"node/663869707","geometry":{"type":"Point","coordinates":[14.4495578,35.8175798]},"properties":{"osm_type":"node","osm_id":663869707,"category":"historic","name":"Um El Faroud","wikidata":null,"wikipedia":null,"tags":{"historic":"wreck","name":"Um El Faroud","website":"http://www.dive-links.com/tauchplatz.php?id=1175"}}},{"type":"Feature","id":"node/718117369","geometry":{"type":"Point","coordinates":[14.3754935,35.9883735]},"properties":{"osm_type":"node","osm_id":718117369,"category":"artwork","name":"Madonna Statue","wikidata":null,"wikipedia":null,"tags":{"artwork_type":"sculpture","name":"Madonna Statue","tourism":"artwork"}}},{"type":"Feature","id":"node/1066194242","geometry":{"type":"Point","coordinates":[14.518222,35.8067643]},"properties":{"osm_type":"node","osm_id":1066194242,"category":"archaeological_site","name":"Għar Ħasan","wikidata":null,"wikipedia":null,"tags":{"historic":"archaeological_site","name":"Għar Ħasan"}}},{"type":"Feature","id":"node/1195636359","geometry":{"type":"Point","coordinates":[14.4377737,35.8257545]},"properties":{"osm_type":"node","osm_id":1195636359,"category":"memorial","name":"Mafkar ta' Sir Walter Norris Congreve","wikidata":null,"wikipedia":null,"tags":{"historic":"memorial","material":"stone","memorial":"stele","name":"Mafkar ta' Sir Walter Norris Congreve","name:en":"Monument of Sir Walter Norris Congreve"}}},{"type":"Feature","id":"node/1245126314","geometry":{"type":"Point","coordinates":[14.5155983,35.9026619]},"properties":{"osm_type":"node","osm_id":1245126314,"category":"historic","name":"HMS Maori","wikidata":"Q495405","wikipedia":"en:HMS Maori (F24)","tags":{"end_date":"1942-02-12","historic":"wreck","name":"HMS Maori","start_date":"1937-09-02","wikidata":"Q495405","wikipedia":"en:HMS Maori (F24)"}}},{"type":"Feature","id":"node/1275887771","geometry":{"type":"Point","coordinates":[14.478169,35.9112849]},"properties":{"osm_type":"node","osm_id":1275887771,"category":"ruins","name":"Raddet ir-Roti","wikidata":null,"wikipedia":null,"tags":{"historic":"ruins","name":"Raddet ir-Roti","name:en":"Cart Ruts","name:mt":"Raddet ir-Roti"}}},{"type":"Feature","id":"node/1430943777","geometry":{"type":"Point","coordinates":[14.4803776,35.8816533]},"properties":{"osm_type":"node","osm_id":1430943777,"category":"artwork","name":"Arteforte","wikidata":null,"wikipedia":null,"tags":{"name":"Arteforte","tourism":"artwork"}}},{"type":"Feature","id":"node/1470878948","geometry":{"type":"Point","coordinates":[14.3575906,35.9600127]},"properties":{"osm_type":"node","osm_id":1470878948,"category":"archaeological_site","name":"Calypso's Caves","wikidata":null,"wikipedia":null,"tags":{"historic":"archaeological_site","name":"Calypso's Caves","name:pl":"Jaskinia Kalipso"}}},{"type":"Feature","id":"node/1506197836","geometry":{"type":"Point","coordinates":[14.5048979,35.8905733]},"properties":{"osm_type":"node","osm_id":1506197836,"category":"memorial","name":"Pietro Paolo Floriani","wikidata":null,"wikipedia":null,"tags":{"historic":"memorial","name":"Pietro Paolo Floriani"}}},{"type":"Feature","id":"node/1513452539","geometry":{"type":"Point","coordinates":[14.5225438,35.8854552]},"properties":{"osm_type":"node","osm_id":1513452539,"category":"castle","name":"Couvre de Porte","wikidata":null,"wikipedia":null,"tags":{"historic":"castle","name":"Couvre de Porte"}}},{"type":"Feature","id":"node/1513473056","geometry":{"type":"Point","coordinates":[14.5244677,35.8876072]},"properties":{"osm_type":"node","osm_id":1513473056,"category":"castle","name":"Bastion Castille","wikidata":null,"wikipedia":null,"tags":{"historic":"castle","name":"Bastion Castille"}}},{"type":"Feature","id":"node/1529553941","geometry":{"type":"Point","coordinates":[14.529391,35.829731]},"properties":{"osm_type":"node","osm_id":1529553941,"category":"monument","name":"\"Bir\" \"Żebbuġa\"","wikidata":null,"wikipedia":null,"tags":{"historic":"monument","name":"\"Bir\" \"Żebbuġa\""}}},{"type":"Feature","id":"node/1535809746","geometry":{"type":"Point","coordinates":[14.4976544,35.8874531]},"properties":{"osm_type":"node","osm_id":1535809746,"category":"monument","name":"Il-Monument ta' Spencer","wikidata":"Q7576135","wikipedia":"en:Spencer Monument","tags":{"historic":"monument","name":"Il-Monument ta' Spencer","name:ar":"نصب سبنسر التذكاري","name:en":"Spencer Monument","name:mt":"Il-Monument ta' Spencer","wikidata":"Q7576135","wikipedia":"en:Spencer Monument"}}},{"type":"Feature","id":"node/1538791309","geometry":{"type":"Point","coordinates":[14.4375509,35.8927766]},"properties":{"osm_type":"node","osm_id":1538791309,"category":"memorial","name":"Pierre Muscat","wikidata":null,"wikipedia":null,"tags":{"historic":"memorial","memorial":"bust","name":"Pierre Muscat"}}},{"type":"Feature","id":"node/1543081390","geometry":{"type":"Point","coordinates":[14.2352166,36.0456113]},"properties":{"osm_type":"node","osm_id":1543081390,"category":"memorial","name":"Ks. Papież Jan Pawła II","wikidata":null,"wikipedia":null,"tags":{"historic":"memorial","image":"https://photos.app.goo.gl/cqd5Tnz6GSyi9XMH9","memorial":"statue","name":"Ks. Papież Jan Pawła II"}}},{"type":"Feature","id":"node/1556173698","geometry":{"type":"Point","coordinates":[14.1871207,36.0365709]},"properties":{"osm_type":"node","osm_id":1556173698,"category":"archaeological_site","name":"Ras il-Wardja","wikidata":null,"wikipedia":null,"tags":{"historic":"archaeological_site","name":"Ras il-Wardja","name:en":"Wardija Punic Temple"}}},{"type":"Feature","id":"node/1618076246","geometry":{"type":"Point","coordinates":[14.5005339,35.9151474]},"properties":{"osm_type":"node","osm_id":1618076246,"category":"theatre","name":"Teatru Salesjan","wikidata":null,"wikipedia":null,"tags":{"amenity":"theatre","name":"Teatru Salesjan"}}},{"type":"Feature","id":"node/1742953661","geometry":{"type":"Point","coordinates":[14.420635,35.95524]},"properties":{"osm_type":"node","osm_id":1742953661,"category":"museum","name":"Malta Classic Car Museum","wikidata":"Q85783503","wikipedia":"en:Malta Classic Car Museum","tags":{"addr:city":"Il-Qawra","addr:postcode":"SPB1020","addr:street":"Triq it-Turisti","alt_name":"The Malta Classic Car Collection","name":"Malta Classic Car Museum","opening_hours":"Mo-Fr 09:00-17:00, Sa,Su,PH 09:00-14:00","phone":"+356 21578885","tourism":"museum","website":"https://www.classiccarsmalta.com/","wikidata":"Q85783503","wikipedia":"en:Malta Classic Car Museum"}}},{"type":"Feature","id":"node/2269127527","geometry":{"type":"Point","coordinates":[14.5125464,35.8946023]},"properties":{"osm_type":"node","osm_id":2269127527,"category":"museum","name":"Saluting Battery","wikidata":"Q19508900","wikipedia":"en:Saluting Battery (Valletta)","tags":{"image":"https://photos.app.goo.gl/rMKGDTQhYS27HXqb8","name":"Saluting Battery","name:ar":"تحية البطارية","name:ru":"Салютная батарея","opening_hours":"Mo-Sa 10:00-17:00","operator":"Fondazzjoni Wirt Artna","tourism":"museum","url":"https://youtu.be/rMjiuK6WWJ4","website":"https://www.salutingbattery.com/","wheelchair":"no","wikidata":"Q19508900","wikipedia":"en:Saluting Battery (Valletta)"}}},{"type":"Feature","id":"node/2269128025","geometry":{"type":"Point","coordinates":[14.5127824,35.8948844]},"properties":{"osm_type":"node","osm_id":2269128025,"category":"museum","name":"Lascaris War Rooms","wikidata":"Q1648164","wikipedia":"en:Lascaris War Rooms","tags":{"name":"Lascaris War Rooms","name:ar":"غرف حرب لاسكاريس","name:en":"Lascaris War Rooms","name:ru":"Бункер Ласкарис во 2 мировую войну","operator":"Fondazzjoni Wirt Artna","tourism":"museum","website":"https://www.lascariswarrooms.com/","wheelchair":"no","wikidata":"Q1648164","wikipedia":"en:Lascaris War Rooms"}}},{"type":"Feature","id":"node/2269130526","geometry":{"type":"Point","coordinates":[14.5314719,35.8937862]},"properties":{"osm_type":"node","osm_id":2269130526,"category":"museum","name":"Forti Rinella","wikidata":"Q1562413","wikipedia":"en:Fort Rinella","tags":{"name":"Forti Rinella","name:en":"Fort Rinella","name:mt":"Forti Rinella","opening_hours":"Th-Sa 10:00-17:00; PH off","operator":"Fondazzjoni Wirt Artna","tourism":"museum","website":"https://www.fortrinella.com/","wikidata":"Q1562413","wikipedia":"en:Fort Rinella"}}},{"type":"Feature","id":"node/2269132352","geometry":{"type":"Point","coordinates":[14.5223753,35.8854234]},"properties":{"osm_type":"node","osm_id":2269132352,"category":"museum","name":"Malta at War Museum","wikidata":"Q22082174","wikipedia":"en:Malta at War Museum","tags":{"addr:postcode":"BRG 1810","addr:street":"Triq Couvre Porte","name":"Malta at War Museum","name:mt":"il-Mużew tal-Gwerra ta' Malta","tourism":"museum","website":"https://www.maltaatwarmuseum.com/","wikidata":"Q22082174","wikipedia":"en:Malta at War Museum"}}},{"type":"Feature","id":"node/2269132870","geometry":{"type":"Point","coordinates":[14.5293246,35.8803689]},"properties":{"osm_type":"node","osm_id":2269132870,"category":"monument","name":"Bieb is-Sultan","wikidata":"Q26965384","wikipedia":"en:Notre Dame Gate","tags":{"alt_name":"Notre Dame Gate","historic":"monument","name":"Bieb is-Sultan","name:pl":"Brama Notre Dame","wikidata":"Q26965384","wikipedia":"en:Notre Dame Gate"}}},{"type":"Feature","id":"node/2282721285","geometry":{"type":"Point","coordinates":[14.2855982,36.0178415]},"properties":{"osm_type":"node","osm_id":2282721285,"category":"archaeological_site","name":"Fougasse","wikidata":null,"wikipedia":null,"tags":{"historic":"archaeological_site","name":"Fougasse"}}},{"type":"Feature","id":"node/2381143255","geometry":{"type":"Point","coordinates":[14.5078185,35.8945586]},"properties":{"osm_type":"node","osm_id":2381143255,"category":"monument","name":"Malta Memorial","wikidata":"Q2900880","wikipedia":"en:Malta Memorial","tags":{"alt_name":"War Memorial","historic":"monument","name":"Malta Memorial","name:ar":"نصب مالطا التذكاري","wikidata":"Q2900880","wikipedia":"en:Malta Memorial"}}},{"type":"Feature","id":"node/2476831682","geometry":{"type":"Point","coordinates":[14.5232062,35.8860616]},"properties":{"osm_type":"node","osm_id":2476831682,"category":"theatre","name":"In Guardia / Alarme re-enactments","wikidata":null,"wikipedia":null,"tags":{"amenity":"theatre","name":"In Guardia / Alarme re-enactments","opening_hours":"Sep-Jul: Su 11:00-12:00","website":"https://heritagemalta.mt/whats-on/in-guardia-fort-st-elmo-and-the-national-war-museum/"}}},{"type":"Feature","id":"node/2482209542","geometry":{"type":"Point","coordinates":[14.3996208,35.8820454]},"properties":{"osm_type":"node","osm_id":2482209542,"category":"monument","name":"Kolonna ta' San Pawl","wikidata":null,"wikipedia":null,"tags":{"historic":"monument","name":"Kolonna ta' San Pawl","name:de":"Säule des Sankt Paul","name:en":"Saint Paul's column","name:es":"Columna de San Pablo","name:pl":"Kolumna św. Pawła"}}},{"type":"Feature","id":"node/2526772455","geometry":{"type":"Point","coordinates":[14.3501485,35.9015321]},"properties":{"osm_type":"node","osm_id":2526772455,"category":"memorial","name":"Sylvia King","wikidata":"Q141128626","wikipedia":null,"tags":{"historic":"memorial","memorial":"memorial","name":"Sylvia King","wikidata":"Q141128626"}}},{"type":"Feature","id":"node/2545492861","geometry":{"type":"Point","coordinates":[14.5064536,35.8943654]},"properties":{"osm_type":"node","osm_id":2545492861,"category":"monument","name":"Monument tal-Indipendenza","wikidata":null,"wikipedia":null,"tags":{"historic":"monument","name":"Monument tal-Indipendenza","name:ar":"نصب الاستقلال","name:en":"Independence Monument"}}},{"type":"Feature","id":"node/2552337846","geometry":{"type":"Point","coordinates":[14.2829685,36.0612573]},"properties":{"osm_type":"node","osm_id":2552337846,"category":"archaeological_site","name":"Villa Rumana tar-Ramla l-Ħamra","wikidata":null,"wikipedia":null,"tags":{"historic":"archaeological_site","name":"Villa Rumana tar-Ramla l-Ħamra","name:en":"Ramla Bay Roman Villa"}}},{"type":"Feature","id":"node/2552446390","geometry":{"type":"Point","coordinates":[14.2824587,36.0611684]},"properties":{"osm_type":"node","osm_id":2552446390,"category":"fort","name":"Batterija ta' Belancourt","wikidata":null,"wikipedia":null,"tags":{"historic":"fort","name":"Batterija ta' Belancourt","name:en":"Belancourt Battery"}}},{"type":"Feature","id":"node/2615609761","geometry":{"type":"Point","coordinates":[14.5108242,35.8963287]},"properties":{"osm_type":"node","osm_id":2615609761,"category":"memorial","name":"Il-Gran Mastru Jean de la Valette","wikidata":null,"wikipedia":null,"tags":{"historic":"memorial","material":"stone","memorial":"statue","name":"Il-Gran Mastru Jean de la Valette","name:en":"Grandmaster Jean de la Valette","name:mt":"Il-Gran Mastru Jean de la Valette"}}},{"type":"Feature","id":"node/2666647147","geometry":{"type":"Point","coordinates":[14.2920684,36.0233899]},"properties":{"osm_type":"node","osm_id":2666647147,"category":"fort","name":"Fort Chambray","wikidata":"Q1438478","wikipedia":"en:Fort Chambray","tags":{"historic":"fort","name":"Fort Chambray","name:ar":"حصن شامبراي","name:mt":"Forti Chambray","wikidata":"Q1438478","wikipedia":"en:Fort Chambray"}}},{"type":"Feature","id":"node/2673252227","geometry":{"type":"Point","coordinates":[14.3712057,35.9004545]},"properties":{"osm_type":"node","osm_id":2673252227,"category":"historic","name":"Torri Nadur","wikidata":null,"wikipedia":null,"tags":{"historic":"yes","name":"Torri Nadur"}}},{"type":"Feature","id":"node/2798808848","geometry":{"type":"Point","coordinates":[14.4507235,35.8985505]},"properties":{"osm_type":"node","osm_id":2798808848,"category":"historic","name":"Palazzo Olivier","wikidata":null,"wikipedia":null,"tags":{"historic":"building","name":"Palazzo Olivier"}}},{"type":"Feature","id":"node/2810558701","geometry":{"type":"Point","coordinates":[14.2515943,36.0188221]},"properties":{"osm_type":"node","osm_id":2810558701,"category":"historic","name":"Cart Ruts","wikidata":null,"wikipedia":null,"tags":{"historic":"wheel_ruts","name:en":"Cart Ruts","tourism":"attraction"}}},{"type":"Feature","id":"node/3257012705","geometry":{"type":"Point","coordinates":[14.5143414,35.8985146]},"properties":{"osm_type":"node","osm_id":3257012705,"category":"museum","name":"Armerija tal-Palazz","wikidata":"Q7126151","wikipedia":"en:Palace Armoury","tags":{"name":"Armerija tal-Palazz","name:ar":"ترسانة القصر","name:en":"Palace Armoury","name:pl":"Zbrojownia pałacowa","operator":"Heritage Malta","tourism":"museum","wikidata":"Q7126151","wikipedia":"en:Palace Armoury"}}},{"type":"Feature","id":"node/3257012710","geometry":{"type":"Point","coordinates":[14.5140093,35.8986475]},"properties":{"osm_type":"node","osm_id":3257012710,"category":"museum","name":"Kmamar tal-Istat","wikidata":null,"wikipedia":null,"tags":{"addr:city":"Il-Belt Valletta","addr:street":"Triq ir-Repubblika","name":"Kmamar tal-Istat","name:ar":"الغرف الحكومية","name:en":"State Rooms","name:mt":"Kmamar tal-Istat","operator":"Heritage Malta","tourism":"museum"}}},{"type":"Feature","id":"node/3257574261","geometry":{"type":"Point","coordinates":[14.328535,35.906401]},"properties":{"osm_type":"node","osm_id":3257574261,"category":"archaeological_site","name":"Ras ir-Raħeb","wikidata":null,"wikipedia":null,"tags":{"historic":"archaeological_site","name":"Ras ir-Raħeb","name:ar":"رأس الراهب","operator":"Heritage Malta"}}},{"type":"Feature","id":"node/3268611763","geometry":{"type":"Point","coordinates":[14.554826,35.8690908]},"properties":{"osm_type":"node","osm_id":3268611763,"category":"monument","name":"Tlett is-Slaleb","wikidata":null,"wikipedia":null,"tags":{"historic":"monument","name":"Tlett is-Slaleb"}}},{"type":"Feature","id":"node/3357361129","geometry":{"type":"Point","coordinates":[14.5182087,35.8973646]},"properties":{"osm_type":"node","osm_id":3357361129,"category":"artwork","name":"Unknown Soldier","wikidata":null,"wikipedia":null,"tags":{"artwork_type":"statue","historic":"memorial","material":"stone","memorial":"statue","name":"Unknown Soldier","name:en":"Unknown Soldier","name:pl":"Pomnik Nieznanego Żołnierza","tourism":"artwork"}}},{"type":"Feature","id":"node/3362500863","geometry":{"type":"Point","coordinates":[14.5236669,35.8830049]},"properties":{"osm_type":"node","osm_id":3362500863,"category":"museum","name":"Bir Mula Heritage","wikidata":"Q111854077","wikipedia":null,"tags":{"name":"Bir Mula Heritage","tourism":"museum","website":"https://www.birmula.com/","wikidata":"Q111854077"}}},{"type":"Feature","id":"node/3363135396","geometry":{"type":"Point","coordinates":[14.5209969,35.8871671]},"properties":{"osm_type":"node","osm_id":3363135396,"category":"monument","name":"31st March 1979 - Freedom Day","wikidata":null,"wikipedia":null,"tags":{"historic":"monument","name":"31st March 1979 - Freedom Day"}}},{"type":"Feature","id":"node/3363877120","geometry":{"type":"Point","coordinates":[14.5208703,35.8822763]},"properties":{"osm_type":"node","osm_id":3363877120,"category":"monument","name":"Dom Mintoff","wikidata":null,"wikipedia":null,"tags":{"historic":"monument","name":"Dom Mintoff"}}},{"type":"Feature","id":"node/3392456335","geometry":{"type":"Point","coordinates":[14.5271255,35.8720643]},"properties":{"osm_type":"node","osm_id":3392456335,"category":"monument","name":"L-Arkata ta' Hompesch","wikidata":"Q19685194","wikipedia":"en:Hompesch Gate","tags":{"heritage":"2","historic":"monument","name":"L-Arkata ta' Hompesch","name:en":"Hompesch Arch","name:mt":"L-Arkata ta' Hompesch","wikidata":"Q19685194","wikipedia":"en:Hompesch Gate"}}},{"type":"Feature","id":"node/3415559971","geometry":{"type":"Point","coordinates":[14.2195107,36.0320664]},"properties":{"osm_type":"node","osm_id":3415559971,"category":"archaeological_site","name":"Underground Floor Mill","wikidata":null,"wikipedia":null,"tags":{"historic":"archaeological_site","name":"Underground Floor Mill"}}},{"type":"Feature","id":"node/3442737448","geometry":{"type":"Point","coordinates":[14.2613991,36.0511066]},"properties":{"osm_type":"node","osm_id":3442737448,"category":"archaeological_site","name":"L-Għar ta' Xerri","wikidata":null,"wikipedia":null,"tags":{"historic":"archaeological_site","name":"L-Għar ta' Xerri","name:en":"Xerri's Grotto"}}},{"type":"Feature","id":"node/3466557594","geometry":{"type":"Point","coordinates":[14.5089243,35.9109222]},"properties":{"osm_type":"node","osm_id":3466557594,"category":"memorial","name":"George Bonello Dupuis","wikidata":null,"wikipedia":null,"tags":{"historic":"memorial","material":"stone_metal","memorial":"bust","name":"George Bonello Dupuis"}}},{"type":"Feature","id":"node/3466732302","geometry":{"type":"Point","coordinates":[14.5125265,35.8980322]},"properties":{"osm_type":"node","osm_id":3466732302,"category":"memorial","name":"Il-Monument tal-Assedju l-Kbir","wikidata":"Q38604194","wikipedia":"en:Great Siege Monument","tags":{"historic":"memorial","memorial":"bust","name":"Il-Monument tal-Assedju l-Kbir","name:en":"Great Siege Monument","name:mt":"Il-Monument tal-Assedju l-Kbir","wikidata":"Q38604194","wikipedia":"en:Great Siege Monument"}}},{"type":"Feature","id":"node/3466732538","geometry":{"type":"Point","coordinates":[14.5124809,35.8982713]},"properties":{"osm_type":"node","osm_id":3466732538,"category":"memorial","name":"Guido de Marco","wikidata":null,"wikipedia":null,"tags":{"historic":"memorial","memorial":"statue","name":"Guido de Marco"}}},{"type":"Feature","id":"node/3466733239","geometry":{"type":"Point","coordinates":[14.5142137,35.8986493]},"properties":{"osm_type":"node","osm_id":3466733239,"category":"artwork","name":"Statue of Neptune","wikidata":null,"wikipedia":null,"tags":{"artwork_type":"statue","historic":"memorial","material":"stone","memorial":"statue","name":"Statue of Neptune","name:de":"Neptunstatue","name:en":"Statue of Neptune","name:es":"Estatua de Neptuno","name:mt":"Statwa ta' Nettunu","name:pl":"Pomnik Neptuna","tourism":"artwork"}}},{"type":"Feature","id":"node/3485192998","geometry":{"type":"Point","coordinates":[14.4937818,35.914149]},"properties":{"osm_type":"node","osm_id":3485192998,"category":"memorial","name":"Ċensu Tabone","wikidata":null,"wikipedia":null,"tags":{"historic":"memorial","memorial":"statue","name":"Ċensu Tabone"}}},{"type":"Feature","id":"node/3495285259","geometry":{"type":"Point","coordinates":[14.3809037,35.8912816]},"properties":{"osm_type":"node","osm_id":3495285259,"category":"historic","name":"Is-Salib","wikidata":null,"wikipedia":null,"tags":{"denomination":"roman_catholic","historic":"wayside_cross","name":"Is-Salib","religion":"christian"}}},{"type":"Feature","id":"node/3500474392","geometry":{"type":"Point","coordinates":[14.3993629,35.8822879]},"properties":{"osm_type":"node","osm_id":3500474392,"category":"monument","name":"Statwa ta' San Pawl","wikidata":null,"wikipedia":null,"tags":{"historic":"monument","name":"Statwa ta' San Pawl","name:en":"Statue of Saint Paul"}}},{"type":"Feature","id":"node/3504373237","geometry":{"type":"Point","coordinates":[14.4257323,35.9193684]},"properties":{"osm_type":"node","osm_id":3504373237,"category":"archaeological_site","name":"Cart Ruts","wikidata":null,"wikipedia":null,"tags":{"historic":"archaeological_site","name":"Cart Ruts"}}},{"type":"Feature","id":"node/3516919986","geometry":{"type":"Point","coordinates":[14.4532265,35.9240035]},"properties":{"osm_type":"node","osm_id":3516919986,"category":"artwork","name":"San Mattew Evanġelista","wikidata":null,"wikipedia":null,"tags":{"artwork_type":"statue","material":"stone","name":"San Mattew Evanġelista","name:cs":"sv. Matouš","name:en":"Saint Matthew the Evangelist","name:mt":"San Mattew Evanġelista","tourism":"artwork"}}},{"type":"Feature","id":"node/3525637879","geometry":{"type":"Point","coordinates":[14.4805888,35.8319664]},"properties":{"osm_type":"node","osm_id":3525637879,"category":"archaeological_site","name":"Il-Katakombi tax-Xarolla","wikidata":null,"wikipedia":null,"tags":{"historic":"archaeological_site","name":"Il-Katakombi tax-Xarolla"}}},{"type":"Feature","id":"node/3533339041","geometry":{"type":"Point","coordinates":[14.4436537,35.9310329]},"properties":{"osm_type":"node","osm_id":3533339041,"category":"archaeological_site","name":"Il-Widna","wikidata":null,"wikipedia":null,"tags":{"historic":"archaeological_site","name":"Il-Widna"}}},{"type":"Feature","id":"node/3546103672","geometry":{"type":"Point","coordinates":[14.3793537,35.9218037]},"properties":{"osm_type":"node","osm_id":3546103672,"category":"archaeological_site","name":"Raddi","wikidata":null,"wikipedia":null,"tags":{"historic":"archaeological_site","name":"Raddi","name:en":"Cart Ruts"}}},{"type":"Feature","id":"node/3546103678","geometry":{"type":"Point","coordinates":[14.3794519,35.9234423]},"properties":{"osm_type":"node","osm_id":3546103678,"category":"archaeological_site","name":"Raddi","wikidata":null,"wikipedia":null,"tags":{"historic":"archaeological_site","name":"Raddi","name:en":"Cart Ruts"}}},{"type":"Feature","id":"node/3579315545","geometry":{"type":"Point","coordinates":[14.4819595,35.9026788]},"properties":{"osm_type":"node","osm_id":3579315545,"category":"theatre","name":"Tespi performance space","wikidata":null,"wikipedia":null,"tags":{"amenity":"theatre","name":"Tespi performance space"}}},{"type":"Feature","id":"node/3660108751","geometry":{"type":"Point","coordinates":[14.5061428,35.8935191]},"properties":{"osm_type":"node","osm_id":3660108751,"category":"historic","name":"Il-Fosos tal-Furjana","wikidata":"Q24513949","wikipedia":null,"tags":{"historic":"yes","name":"Il-Fosos tal-Furjana","name:en":"Floriana Granaries","wikidata":"Q24513949"}}},{"type":"Feature","id":"node/3668037887","geometry":{"type":"Point","coordinates":[14.5025065,35.8478301]},"properties":{"osm_type":"node","osm_id":3668037887,"category":"artwork","name":"Assumption of Mary","wikidata":null,"wikipedia":null,"tags":{"artwork_type":"statue","material":"stone","name":"Assumption of Mary","tourism":"artwork"}}},{"type":"Feature","id":"node/3688282748","geometry":{"type":"Point","coordinates":[14.4471701,35.896396]},"properties":{"osm_type":"node","osm_id":3688282748,"category":"memorial","name":"King George V","wikidata":null,"wikipedia":null,"tags":{"historic":"memorial","image":"https://www.flickr.com/photos/33766294@N03/20404480056/","memorial":"bust","name":"King George V"}}},{"type":"Feature","id":"node/3688282749","geometry":{"type":"Point","coordinates":[14.4471127,35.8961575]},"properties":{"osm_type":"node","osm_id":3688282749,"category":"memorial","name":"King George VI","wikidata":null,"wikipedia":null,"tags":{"historic":"memorial","image":"https://www.flickr.com/photos/33766294@N03/20430723455/","memorial":"bust","name":"King George VI"}}},{"type":"Feature","id":"node/3688282750","geometry":{"type":"Point","coordinates":[14.5204663,35.8880759]},"properties":{"osm_type":"node","osm_id":3688282750,"category":"historic","name":"Locomobil","wikidata":null,"wikipedia":null,"tags":{"historic":"technical_monument","image":"https://www.flickr.com/photos/33766294@N03/20242735290/","name":"Locomobil"}}},{"type":"Feature","id":"node/3693363576","geometry":{"type":"Point","coordinates":[14.3693998,35.929174]},"properties":{"osm_type":"node","osm_id":3693363576,"category":"archaeological_site","name":"Raded Preistoriċi","wikidata":null,"wikipedia":null,"tags":{"historic":"archaeological_site","name":"Raded Preistoriċi","name:en":"Cart Ruts"}}},{"type":"Feature","id":"node/3693363581","geometry":{"type":"Point","coordinates":[14.3681436,35.9291619]},"properties":{"osm_type":"node","osm_id":3693363581,"category":"archaeological_site","name":"Raded Preistoriċi","wikidata":null,"wikipedia":null,"tags":{"historic":"archaeological_site","name":"Raded Preistoriċi","name:en":"Cart Ruts"}}},{"type":"Feature","id":"node/3751921319","geometry":{"type":"Point","coordinates":[14.4502632,35.9256371]},"properties":{"osm_type":"node","osm_id":3751921319,"category":"artwork","name":"Saint Bartholomew Miniature","wikidata":null,"wikipedia":null,"tags":{"name":"Saint Bartholomew Miniature","tourism":"artwork"}}},{"type":"Feature","id":"node/3785782160","geometry":{"type":"Point","coordinates":[14.4506623,35.8418294]},"properties":{"osm_type":"node","osm_id":3785782160,"category":"archaeological_site","name":"Dolmen","wikidata":null,"wikipedia":null,"tags":{"historic":"archaeological_site","name":"Dolmen"}}},{"type":"Feature","id":"node/3806505138","geometry":{"type":"Point","coordinates":[14.5472666,35.848369]},"properties":{"osm_type":"node","osm_id":3806505138,"category":"archaeological_site","name":"Tempju Megalitiku ta' Ħal Ġinwi","wikidata":null,"wikipedia":"en:Ħal Ġinwi temple","tags":{"heritage":"2","historic":"archaeological_site","name":"Tempju Megalitiku ta' Ħal Ġinwi","wikipedia":"en:Ħal Ġinwi temple"}}},{"type":"Feature","id":"node/3809552350","geometry":{"type":"Point","coordinates":[14.344518,35.8955655]},"properties":{"osm_type":"node","osm_id":3809552350,"category":"archaeological_site","name":"Cart Ruts","wikidata":null,"wikipedia":null,"tags":{"historic":"archaeological_site","name":"Cart Ruts"}}},{"type":"Feature","id":"node/3809552437","geometry":{"type":"Point","coordinates":[14.3500116,35.8902257]},"properties":{"osm_type":"node","osm_id":3809552437,"category":"archaeological_site","name":"Cart Ruts","wikidata":null,"wikipedia":null,"tags":{"historic":"archaeological_site","name":"Cart Ruts"}}},{"type":"Feature","id":"node/3817155145","geometry":{"type":"Point","coordinates":[14.5251029,35.8809637]},"properties":{"osm_type":"node","osm_id":3817155145,"category":"historic","name":"Santa Margherita Bastion","wikidata":null,"wikipedia":null,"tags":{"historic":"yes","name":"Santa Margherita Bastion","name:mt":"Is-Sur ta Santa Margerita"}}},{"type":"Feature","id":"node/3818538936","geometry":{"type":"Point","coordinates":[14.4219639,35.8538368]},"properties":{"osm_type":"node","osm_id":3818538936,"category":"archaeological_site","name":"Qabar Puniku","wikidata":null,"wikipedia":null,"tags":{"historic":"archaeological_site","name":"Qabar Puniku"}}},{"type":"Feature","id":"node/3935541995","geometry":{"type":"Point","coordinates":[14.3849376,35.8636871]},"properties":{"osm_type":"node","osm_id":3935541995,"category":"historic","name":"Triq il-Għajn","wikidata":null,"wikipedia":null,"tags":{"historic":"yes","name":"Triq il-Għajn","name:etymology:wikidata":"Q10713454","name:mt":"Triq il-Għajn"}}},{"type":"Feature","id":"node/3954800523","geometry":{"type":"Point","coordinates":[14.3575439,35.9413012]},"properties":{"osm_type":"node","osm_id":3954800523,"category":"archaeological_site","name":"Cart Ruts","wikidata":null,"wikipedia":null,"tags":{"historic":"archaeological_site","name":"Cart Ruts"}}},{"type":"Feature","id":"node/3964121681","geometry":{"type":"Point","coordinates":[14.5115079,35.868808]},"properties":{"osm_type":"node","osm_id":3964121681,"category":"historic","name":"Madonna tar-Rużarju","wikidata":null,"wikipedia":null,"tags":{"amenity":"place_of_worship","denomination":"roman_catholic","historic":"wayside_shrine","image":"https://www.flickr.com/photos/33766294@N03/24559838375/","name":"Madonna tar-Rużarju","religion":"christian"}}},{"type":"Feature","id":"node/3967612876","geometry":{"type":"Point","coordinates":[14.3663408,35.873422]},"properties":{"osm_type":"node","osm_id":3967612876,"category":"archaeological_site","name":"Cart Ruts","wikidata":null,"wikipedia":null,"tags":{"historic":"archaeological_site","name":"Cart Ruts"}}},{"type":"Feature","id":"node/4054100087","geometry":{"type":"Point","coordinates":[14.5219755,35.8766903]},"properties":{"osm_type":"node","osm_id":4054100087,"category":"historic","name":"Bieb il-Polverista","wikidata":null,"wikipedia":null,"tags":{"historic":"yes","name":"Bieb il-Polverista"}}},{"type":"Feature","id":"node/4054101295","geometry":{"type":"Point","coordinates":[14.5248917,35.8771749]},"properties":{"osm_type":"node","osm_id":4054101295,"category":"historic","name":"Bieb iż-Żejtun","wikidata":null,"wikipedia":null,"tags":{"historic":"yes","name":"Bieb iż-Żejtun"}}},{"type":"Feature","id":"node/4099124017","geometry":{"type":"Point","coordinates":[14.2465478,36.0694262]},"properties":{"osm_type":"node","osm_id":4099124017,"category":"archaeological_site","name":"Oqbra Fenici u Punici","wikidata":null,"wikipedia":null,"tags":{"historic":"archaeological_site","name":"Oqbra Fenici u Punici","name:en":"Punic Tombs"}}},{"type":"Feature","id":"node/4124142971","geometry":{"type":"Point","coordinates":[14.4046955,35.9492589]},"properties":{"osm_type":"node","osm_id":4124142971,"category":"ruins","name":"Bathing pools","wikidata":null,"wikipedia":null,"tags":{"historic":"ruins","name":"Bathing pools"}}},{"type":"Feature","id":"node/4146024414","geometry":{"type":"Point","coordinates":[14.444558,35.8701849]},"properties":{"osm_type":"node","osm_id":4146024414,"category":"monument","name":"Madonna ta' Lourdes","wikidata":null,"wikipedia":null,"tags":{"historic":"monument","name":"Madonna ta' Lourdes","name:en":"Our Lady of Lourdes"}}},{"type":"Feature","id":"node/4148656525","geometry":{"type":"Point","coordinates":[14.4185253,35.9564051]},"properties":{"osm_type":"node","osm_id":4148656525,"category":"historic","name":"The djema well","wikidata":null,"wikipedia":null,"tags":{"historic":"yes","name":"The djema well"}}},{"type":"Feature","id":"node/4148656529","geometry":{"type":"Point","coordinates":[14.4191243,35.9442904]},"properties":{"osm_type":"node","osm_id":4148656529,"category":"memorial","name":"John F. Kennedy","wikidata":null,"wikipedia":null,"tags":{"historic":"memorial","memorial":"sculpture","name":"John F. Kennedy","name:etymology":"John F. Kennedy","name:etymology:wikidata":"Q9696"}}},{"type":"Feature","id":"node/4158240903","geometry":{"type":"Point","coordinates":[14.446135,35.9839311]},"properties":{"osm_type":"node","osm_id":4158240903,"category":"historic","name":"HMS Stubborn","wikidata":null,"wikipedia":null,"tags":{"historic":"wreck","name":"HMS Stubborn","tourism":"attraction"}}},{"type":"Feature","id":"node/4158240904","geometry":{"type":"Point","coordinates":[14.4343773,35.9645597]},"properties":{"osm_type":"node","osm_id":4158240904,"category":"historic","name":"MV Imperial Eagle","wikidata":null,"wikipedia":null,"tags":{"historic":"wreck","name":"MV Imperial Eagle","tourism":"attraction"}}},{"type":"Feature","id":"node/4158241012","geometry":{"type":"Point","coordinates":[14.3337455,35.9643127]},"properties":{"osm_type":"node","osm_id":4158241012,"category":"historic","name":"Nawfraġju ta' Scotscraig","wikidata":null,"wikipedia":null,"tags":{"historic":"wreck","name":"Nawfraġju ta' Scotscraig","name:en":"Wreck of Scotscraig","tourism":"attraction"}}},{"type":"Feature","id":"node/4158241401","geometry":{"type":"Point","coordinates":[14.3260851,35.988472]},"properties":{"osm_type":"node","osm_id":4158241401,"category":"historic","name":"P29 - Patrol Boat","wikidata":null,"wikipedia":"en:Maltese patrol boat P29","tags":{"historic":"wreck","name":"P29 - Patrol Boat","wikipedia":"en:Maltese patrol boat P29"}}},{"type":"Feature","id":"node/4158314992","geometry":{"type":"Point","coordinates":[14.3266379,35.9898261]},"properties":{"osm_type":"node","osm_id":4158314992,"category":"historic","name":"MV Rozi","wikidata":null,"wikipedia":"en:MV Rozi","tags":{"historic":"wreck","name":"MV Rozi","tourism":"attraction","wikipedia":"en:MV Rozi"}}},{"type":"Feature","id":"node/4159831008","geometry":{"type":"Point","coordinates":[14.5708901,35.8915498]},"properties":{"osm_type":"node","osm_id":4159831008,"category":"historic","name":"Wreck of the Schnellboot","wikidata":null,"wikipedia":null,"tags":{"historic":"wreck","name":"Wreck of the Schnellboot","tourism":"attraction"}}},{"type":"Feature","id":"node/4159831345","geometry":{"type":"Point","coordinates":[14.5751681,35.8660607]},"properties":{"osm_type":"node","osm_id":4159831345,"category":"historic","name":"Tug Boat 10","wikidata":null,"wikipedia":null,"tags":{"historic":"wreck","name":"Tug Boat 10"}}},{"type":"Feature","id":"node/4159831346","geometry":{"type":"Point","coordinates":[14.5991911,35.8582177]},"properties":{"osm_type":"node","osm_id":4159831346,"category":"historic","name":"Wreck of le Polynesien","wikidata":null,"wikipedia":null,"tags":{"historic":"wreck","name":"Wreck of le Polynesien","tourism":"attraction"}}},{"type":"Feature","id":"node/4159831390","geometry":{"type":"Point","coordinates":[14.3236863,36.009265]},"properties":{"osm_type":"node","osm_id":4159831390,"category":"historic","name":"P31 - Patrol Boat","wikidata":null,"wikipedia":null,"tags":{"historic":"wreck","name":"P31 - Patrol Boat","tourism":"attraction","wheelchair":"no"}}},{"type":"Feature","id":"node/4159831399","geometry":{"type":"Point","coordinates":[14.336121,36.0050991]},"properties":{"osm_type":"node","osm_id":4159831399,"category":"historic","name":"Dive Site and Shipwreck","wikidata":null,"wikipedia":null,"tags":{"historic":"wreck","name":"Dive Site and Shipwreck","tourism":"attraction"}}},{"type":"Feature","id":"node/4159831402","geometry":{"type":"Point","coordinates":[14.2862962,36.016902]},"properties":{"osm_type":"node","osm_id":4159831402,"category":"historic","name":"MV Karwela","wikidata":null,"wikipedia":null,"tags":{"historic":"wreck","name":"MV Karwela","tourism":"attraction"}}},{"type":"Feature","id":"node/4159831403","geometry":{"type":"Point","coordinates":[14.2850034,36.0168282]},"properties":{"osm_type":"node","osm_id":4159831403,"category":"historic","name":"MV Xlendi","wikidata":null,"wikipedia":null,"tags":{"historic":"wreck","name":"MV Xlendi","tourism":"attraction"}}},{"type":"Feature","id":"node/4159831404","geometry":{"type":"Point","coordinates":[14.2871545,36.0170756]},"properties":{"osm_type":"node","osm_id":4159831404,"category":"historic","name":"MV Cominoland","wikidata":null,"wikipedia":null,"tags":{"historic":"wreck","name":"MV Cominoland","tourism":"attraction"}}},{"type":"Feature","id":"node/4159831410","geometry":{"type":"Point","coordinates":[14.3275591,35.9887449]},"properties":{"osm_type":"node","osm_id":4159831410,"category":"artwork","name":"Statwa tal-Madonna (Għadis)","wikidata":null,"wikipedia":null,"tags":{"artwork_type":"statue","name":"Statwa tal-Madonna (Għadis)","name:en":"Madonna Statue (Dive Site)","tourism":"artwork","wheelchair":"no"}}},{"type":"Feature","id":"node/4159831895","geometry":{"type":"Point","coordinates":[14.5923975,35.8745659]},"properties":{"osm_type":"node","osm_id":4159831895,"category":"historic","name":"Wreck of HMS Southwold","wikidata":null,"wikipedia":null,"tags":{"historic":"wreck","name":"Wreck of HMS Southwold","tourism":"attraction"}}},{"type":"Feature","id":"node/4159847955","geometry":{"type":"Point","coordinates":[14.4985234,35.9195387]},"properties":{"osm_type":"node","osm_id":4159847955,"category":"historic","name":"Tug 2","wikidata":null,"wikipedia":null,"tags":{"historic":"wreck","name":"Tug 2"}}},{"type":"Feature","id":"node/4159847956","geometry":{"type":"Point","coordinates":[14.5227148,35.8904822]},"properties":{"osm_type":"node","osm_id":4159847956,"category":"historic","name":"Wreck of SS Margit","wikidata":null,"wikipedia":null,"tags":{"historic":"wreck","name":"Wreck of SS Margit","tourism":"attraction"}}},{"type":"Feature","id":"node/4159847957","geometry":{"type":"Point","coordinates":[14.543052,35.8996994]},"properties":{"osm_type":"node","osm_id":4159847957,"category":"historic","name":"Wreck of the Hellespont","wikidata":null,"wikipedia":null,"tags":{"historic":"wreck","name":"Wreck of the Hellespont","tourism":"attraction"}}},{"type":"Feature","id":"node/4159866492","geometry":{"type":"Point","coordinates":[14.4763171,35.9423555]},"properties":{"osm_type":"node","osm_id":4159866492,"category":"historic","name":"Wreck of Lockheed Neptune","wikidata":null,"wikipedia":null,"tags":{"historic":"wreck","name":"Wreck of Lockheed Neptune","tourism":"attraction"}}},{"type":"Feature","id":"node/4159866493","geometry":{"type":"Point","coordinates":[14.5037469,35.901086]},"properties":{"osm_type":"node","osm_id":4159866493,"category":"historic","name":"Lighter X127","wikidata":null,"wikipedia":null,"tags":{"historic":"wreck","name":"Lighter X127"}}},{"type":"Feature","id":"node/4171037836","geometry":{"type":"Point","coordinates":[14.5133248,35.8984215]},"properties":{"osm_type":"node","osm_id":4171037836,"category":"artwork","name":"Ir-Reġina Viktorja","wikidata":"Q96333358","wikipedia":"en:Statue of Queen Victoria, Valletta","tags":{"artwork_type":"statue","historic":"memorial","memorial":"statue","name":"Ir-Reġina Viktorja","name:br":"Rouanez Victoria","name:de":"Königin Victoria","name:en":"Queen Victoria","name:fr":"La Reine Victoria","name:mt":"Ir-Reġina Viktorja","name:pl":"Królowa Wiktoria","tourism":"artwork","wikidata":"Q96333358","wikipedia":"en:Statue of Queen Victoria, Valletta"}}},{"type":"Feature","id":"node/4219560990","geometry":{"type":"Point","coordinates":[14.4512984,35.9036467]},"properties":{"osm_type":"node","osm_id":4219560990,"category":"artwork","name":"Viper Grafix Signs","wikidata":null,"wikipedia":null,"tags":{"name":"Viper Grafix Signs","tourism":"artwork"}}},{"type":"Feature","id":"node/4240850660","geometry":{"type":"Point","coordinates":[14.3767215,35.9330951]},"properties":{"osm_type":"node","osm_id":4240850660,"category":"historic","name":"San Martin Emergency Flour Mill","wikidata":null,"wikipedia":null,"tags":{"historic":"yes","name:en":"San Martin Emergency Flour Mill"}}},{"type":"Feature","id":"node/4245065263","geometry":{"type":"Point","coordinates":[14.5046482,35.9153138]},"properties":{"osm_type":"node","osm_id":4245065263,"category":"memorial","name":"White shadows","wikidata":null,"wikipedia":null,"tags":{"historic":"memorial","material":"stone","memorial":"statue","name":"White shadows"}}},{"type":"Feature","id":"node/4344571449","geometry":{"type":"Point","coordinates":[14.4909312,35.9013389]},"properties":{"osm_type":"node","osm_id":4344571449,"category":"ruins","name":"Id-Daħla l-Qadima tal-Gżira","wikidata":null,"wikipedia":null,"tags":{"historic":"ruins","name":"Id-Daħla l-Qadima tal-Gżira","name:en":"Gżira's Old Gate"}}},{"type":"Feature","id":"node/4367809098","geometry":{"type":"Point","coordinates":[14.5039861,35.9015475]},"properties":{"osm_type":"node","osm_id":4367809098,"category":"ruins","name":"Il-Fdalijiet tal-Lazzarett","wikidata":null,"wikipedia":null,"tags":{"historic":"ruins","name":"Il-Fdalijiet tal-Lazzarett","name:en":"Lazzaretto Ruins"}}},{"type":"Feature","id":"node/4394978490","geometry":{"type":"Point","coordinates":[14.5177737,35.897404]},"properties":{"osm_type":"node","osm_id":4394978490,"category":"artwork","name":"Enea","wikidata":null,"wikipedia":null,"tags":{"artist_name":"Ugo Attardi","artwork_type":"statue","material":"metal","name":"Enea","start_date":"2004/4/3","tourism":"artwork"}}},{"type":"Feature","id":"node/4508807392","geometry":{"type":"Point","coordinates":[14.5240064,35.8919467]},"properties":{"osm_type":"node","osm_id":4508807392,"category":"museum","name":"L-Esplora","wikidata":null,"wikipedia":null,"tags":{"addr:postcode":"KKR 1320","addr:street":"Triq Marina","name":"L-Esplora","name:en":"Esplora","opening_hours":"Tu-Fr 09:30-16:00; Sa 10:30-05:00; Su 11:30-06:00","operator":"Malta Council for Science and Technology","phone":"25401900","tourism":"museum","website":"https://www.esplora.org.mt/"}}},{"type":"Feature","id":"node/4710318137","geometry":{"type":"Point","coordinates":[14.4806387,35.8344438]},"properties":{"osm_type":"node","osm_id":4710318137,"category":"monument","name":"Arch","wikidata":null,"wikipedia":null,"tags":{"historic":"monument","name":"Arch"}}},{"type":"Feature","id":"node/4714022695","geometry":{"type":"Point","coordinates":[14.2537667,36.0210225]},"properties":{"osm_type":"node","osm_id":4714022695,"category":"archaeological_site","name":"Cart Ruts","wikidata":null,"wikipedia":null,"tags":{"historic":"archaeological_site","name":"Cart Ruts"}}},{"type":"Feature","id":"node/4771793421","geometry":{"type":"Point","coordinates":[14.5095873,35.8987519]},"properties":{"osm_type":"node","osm_id":4771793421,"category":"artwork","name":"Ink City Tattoo Studio","wikidata":null,"wikipedia":null,"tags":{"name":"Ink City Tattoo Studio","name:en":"Ink City Tattoo Studio","tourism":"artwork"}}},{"type":"Feature","id":"node/4778473923","geometry":{"type":"Point","coordinates":[14.5205404,35.88908]},"properties":{"osm_type":"node","osm_id":4778473923,"category":"memorial","name":"Holy Trinity Church","wikidata":null,"wikipedia":null,"tags":{"historic":"memorial","name":"Holy Trinity Church","name:en":"Holy Trinity Church","name:pl":"Kościół Trójcy Świętej"}}},{"type":"Feature","id":"node/4792695822","geometry":{"type":"Point","coordinates":[14.5276102,35.8321938]},"properties":{"osm_type":"node","osm_id":4792695822,"category":"memorial","name":"Il-Madonna","wikidata":null,"wikipedia":null,"tags":{"historic":"memorial","name":"Il-Madonna","name:en":"Our Lady"}}},{"type":"Feature","id":"node/4849713921","geometry":{"type":"Point","coordinates":[14.3925654,35.8882108]},"properties":{"osm_type":"node","osm_id":4849713921,"category":"archaeological_site","name":"cart ruts","wikidata":null,"wikipedia":null,"tags":{"historic":"archaeological_site","name":"cart ruts"}}},{"type":"Feature","id":"node/4849713922","geometry":{"type":"Point","coordinates":[14.4134463,35.8457757]},"properties":{"osm_type":"node","osm_id":4849713922,"category":"archaeological_site","name":"Cart ruts","wikidata":null,"wikipedia":null,"tags":{"historic":"archaeological_site","name":"Cart ruts"}}},{"type":"Feature","id":"node/4849713923","geometry":{"type":"Point","coordinates":[14.4352921,35.8291433]},"properties":{"osm_type":"node","osm_id":4849713923,"category":"archaeological_site","name":"Tankijiet tal-Misqa","wikidata":null,"wikipedia":null,"tags":{"historic":"archaeological_site","name":"Tankijiet tal-Misqa","name:en":"Misqa tanks"}}},{"type":"Feature","id":"node/4849713924","geometry":{"type":"Point","coordinates":[14.3782039,35.9036364]},"properties":{"osm_type":"node","osm_id":4849713924,"category":"archaeological_site","name":"catacombs","wikidata":null,"wikipedia":null,"tags":{"historic":"archaeological_site","name":"catacombs"}}},{"type":"Feature","id":"node/4849713925","geometry":{"type":"Point","coordinates":[14.3845344,35.8853694]},"properties":{"osm_type":"node","osm_id":4849713925,"category":"archaeological_site","name":"Għajn Klieb","wikidata":"Q28040848","wikipedia":null,"tags":{"historic":"archaeological_site","name":"Għajn Klieb","wikidata":"Q28040848"}}},{"type":"Feature","id":"node/4883913551","geometry":{"type":"Point","coordinates":[14.2586183,36.0457396]},"properties":{"osm_type":"node","osm_id":4883913551,"category":"archaeological_site","name":"Tempju Santa Verna","wikidata":"Q19364749","wikipedia":"en:Santa Verna","tags":{"historic":"archaeological_site","name":"Tempju Santa Verna","name:en":"Santa Verna Temple","name:mt":"Tempju Santa Verna","wikidata":"Q19364749","wikipedia":"en:Santa Verna"}}},{"type":"Feature","id":"node/4883915725","geometry":{"type":"Point","coordinates":[14.4204833,35.9366556]},"properties":{"osm_type":"node","osm_id":4883915725,"category":"archaeological_site","name":"Tempju tal-Qadi","wikidata":"Q3514403","wikipedia":"en:Tal-Qadi Temple","tags":{"historic":"archaeological_site","name":"Tempju tal-Qadi","name:en":"Tal-Qadi Temple","wikidata":"Q3514403","wikipedia":"en:Tal-Qadi Temple"}}},{"type":"Feature","id":"node/4883916697","geometry":{"type":"Point","coordinates":[14.568528,35.843806]},"properties":{"osm_type":"node","osm_id":4883916697,"category":"archaeological_site","name":"Tempju ta' Xrobb l-Għaġin","wikidata":"Q20949769","wikipedia":"en:Xrobb l-Għaġin Temple","tags":{"historic":"archaeological_site","name":"Tempju ta' Xrobb l-Għaġin","name:en":"Xrobb l-Għaġin Temple","name:mt":"Tempju ta' Xrobb l-Għaġin","wikidata":"Q20949769","wikipedia":"en:Xrobb l-Għaġin Temple"}}},{"type":"Feature","id":"node/4883919123","geometry":{"type":"Point","coordinates":[14.265924,36.0474917]},"properties":{"osm_type":"node","osm_id":4883919123,"category":"archaeological_site","name":"Ta' Għejżu Prehistoric Cave","wikidata":"Q23064283","wikipedia":"de:Għar ta’ Għejżu","tags":{"historic":"archaeological_site","name":"Ta' Għejżu Prehistoric Cave","wikidata":"Q23064283","wikipedia":"de:Għar ta’ Għejżu"}}},{"type":"Feature","id":"node/4883920220","geometry":{"type":"Point","coordinates":[14.25889,36.05417]},"properties":{"osm_type":"node","osm_id":4883920220,"category":"archaeological_site","name":"Il-Ġebla ta’ Sasuna","wikidata":"Q17575950","wikipedia":"en:Il-Ġebla ta' Sasuna","tags":{"alt_name":"Il-Ħaġra ta' Sansuna","historic":"archaeological_site","name":"Il-Ġebla ta’ Sasuna","name:en":"Sansuna's Rock","wikidata":"Q17575950","wikipedia":"en:Il-Ġebla ta' Sasuna"}}},{"type":"Feature","id":"node/4883920450","geometry":{"type":"Point","coordinates":[14.55475,35.86773]},"properties":{"osm_type":"node","osm_id":4883920450,"category":"archaeological_site","name":"Il-Bidni Dolmen","wikidata":"Q17575948","wikipedia":"de:Il-Bidni Dolmen","tags":{"historic":"archaeological_site","name":"Il-Bidni Dolmen","wikidata":"Q17575948","wikipedia":"de:Il-Bidni Dolmen"}}},{"type":"Feature","id":"node/4883921395","geometry":{"type":"Point","coordinates":[14.2581709,36.0195906]},"properties":{"osm_type":"node","osm_id":4883921395,"category":"archaeological_site","name":null,"wikidata":"Q108607255","wikipedia":"en:Borġ l-Imramma","tags":{"historic":"archaeological_site","wikidata":"Q108607255","wikipedia":"en:Borġ l-Imramma"}}},{"type":"Feature","id":"node/4883921421","geometry":{"type":"Point","coordinates":[14.25569,36.02755]},"properties":{"osm_type":"node","osm_id":4883921421,"category":"archaeological_site","name":"Ġebel Megalitu Ta' Blankas","wikidata":"Q20216145","wikipedia":"de:Megalithanlagen von Ta’ Blankas","tags":{"historic":"archaeological_site","name":"Ġebel Megalitu Ta' Blankas","name:de":"Megalithanlagen von Ta’ Blankas","name:en":"Ta' Blanks Megalithic Stones","wikidata":"Q20216145","wikipedia":"de:Megalithanlagen von Ta’ Blankas"}}},{"type":"Feature","id":"node/4883922141","geometry":{"type":"Point","coordinates":[14.447228,35.941954]},"properties":{"osm_type":"node","osm_id":4883922141,"category":"archaeological_site","name":"Ta’ Ħammud Dolmen","wikidata":"Q18028415","wikipedia":"de:Ta’ Ħammud Dolmen","tags":{"historic":"archaeological_site","name":"Ta’ Ħammud Dolmen","wikidata":"Q18028415","wikipedia":"de:Ta’ Ħammud Dolmen"}}},{"type":"Feature","id":"node/4883925554","geometry":{"type":"Point","coordinates":[14.4315608,35.9195204]},"properties":{"osm_type":"node","osm_id":4883925554,"category":"archaeological_site","name":"Wied Filep Dolmen","wikidata":"Q18029616","wikipedia":"de:Wied Filep Dolmen","tags":{"historic":"archaeological_site","name":"Wied Filep Dolmen","wikidata":"Q18029616","wikipedia":"de:Wied Filep Dolmen"}}},{"type":"Feature","id":"node/4883925560","geometry":{"type":"Point","coordinates":[14.510714,35.81129]},"properties":{"osm_type":"node","osm_id":4883925560,"category":"archaeological_site","name":"Wied Żnuber Dolmen","wikidata":"Q18029617","wikipedia":"de:Wied Żnuber Dolmen","tags":{"historic":"archaeological_site","name":"Wied Żnuber Dolmen","wikidata":"Q18029617","wikipedia":"de:Wied Żnuber Dolmen"}}},{"type":"Feature","id":"node/5056427208","geometry":{"type":"Point","coordinates":[14.2407838,36.043262]},"properties":{"osm_type":"node","osm_id":5056427208,"category":"artwork","name":"Ġorġ Pisani","wikidata":null,"wikipedia":null,"tags":{"artwork_type":"statue","material":"metal","memorial":"statue","name":"Ġorġ Pisani","tourism":"artwork"}}},{"type":"Feature","id":"node/5057351252","geometry":{"type":"Point","coordinates":[14.2902835,36.0271633]},"properties":{"osm_type":"node","osm_id":5057351252,"category":"historic","name":"Niċċa tal-Madonna tal-Port Salvu","wikidata":null,"wikipedia":null,"tags":{"denomination":"roman_catholic","historic":"wayside_shrine","name":"Niċċa tal-Madonna tal-Port Salvu","name:en":"Niche of the Madonna of Safe Haven","name:fr":"Oratoire de la Vierge du Refuge","name:mt":"Niċċa tal-Madonna tal-Port Salvu","religion":"christian"}}},{"type":"Feature","id":"node/5064091826","geometry":{"type":"Point","coordinates":[14.2287569,36.0405559]},"properties":{"osm_type":"node","osm_id":5064091826,"category":"memorial","name":"St. Gregory the Great","wikidata":null,"wikipedia":null,"tags":{"historic":"memorial","memorial":"statue","name":"St. Gregory the Great","name:mt":"San Girgor il-Kbir"}}},{"type":"Feature","id":"node/5080778147","geometry":{"type":"Point","coordinates":[14.5027971,35.8483138]},"properties":{"osm_type":"node","osm_id":5080778147,"category":"artwork","name":"Saint Josef","wikidata":null,"wikipedia":null,"tags":{"artwork_type":"statue","denomination":"roman_catholic","material":"stone","name":"Saint Josef","religion":"christian","tourism":"artwork"}}},{"type":"Feature","id":"node/5257908506","geometry":{"type":"Point","coordinates":[14.3829771,35.8605675]},"properties":{"osm_type":"node","osm_id":5257908506,"category":"memorial","name":"Francis Ebejer","wikidata":null,"wikipedia":null,"tags":{"historic":"memorial","memorial":"statue","name":"Francis Ebejer"}}},{"type":"Feature","id":"node/5273452674","geometry":{"type":"Point","coordinates":[14.4318707,35.9076883]},"properties":{"osm_type":"node","osm_id":5273452674,"category":"monument","name":"Emmanuel Benjamin Vella","wikidata":null,"wikipedia":null,"tags":{"historic":"monument","name":"Emmanuel Benjamin Vella"}}},{"type":"Feature","id":"node/5275855818","geometry":{"type":"Point","coordinates":[14.5213337,35.8841876]},"properties":{"osm_type":"node","osm_id":5275855818,"category":"memorial","name":"Statwa ta' Sant'Elija","wikidata":null,"wikipedia":null,"tags":{"historic":"memorial","name":"Statwa ta' Sant'Elija","name:en":"Statue of St Elias"}}},{"type":"Feature","id":"node/5277475198","geometry":{"type":"Point","coordinates":[14.4335459,35.8536671]},"properties":{"osm_type":"node","osm_id":5277475198,"category":"memorial","name":"Pawlu Aquilina","wikidata":null,"wikipedia":null,"tags":{"historic":"memorial","memorial":"statue","name":"Pawlu Aquilina"}}},{"type":"Feature","id":"node/5277475939","geometry":{"type":"Point","coordinates":[14.4376195,35.8516949]},"properties":{"osm_type":"node","osm_id":5277475939,"category":"ruins","name":"Il-Knisja l-Qadima","wikidata":null,"wikipedia":null,"tags":{"historic":"ruins","name":"Il-Knisja l-Qadima"}}},{"type":"Feature","id":"node/5295335146","geometry":{"type":"Point","coordinates":[14.4093401,35.9165494]},"properties":{"osm_type":"node","osm_id":5295335146,"category":"fort","name":"Batterija tat-Tarġa","wikidata":"Q20653576","wikipedia":"en:Tarġa Battery","tags":{"historic":"fort","name":"Batterija tat-Tarġa","name:en":"Tarġa Battery","name:mt":"Batterija tat-Tarġa","tourism":"attraction","wikidata":"Q20653576","wikipedia":"en:Tarġa Battery"}}},{"type":"Feature","id":"node/5299491353","geometry":{"type":"Point","coordinates":[14.3982164,35.8817511]},"properties":{"osm_type":"node","osm_id":5299491353,"category":"memorial","name":"San Kataldu","wikidata":null,"wikipedia":null,"tags":{"historic":"memorial","memorial":"bust","name":"San Kataldu","name:en":"Saint Catald","name:mt":"San Kataldu"}}},{"type":"Feature","id":"node/5299896932","geometry":{"type":"Point","coordinates":[14.5102608,35.8996159]},"properties":{"osm_type":"node","osm_id":5299896932,"category":"memorial","name":"Mattia Preti","wikidata":null,"wikipedia":null,"tags":{"historic":"memorial","memorial":"bust","name":"Mattia Preti"}}},{"type":"Feature","id":"node/5304879821","geometry":{"type":"Point","coordinates":[14.5187411,35.9019705]},"properties":{"osm_type":"node","osm_id":5304879821,"category":"museum","name":"Mużew Nazzjonali tal-Gwerra","wikidata":null,"wikipedia":null,"tags":{"name":"Mużew Nazzjonali tal-Gwerra","name:ar":"متحف الحرب الوطني","name:en":"National War Museum","opening_hours":"Mo-Su 10:00-18:00; Dec 24-Dec 25 off; Dec 31-Jan 01 off","tourism":"museum","website":"https://heritagemalta.mt/explore/fort-st-elmo-national-war-museum/","wheelchair":"limited"}}},{"type":"Feature","id":"node/5305950734","geometry":{"type":"Point","coordinates":[14.4595922,35.8336036]},"properties":{"osm_type":"node","osm_id":5305950734,"category":"memorial","name":"Qrendi War Memorial","wikidata":null,"wikipedia":null,"tags":{"historic":"memorial","memorial":"obelisk","name":"Qrendi War Memorial"}}},{"type":"Feature","id":"node/5309120256","geometry":{"type":"Point","coordinates":[14.5579375,35.8357348]},"properties":{"osm_type":"node","osm_id":5309120256,"category":"castle","name":"Batterija Ta' Wolseley","wikidata":"Q20949768","wikipedia":"en:Wolseley Battery","tags":{"historic":"castle","name":"Batterija Ta' Wolseley","name:en":"Wolseley Battery","name:mt":"Batterija Ta' Wolseley","wikidata":"Q20949768","wikipedia":"en:Wolseley Battery"}}},{"type":"Feature","id":"node/5312081113","geometry":{"type":"Point","coordinates":[14.509327,35.8907774]},"properties":{"osm_type":"node","osm_id":5312081113,"category":"monument","name":"Child Migrants Monument","wikidata":null,"wikipedia":null,"tags":{"historic":"monument","name:en":"Child Migrants Monument"}}},{"type":"Feature","id":"node/5312742811","geometry":{"type":"Point","coordinates":[14.3719237,35.9220023]},"properties":{"osm_type":"node","osm_id":5312742811,"category":"archaeological_site","name":"L-Oqbra Puniċi","wikidata":null,"wikipedia":null,"tags":{"historic":"archaeological_site","name":"L-Oqbra Puniċi","name:en":"Punic tombs","name:pl":"Grobowce punickie"}}},{"type":"Feature","id":"node/5318776505","geometry":{"type":"Point","coordinates":[14.2693907,36.052299]},"properties":{"osm_type":"node","osm_id":5318776505,"category":"museum","name":"Mużew tal-Ġugarelli","wikidata":null,"wikipedia":null,"tags":{"addr:city":"Ix-Xagħra","addr:housenumber":"10","addr:street":"Triq Ġnien Xibla","email":"sueandedwin@googlemail.com","name":"Mużew tal-Ġugarelli","name:en":"Pomzikillous Museum of Toys","name:mt":"Mużew tal-Ġugarelli","phone":"+356 2156 2489","tourism":"museum","website":"https://www.gozotoymuseum.com/"}}},{"type":"Feature","id":"node/5319686921","geometry":{"type":"Point","coordinates":[14.2380488,36.0451482]},"properties":{"osm_type":"node","osm_id":5319686921,"category":"artwork","name":"Mgr Lwiġi Vella","wikidata":null,"wikipedia":null,"tags":{"artist_name":"Alf Camilléri Cauchi","artwork_type":"statue","material":"metal","memorial":"statue","name":"Mgr Lwiġi Vella","start_date":"2014","tourism":"artwork"}}},{"type":"Feature","id":"node/5319686951","geometry":{"type":"Point","coordinates":[14.2450701,36.036869]},"properties":{"osm_type":"node","osm_id":5319686951,"category":"historic","name":"B.V. Maria","wikidata":null,"wikipedia":null,"tags":{"denomination":"roman_catholic","historic":"wayside_shrine","name":"B.V. Maria","religion":"christian","start_date":"22/10/1922"}}},{"type":"Feature","id":"node/5320515504","geometry":{"type":"Point","coordinates":[14.5122787,35.8951304]},"properties":{"osm_type":"node","osm_id":5320515504,"category":"memorial","name":"Winston Churchill","wikidata":null,"wikipedia":null,"tags":{"historic":"memorial","memorial":"bust","name":"Winston Churchill","start_date":"1955"}}},{"type":"Feature","id":"node/5320515505","geometry":{"type":"Point","coordinates":[14.5121309,35.8945883]},"properties":{"osm_type":"node","osm_id":5320515505,"category":"memorial","name":"Thomas Maitland","wikidata":null,"wikipedia":null,"tags":{"historic":"memorial","memorial":"obelisk","name":"Thomas Maitland"}}},{"type":"Feature","id":"node/5320603243","geometry":{"type":"Point","coordinates":[14.4998366,35.8973494]},"properties":{"osm_type":"node","osm_id":5320603243,"category":"historic","name":"Black Pearl","wikidata":null,"wikipedia":null,"tags":{"addr:city":"Ta' Xbiex","addr:country":"MT","addr:postcode":"XBX 1028","addr:street":"Ta Xbiex Marina","alt_name":"The Black Pearl;Black Pearl Restaurant","historic":"ship","name":"Black Pearl"}}},{"type":"Feature","id":"node/5327530044","geometry":{"type":"Point","coordinates":[14.4630783,35.904612]},"properties":{"osm_type":"node","osm_id":5327530044,"category":"archaeological_site","name":"Ta' Raddiena Megalithic Wall","wikidata":null,"wikipedia":null,"tags":{"historic":"archaeological_site","name":"Ta' Raddiena Megalithic Wall"}}},{"type":"Feature","id":"node/5341395864","geometry":{"type":"Point","coordinates":[14.5399089,35.8877183]},"properties":{"osm_type":"node","osm_id":5341395864,"category":"fort","name":"Batterija ta' San Pietru","wikidata":null,"wikipedia":null,"tags":{"historic":"fort","name":"Batterija ta' San Pietru","name:en":"St. Peter's Battery"}}},{"type":"Feature","id":"node/5343423114","geometry":{"type":"Point","coordinates":[14.2556655,36.0217732]},"properties":{"osm_type":"node","osm_id":5343423114,"category":"archaeological_site","name":"Ta' Ċenċ Dolmen","wikidata":null,"wikipedia":null,"tags":{"historic":"archaeological_site","name":"Ta' Ċenċ Dolmen"}}},{"type":"Feature","id":"node/5364111841","geometry":{"type":"Point","coordinates":[14.3622708,35.9034646]},"properties":{"osm_type":"node","osm_id":5364111841,"category":"fort","name":"Fort Binġemma","wikidata":"Q20011301","wikipedia":"en:Fort Binġemma","tags":{"historic":"fort","image":"https://photos.app.goo.gl/N59CfzMEGf73GMuM6","name":"Fort Binġemma","tourism":"attraction","wikidata":"Q20011301","wikipedia":"en:Fort Binġemma"}}},{"type":"Feature","id":"node/5412992551","geometry":{"type":"Point","coordinates":[14.5123134,35.8948391]},"properties":{"osm_type":"node","osm_id":5412992551,"category":"memorial","name":"Gerald Strickland","wikidata":null,"wikipedia":null,"tags":{"historic":"memorial","memorial":"statue","name":"Gerald Strickland"}}},{"type":"Feature","id":"node/5413062560","geometry":{"type":"Point","coordinates":[14.5124133,35.8949819]},"properties":{"osm_type":"node","osm_id":5413062560,"category":"artwork","name":"Les Gavroches (street urchins)","wikidata":null,"wikipedia":null,"tags":{"artist_name":"Antonio Sciortino","artwork_type":"sculpture","name":"Les Gavroches (street urchins)","tourism":"artwork"}}},{"type":"Feature","id":"node/5413066749","geometry":{"type":"Point","coordinates":[14.5075763,35.8951431]},"properties":{"osm_type":"node","osm_id":5413066749,"category":"memorial","name":"Saint Peter Statue","wikidata":null,"wikipedia":null,"tags":{"historic":"memorial","memorial":"statue","name":"Saint Peter Statue","name:pl":"Pomnik św. Piotra"}}},{"type":"Feature","id":"node/5518875578","geometry":{"type":"Point","coordinates":[14.399039,35.8421862]},"properties":{"osm_type":"node","osm_id":5518875578,"category":"memorial","name":"Bronze Age Grain Silos","wikidata":null,"wikipedia":null,"tags":{"historic":"memorial","name":"Bronze Age Grain Silos","name:de":"Bronzezeitliche Getreidesilos","name:pl":"Silosy zbożowe z epoki brązu"}}},{"type":"Feature","id":"node/5528074923","geometry":{"type":"Point","coordinates":[14.398913,35.8816458]},"properties":{"osm_type":"node","osm_id":5528074923,"category":"museum","name":"Wignacourt Museum and Saint Paul's Grotto","wikidata":null,"wikipedia":null,"tags":{"addr:city":"Ir-Rabat","addr:postcode":"RBT 1400","addr:street":"Triq il-Kulleġġ","email":"info@wignacourtmuseum.com","name":"Wignacourt Museum and Saint Paul's Grotto","name:pl":"Muzeum Wignacourt i grota św. Pawła","phone":"+356 2749 4905","tourism":"museum","website":"https://www.wignacourtmuseum.com/"}}},{"type":"Feature","id":"node/5582261859","geometry":{"type":"Point","coordinates":[14.38037,35.9485033]},"properties":{"osm_type":"node","osm_id":5582261859,"category":"archaeological_site","name":"Il-Miġbħa Rustika","wikidata":null,"wikipedia":null,"tags":{"historic":"archaeological_site","name":"Il-Miġbħa Rustika","name:en":"The Rustic Apiary","name:mt":"Il-Miġbħa Rustika"}}},{"type":"Feature","id":"node/5582261895","geometry":{"type":"Point","coordinates":[14.3818451,35.9500525]},"properties":{"osm_type":"node","osm_id":5582261895,"category":"archaeological_site","name":"Qabar Neolitiku","wikidata":null,"wikipedia":null,"tags":{"historic":"archaeological_site","name":"Qabar Neolitiku","name:en":"Neolithic Tomb","name:mt":"Qabar Neolitiku","name:pl":"Grobowiec neolityczny","tourism":"information"}}},{"type":"Feature","id":"node/5582270218","geometry":{"type":"Point","coordinates":[14.3807753,35.9483073]},"properties":{"osm_type":"node","osm_id":5582270218,"category":"archaeological_site","name":"Standing stone","wikidata":null,"wikipedia":null,"tags":{"historic":"archaeological_site","name":"Standing stone"}}},{"type":"Feature","id":"node/5582270613","geometry":{"type":"Point","coordinates":[14.3819024,35.950174]},"properties":{"osm_type":"node","osm_id":5582270613,"category":"archaeological_site","name":"Qabar Neolitiku","wikidata":null,"wikipedia":null,"tags":{"historic":"archaeological_site","name":"Qabar Neolitiku","name:en":"Neolithic Tomb","name:mt":"Qabar Neolitiku","name:pl":"Grobowiec neolityczny","tourism":"information"}}},{"type":"Feature","id":"node/5582270614","geometry":{"type":"Point","coordinates":[14.3814433,35.949785]},"properties":{"osm_type":"node","osm_id":5582270614,"category":"archaeological_site","name":"Fossa / Bir","wikidata":null,"wikipedia":null,"tags":{"historic":"archaeological_site","name":"Fossa / Bir","name:en":"Granary / Well"}}},{"type":"Feature","id":"node/5582271544","geometry":{"type":"Point","coordinates":[14.3806967,35.9485717]},"properties":{"osm_type":"node","osm_id":5582271544,"category":"archaeological_site","name":"Slaleb tal-Pellegrini","wikidata":null,"wikipedia":null,"tags":{"historic":"archaeological_site","name":"Slaleb tal-Pellegrini","name:de":"Pilgerkreuze","name:en":"Pilgrim Crosses","name:fr":"Croix des Pelegrins"}}},{"type":"Feature","id":"node/5582272231","geometry":{"type":"Point","coordinates":[14.381932,35.9499563]},"properties":{"osm_type":"node","osm_id":5582272231,"category":"archaeological_site","name":"Qabar Neolitiku","wikidata":null,"wikipedia":null,"tags":{"historic":"archaeological_site","name":"Qabar Neolitiku","name:en":"Neolithic Tomb","name:mt":"Qabar Neolitiku","name:pl":"Grobowiec neolityczny","tourism":"information"}}},{"type":"Feature","id":"node/5582272232","geometry":{"type":"Point","coordinates":[14.3819082,35.950032]},"properties":{"osm_type":"node","osm_id":5582272232,"category":"archaeological_site","name":"Qabar Neolitiku","wikidata":null,"wikipedia":null,"tags":{"historic":"archaeological_site","name":"Qabar Neolitiku","name:en":"Neolithic Tomb","name:mt":"Qabar Neolitiku","name:pl":"Grobowiec neolityczny","tourism":"information"}}},{"type":"Feature","id":"node/5582272271","geometry":{"type":"Point","coordinates":[14.38174,35.95016]},"properties":{"osm_type":"node","osm_id":5582272271,"category":"archaeological_site","name":"Qabar Neolitiku","wikidata":null,"wikipedia":null,"tags":{"historic":"archaeological_site","name":"Qabar Neolitiku","name:en":"Neolithic Tomb","name:mt":"Qabar Neolitiku","name:pl":"Grobowiec neolityczny","tourism":"information"}}},{"type":"Feature","id":"node/5582272461","geometry":{"type":"Point","coordinates":[14.382055,35.9502717]},"properties":{"osm_type":"node","osm_id":5582272461,"category":"archaeological_site","name":"Qabar Neolitiku","wikidata":null,"wikipedia":null,"tags":{"historic":"archaeological_site","name":"Qabar Neolitiku","name:en":"Neolithic Tomb","name:mt":"Qabar Neolitiku","name:pl":"Grobowiec neolityczny","tourism":"information"}}},{"type":"Feature","id":"node/5582272840","geometry":{"type":"Point","coordinates":[14.3805902,35.9495898]},"properties":{"osm_type":"node","osm_id":5582272840,"category":"archaeological_site","name":"Qabar Puniku","wikidata":null,"wikipedia":null,"tags":{"historic":"archaeological_site","name":"Qabar Puniku","name:de":"Punisches Grab","name:en":"Punic Tomb","name:es":"Tumba Pùnica","name:pl":"Grobowiec punicki"}}},{"type":"Feature","id":"node/5582273339","geometry":{"type":"Point","coordinates":[14.3751683,35.9484083]},"properties":{"osm_type":"node","osm_id":5582273339,"category":"archaeological_site","name":"Corbelled Hut","wikidata":null,"wikipedia":null,"tags":{"historic":"archaeological_site","material":"stone","name":"Corbelled Hut"}}},{"type":"Feature","id":"node/5582278781","geometry":{"type":"Point","coordinates":[14.3989317,35.842315]},"properties":{"osm_type":"node","osm_id":5582278781,"category":"archaeological_site","name":"Bronze age settlement","wikidata":null,"wikipedia":null,"tags":{"historic":"archaeological_site","name":"Bronze age settlement"}}},{"type":"Feature","id":"node/5590784922","geometry":{"type":"Point","coordinates":[14.5225803,35.8884627]},"properties":{"osm_type":"node","osm_id":5590784922,"category":"monument","name":"Auberge d’Auvergne et de Provence","wikidata":"Q16252175","wikipedia":"en:Auberge d'Auvergne et Provence","tags":{"historic":"monument","name":"Auberge d’Auvergne et de Provence","name:fr":"Auberge d’Auvergne et de Provence","wikidata":"Q16252175","wikipedia":"en:Auberge d'Auvergne et Provence"}}},{"type":"Feature","id":"node/5590796821","geometry":{"type":"Point","coordinates":[14.5234559,35.8883986]},"properties":{"osm_type":"node","osm_id":5590796821,"category":"monument","name":"Auberge de Castille et Portugal","wikidata":"Q16252180","wikipedia":"en:Auberge de Castille et Portugal","tags":{"historic":"monument","name":"Auberge de Castille et Portugal","name:fr":"Auberge de Castille et Portugal","wikidata":"Q16252180","wikipedia":"en:Auberge de Castille et Portugal"}}},{"type":"Feature","id":"node/5590796921","geometry":{"type":"Point","coordinates":[14.5226446,35.8881511]},"properties":{"osm_type":"node","osm_id":5590796921,"category":"monument","name":null,"wikidata":"Q16252165","wikipedia":"en:Auberge d'Angleterre","tags":{"historic":"monument","name:fr":"Auberge d’Angleterre","wikidata":"Q16252165","wikipedia":"en:Auberge d'Angleterre"}}},{"type":"Feature","id":"node/5652027621","geometry":{"type":"Point","coordinates":[14.238971,36.045648]},"properties":{"osm_type":"node","osm_id":5652027621,"category":"museum","name":"Citadella Visitor‘s Centre","wikidata":null,"wikipedia":null,"tags":{"name":"Citadella Visitor‘s Centre","opening_hours":"Mo-Su 09:00-17:00","tourism":"museum","website":"https://culturalheritagegozo.gov.mt/cittadella-visitors-centre/","wheelchair":"limited"}}},{"type":"Feature","id":"node/5730071863","geometry":{"type":"Point","coordinates":[14.5381202,35.852111]},"properties":{"osm_type":"node","osm_id":5730071863,"category":"memorial","name":"Budaj","wikidata":null,"wikipedia":null,"tags":{"historic":"memorial","memorial":"statue","name":"Budaj"}}},{"type":"Feature","id":"node/5890011870","geometry":{"type":"Point","coordinates":[14.507184,35.8987016]},"properties":{"osm_type":"node","osm_id":5890011870,"category":"memorial","name":"Václav Havel memorial","wikidata":null,"wikipedia":null,"tags":{"historic":"memorial","material":"stone","memorial":"memorial","name":"Václav Havel memorial"}}},{"type":"Feature","id":"node/5896025549","geometry":{"type":"Point","coordinates":[14.2589391,36.0713825]},"properties":{"osm_type":"node","osm_id":5896025549,"category":"memorial","name":"World War II memorial","wikidata":null,"wikipedia":null,"tags":{"artist_name":"Mario Cassar","historic":"memorial","material":"stone","memorial":"war_memorial","name":"World War II memorial","name:cs":"Památník 2. světové války","website":"https://timesofmalta.com/articles/view/world-war-ii-memorial-in-marsalforn.710421"}}},{"type":"Feature","id":"node/5974705188","geometry":{"type":"Point","coordinates":[14.4261906,35.9097202]},"properties":{"osm_type":"node","osm_id":5974705188,"category":"historic","name":"Xelter tal-Gwerra","wikidata":null,"wikipedia":null,"tags":{"historic":"building","name":"Xelter tal-Gwerra","name:en":"World War II Shelter","name:mt":"Xelter tal-Gwerra","tourism":"attraction","wheelchair":"no"}}},{"type":"Feature","id":"node/6089030601","geometry":{"type":"Point","coordinates":[14.4926278,35.8953766]},"properties":{"osm_type":"node","osm_id":6089030601,"category":"monument","name":"Joe Sciberras","wikidata":null,"wikipedia":null,"tags":{"historic":"monument","name":"Joe Sciberras"}}},{"type":"Feature","id":"node/6090284933","geometry":{"type":"Point","coordinates":[14.4891355,35.8956041]},"properties":{"osm_type":"node","osm_id":6090284933,"category":"monument","name":"Monument għall-Ħaddiema","wikidata":null,"wikipedia":null,"tags":{"historic":"monument","name":"Monument għall-Ħaddiema","name:en":"Workers' Memorial","name:mt":"Monument għall-Ħaddiema"}}},{"type":"Feature","id":"node/6220843187","geometry":{"type":"Point","coordinates":[14.5112616,35.8962931]},"properties":{"osm_type":"node","osm_id":6220843187,"category":"museum","name":"MUŻA - Mużew Nazzjonali tal-Arti","wikidata":null,"wikipedia":null,"tags":{"addr:city":"Il-Belt Valletta","addr:street":"Triq il-Merkanti","name":"MUŻA - Mużew Nazzjonali tal-Arti","name:en":"MUŻA - National Art Museum","name:es":"MUŻA - Museo Nacional de Arte","name:it":"MUŻA - Museo Nazionale d'Arte","opening_hours":"Jan-Feb: Mo,We-Su 09:00-17:00, Tu off; Mar-Oct: Mo-Su 10:00-18:00; Nov-Dec: Mo-Su 09:00-17:00","operator":"Heritage Malta","tourism":"museum","website":"https://muza.mt/","wheelchair":"yes"}}},{"type":"Feature","id":"node/6271965285","geometry":{"type":"Point","coordinates":[14.4025847,35.8858994]},"properties":{"osm_type":"node","osm_id":6271965285,"category":"museum","name":"The Mdina Experience","wikidata":null,"wikipedia":null,"tags":{"addr:city":"L-Imdina","addr:housenumber":"7","addr:street":"Misraħ Mesquita","email":"info@theknightsofmalta.com","name":"The Mdina Experience","opening_hours":"Mo-Su 10:00-17:00","phone":"+356 2145 4322;+356 2145 0055","tourism":"museum","website":"https://themdinaexperience.com/","wheelchair":"limited"}}},{"type":"Feature","id":"node/6302880586","geometry":{"type":"Point","coordinates":[14.4870297,35.8561415]},"properties":{"osm_type":"node","osm_id":6302880586,"category":"memorial","name":"Ġużeppi Camilleri","wikidata":null,"wikipedia":null,"tags":{"historic":"memorial","memorial":"bust","name":"Ġużeppi Camilleri"}}},{"type":"Feature","id":"node/6833892296","geometry":{"type":"Point","coordinates":[14.5283965,35.8860725]},"properties":{"osm_type":"node","osm_id":6833892296,"category":"fort","name":"Forti San Salvatore","wikidata":"Q20667115","wikipedia":"en:Fort San Salvatore","tags":{"historic":"fort","name":"Forti San Salvatore","name:ar":"حصن سان سالفاتوري","name:en":"Fort San Salvatore","name:mt":"Forti San Salvatore","wikidata":"Q20667115","wikipedia":"en:Fort San Salvatore"}}},{"type":"Feature","id":"node/6844568547","geometry":{"type":"Point","coordinates":[14.4541542,35.9107623]},"properties":{"osm_type":"node","osm_id":6844568547,"category":"archaeological_site","name":"L-Iklin Megalithic Wall","wikidata":null,"wikipedia":null,"tags":{"historic":"archaeological_site","name":"L-Iklin Megalithic Wall","name:mt":"Ħajt Megalitiku tal-Iklin"}}},{"type":"Feature","id":"node/6953508346","geometry":{"type":"Point","coordinates":[14.2433681,36.0435656]},"properties":{"osm_type":"node","osm_id":6953508346,"category":"artwork","name":"Gozo Gossiping","wikidata":null,"wikipedia":null,"tags":{"artist_name":"Joe Xuereb","artwork_type":"sculpture","material":"stone","name":"Gozo Gossiping","start_date":"2012-07","tourism":"artwork","website":"https://www.joexuereb.com/news.html"}}},{"type":"Feature","id":"node/7027243002","geometry":{"type":"Point","coordinates":[14.2599291,36.0704546]},"properties":{"osm_type":"node","osm_id":7027243002,"category":"artwork","name":"Is-Sinsla tal-Ħajja f'Għawdex","wikidata":null,"wikipedia":null,"tags":{"artist_name":"Valerio Schembri","artwork_type":"sculpture","material":"stone","name":"Is-Sinsla tal-Ħajja f'Għawdex","start_date":"2013","tourism":"artwork"}}},{"type":"Feature","id":"node/7027318641","geometry":{"type":"Point","coordinates":[14.2981755,36.0236841]},"properties":{"osm_type":"node","osm_id":7027318641,"category":"artwork","name":"Komunità","wikidata":null,"wikipedia":null,"tags":{"artist_name":"Mario Agius","name":"Komunità","start_date":"2013","tourism":"artwork"}}},{"type":"Feature","id":"node/7027398248","geometry":{"type":"Point","coordinates":[14.2982762,36.0241261]},"properties":{"osm_type":"node","osm_id":7027398248,"category":"artwork","name":"Three Graces","wikidata":null,"wikipedia":null,"tags":{"artwork_type":"sculpture","material":"metal","name":"Three Graces","tourism":"artwork"}}},{"type":"Feature","id":"node/7040933385","geometry":{"type":"Point","coordinates":[14.4727999,35.9025765]},"properties":{"osm_type":"node","osm_id":7040933385,"category":"monument","name":"Is-Salib Rajt ma Rajtx","wikidata":null,"wikipedia":null,"tags":{"alt_name":"Rajt ma Rajtx Cross","historic":"monument","name":"Is-Salib Rajt ma Rajtx"}}},{"type":"Feature","id":"node/7042436834","geometry":{"type":"Point","coordinates":[14.4009132,35.8846224]},"properties":{"osm_type":"node","osm_id":7042436834,"category":"memorial","name":"Anton Agius","wikidata":null,"wikipedia":null,"tags":{"historic":"memorial","memorial":"bust","name":"Anton Agius"}}},{"type":"Feature","id":"node/7046474523","geometry":{"type":"Point","coordinates":[14.3816776,35.9501646]},"properties":{"osm_type":"node","osm_id":7046474523,"category":"archaeological_site","name":"Qabar Neolitiku","wikidata":null,"wikipedia":null,"tags":{"historic":"archaeological_site","name":"Qabar Neolitiku","name:en":"Neolithic Tomb","name:mt":"Qabar Neolitiku","name:pl":"Grobowiec neolityczny","tourism":"information"}}},{"type":"Feature","id":"node/7047758209","geometry":{"type":"Point","coordinates":[14.4036143,35.8847687]},"properties":{"osm_type":"node","osm_id":7047758209,"category":"museum","name":"The Mdina Dungeons Museum","wikidata":null,"wikipedia":null,"tags":{"addr:street":"Misraħ San Publju","name":"The Mdina Dungeons Museum","opening_hours":"Mo-Su 09:30-16:00","tourism":"museum","website":"https://www.mdinadungeons.com/"}}},{"type":"Feature","id":"node/7053243817","geometry":{"type":"Point","coordinates":[14.4946038,35.8527094]},"properties":{"osm_type":"node","osm_id":7053243817,"category":"memorial","name":"100 years Aviation Malta","wikidata":null,"wikipedia":null,"tags":{"historic":"memorial","memorial":"sculpture","name":"100 years Aviation Malta"}}},{"type":"Feature","id":"node/7142192885","geometry":{"type":"Point","coordinates":[14.5181917,35.8859205]},"properties":{"osm_type":"node","osm_id":7142192885,"category":"memorial","name":"Victims of Second World War in Senglea","wikidata":null,"wikipedia":null,"tags":{"historic":"memorial","name":"Victims of Second World War in Senglea"}}},{"type":"Feature","id":"node/7271658215","geometry":{"type":"Point","coordinates":[14.3607912,35.9574955]},"properties":{"osm_type":"node","osm_id":7271658215,"category":"memorial","name":"25 Anniversarju Kunsill Lokali Mellieħa","wikidata":null,"wikipedia":null,"tags":{"historic":"memorial","name":"25 Anniversarju Kunsill Lokali Mellieħa","start_date":"2018"}}},{"type":"Feature","id":"node/7376660524","geometry":{"type":"Point","coordinates":[14.4831724,35.9015487]},"properties":{"osm_type":"node","osm_id":7376660524,"category":"monument","name":"Monument Għal Dun Karm","wikidata":null,"wikipedia":null,"tags":{"historic":"monument","name":"Monument Għal Dun Karm","name:en":"Dun Karm Monument","name:mt":"Monument Għal Dun Karm"}}},{"type":"Feature","id":"node/7390695324","geometry":{"type":"Point","coordinates":[14.5196906,35.89121]},"properties":{"osm_type":"node","osm_id":7390695324,"category":"artwork","name":"Sails and Dolphins","wikidata":null,"wikipedia":null,"tags":{"artist_name":"Charles Sammut","artwork_type":"sculpture","name":"Sails and Dolphins","start_date":"2007-03-04","tourism":"artwork"}}},{"type":"Feature","id":"node/7442975758","geometry":{"type":"Point","coordinates":[14.4944107,35.9016929]},"properties":{"osm_type":"node","osm_id":7442975758,"category":"gallery","name":"111 Art Gallery","wikidata":null,"wikipedia":null,"tags":{"addr:city":"Il-Gżira","addr:country":"MT","addr:housenumber":"38/40","addr:postcode":"GZR1411","addr:street":"Triq il-Gnien","name":"111 Art Gallery","operator":"111 Art","tourism":"gallery"}}},{"type":"Feature","id":"node/7776173685","geometry":{"type":"Point","coordinates":[14.5140505,35.8998625]},"properties":{"osm_type":"node","osm_id":7776173685,"category":"artwork","name":"lanterns","wikidata":null,"wikipedia":null,"tags":{"name":"lanterns","tourism":"artwork"}}},{"type":"Feature","id":"node/7862897512","geometry":{"type":"Point","coordinates":[14.4495018,35.8984182]},"properties":{"osm_type":"node","osm_id":7862897512,"category":"artwork","name":"Statue of Saint Mary","wikidata":"Q37939267","wikipedia":null,"tags":{"artwork_type":"statue","name":"Statue of Saint Mary","name:mt":"Statwa ta' Santa Marija","tourism":"artwork","wikidata":"Q37939267"}}},{"type":"Feature","id":"node/7876352105","geometry":{"type":"Point","coordinates":[14.4531352,35.8979271]},"properties":{"osm_type":"node","osm_id":7876352105,"category":"artwork","name":"Saint Mary and Child","wikidata":null,"wikipedia":null,"tags":{"artwork_type":"statue","name":"Saint Mary and Child","tourism":"artwork"}}},{"type":"Feature","id":"node/7878508293","geometry":{"type":"Point","coordinates":[14.4340752,35.9123262]},"properties":{"osm_type":"node","osm_id":7878508293,"category":"artwork","name":"Mafkar lit-Tarbija mhux Imwielda","wikidata":null,"wikipedia":null,"tags":{"artwork_type":"statue","name":"Mafkar lit-Tarbija mhux Imwielda","name:en":"Pro-life Monument","name:mt":"Mafkar lit-Tarbija mhux Imwielda","start_date":"2006-03-25","tourism":"artwork"}}},{"type":"Feature","id":"node/7879997483","geometry":{"type":"Point","coordinates":[14.4366632,35.8932345]},"properties":{"osm_type":"node","osm_id":7879997483,"category":"memorial","name":"Pope John Paul II","wikidata":null,"wikipedia":null,"tags":{"historic":"memorial","memorial":"bust","name":"Pope John Paul II"}}},{"type":"Feature","id":"node/7939256035","geometry":{"type":"Point","coordinates":[14.5139283,35.8992893]},"properties":{"osm_type":"node","osm_id":7939256035,"category":"artwork","name":"Sette Giugno Monument","wikidata":null,"wikipedia":null,"tags":{"artwork_type":"statue","image":"File:SetteGiugno2009.jpg","name":"Sette Giugno Monument","tourism":"artwork"}}},{"type":"Feature","id":"node/7947751769","geometry":{"type":"Point","coordinates":[14.5122881,35.8979571]},"properties":{"osm_type":"node","osm_id":7947751769,"category":"memorial","name":"Il-Papa Piju V","wikidata":null,"wikipedia":null,"tags":{"historic":"memorial","memorial":"bust","name":"Il-Papa Piju V","name:en":"Pope Pius V","name:mt":"Il-Papa Piju V"}}},{"type":"Feature","id":"node/7968704321","geometry":{"type":"Point","coordinates":[14.4437271,35.8919321]},"properties":{"osm_type":"node","osm_id":7968704321,"category":"historic","name":"Villa Barbaro","wikidata":null,"wikipedia":null,"tags":{"historic":"building","name":"Villa Barbaro"}}},{"type":"Feature","id":"node/7968704322","geometry":{"type":"Point","coordinates":[14.443814,35.891886]},"properties":{"osm_type":"node","osm_id":7968704322,"category":"historic","name":"Casa Bonavita","wikidata":null,"wikipedia":null,"tags":{"historic":"building","name":"Casa Bonavita"}}},{"type":"Feature","id":"node/8001111692","geometry":{"type":"Point","coordinates":[14.442664,35.8904747]},"properties":{"osm_type":"node","osm_id":8001111692,"category":"historic","name":"Old Horse Trough","wikidata":null,"wikipedia":null,"tags":{"historic":"watering_place","name":"Old Horse Trough"}}},{"type":"Feature","id":"node/8044201050","geometry":{"type":"Point","coordinates":[14.4478195,35.8965063]},"properties":{"osm_type":"node","osm_id":8044201050,"category":"memorial","name":"George, Duke of Kent","wikidata":null,"wikipedia":null,"tags":{"historic":"memorial","memorial":"bust","name":"George, Duke of Kent","start_date":"1934-11-29"}}},{"type":"Feature","id":"node/8044239488","geometry":{"type":"Point","coordinates":[14.44915,35.8965105]},"properties":{"osm_type":"node","osm_id":8044239488,"category":"memorial","name":"Goju-no-to","wikidata":null,"wikipedia":null,"tags":{"historic":"memorial","memorial":"sculpture","name":"Goju-no-to","start_date":"1970"}}},{"type":"Feature","id":"node/8412814945","geometry":{"type":"Point","coordinates":[14.4933121,35.8957444]},"properties":{"osm_type":"node","osm_id":8412814945,"category":"artwork","name":"L. L. Zamenhof","wikidata":null,"wikipedia":null,"tags":{"artwork_type":"bust","material":"bronze","name":"L. L. Zamenhof","name:etymology:wikidata":"Q135225495","tourism":"artwork"}}},{"type":"Feature","id":"node/8425649694","geometry":{"type":"Point","coordinates":[14.5293523,35.8864466]},"properties":{"osm_type":"node","osm_id":8425649694,"category":"artwork","name":"Statues of Saint Peter and Saint Paul","wikidata":null,"wikipedia":null,"tags":{"artwork_type":"statue","material":"stone","name":"Statues of Saint Peter and Saint Paul","tourism":"artwork"}}},{"type":"Feature","id":"node/8449450844","geometry":{"type":"Point","coordinates":[14.4961858,35.8194635]},"properties":{"osm_type":"node","osm_id":8449450844,"category":"ruins","name":"Torri tal-Bakkari / Torri tal-Baqqari","wikidata":null,"wikipedia":null,"tags":{"historic":"ruins","name":"Torri tal-Bakkari / Torri tal-Baqqari","ruins":"tower"}}},{"type":"Feature","id":"node/8449450858","geometry":{"type":"Point","coordinates":[14.3573521,35.8976083]},"properties":{"osm_type":"node","osm_id":8449450858,"category":"ruins","name":"Torri tas-Santi","wikidata":null,"wikipedia":null,"tags":{"historic":"ruins","name":"Torri tas-Santi","ruins":"tower"}}},{"type":"Feature","id":"node/8450187933","geometry":{"type":"Point","coordinates":[14.5712601,35.841099]},"properties":{"osm_type":"node","osm_id":8450187933,"category":"ruins","name":"Torri ta' Xrobb l-Għaġin","wikidata":null,"wikipedia":null,"tags":{"historic":"ruins","name":"Torri ta' Xrobb l-Għaġin","name:en":"Xrobb l-Għaġin Tower","name:mt":"Torri ta' Xrobb l-Għaġin","ruins":"tower"}}},{"type":"Feature","id":"node/8500311659","geometry":{"type":"Point","coordinates":[14.510671,35.8954875]},"properties":{"osm_type":"node","osm_id":8500311659,"category":"memorial","name":"Manwel Dimech","wikidata":null,"wikipedia":null,"tags":{"historic":"memorial","name":"Manwel Dimech"}}},{"type":"Feature","id":"node/8500311660","geometry":{"type":"Point","coordinates":[14.5111315,35.8955493]},"properties":{"osm_type":"node","osm_id":8500311660,"category":"memorial","name":"2015 Valletta Summit on Migration Memorial","wikidata":null,"wikipedia":null,"tags":{"historic":"memorial","name":"2015 Valletta Summit on Migration Memorial"}}},{"type":"Feature","id":"node/8500311841","geometry":{"type":"Point","coordinates":[14.5109703,35.8954639]},"properties":{"osm_type":"node","osm_id":8500311841,"category":"memorial","name":"Dom Mintoff","wikidata":null,"wikipedia":null,"tags":{"historic":"memorial","name":"Dom Mintoff"}}},{"type":"Feature","id":"node/8500331717","geometry":{"type":"Point","coordinates":[14.5113702,35.8954352]},"properties":{"osm_type":"node","osm_id":8500331717,"category":"memorial","name":"Ġorġ Borg Olivier","wikidata":null,"wikipedia":null,"tags":{"historic":"memorial","memorial":"statue","name":"Ġorġ Borg Olivier"}}},{"type":"Feature","id":"node/8500690117","geometry":{"type":"Point","coordinates":[14.512132,35.8973357]},"properties":{"osm_type":"node","osm_id":8500690117,"category":"artwork","name":"Enrico Mizzi","wikidata":null,"wikipedia":null,"tags":{"artwork_type":"statue","historic":"memorial","material":"stone","memorial":"statue","name":"Enrico Mizzi","tourism":"artwork"}}},{"type":"Feature","id":"node/8715140856","geometry":{"type":"Point","coordinates":[14.425122,35.9099795]},"properties":{"osm_type":"node","osm_id":8715140856,"category":"artwork","name":"Freddie Micallef","wikidata":null,"wikipedia":null,"tags":{"artwork_type":"statue","historic":"memorial","memorial":"statue","name":"Freddie Micallef","tourism":"artwork"}}},{"type":"Feature","id":"node/8818560540","geometry":{"type":"Point","coordinates":[14.5145971,35.8964466]},"properties":{"osm_type":"node","osm_id":8818560540,"category":"fort","name":"Saint Barbara Bastion","wikidata":"Q104864518","wikipedia":"en:St. Barbara Bastion","tags":{"historic":"fort","name":"Saint Barbara Bastion","wikidata":"Q104864518","wikipedia":"en:St. Barbara Bastion"}}},{"type":"Feature","id":"node/8895623394","geometry":{"type":"Point","coordinates":[14.5258867,35.8198105]},"properties":{"osm_type":"node","osm_id":8895623394,"category":"monument","name":"Babel","wikidata":null,"wikipedia":null,"tags":{"historic":"monument","name":"Babel"}}},{"type":"Feature","id":"node/9093358010","geometry":{"type":"Point","coordinates":[14.3097127,36.0330578]},"properties":{"osm_type":"node","osm_id":9093358010,"category":"artwork","name":"Patri Ġużepp Portelli","wikidata":null,"wikipedia":null,"tags":{"artwork_type":"bust","name":"Patri Ġużepp Portelli","tourism":"artwork"}}},{"type":"Feature","id":"node/9111306992","geometry":{"type":"Point","coordinates":[14.2089305,36.0603805]},"properties":{"osm_type":"node","osm_id":9111306992,"category":"artwork","name":"Frenc tal-Għarb","wikidata":null,"wikipedia":null,"tags":{"artwork_type":"statue","material":"metal","name":"Frenc tal-Għarb","tourism":"artwork"}}},{"type":"Feature","id":"node/9119667503","geometry":{"type":"Point","coordinates":[14.5164013,35.8898255]},"properties":{"osm_type":"node","osm_id":9119667503,"category":"historic","name":"L-Għar ta' Mikelin","wikidata":null,"wikipedia":null,"tags":{"denomination":"roman_catholic","historic":"wayside_shrine","name":"L-Għar ta' Mikelin","name:es":"Cueva de la Virgen","name:mt":"L-Għar ta' Mikelin","religion":"christian"}}},{"type":"Feature","id":"node/9288773516","geometry":{"type":"Point","coordinates":[14.5309163,35.8312898]},"properties":{"osm_type":"node","osm_id":9288773516,"category":"monument","name":"Raddet ir-Roti","wikidata":null,"wikipedia":null,"tags":{"historic":"monument","name":"Raddet ir-Roti","name:en":"Cart ruts"}}},{"type":"Feature","id":"node/9288879511","geometry":{"type":"Point","coordinates":[14.2841535,36.0614445]},"properties":{"osm_type":"node","osm_id":9288879511,"category":"artwork","name":"Madonna tas-Speranza","wikidata":null,"wikipedia":null,"tags":{"artwork_type":"statue","material":"concrete","name":"Madonna tas-Speranza","name:en":"Our Lady of Hope","name:mt":"Madonna tas-Speranza","tourism":"artwork"}}},{"type":"Feature","id":"node/9706927117","geometry":{"type":"Point","coordinates":[14.4012121,35.8853327]},"properties":{"osm_type":"node","osm_id":9706927117,"category":"monument","name":"Greeks' Gate","wikidata":null,"wikipedia":null,"tags":{"historic":"monument","name":"Greeks' Gate"}}},{"type":"Feature","id":"node/9707633811","geometry":{"type":"Point","coordinates":[14.4421906,35.9205056]},"properties":{"osm_type":"node","osm_id":9707633811,"category":"memorial","name":"It-Torri tal-Kaptan","wikidata":null,"wikipedia":null,"tags":{"historic":"memorial","memorial":"plaque","name":"It-Torri tal-Kaptan"}}},{"type":"Feature","id":"node/9740272794","geometry":{"type":"Point","coordinates":[14.5346075,35.8750401]},"properties":{"osm_type":"node","osm_id":9740272794,"category":"artwork","name":"Statwa ta' San Pawl","wikidata":null,"wikipedia":null,"tags":{"artwork_type":"statue","material":"stone","name":"Statwa ta' San Pawl","tourism":"artwork"}}},{"type":"Feature","id":"node/9740272795","geometry":{"type":"Point","coordinates":[14.5346484,35.875006]},"properties":{"osm_type":"node","osm_id":9740272795,"category":"artwork","name":"Statwa ta' San Pietru","wikidata":null,"wikipedia":null,"tags":{"artwork_type":"statue","material":"stone","name":"Statwa ta' San Pietru","tourism":"artwork"}}},{"type":"Feature","id":"node/9865972633","geometry":{"type":"Point","coordinates":[14.5708074,35.8644203]},"properties":{"osm_type":"node","osm_id":9865972633,"category":"artwork","name":"Ras il-Ħuta","wikidata":null,"wikipedia":null,"tags":{"artwork_type":"statue","material":"stone","name":"Ras il-Ħuta","tourism":"artwork"}}},{"type":"Feature","id":"node/9865972634","geometry":{"type":"Point","coordinates":[14.5708139,35.8644238]},"properties":{"osm_type":"node","osm_id":9865972634,"category":"memorial","name":"Ras il-Ħuta","wikidata":null,"wikipedia":null,"tags":{"historic":"memorial","memorial":"plaque","name":"Ras il-Ħuta","start_date":"2017"}}},{"type":"Feature","id":"node/9937376511","geometry":{"type":"Point","coordinates":[14.4943083,35.8827695]},"properties":{"osm_type":"node","osm_id":9937376511,"category":"memorial","name":"Lorenzo Balbi","wikidata":null,"wikipedia":null,"tags":{"historic":"memorial","material":"marble","memorial":"plaque","name":"Lorenzo Balbi"}}},{"type":"Feature","id":"node/10056853580","geometry":{"type":"Point","coordinates":[14.5009151,35.9154631]},"properties":{"osm_type":"node","osm_id":10056853580,"category":"memorial","name":"Alfons Maria Galea (1861–1941)","wikidata":null,"wikipedia":null,"tags":{"historic":"memorial","material":"metal;stone","memorial":"bust","name":"Alfons Maria Galea (1861–1941)"}}},{"type":"Feature","id":"node/10056853582","geometry":{"type":"Point","coordinates":[14.509234,35.9108686]},"properties":{"osm_type":"node","osm_id":10056853582,"category":"memorial","name":"Triton Fountain","wikidata":null,"wikipedia":null,"tags":{"historic":"memorial","material":"metal_stone","memorial":"sculpture","name":"Triton Fountain"}}},{"type":"Feature","id":"node/10056853586","geometry":{"type":"Point","coordinates":[14.5040724,35.9090174]},"properties":{"osm_type":"node","osm_id":10056853586,"category":"memorial","name":"CELER AD HORAS SURGO","wikidata":null,"wikipedia":null,"tags":{"historic":"memorial","material":"stone","memorial":"war_memorial","name":"CELER AD HORAS SURGO"}}},{"type":"Feature","id":"node/10059342467","geometry":{"type":"Point","coordinates":[14.4897816,35.9187254]},"properties":{"osm_type":"node","osm_id":10059342467,"category":"memorial","name":"Sacred Heart of Jesus","wikidata":null,"wikipedia":null,"tags":{"historic":"memorial","material":"stone","memorial":"statue","name":"Sacred Heart of Jesus"}}},{"type":"Feature","id":"node/10059363887","geometry":{"type":"Point","coordinates":[14.5009825,35.9155985]},"properties":{"osm_type":"node","osm_id":10059363887,"category":"memorial","name":"Michele Rua (1837–1910)","wikidata":null,"wikipedia":null,"tags":{"historic":"memorial","material":"metal;stone","memorial":"bust","name":"Michele Rua (1837–1910)"}}},{"type":"Feature","id":"node/10059363888","geometry":{"type":"Point","coordinates":[14.500902,35.9156593]},"properties":{"osm_type":"node","osm_id":10059363888,"category":"artwork","name":"Michel Demajo (1893–1973)","wikidata":null,"wikipedia":null,"tags":{"artwork_type":"bust","material":"metal_stone","memorial":"bust","name":"Michel Demajo (1893–1973)","tourism":"artwork"}}},{"type":"Feature","id":"node/10065062345","geometry":{"type":"Point","coordinates":[14.4262299,35.9017976]},"properties":{"osm_type":"node","osm_id":10065062345,"category":"artwork","name":"Auxilium peto","wikidata":null,"wikipedia":null,"tags":{"artwork_type":"statue","material":"stone","name":"Auxilium peto","tourism":"artwork"}}},{"type":"Feature","id":"node/10068942310","geometry":{"type":"Point","coordinates":[14.4901931,35.9187397]},"properties":{"osm_type":"node","osm_id":10068942310,"category":"memorial","name":"San Ġiljan","wikidata":null,"wikipedia":null,"tags":{"historic":"memorial","memorial":"statue","name":"San Ġiljan","name:cs":"sv. Jilljí","name:en":"St. Giles","name:it":"San GIuliano","start_date":"1836"}}},{"type":"Feature","id":"node/10068952540","geometry":{"type":"Point","coordinates":[14.4996787,35.9137511]},"properties":{"osm_type":"node","osm_id":10068952540,"category":"memorial","name":"Lord R. Baden-Powell","wikidata":null,"wikipedia":null,"tags":{"historic":"memorial","material":"metal_stone","memorial":"bust","name":"Lord R. Baden-Powell","start_date":"1989-10-29"}}},{"type":"Feature","id":"node/10073409782","geometry":{"type":"Point","coordinates":[14.4900232,35.9163803]},"properties":{"osm_type":"node","osm_id":10073409782,"category":"memorial","name":"Virgin Mary","wikidata":null,"wikipedia":null,"tags":{"historic":"memorial","material":"stone","memorial":"statue","name":"Virgin Mary"}}},{"type":"Feature","id":"node/10073514288","geometry":{"type":"Point","coordinates":[14.4936791,35.9165845]},"properties":{"osm_type":"node","osm_id":10073514288,"category":"artwork","name":"Ġużi Tanti","wikidata":null,"wikipedia":null,"tags":{"artwork_type":"bust","material":"metal_stone","memorial":"bust","name":"Ġużi Tanti","start_date":"2018-12-30","tourism":"artwork"}}},{"type":"Feature","id":"node/10203592554","geometry":{"type":"Point","coordinates":[14.2900963,36.0167721]},"properties":{"osm_type":"node","osm_id":10203592554,"category":"historic","name":"MT Hephaestus","wikidata":null,"wikipedia":null,"tags":{"historic":"wreck","name":"MT Hephaestus","tourism":"attraction"}}},{"type":"Feature","id":"node/10284301909","geometry":{"type":"Point","coordinates":[14.5126594,35.897069]},"properties":{"osm_type":"node","osm_id":10284301909,"category":"museum","name":"Underground Valletta","wikidata":null,"wikipedia":null,"tags":{"addr:city":"Il-Belt Valletta","addr:street":"Triq il-Merkanti","name":"Underground Valletta","operator":"Heritage Malta","tourism":"museum","website":"https://heritagemalta.mt/explore/underground-valletta/"}}},{"type":"Feature","id":"node/10284966810","geometry":{"type":"Point","coordinates":[14.5146884,35.8986817]},"properties":{"osm_type":"node","osm_id":10284966810,"category":"museum","name":"Mużew tal-Posta ta' Malta","wikidata":null,"wikipedia":null,"tags":{"addr:city":"Il-Belt Valletta","addr:housenumber":"135","addr:postcode":"VLT 1444","addr:street":"Triq l-Arċisqof","name":"Mużew tal-Posta ta' Malta","name:en":"Malta Postal Museum","name:it":"Museo Postale di Malta","name:mt":"Mużew tal-Posta ta' Malta","opening_hours":"Mo-Fr 10:00-16:00; Sa 10:00-14:00; Su,PH OFF","operator":"MaltaPost","start_date":"2016-06-17","tourism":"museum","website":"https://www.maltapostalmuseum.com/"}}},{"type":"Feature","id":"node/10293176993","geometry":{"type":"Point","coordinates":[14.3999197,35.8834473]},"properties":{"osm_type":"node","osm_id":10293176993,"category":"artwork","name":"Jesus Christ Risen","wikidata":null,"wikipedia":null,"tags":{"artwork_type":"statue","material":"stone","name":"Jesus Christ Risen","tourism":"artwork"}}},{"type":"Feature","id":"node/10695482112","geometry":{"type":"Point","coordinates":[14.5331752,35.8856123]},"properties":{"osm_type":"node","osm_id":10695482112,"category":"artwork","name":"SANTA BARBARA","wikidata":null,"wikipedia":null,"tags":{"artwork_type":"statue","name":"SANTA BARBARA","tourism":"artwork"}}},{"type":"Feature","id":"node/10695482113","geometry":{"type":"Point","coordinates":[14.5332283,35.8855853]},"properties":{"osm_type":"node","osm_id":10695482113,"category":"artwork","name":"Santa Barbara","wikidata":null,"wikipedia":null,"tags":{"artwork_type":"statue","name":"Santa Barbara","tourism":"artwork"}}},{"type":"Feature","id":"node/10867789282","geometry":{"type":"Point","coordinates":[14.4939288,35.9021035]},"properties":{"osm_type":"node","osm_id":10867789282,"category":"memorial","name":"Pelin Kaya","wikidata":null,"wikipedia":null,"tags":{"historic":"memorial","material":"metal","memorial":"plaque","name":"Pelin Kaya","website":"https://www.fanpage.it/esteri/travolta-e-uccisa-da-unauto-il-giorno-del-suo-30esimo-compleanno-gli-ultimi-momenti-di-vita-in-un-video/"}}},{"type":"Feature","id":"node/10951492239","geometry":{"type":"Point","coordinates":[14.4029521,35.8869205]},"properties":{"osm_type":"node","osm_id":10951492239,"category":"museum","name":"Knisja tal-Lunzjata","wikidata":"Q29586828","wikipedia":"en:Annunciation Church, Mdina","tags":{"addr:city":"L-Imdina","addr:country":"MT","addr:street":"Triq Villegaignon","alt_name":"Knisja Karmelitana","amenity":"place_of_worship","name":"Knisja tal-Lunzjata","name:en":"Annunciation Church","name:mt":"Knisja tal-Lunzjata","opening_hours":"Mo-Su 09:00-17:00","phone":"+356 2702 0404","tourism":"museum","website":"https://www.carmelitepriory.org/the-priory/the-carmelite-church/","wikidata":"Q29586828","wikipedia":"en:Annunciation Church, Mdina"}}},{"type":"Feature","id":"node/10951678761","geometry":{"type":"Point","coordinates":[14.4991533,35.9177707]},"properties":{"osm_type":"node","osm_id":10951678761,"category":"memorial","name":"St. Julians Tower","wikidata":null,"wikipedia":null,"tags":{"historic":"memorial","material":"marble","memorial":"plaque","name":"St. Julians Tower"}}},{"type":"Feature","id":"node/11036945744","geometry":{"type":"Point","coordinates":[14.4651759,35.8421553]},"properties":{"osm_type":"node","osm_id":11036945744,"category":"artwork","name":null,"wikidata":"Q38613444","wikipedia":null,"tags":{"artwork_type":"statue","tourism":"artwork","wikidata":"Q38613444"}}},{"type":"Feature","id":"node/11049277294","geometry":{"type":"Point","coordinates":[14.2394675,36.0436806]},"properties":{"osm_type":"node","osm_id":11049277294,"category":"gallery","name":"Ta' Nikol Art Gallery","wikidata":null,"wikipedia":null,"tags":{"addr:city":"Ir-Rabat (Għawdex)","addr:country":"MT","addr:street":"Triq Mons. Ġużeppi Farrugia","email":"info@artbyemmanuelprevi.com","name":"Ta' Nikol Art Gallery","opening_hours":"Th-Sa 10:00-16:00; Mo 10:00-16:00; We 10:00-16:00","phone":"+35621562865","tourism":"gallery","website":"https://artbyemmanuelprevi.com/"}}},{"type":"Feature","id":"node/11088741742","geometry":{"type":"Point","coordinates":[14.5767973,35.83535]},"properties":{"osm_type":"node","osm_id":11088741742,"category":"historic","name":"Bristol Blenheim Bomber","wikidata":null,"wikipedia":null,"tags":{"historic":"wreck","name":"Bristol Blenheim Bomber"}}},{"type":"Feature","id":"node/11088763974","geometry":{"type":"Point","coordinates":[14.4682003,35.9735993]},"properties":{"osm_type":"node","osm_id":11088763974,"category":"historic","name":"Junkers Ju 88 (North)","wikidata":null,"wikipedia":null,"tags":{"historic":"wreck","name":"Junkers Ju 88 (North)"}}},{"type":"Feature","id":"node/11100225865","geometry":{"type":"Point","coordinates":[14.5339781,35.8752231]},"properties":{"osm_type":"node","osm_id":11100225865,"category":"theatre","name":"Sala Notre Dame","wikidata":null,"wikipedia":null,"tags":{"amenity":"theatre","name":"Sala Notre Dame"}}},{"type":"Feature","id":"node/11203598405","geometry":{"type":"Point","coordinates":[14.4021674,35.8829241]},"properties":{"osm_type":"node","osm_id":11203598405,"category":"artwork","name":"Saint Nicholas of Tolentine","wikidata":null,"wikipedia":null,"tags":{"artwork_type":"statue","material":"stone","name":"Saint Nicholas of Tolentine","tourism":"artwork"}}},{"type":"Feature","id":"node/11203598406","geometry":{"type":"Point","coordinates":[14.4022857,35.8829803]},"properties":{"osm_type":"node","osm_id":11203598406,"category":"artwork","name":"Madonna of the Belt","wikidata":null,"wikipedia":null,"tags":{"artwork_type":"statue","material":"stone","name":"Madonna of the Belt","tourism":"artwork"}}},{"type":"Feature","id":"node/11203598407","geometry":{"type":"Point","coordinates":[14.4023833,35.8829543]},"properties":{"osm_type":"node","osm_id":11203598407,"category":"artwork","name":"Saint Augustine","wikidata":null,"wikipedia":null,"tags":{"artwork_type":"statue","material":"stone","name":"Saint Augustine","tourism":"artwork"}}},{"type":"Feature","id":"node/11203598408","geometry":{"type":"Point","coordinates":[14.4024522,35.8828451]},"properties":{"osm_type":"node","osm_id":11203598408,"category":"artwork","name":"Saint Anthony, the Abbot","wikidata":null,"wikipedia":null,"tags":{"artwork_type":"statue","material":"stone","name":"Saint Anthony, the Abbot","tourism":"artwork"}}},{"type":"Feature","id":"node/11203598409","geometry":{"type":"Point","coordinates":[14.3998139,35.8832766]},"properties":{"osm_type":"node","osm_id":11203598409,"category":"artwork","name":"Saint Francis of Assisi","wikidata":null,"wikipedia":null,"tags":{"artwork_type":"statue","material":"metal","name":"Saint Francis of Assisi","tourism":"artwork"}}},{"type":"Feature","id":"node/11203598410","geometry":{"type":"Point","coordinates":[14.4001679,35.8833886]},"properties":{"osm_type":"node","osm_id":11203598410,"category":"artwork","name":"Saint Joseph","wikidata":null,"wikipedia":null,"tags":{"artwork_type":"statue","material":"stone","name":"Saint Joseph","tourism":"artwork"}}},{"type":"Feature","id":"node/11203598411","geometry":{"type":"Point","coordinates":[14.3997984,35.8821069]},"properties":{"osm_type":"node","osm_id":11203598411,"category":"artwork","name":"Ruħ fil-Purgatorju","wikidata":null,"wikipedia":null,"tags":{"artwork_type":"statue","material":"stone","name":"Ruħ fil-Purgatorju","name:en":"Soul in Purgatory","tourism":"artwork"}}},{"type":"Feature","id":"node/11203598412","geometry":{"type":"Point","coordinates":[14.3998179,35.8820445]},"properties":{"osm_type":"node","osm_id":11203598412,"category":"artwork","name":"Ruħ fil-Purgatorju","wikidata":null,"wikipedia":null,"tags":{"artwork_type":"statue","material":"stone","name":"Ruħ fil-Purgatorju","name:en":"Soul in Purgatory","tourism":"artwork"}}},{"type":"Feature","id":"node/11206008050","geometry":{"type":"Point","coordinates":[14.5700424,35.8667815]},"properties":{"osm_type":"node","osm_id":11206008050,"category":"artwork","name":"Diversità","wikidata":null,"wikipedia":null,"tags":{"artist_name":"Mario Sammut","artwork_type":"sculpture","material":"stone","name":"Diversità","start_date":"2021","tourism":"artwork"}}},{"type":"Feature","id":"node/11208052380","geometry":{"type":"Point","coordinates":[14.5004726,35.9157043]},"properties":{"osm_type":"node","osm_id":11208052380,"category":"artwork","name":"Monsinjur Isidor Formosa D. D.","wikidata":null,"wikipedia":null,"tags":{"artwork_type":"bust","material":"metal","name":"Monsinjur Isidor Formosa D. D.","tourism":"artwork"}}},{"type":"Feature","id":"node/11208083453","geometry":{"type":"Point","coordinates":[14.4767101,35.9100525]},"properties":{"osm_type":"node","osm_id":11208083453,"category":"artwork","name":"Kolonna Eterna","wikidata":null,"wikipedia":null,"tags":{"artwork_type":"sculpture","material":"stone","name":"Kolonna Eterna","start_date":"2003","tourism":"artwork"}}},{"type":"Feature","id":"node/11208083454","geometry":{"type":"Point","coordinates":[14.4767163,35.9099247]},"properties":{"osm_type":"node","osm_id":11208083454,"category":"artwork","name":"Madonna ta' Lourdes","wikidata":null,"wikipedia":null,"tags":{"artwork_type":"statue","material":"stone","name":"Madonna ta' Lourdes","start_date":"2021","tourism":"artwork"}}},{"type":"Feature","id":"node/11210973681","geometry":{"type":"Point","coordinates":[14.5005971,35.8498135]},"properties":{"osm_type":"node","osm_id":11210973681,"category":"artwork","name":"Sacred Heart of Jesus","wikidata":null,"wikipedia":null,"tags":{"artwork_type":"statue","material":"stone","name":"Sacred Heart of Jesus","start_date":"1991","tourism":"artwork"}}},{"type":"Feature","id":"node/11210973682","geometry":{"type":"Point","coordinates":[14.5019918,35.8489456]},"properties":{"osm_type":"node","osm_id":11210973682,"category":"artwork","name":"Marian Column","wikidata":null,"wikipedia":null,"tags":{"artwork_type":"statue","material":"stone","name":"Marian Column","tourism":"artwork"}}},{"type":"Feature","id":"node/11216089298","geometry":{"type":"Point","coordinates":[14.3009551,36.0272272]},"properties":{"osm_type":"node","osm_id":11216089298,"category":"memorial","name":"Għall-Vittmi tal-Għarqa - 30 t'Ottubru 1948","wikidata":"Q85722739","wikipedia":"en:1948 Gozo luzzu disaster","tags":{"historic":"memorial","material":"stone","name":"Għall-Vittmi tal-Għarqa - 30 t'Ottubru 1948","name:en":"To the victims of drowning - 30 October 1948","wikidata":"Q85722739","wikipedia":"en:1948 Gozo luzzu disaster"}}},{"type":"Feature","id":"node/11218735463","geometry":{"type":"Point","coordinates":[14.2395227,36.0461104]},"properties":{"osm_type":"node","osm_id":11218735463,"category":"memorial","name":"Pius IX","wikidata":null,"wikipedia":null,"tags":{"artist_name":"Alf Camilleri Caughi","historic":"memorial","material":"metal","memorial":"statue","name":"Pius IX","name:cs":"Pius IX.","start_date":"2006"}}},{"type":"Feature","id":"node/11218735464","geometry":{"type":"Point","coordinates":[14.2395583,36.0460588]},"properties":{"osm_type":"node","osm_id":11218735464,"category":"memorial","name":"Ġwanni Pawlu II","wikidata":null,"wikipedia":null,"tags":{"artist_name":"Alf Camilleri Caughi","historic":"memorial","material":"metal","memorial":"statue","name":"Ġwanni Pawlu II","name:cs":"Jan Pavel II.","name:en":"John Paul II","start_date":"2006"}}},{"type":"Feature","id":"node/11218735467","geometry":{"type":"Point","coordinates":[14.297027,36.0292188]},"properties":{"osm_type":"node","osm_id":11218735467,"category":"artwork","name":"Sant' Antnin ta' Padova","wikidata":null,"wikipedia":null,"tags":{"artwork_type":"statue","material":"stone","name":"Sant' Antnin ta' Padova","name:en":"Saint Anthony of Padua","name:sk":"Sv. Antonín Paduánský","tourism":"artwork"}}},{"type":"Feature","id":"node/11218735468","geometry":{"type":"Point","coordinates":[14.2409265,36.0432476]},"properties":{"osm_type":"node","osm_id":11218735468,"category":"artwork","name":"Bird Sculpture","wikidata":null,"wikipedia":null,"tags":{"artwork_type":"sculpture","image":"https://photos.app.goo.gl/ts53FFGY9mjqf8iZ9","material":"metal","name:cs":"Dívka s ptáky","name:en":"Bird Sculpture","tourism":"artwork"}}},{"type":"Feature","id":"node/11218735472","geometry":{"type":"Point","coordinates":[14.2392121,36.0447329]},"properties":{"osm_type":"node","osm_id":11218735472,"category":"memorial","name":"In memory of the Gozitans who lost their lives 1939-1945","wikidata":null,"wikipedia":null,"tags":{"historic":"memorial","material":"metal;stone","memorial":"war_memorial","name":"In memory of the Gozitans who lost their lives 1939-1945"}}},{"type":"Feature","id":"node/11218735486","geometry":{"type":"Point","coordinates":[14.2903848,36.0264894]},"properties":{"osm_type":"node","osm_id":11218735486,"category":"artwork","name":"A Bench of Generations","wikidata":null,"wikipedia":null,"tags":{"artwork_type":"statue","material":"metal","name":"A Bench of Generations","name:cs":"Lavička generací","tourism":"artwork"}}},{"type":"Feature","id":"node/11218735487","geometry":{"type":"Point","coordinates":[14.2902997,36.0263761]},"properties":{"osm_type":"node","osm_id":11218735487,"category":"artwork","name":"Hbiberija","wikidata":null,"wikipedia":null,"tags":{"artist_name":"Joe Xuereb","artwork_type":"sculpture","material":"stone","name":"Hbiberija","name:cs":"Přátelství","name:en":"Friendship","name:it":"Amicizia","start_date":"2022-08-28","tourism":"artwork"}}},{"type":"Feature","id":"node/11220930488","geometry":{"type":"Point","coordinates":[14.2893251,36.0256238]},"properties":{"osm_type":"node","osm_id":11220930488,"category":"memorial","name":"Monument għall-Vittmi tat-Tieni Gwerra Dinjija","wikidata":null,"wikipedia":null,"tags":{"historic":"memorial","material":"stone","memorial":"war_memorial","name":"Monument għall-Vittmi tat-Tieni Gwerra Dinjija","name:cs":"Památník padlých ve 2. světové válce","name:en":"Monument to the Fallen in World War II","start_date":"1995-05-07"}}},{"type":"Feature","id":"node/11222950256","geometry":{"type":"Point","coordinates":[14.2177249,36.0551404]},"properties":{"osm_type":"node","osm_id":11222950256,"category":"historic","name":"Auxilium Christianorum","wikidata":null,"wikipedia":null,"tags":{"denomination":"roman_catholic","historic":"wayside_shrine","name":"Auxilium Christianorum","name:cs":"Pomocnice křesťanů","religion":"christian"}}},{"type":"Feature","id":"node/11222950257","geometry":{"type":"Point","coordinates":[14.2170644,36.0562016]},"properties":{"osm_type":"node","osm_id":11222950257,"category":"historic","name":"Reffugium peccatorum","wikidata":null,"wikipedia":null,"tags":{"denomination":"roman_catholic","historic":"wayside_shrine","name":"Reffugium peccatorum","name:cs":"Útočiště hříšníků","religion":"christian"}}},{"type":"Feature","id":"node/11222950258","geometry":{"type":"Point","coordinates":[14.2159185,36.0615837]},"properties":{"osm_type":"node","osm_id":11222950258,"category":"artwork","name":"Saint Joseph","wikidata":null,"wikipedia":null,"tags":{"artwork_type":"statue","material":"stone","name":"Saint Joseph","name:etymology":"Joseph","name:etymology:wikidata":"Q128267","name:mt":"San Ġużepp","tourism":"artwork"}}},{"type":"Feature","id":"node/11222950259","geometry":{"type":"Point","coordinates":[14.2158678,36.0614822]},"properties":{"osm_type":"node","osm_id":11222950259,"category":"artwork","name":"King David","wikidata":null,"wikipedia":null,"tags":{"artwork_type":"statue","material":"stone","name":"King David","name:mt":"Ir-Re David","tourism":"artwork"}}},{"type":"Feature","id":"node/11222950260","geometry":{"type":"Point","coordinates":[14.2157429,36.0616501]},"properties":{"osm_type":"node","osm_id":11222950260,"category":"artwork","name":"Saint Anna","wikidata":null,"wikipedia":null,"tags":{"artwork_type":"statue","material":"stone","name":"Saint Anna","name:mt":"Sant' Anna","tourism":"artwork"}}},{"type":"Feature","id":"node/11222950261","geometry":{"type":"Point","coordinates":[14.2156923,36.0615497]},"properties":{"osm_type":"node","osm_id":11222950261,"category":"artwork","name":"Saint Simon","wikidata":null,"wikipedia":null,"tags":{"artwork_type":"statue","material":"stone","name":"Saint Simon","name:mt":"San Xmun","tourism":"artwork"}}},{"type":"Feature","id":"node/11222950262","geometry":{"type":"Point","coordinates":[14.2156566,36.0604925]},"properties":{"osm_type":"node","osm_id":11222950262,"category":"historic","name":"Regina pacis","wikidata":null,"wikipedia":null,"tags":{"denomination":"roman_catholic","historic":"wayside_shrine","name":"Regina pacis","name:cs":"Královno míru","religion":"christian"}}},{"type":"Feature","id":"node/11222950263","geometry":{"type":"Point","coordinates":[14.2154839,36.0590429]},"properties":{"osm_type":"node","osm_id":11222950263,"category":"historic","name":"Regina Familæ","wikidata":null,"wikipedia":null,"tags":{"denomination":"roman_catholic","historic":"wayside_shrine","name":"Regina Familæ","name:cs":"Královno rodin","religion":"christian"}}},{"type":"Feature","id":"node/11222950264","geometry":{"type":"Point","coordinates":[14.2159758,36.0576964]},"properties":{"osm_type":"node","osm_id":11222950264,"category":"historic","name":"Salus infirmorum","wikidata":null,"wikipedia":null,"tags":{"denomination":"roman_catholic","historic":"wayside_shrine","name":"Salus infirmorum","name:cs":"Uzdravení nemocných","religion":"christian"}}},{"type":"Feature","id":"node/11223215818","geometry":{"type":"Point","coordinates":[14.2953436,36.0250952]},"properties":{"osm_type":"node","osm_id":11223215818,"category":"artwork","name":"Il-Madonna ta' Lourdes","wikidata":null,"wikipedia":null,"tags":{"artwork_type":"statue","material":"stone","name":"Il-Madonna ta' Lourdes","name:cs":"P. Maria Lurdská","name:en":"Our Lady of Lourdes","name:mt":"Il-Madonna ta' Lourdes","tourism":"artwork"}}},{"type":"Feature","id":"node/11224472099","geometry":{"type":"Point","coordinates":[14.3210892,36.0343199]},"properties":{"osm_type":"node","osm_id":11224472099,"category":"artwork","name":"Monsinjur Mikiel F. Buttigieg","wikidata":null,"wikipedia":null,"tags":{"artwork_type":"statue","material":"metal","name":"Monsinjur Mikiel F. Buttigieg","start_date":"2014","tourism":"artwork"}}},{"type":"Feature","id":"node/11262817419","geometry":{"type":"Point","coordinates":[14.4780342,35.8888929]},"properties":{"osm_type":"node","osm_id":11262817419,"category":"historic","name":"Niċċa","wikidata":null,"wikipedia":null,"tags":{"historic":"wayside_shrine","name":"Niċċa","religion":"christian"}}},{"type":"Feature","id":"node/11337368522","geometry":{"type":"Point","coordinates":[14.397644,35.8804217]},"properties":{"osm_type":"node","osm_id":11337368522,"category":"museum","name":"Biljetterija tal-Katakombi ta' San Pawl","wikidata":null,"wikipedia":null,"tags":{"addr:city":"Ir-Rabat","addr:street":"Triq Ħal Bajjada","name":"Biljetterija tal-Katakombi ta' San Pawl","name:de":"Kartenschalter St. Pauls Katakomben","name:en":"Ticket Office Saint Paul's Catacombs","name:pl":"Katakumby św. Pawła - kasa","opening_hours":"Mo-Su 09:00-17:00","operator":"Heritage Malta","tourism":"museum","website":"https://heritagemalta.mt/explore/st-pauls-catacombs/"}}},{"type":"Feature","id":"node/11345103403","geometry":{"type":"Point","coordinates":[14.5114931,35.8650636]},"properties":{"osm_type":"node","osm_id":11345103403,"category":"artwork","name":"Marija Annunzjata","wikidata":null,"wikipedia":null,"tags":{"artwork_type":"statue","name":"Marija Annunzjata","tourism":"artwork"}}},{"type":"Feature","id":"node/11358148561","geometry":{"type":"Point","coordinates":[14.5130245,35.8965362]},"properties":{"osm_type":"node","osm_id":11358148561,"category":"artwork","name":"Statue of St. Peter of Alcantara","wikidata":"Q38132833","wikipedia":null,"tags":{"artwork_type":"statue","name":"Statue of St. Peter of Alcantara","tourism":"artwork","wikidata":"Q38132833"}}},{"type":"Feature","id":"node/11381991649","geometry":{"type":"Point","coordinates":[14.2380055,36.0429829]},"properties":{"osm_type":"node","osm_id":11381991649,"category":"artwork","name":"Statue of Saint George","wikidata":null,"wikipedia":null,"tags":{"artwork_type":"sculpture","image":"https://photos.app.goo.gl/jULZmD4bVNiytpYV9","name":"Statue of Saint George","tourism":"artwork"}}},{"type":"Feature","id":"node/11382592752","geometry":{"type":"Point","coordinates":[14.4915086,35.919644]},"properties":{"osm_type":"node","osm_id":11382592752,"category":"memorial","name":"Fisherman and Cat","wikidata":null,"wikipedia":null,"tags":{"historic":"memorial","image":"https://photos.app.goo.gl/LNUGzPZbtW65ZQ3f9","memorial":"statue","name":"Fisherman and Cat"}}},{"type":"Feature","id":"node/11397458692","geometry":{"type":"Point","coordinates":[14.4288193,35.9104591]},"properties":{"osm_type":"node","osm_id":11397458692,"category":"artwork","name":"San Ġużepp","wikidata":null,"wikipedia":null,"tags":{"artwork_type":"statue","name":"San Ġużepp","name:en":"Saint Joseph","name:mt":"San Ġużepp","tourism":"artwork"}}},{"type":"Feature","id":"node/11582001581","geometry":{"type":"Point","coordinates":[14.5153018,35.8980983]},"properties":{"osm_type":"node","osm_id":11582001581,"category":"artwork","name":"S. Luigi","wikidata":null,"wikipedia":null,"tags":{"name":"S. Luigi","tourism":"artwork"}}},{"type":"Feature","id":"node/11591851935","geometry":{"type":"Point","coordinates":[14.5298069,35.8842217]},"properties":{"osm_type":"node","osm_id":11591851935,"category":"memorial","name":"Thomas McSweeney","wikidata":null,"wikipedia":null,"tags":{"historic":"memorial","memorial":"plaque","name":"Thomas McSweeney"}}},{"type":"Feature","id":"node/11599859657","geometry":{"type":"Point","coordinates":[14.2397228,36.046587]},"properties":{"osm_type":"node","osm_id":11599859657,"category":"memorial","name":"Bernardo deOpuo","wikidata":null,"wikipedia":null,"tags":{"historic":"memorial","memorial":"plaque","name":"Bernardo deOpuo"}}},{"type":"Feature","id":"node/11616360890","geometry":{"type":"Point","coordinates":[14.3758898,35.9551569]},"properties":{"osm_type":"node","osm_id":11616360890,"category":"tomb","name":"Oqbra Paleokristjani","wikidata":null,"wikipedia":null,"tags":{"historic":"tomb","name":"Oqbra Paleokristjani","name:en":"Paleochristian Tombs","name:mt":"Oqbra Paleokristjani"}}},{"type":"Feature","id":"node/11708708529","geometry":{"type":"Point","coordinates":[14.2411575,36.0270509]},"properties":{"osm_type":"node","osm_id":11708708529,"category":"memorial","name":"Monsinjur Vincenzo Caruana Spiteri","wikidata":null,"wikipedia":null,"tags":{"historic":"memorial","material":"metal","memorial":"statue","name":"Monsinjur Vincenzo Caruana Spiteri"}}},{"type":"Feature","id":"node/11709420806","geometry":{"type":"Point","coordinates":[14.2394734,36.0466621]},"properties":{"osm_type":"node","osm_id":11709420806,"category":"fort","name":"Iċ-Ċittadella","wikidata":null,"wikipedia":null,"tags":{"alt_name":"Il-Belt;Il-Kastell","historic":"fort","name":"Iċ-Ċittadella","name:ar":"القلعة"}}},{"type":"Feature","id":"node/11843423229","geometry":{"type":"Point","coordinates":[14.391405,35.8594769]},"properties":{"osm_type":"node","osm_id":11843423229,"category":"artwork","name":"Two boys racing a cart","wikidata":null,"wikipedia":null,"tags":{"artist_name":"Charles Sammut","artwork_type":"sculpture","material":"metal","name":"Two boys racing a cart","start_date":"2017","tourism":"artwork"}}},{"type":"Feature","id":"node/11843430216","geometry":{"type":"Point","coordinates":[14.4030545,35.8843227]},"properties":{"osm_type":"node","osm_id":11843430216,"category":"memorial","name":"Howard Memorial","wikidata":null,"wikipedia":null,"tags":{"historic":"memorial","memorial":"statue","name":"Howard Memorial"}}},{"type":"Feature","id":"node/11843441817","geometry":{"type":"Point","coordinates":[14.4023168,35.8842316]},"properties":{"osm_type":"node","osm_id":11843441817,"category":"memorial","name":"Pawlu Xuereb","wikidata":null,"wikipedia":null,"tags":{"historic":"memorial","name":"Pawlu Xuereb"}}},{"type":"Feature","id":"node/11866901627","geometry":{"type":"Point","coordinates":[14.4762054,35.8306885]},"properties":{"osm_type":"node","osm_id":11866901627,"category":"monument","name":"Madonna tal-Karmnu","wikidata":null,"wikipedia":null,"tags":{"historic":"monument","name":"Madonna tal-Karmnu"}}},{"type":"Feature","id":"node/11874079041","geometry":{"type":"Point","coordinates":[14.4251212,35.9444618]},"properties":{"osm_type":"node","osm_id":11874079041,"category":"tomb","name":"Salina Catacombs","wikidata":null,"wikipedia":null,"tags":{"historic":"tomb","name":"Salina Catacombs","tomb":"vault"}}},{"type":"Feature","id":"node/11898372172","geometry":{"type":"Point","coordinates":[14.5104384,35.8956091]},"properties":{"osm_type":"node","osm_id":11898372172,"category":"gallery","name":"Spazju Kreattiv","wikidata":null,"wikipedia":null,"tags":{"addr:city":"Il-Belt Valletta","addr:postcode":"VLT 1030","addr:street":"Misraħ Kastilja","email":"fondazzjoni@kreattivita.org","name":"Spazju Kreattiv","opening_hours":"Tu-Fr 09:00-21:00; Sa-Su 10:00-21:00","phone":"+356 2122 3200","tourism":"gallery","website":"https://kreattivita.org/en/"}}},{"type":"Feature","id":"node/11940447570","geometry":{"type":"Point","coordinates":[14.5168388,35.897522]},"properties":{"osm_type":"node","osm_id":11940447570,"category":"memorial","name":"San Pawl Nawfragu","wikidata":null,"wikipedia":null,"tags":{"historic":"memorial","memorial":"statue","name":"San Pawl Nawfragu","name:en":"St. Paul Shipwrecked"}}},{"type":"Feature","id":"node/12000321786","geometry":{"type":"Point","coordinates":[14.4851543,35.8447222]},"properties":{"osm_type":"node","osm_id":12000321786,"category":"monument","name":"Kirkop Menħir","wikidata":null,"wikipedia":null,"tags":{"historic":"monument","name":"Kirkop Menħir"}}},{"type":"Feature","id":"node/12001003168","geometry":{"type":"Point","coordinates":[14.4749624,35.8347333]},"properties":{"osm_type":"node","osm_id":12001003168,"category":"monument","name":"Monument Santa Katarina V.M.","wikidata":null,"wikipedia":null,"tags":{"historic":"monument","name":"Monument Santa Katarina V.M."}}},{"type":"Feature","id":"node/12001016269","geometry":{"type":"Point","coordinates":[14.4745706,35.8342507]},"properties":{"osm_type":"node","osm_id":12001016269,"category":"monument","name":"Monument Our Lady of Mount Carmel","wikidata":null,"wikipedia":null,"tags":{"historic":"monument","name":"Monument Our Lady of Mount Carmel"}}},{"type":"Feature","id":"node/12053320514","geometry":{"type":"Point","coordinates":[14.5324865,35.8946433]},"properties":{"osm_type":"node","osm_id":12053320514,"category":"historic","name":"Il-Kanun tal-100 Tunnellata","wikidata":null,"wikipedia":null,"tags":{"historic":"cannon","name":"Il-Kanun tal-100 Tunnellata","name:en":"Armstrong 100 Ton Gun"}}},{"type":"Feature","id":"node/12121500724","geometry":{"type":"Point","coordinates":[14.4363315,35.8266562]},"properties":{"osm_type":"node","osm_id":12121500724,"category":"archaeological_site","name":"It-Tempju tal-Imnajdra","wikidata":null,"wikipedia":null,"tags":{"historic":"archaeological_site","name":"It-Tempju tal-Imnajdra","name:en":"Mnajdra Temple"}}},{"type":"Feature","id":"node/12182656092","geometry":{"type":"Point","coordinates":[14.4877591,35.909818]},"properties":{"osm_type":"node","osm_id":12182656092,"category":"artwork","name":"St. Klara","wikidata":null,"wikipedia":null,"tags":{"artwork_type":"statue","material":"stone","name":"St. Klara","tourism":"artwork"}}},{"type":"Feature","id":"node/12182656093","geometry":{"type":"Point","coordinates":[14.4878005,35.9096273]},"properties":{"osm_type":"node","osm_id":12182656093,"category":"artwork","name":"St. Arkanġlu Mikiel","wikidata":null,"wikipedia":null,"tags":{"artwork_type":"statue","material":"stone","name":"St. Arkanġlu Mikiel","tourism":"artwork"}}},{"type":"Feature","id":"node/12182656094","geometry":{"type":"Point","coordinates":[14.4874426,35.9097107]},"properties":{"osm_type":"node","osm_id":12182656094,"category":"artwork","name":"St. Familja","wikidata":null,"wikipedia":null,"tags":{"artwork_type":"statue","name":"St. Familja","tourism":"artwork"}}},{"type":"Feature","id":"node/12186822382","geometry":{"type":"Point","coordinates":[14.4948378,35.9047948]},"properties":{"osm_type":"node","osm_id":12186822382,"category":"artwork","name":"Dun Karlu Manche","wikidata":null,"wikipedia":null,"tags":{"artwork_type":"bust","material":"metal","name":"Dun Karlu Manche","tourism":"artwork"}}},{"type":"Feature","id":"node/12189569533","geometry":{"type":"Point","coordinates":[14.4532348,35.9242001]},"properties":{"osm_type":"node","osm_id":12189569533,"category":"artwork","name":"San Bartilmew","wikidata":null,"wikipedia":null,"tags":{"artwork_type":"statue","material":"stone","memorial":"statue","name":"San Bartilmew","name:cs":"sv. Bartoloměj","tourism":"artwork"}}},{"type":"Feature","id":"node/12189569534","geometry":{"type":"Point","coordinates":[14.4532906,35.9240218]},"properties":{"osm_type":"node","osm_id":12189569534,"category":"artwork","name":"San Luqa Evanġelista","wikidata":null,"wikipedia":null,"tags":{"artwork_type":"statue","material":"stone","name":"San Luqa Evanġelista","name:cs":"sv. Lukáš","name:en":"Saint Luke the Evangelist","name:mt":"San Luqa Evanġelista","tourism":"artwork"}}},{"type":"Feature","id":"node/12189569535","geometry":{"type":"Point","coordinates":[14.4531741,35.9238909]},"properties":{"osm_type":"node","osm_id":12189569535,"category":"artwork","name":"San Ġwann Evanġelista","wikidata":null,"wikipedia":null,"tags":{"artwork_type":"statue","material":"stone","name":"San Ġwann Evanġelista","name:cs":"sv. Jan","name:en":"Saint John the Evangelist","name:mt":"San Ġwann Evanġelista","tourism":"artwork"}}},{"type":"Feature","id":"node/12189569536","geometry":{"type":"Point","coordinates":[14.4531744,35.9238434]},"properties":{"osm_type":"node","osm_id":12189569536,"category":"artwork","name":"San Mark Evanġelista","wikidata":null,"wikipedia":null,"tags":{"artwork_type":"statue","material":"stone","name":"San Mark Evanġelista","name:cs":"sv. Marek","name:en":"Saint Mark the Evangelist","name:mt":"San Mark Evanġelista","tourism":"artwork"}}},{"type":"Feature","id":"node/12211898197","geometry":{"type":"Point","coordinates":[14.2404239,36.0424061]},"properties":{"osm_type":"node","osm_id":12211898197,"category":"artwork","name":"St. Franġisku ta’ Assisi","wikidata":null,"wikipedia":null,"tags":{"artwork_type":"statue","name":"St. Franġisku ta’ Assisi","name:cs":"sv. František z Assisi","name:en":"St. Francis of Assisi","tourism":"artwork"}}},{"type":"Feature","id":"node/12323271562","geometry":{"type":"Point","coordinates":[14.4645974,35.8876768]},"properties":{"osm_type":"node","osm_id":12323271562,"category":"historic","name":"Niċċa ta' San Ġwakkin","wikidata":null,"wikipedia":null,"tags":{"denomination":"roman_catholic","historic":"wayside_shrine","name":"Niċċa ta' San Ġwakkin","name:en":"Niche of Saint Joachim","name:mt":"Niċċa ta' San Ġwakkin","religion":"christian"}}},{"type":"Feature","id":"node/12347741356","geometry":{"type":"Point","coordinates":[14.4958821,35.9151032]},"properties":{"osm_type":"node","osm_id":12347741356,"category":"monument","name":"Sri Chinmoy - Dreamer of World-Peace","wikidata":null,"wikipedia":null,"tags":{"historic":"monument","name":"Sri Chinmoy - Dreamer of World-Peace"}}},{"type":"Feature","id":"node/12411844563","geometry":{"type":"Point","coordinates":[14.4863633,35.8606238]},"properties":{"osm_type":"node","osm_id":12411844563,"category":"artwork","name":"Sant' Andrija","wikidata":null,"wikipedia":null,"tags":{"artwork_type":"statue","name":"Sant' Andrija","name:en":"St. Andrew","tourism":"artwork"}}},{"type":"Feature","id":"node/12430713202","geometry":{"type":"Point","coordinates":[14.5034558,35.8921196]},"properties":{"osm_type":"node","osm_id":12430713202,"category":"artwork","name":"Embryonic Horse","wikidata":null,"wikipedia":null,"tags":{"name:en":"Embryonic Horse","tourism":"artwork"}}},{"type":"Feature","id":"node/12430713205","geometry":{"type":"Point","coordinates":[14.5023012,35.8923228]},"properties":{"osm_type":"node","osm_id":12430713205,"category":"artwork","name":"ANZAC","wikidata":null,"wikipedia":null,"tags":{"artwork_type":"sculpture","name":"ANZAC","tourism":"artwork"}}},{"type":"Feature","id":"node/12430713251","geometry":{"type":"Point","coordinates":[14.512385,35.9009222]},"properties":{"osm_type":"node","osm_id":12430713251,"category":"artwork","name":"Fr Michael Xerri","wikidata":null,"wikipedia":null,"tags":{"artist_name":"Anton Agius","artwork_type":"statue","material":"bronze","name":"Fr Michael Xerri","start_date":"1986","tourism":"artwork"}}},{"type":"Feature","id":"node/12433051096","geometry":{"type":"Point","coordinates":[14.5143,35.8904778]},"properties":{"osm_type":"node","osm_id":12433051096,"category":"artwork","name":"Scultura Gorbaciov - Bush","wikidata":null,"wikipedia":null,"tags":{"artwork_type":"bust","name":"Scultura Gorbaciov - Bush","tourism":"artwork"}}},{"type":"Feature","id":"node/12433175808","geometry":{"type":"Point","coordinates":[14.514183,35.8905329]},"properties":{"osm_type":"node","osm_id":12433175808,"category":"artwork","name":"Vitorin Galea","wikidata":null,"wikipedia":null,"tags":{"artwork_type":"bust","name":"Vitorin Galea","tourism":"artwork"}}},{"type":"Feature","id":"node/12433175815","geometry":{"type":"Point","coordinates":[14.5141981,35.8904621]},"properties":{"osm_type":"node","osm_id":12433175815,"category":"artwork","name":"Charles Clews","wikidata":null,"wikipedia":null,"tags":{"artwork_type":"bust","name":"Charles Clews","tourism":"artwork"}}},{"type":"Feature","id":"node/12444643960","geometry":{"type":"Point","coordinates":[14.4070408,35.9197803]},"properties":{"osm_type":"node","osm_id":12444643960,"category":"memorial","name":"Daphne Caruana Galizia","wikidata":"Q115007023","wikipedia":null,"tags":{"historic":"memorial","name":"Daphne Caruana Galizia","wikidata":"Q115007023"}}},{"type":"Feature","id":"node/12468635352","geometry":{"type":"Point","coordinates":[14.2350584,36.0665394]},"properties":{"osm_type":"node","osm_id":12468635352,"category":"museum","name":"Żebbuġ War Shelters","wikidata":null,"wikipedia":null,"tags":{"name":"Żebbuġ War Shelters","opening_hours":"Mo-Su,PH 00:00-18:00+","tourism":"museum"}}},{"type":"Feature","id":"node/12477790973","geometry":{"type":"Point","coordinates":[14.239958,36.0444716]},"properties":{"osm_type":"node","osm_id":12477790973,"category":"gallery","name":"ARThall","wikidata":null,"wikipedia":null,"tags":{"name":"ARThall","tourism":"gallery","website":"https://arthallgozo.com/"}}},{"type":"Feature","id":"node/12478285742","geometry":{"type":"Point","coordinates":[14.2438785,36.0439432]},"properties":{"osm_type":"node","osm_id":12478285742,"category":"artwork","name":"Wistin Camilleri 1885-1979","wikidata":null,"wikipedia":null,"tags":{"artwork_type":"sculpture","material":"bronze","name":"Wistin Camilleri 1885-1979","tourism":"artwork"}}},{"type":"Feature","id":"node/12480216484","geometry":{"type":"Point","coordinates":[14.2392306,36.0439559]},"properties":{"osm_type":"node","osm_id":12480216484,"category":"museum","name":"Il-Haġar Gozo Museum","wikidata":null,"wikipedia":null,"tags":{"name":"Il-Haġar Gozo Museum","opening_hours":"Mo-Su 09:00-17:00","tourism":"museum","website":"https://heartofgozo.org.mt/"}}},{"type":"Feature","id":"node/12538771335","geometry":{"type":"Point","coordinates":[14.2321507,36.0420041]},"properties":{"osm_type":"node","osm_id":12538771335,"category":"historic","name":"Għar Għerduf Catacombs","wikidata":"Q104864335","wikipedia":"en:Għar Għerduf catacombs","tags":{"historic":"yes","name":"Għar Għerduf Catacombs","wikidata":"Q104864335","wikipedia":"en:Għar Għerduf catacombs"}}},{"type":"Feature","id":"node/12587397161","geometry":{"type":"Point","coordinates":[14.4143091,35.9175971]},"properties":{"osm_type":"node","osm_id":12587397161,"category":"artwork","name":"San Ġużepp Tat-Tarġa","wikidata":null,"wikipedia":null,"tags":{"artwork_type":"statue","name":"San Ġużepp Tat-Tarġa","name:mt":"San Ġużepp Tat-Tarġa","tourism":"artwork"}}},{"type":"Feature","id":"node/12598564239","geometry":{"type":"Point","coordinates":[14.4549971,35.8972087]},"properties":{"osm_type":"node","osm_id":12598564239,"category":"gallery","name":"Rosa Kwir","wikidata":null,"wikipedia":null,"tags":{"addr:city":"Ħal Balzan","addr:housenumber":"38","addr:postcode":"BZN 1259","addr:street":"Triq Il-Kbira","name":"Rosa Kwir","opening_hours":"We,Th,Fr,Su 16:00-19:00","operator":"Rosa Kwir","tourism":"gallery"}}},{"type":"Feature","id":"node/12617724014","geometry":{"type":"Point","coordinates":[14.3089715,36.0367217]},"properties":{"osm_type":"node","osm_id":12617724014,"category":"historic","name":"Il-Ħaġra l-Wieqfa","wikidata":null,"wikipedia":null,"tags":{"historic":"stone","name":"Il-Ħaġra l-Wieqfa"}}},{"type":"Feature","id":"node/12617741450","geometry":{"type":"Point","coordinates":[14.3097221,36.0346842]},"properties":{"osm_type":"node","osm_id":12617741450,"category":"artwork","name":"Anton Buttigieg","wikidata":null,"wikipedia":null,"tags":{"artwork_type":"bust","name":"Anton Buttigieg","tourism":"artwork"}}},{"type":"Feature","id":"node/12621340683","geometry":{"type":"Point","coordinates":[14.4256703,35.9107738]},"properties":{"osm_type":"node","osm_id":12621340683,"category":"artwork","name":"Patri Avertan Fenech","wikidata":null,"wikipedia":null,"tags":{"artwork_type":"bust","name":"Patri Avertan Fenech","tourism":"artwork"}}},{"type":"Feature","id":"node/12637111716","geometry":{"type":"Point","coordinates":[14.5233576,35.880438]},"properties":{"osm_type":"node","osm_id":12637111716,"category":"artwork","name":"Statue of Mary","wikidata":null,"wikipedia":null,"tags":{"artwork_type":"statue","name":"Statue of Mary","tourism":"artwork"}}},{"type":"Feature","id":"node/12637111736","geometry":{"type":"Point","coordinates":[14.5240878,35.8806095]},"properties":{"osm_type":"node","osm_id":12637111736,"category":"fort","name":"Forti Verdala","wikidata":null,"wikipedia":null,"tags":{"historic":"fort","name":"Forti Verdala"}}},{"type":"Feature","id":"node/12664527917","geometry":{"type":"Point","coordinates":[14.5238462,35.888012]},"properties":{"osm_type":"node","osm_id":12664527917,"category":"museum","name":"Ghost House","wikidata":null,"wikipedia":null,"tags":{"addr:city":"Il-Birgu","addr:housenumber":"15","addr:street":"Triq il-Kwartier","name":"Ghost House","opening_hours":"Mo-Su 09:00-19:00","tourism":"museum"}}},{"type":"Feature","id":"node/12730315246","geometry":{"type":"Point","coordinates":[14.5190976,35.8864996]},"properties":{"osm_type":"node","osm_id":12730315246,"category":"artwork","name":"Mary & Baby Jesus","wikidata":null,"wikipedia":null,"tags":{"artwork_type":"mural","name":"Mary & Baby Jesus","tourism":"artwork"}}},{"type":"Feature","id":"node/12735970670","geometry":{"type":"Point","coordinates":[14.5181817,35.8875291]},"properties":{"osm_type":"node","osm_id":12735970670,"category":"gallery","name":"Art by the Seaside Art Gallery","wikidata":null,"wikipedia":null,"tags":{"addr:housenumber":"16","addr:street":"Triq il-Mina tax-Xatt","name":"Art by the Seaside Art Gallery","tourism":"gallery","website":"https://seasideart.com.mt/"}}},{"type":"Feature","id":"node/12819649526","geometry":{"type":"Point","coordinates":[14.3981045,35.8819576]},"properties":{"osm_type":"node","osm_id":12819649526,"category":"gallery","name":"the heritage","wikidata":null,"wikipedia":null,"tags":{"name":"the heritage","tourism":"gallery"}}},{"type":"Feature","id":"node/12923149600","geometry":{"type":"Point","coordinates":[14.5078752,35.8930931]},"properties":{"osm_type":"node","osm_id":12923149600,"category":"artwork","name":"Oliver Friggieri","wikidata":null,"wikipedia":null,"tags":{"artwork_type":"statue","material":"stone","name":"Oliver Friggieri","tourism":"artwork"}}},{"type":"Feature","id":"node/12923178801","geometry":{"type":"Point","coordinates":[14.5075404,35.8933981]},"properties":{"osm_type":"node","osm_id":12923178801,"category":"artwork","name":"Dun Karm Psaila","wikidata":null,"wikipedia":null,"tags":{"artwork_type":"statue","name":"Dun Karm Psaila","tourism":"artwork"}}},{"type":"Feature","id":"node/12925294268","geometry":{"type":"Point","coordinates":[14.504421,35.8904266]},"properties":{"osm_type":"node","osm_id":12925294268,"category":"artwork","name":"Dante Alighieri","wikidata":null,"wikipedia":null,"tags":{"artwork_type":"statue","material":"metal","name":"Dante Alighieri","name:mt":"Dante Alighieri","tourism":"artwork"}}},{"type":"Feature","id":"node/12925294269","geometry":{"type":"Point","coordinates":[14.5044701,35.8907206]},"properties":{"osm_type":"node","osm_id":12925294269,"category":"artwork","name":"Sant' Anna","wikidata":null,"wikipedia":null,"tags":{"artwork_type":"statue","name":"Sant' Anna","name:en":"Saint Anne","name:mt":"Sant' Anna","tourism":"artwork"}}},{"type":"Feature","id":"node/13001041367","geometry":{"type":"Point","coordinates":[14.5382598,35.8533015]},"properties":{"osm_type":"node","osm_id":13001041367,"category":"memorial","name":"Pawlu Seychell","wikidata":null,"wikipedia":null,"tags":{"historic":"memorial","memorial":"statue","name":"Pawlu Seychell"}}},{"type":"Feature","id":"node/13021162352","geometry":{"type":"Point","coordinates":[14.5085837,35.9085161]},"properties":{"osm_type":"node","osm_id":13021162352,"category":"gallery","name":"R Gallery","wikidata":null,"wikipedia":null,"tags":{"addr:housenumber":"26","addr:street":"Triq Robert Arrigo","name":"R Gallery","tourism":"gallery"}}},{"type":"Feature","id":"node/13027803601","geometry":{"type":"Point","coordinates":[14.4463226,35.8683686]},"properties":{"osm_type":"node","osm_id":13027803601,"category":"monument","name":"Kuċċarda ta' Ħaż-Żebbuġ","wikidata":null,"wikipedia":null,"tags":{"historic":"monument","name":"Kuċċarda ta' Ħaż-Żebbuġ","name:en":"Falcon of Żebbuġ"}}},{"type":"Feature","id":"node/13037926848","geometry":{"type":"Point","coordinates":[14.5155021,35.9001641]},"properties":{"osm_type":"node","osm_id":13037926848,"category":"gallery","name":"Malta Society of Arts","wikidata":null,"wikipedia":null,"tags":{"addr:city":"Il-Belt Valletta","addr:housenumber":"219","addr:street":"Triq ir-Repubblika","name":"Malta Society of Arts","tourism":"gallery"}}},{"type":"Feature","id":"node/13068339905","geometry":{"type":"Point","coordinates":[14.4363865,35.9280441]},"properties":{"osm_type":"node","osm_id":13068339905,"category":"ruins","name":"Ta' Gadaf","wikidata":null,"wikipedia":null,"tags":{"historic":"ruins","name":"Ta' Gadaf","ruins":"cemetery"}}},{"type":"Feature","id":"node/13070262601","geometry":{"type":"Point","coordinates":[14.3989929,35.9481644]},"properties":{"osm_type":"node","osm_id":13070262601,"category":"artwork","name":"Mosè Fenech","wikidata":null,"wikipedia":null,"tags":{"artwork_type":"statue","name":"Mosè Fenech","tourism":"artwork"}}},{"type":"Feature","id":"node/13070276901","geometry":{"type":"Point","coordinates":[14.4046104,35.9478739]},"properties":{"osm_type":"node","osm_id":13070276901,"category":"artwork","name":"Tony Camilleri (Il-Bayzo)","wikidata":null,"wikipedia":null,"tags":{"artwork_type":"statue","name":"Tony Camilleri (Il-Bayzo)","tourism":"artwork"}}},{"type":"Feature","id":"node/13071026301","geometry":{"type":"Point","coordinates":[14.5036825,35.8924856]},"properties":{"osm_type":"node","osm_id":13071026301,"category":"artwork","name":"Malta Union of Teachers 100 Years","wikidata":null,"wikipedia":null,"tags":{"artwork_type":"statue","memorial":"sculpture","name:en":"Malta Union of Teachers 100 Years","tourism":"artwork"}}},{"type":"Feature","id":"node/13084583667","geometry":{"type":"Point","coordinates":[14.3917511,35.8758916]},"properties":{"osm_type":"node","osm_id":13084583667,"category":"museum","name":"Tax-Xierfa Museum","wikidata":null,"wikipedia":null,"tags":{"addr:city":"Ir-Rabat","addr:street":"Triq Santa Katerina","name":"Tax-Xierfa Museum","opening_hours":"Mo,Tu,Th,Fr,Su 09:00-17:00; We off; Sa 09:00-14:00","tourism":"museum","website":"https://taxxierfa.com","wheelchair":"yes"}}},{"type":"Feature","id":"node/13086290055","geometry":{"type":"Point","coordinates":[14.4175146,35.916732]},"properties":{"osm_type":"node","osm_id":13086290055,"category":"artwork","name":"Tarġa Gap War Memorial","wikidata":null,"wikipedia":null,"tags":{"artwork_type":"sculpture","name":"Tarġa Gap War Memorial","tourism":"artwork"}}},{"type":"Feature","id":"node/13167069235","geometry":{"type":"Point","coordinates":[14.5052419,35.8935355]},"properties":{"osm_type":"node","osm_id":13167069235,"category":"artwork","name":"Is-Sur Filippo Sciberras","wikidata":null,"wikipedia":null,"tags":{"artist_name":"Vincent Apap","artwork_type":"bust","name":"Is-Sur Filippo Sciberras","name:en":"Sir Filippo Sciberras","name:mt":"Is-Sur Filippo Sciberras","start_date":"1967","tourism":"artwork"}}},{"type":"Feature","id":"node/13167069236","geometry":{"type":"Point","coordinates":[14.5053666,35.8936296]},"properties":{"osm_type":"node","osm_id":13167069236,"category":"artwork","name":"Is-Sur Hannibal Scicluna","wikidata":null,"wikipedia":null,"tags":{"artwork_type":"bust","name":"Is-Sur Hannibal Scicluna","name:en":"Sir Hannibal Scicluna","name:mt":"Is-Sur Hannibal Scicluna","tourism":"artwork"}}},{"type":"Feature","id":"node/13167069239","geometry":{"type":"Point","coordinates":[14.5055079,35.8937234]},"properties":{"osm_type":"node","osm_id":13167069239,"category":"artwork","name":"Joseph Scicluna","wikidata":null,"wikipedia":null,"tags":{"artwork_type":"statue","name":"Joseph Scicluna","name:en":"Joseph Scicluna","name:mt":"Joseph Scicluna","tourism":"artwork"}}},{"type":"Feature","id":"node/13167069240","geometry":{"type":"Point","coordinates":[14.5060042,35.894051]},"properties":{"osm_type":"node","osm_id":13167069240,"category":"artwork","name":"Is-Sur Luigi Preziosi","wikidata":null,"wikipedia":null,"tags":{"artwork_type":"statue","name":"Is-Sur Luigi Preziosi","name:en":"Sir Luigi Preziosi","name:mt":"Is-Sur Luigi Preziosi","tourism":"artwork"}}},{"type":"Feature","id":"node/13167069241","geometry":{"type":"Point","coordinates":[14.5061913,35.8941956]},"properties":{"osm_type":"node","osm_id":13167069241,"category":"artwork","name":"Aloisio Pisani","wikidata":null,"wikipedia":null,"tags":{"artwork_type":"statue","name":"Aloisio Pisani","name:en":"Aloisio Pisani","name:mt":"Aloisio Pisani","tourism":"artwork"}}},{"type":"Feature","id":"node/13171663272","geometry":{"type":"Point","coordinates":[14.4493476,35.8990867]},"properties":{"osm_type":"node","osm_id":13171663272,"category":"memorial","name":"Adina Mandlová","wikidata":null,"wikipedia":null,"tags":{"historic":"memorial","material":"metal","memorial":"plaque","name":"Adina Mandlová"}}},{"type":"Feature","id":"node/13175530704","geometry":{"type":"Point","coordinates":[14.5116166,35.8952994]},"properties":{"osm_type":"node","osm_id":13175530704,"category":"museum","name":"Malta Time-Gun Museum","wikidata":null,"wikipedia":null,"tags":{"addr:city":"Il-Belt Valletta","addr:street":"Misraħ Kastilja","name":"Malta Time-Gun Museum","operator":"Fondazzjoni Wirt Artna","tourism":"museum","website":"https://www.wirtartna.org/maltatimegunmuseum"}}},{"type":"Feature","id":"node/13180379092","geometry":{"type":"Point","coordinates":[14.5450938,35.8332565]},"properties":{"osm_type":"node","osm_id":13180379092,"category":"memorial","name":"Nitolbu Għar-Ruħ","wikidata":null,"wikipedia":null,"tags":{"historic":"memorial","memorial":"plaque","name":"Nitolbu Għar-Ruħ"}}},{"type":"Feature","id":"node/13188586880","geometry":{"type":"Point","coordinates":[14.4484293,35.896126]},"properties":{"osm_type":"node","osm_id":13188586880,"category":"artwork","name":"Jum is-sigar","wikidata":null,"wikipedia":null,"tags":{"artist_name":"Charles Sammut","artwork_type":"sculpture","name":"Jum is-sigar","start_date":"1994","tourism":"artwork"}}},{"type":"Feature","id":"node/13193549361","geometry":{"type":"Point","coordinates":[14.4581319,35.8966256]},"properties":{"osm_type":"node","osm_id":13193549361,"category":"museum","name":"Mużew tal-Bambini","wikidata":null,"wikipedia":null,"tags":{"addr:city":"Birkirkara","addr:housenumber":"17","addr:postcode":"BKR 1481","addr:street":"Triq Santa Tereża","email":"ilmuzewtalbambini@gmail.com","name":"Mużew tal-Bambini","name:en":"Baby Jesus Museum","name:mt":"Mużew tal-Bambini","opening_hours":"seasonal","tourism":"museum"}}},{"type":"Feature","id":"node/13195689063","geometry":{"type":"Point","coordinates":[14.2168646,36.0307554]},"properties":{"osm_type":"node","osm_id":13195689063,"category":"artwork","name":"Sant' Indrija","wikidata":null,"wikipedia":null,"tags":{"artwork_type":"statue","name":"Sant' Indrija","tourism":"artwork"}}},{"type":"Feature","id":"node/13207308890","geometry":{"type":"Point","coordinates":[14.5137429,35.9001623]},"properties":{"osm_type":"node","osm_id":13207308890,"category":"arts_centre","name":"Soċjetà Dante Alighieri","wikidata":null,"wikipedia":null,"tags":{"addr:housenumber":"134","addr:street":"Triq il-Fran","amenity":"arts_centre","name":"Soċjetà Dante Alighieri","name:en":"Dante Alighieri Society","name:it":"Società Dante Alighieri","name:mt":"Soċjetà Dante Alighieri","wheelchair":"limited"}}},{"type":"Feature","id":"node/13235981285","geometry":{"type":"Point","coordinates":[14.4744624,35.8853322]},"properties":{"osm_type":"node","osm_id":13235981285,"category":"monument","name":"Firetech","wikidata":null,"wikipedia":null,"tags":{"historic":"monument","name":"Firetech"}}},{"type":"Feature","id":"node/13270314905","geometry":{"type":"Point","coordinates":[14.3968151,35.8806965]},"properties":{"osm_type":"node","osm_id":13270314905,"category":"archaeological_site","name":"Katakombi ta' Sant' Agata","wikidata":null,"wikipedia":null,"tags":{"historic":"archaeological_site","name":"Katakombi ta' Sant' Agata","name:en":"St. Agathe Catacombs"}}},{"type":"Feature","id":"node/13301718443","geometry":{"type":"Point","coordinates":[14.5048598,35.8776249]},"properties":{"osm_type":"node","osm_id":13301718443,"category":"theatre","name":"Teatru Malta Rehearsal Room","wikidata":null,"wikipedia":null,"tags":{"addr:city":"Raħal Ġdid","addr:street":"Triq il-Baċir","amenity":"theatre","name":"Teatru Malta Rehearsal Room","operator":"Teatru Malta"}}},{"type":"Feature","id":"node/13314478901","geometry":{"type":"Point","coordinates":[14.5112513,35.8953582]},"properties":{"osm_type":"node","osm_id":13314478901,"category":"memorial","name":"Karmenu Mifsud Bonniċi","wikidata":null,"wikipedia":null,"tags":{"historic":"memorial","name":"Karmenu Mifsud Bonniċi"}}},{"type":"Feature","id":"node/13437199736","geometry":{"type":"Point","coordinates":[14.2011801,36.0557441]},"properties":{"osm_type":"node","osm_id":13437199736,"category":"memorial","name":"Dun Ġużepp Cauchi","wikidata":null,"wikipedia":null,"tags":{"historic":"memorial","memorial":"statue","name":"Dun Ġużepp Cauchi"}}},{"type":"Feature","id":"node/13460240739","geometry":{"type":"Point","coordinates":[14.2392761,36.0458165]},"properties":{"osm_type":"node","osm_id":13460240739,"category":"museum","name":"Cittadella Visitors' Centre","wikidata":null,"wikipedia":null,"tags":{"name":"Cittadella Visitors' Centre","operator":"Heritage Malta","tourism":"museum"}}},{"type":"Feature","id":"node/13569571486","geometry":{"type":"Point","coordinates":[14.2396871,36.046256]},"properties":{"osm_type":"node","osm_id":13569571486,"category":"memorial","name":"Visit of Queen Elisabeth II 30 May 1992","wikidata":null,"wikipedia":null,"tags":{"historic":"memorial","memorial":"plaque","name":"Visit of Queen Elisabeth II 30 May 1992"}}},{"type":"Feature","id":"node/13614878294","geometry":{"type":"Point","coordinates":[14.5760212,35.8660663]},"properties":{"osm_type":"node","osm_id":13614878294,"category":"historic","name":"St. Michael","wikidata":null,"wikipedia":null,"tags":{"historic":"wreck","name":"St. Michael"}}},{"type":"Feature","id":"node/13614906767","geometry":{"type":"Point","coordinates":[14.5218614,35.8918333]},"properties":{"osm_type":"node","osm_id":13614906767,"category":"historic","name":"SS Margit","wikidata":null,"wikipedia":null,"tags":{"historic":"wreck","name":"SS Margit"}}},{"type":"Feature","id":"node/13614926335","geometry":{"type":"Point","coordinates":[14.4343175,35.9644721]},"properties":{"osm_type":"node","osm_id":13614926335,"category":"artwork","name":"Kristu I-Bahhar (dive Site)","wikidata":null,"wikipedia":null,"tags":{"artwork_type":"statue","name":"Kristu I-Bahhar (dive Site)","tourism":"artwork"}}},{"type":"Feature","id":"node/13649517430","geometry":{"type":"Point","coordinates":[14.5724536,35.8612198]},"properties":{"osm_type":"node","osm_id":13649517430,"category":"museum","name":"Pirates and Corsairs Museum","wikidata":null,"wikipedia":null,"tags":{"name":"Pirates and Corsairs Museum","opening_hours":"Mo-Su 10:00-16:30","tourism":"museum","website":"https://www.wirtartna.org/st-thomas-tower"}}},{"type":"Feature","id":"node/13675668727","geometry":{"type":"Point","coordinates":[14.5122552,35.8641908]},"properties":{"osm_type":"node","osm_id":13675668727,"category":"arts_centre","name":"Trudy Gera Art Studio","wikidata":null,"wikipedia":null,"tags":{"addr:city":"Ħal Tarxien","addr:housenumber":"1","addr:postcode":"Txn1122","addr:street":"Sqaq Birbixkilla Numru 1","amenity":"arts_centre","name":"Trudy Gera Art Studio","website":"https://www.trudygera.com"}}},{"type":"Feature","id":"node/13788753201","geometry":{"type":"Point","coordinates":[14.518701,35.8911066]},"properties":{"osm_type":"node","osm_id":13788753201,"category":"historic","name":"Camino Maltès - Stage 1 - Majones","wikidata":null,"wikipedia":null,"tags":{"historic":"anchor","name":"Camino Maltès - Stage 1 - Majones"}}},{"type":"Feature","id":"node/13798496628","geometry":{"type":"Point","coordinates":[14.4000775,35.9436713]},"properties":{"osm_type":"node","osm_id":13798496628,"category":"fort","name":"Batterija tal-Wardija","wikidata":"Q23003208","wikipedia":"en:Wardija Battery","tags":{"historic":"fort","name":"Batterija tal-Wardija","name:en":"Wardija Battery","name:mt":"Batterija tal-Wardija","wikidata":"Q23003208","wikipedia":"en:Wardija Battery"}}},{"type":"Feature","id":"node/13806518493","geometry":{"type":"Point","coordinates":[14.287931,36.0293208]},"properties":{"osm_type":"node","osm_id":13806518493,"category":"artwork","name":"Family Embrace","wikidata":null,"wikipedia":null,"tags":{"artist_name":"Paul Stellini","artwork_type":"sculpture","name":"Family Embrace","tourism":"artwork"}}},{"type":"Feature","id":"node/13815796146","geometry":{"type":"Point","coordinates":[14.4363564,35.9338343]},"properties":{"osm_type":"node","osm_id":13815796146,"category":"theatre","name":"Theatre Next Door","wikidata":null,"wikipedia":null,"tags":{"addr:postcode":"NXR 6511","amenity":"theatre","email":"luke@tnd.com.mt","name":"Theatre Next Door","opening_hours":"09:00-23:00","operator":"FM Theatre Productions","phone":"+356 2141 9306","website":"https://www.fmt.com.mt/tnd","wheelchair":"yes"}}},{"type":"Feature","id":"node/13871092114","geometry":{"type":"Point","coordinates":[14.3610643,35.9599955]},"properties":{"osm_type":"node","osm_id":13871092114,"category":"memorial","name":"Ir-Riġenerazzjoni tal-Pjazza tal-Parroċċa Mellieħa","wikidata":null,"wikipedia":null,"tags":{"historic":"memorial","material":"metal","memorial":"plaque","name":"Ir-Riġenerazzjoni tal-Pjazza tal-Parroċċa Mellieħa","name:en":"Regeneration of Mellieħa Parish Square","name:mt":"Ir-Riġenerazzjoni tal-Pjazza tal-Parroċċa Mellieħa","start_date":"2023-09-05"}}},{"type":"Feature","id":"node/13950304453","geometry":{"type":"Point","coordinates":[14.4033017,35.8844766]},"properties":{"osm_type":"node","osm_id":13950304453,"category":"historic","name":"King's Landing Gate","wikidata":null,"wikipedia":null,"tags":{"historic":"film_location","name":"King's Landing Gate","tourism":"attraction"}}},{"type":"Feature","id":"node/13950304454","geometry":{"type":"Point","coordinates":[14.4026143,35.885874]},"properties":{"osm_type":"node","osm_id":13950304454,"category":"historic","name":"Littlefinger's Brothel","wikidata":null,"wikipedia":null,"tags":{"historic":"film_location","name":"Littlefinger's Brothel","tourism":"attraction"}}},{"type":"Feature","id":"node/13953610755","geometry":{"type":"Point","coordinates":[14.4388905,35.9062414]},"properties":{"osm_type":"node","osm_id":13953610755,"category":"memorial","name":"Johanna Bonj","wikidata":null,"wikipedia":null,"tags":{"historic":"memorial","name":"Johanna Bonj"}}},{"type":"Feature","id":"node/14028802918","geometry":{"type":"Point","coordinates":[14.4673552,35.845144]},"properties":{"osm_type":"node","osm_id":14028802918,"category":"gallery","name":"Kamra ta' Fuq","wikidata":null,"wikipedia":null,"tags":{"name":"Kamra ta' Fuq","tourism":"gallery"}}},{"type":"Feature","id":"node/14094939252","geometry":{"type":"Point","coordinates":[14.236556,36.0811176]},"properties":{"osm_type":"node","osm_id":14094939252,"category":"artwork","name":"WIEĦED","wikidata":null,"wikipedia":null,"tags":{"artist_name":"Austin Camilleri","artwork_type":"sculpture","material":"bronze","name":"WIEĦED","name:en":"ONE","name:mt":"WIEĦED","start_date":"2025","tourism":"artwork"}}},{"type":"Feature","id":"node/14100417073","geometry":{"type":"Point","coordinates":[14.3613209,35.9414621]},"properties":{"osm_type":"node","osm_id":14100417073,"category":"archaeological_site","name":"Cart Ruts","wikidata":null,"wikipedia":null,"tags":{"historic":"archaeological_site","name":"Cart Ruts"}}},{"type":"Feature","id":"node/14107445246","geometry":{"type":"Point","coordinates":[14.4894562,35.9232078]},"properties":{"osm_type":"node","osm_id":14107445246,"category":"museum","name":"Museum of Illusions","wikidata":null,"wikipedia":null,"tags":{"name":"Museum of Illusions","opening_hours":"Mo-Su 10:20-19:20","tourism":"museum","website":"https://mercury.com.mt/entertainment/museum-of-illusions/"}}},{"type":"Feature","id":"node/14122771331","geometry":{"type":"Point","coordinates":[14.4648988,35.842071]},"properties":{"osm_type":"node","osm_id":14122771331,"category":"artwork","name":"San Francesco d'Assisi","wikidata":"Q38613430","wikipedia":null,"tags":{"artwork_type":"statue","name":"San Francesco d'Assisi","tourism":"artwork","wikidata":"Q38613430"}}},{"type":"Feature","id":"node/14134613701","geometry":{"type":"Point","coordinates":[14.4256774,35.9104036]},"properties":{"osm_type":"node","osm_id":14134613701,"category":"museum","name":"Mosta Rotunda Crypt and Dome Experience","wikidata":null,"wikipedia":null,"tags":{"name:en":"Mosta Rotunda Crypt and Dome Experience","tourism":"museum"}}},{"type":"Feature","id":"node/14137487558","geometry":{"type":"Point","coordinates":[14.5215398,35.8497104]},"properties":{"osm_type":"node","osm_id":14137487558,"category":"artwork","name":null,"wikidata":"Q38615323","wikipedia":null,"tags":{"artwork_type":"sculpture","material":"stone","tourism":"artwork","wikidata":"Q38615323"}}},{"type":"Feature","id":"node/14142152103","geometry":{"type":"Point","coordinates":[14.5145183,35.9000575]},"properties":{"osm_type":"node","osm_id":14142152103,"category":"museum","name":"Mysterium Fidei Monastery","wikidata":null,"wikipedia":null,"tags":{"addr:street":"Triq Kristofru","name":"Mysterium Fidei Monastery","tourism":"museum","website":"https://mysteriumfidei.mt/"}}},{"type":"Feature","id":"way/15684588","geometry":{"type":"Point","coordinates":[14.5180132,35.8991017]},"properties":{"osm_type":"way","osm_id":15684588,"category":"historic","name":"Dar il-Mediterran għall-Konferenzi","wikidata":"Q16894983","wikipedia":"en:Mediterranean Conference Centre","tags":{"amenity":"conference_centre","building":"yes","historic":"building","name":"Dar il-Mediterran għall-Konferenzi","name:ar":"مركز مؤتمرات المتوسط","name:en":"Mediterranean Conference Centre","name:mt":"Dar il-Mediterran għall-Konferenzi","tourism":"attraction","wheelchair":"yes","wikidata":"Q16894983","wikipedia":"en:Mediterranean Conference Centre"}}},{"type":"Feature","id":"way/15801416","geometry":{"type":"Point","coordinates":[14.4028644,35.8858561]},"properties":{"osm_type":"way","osm_id":15801416,"category":"historic","name":"Mdina","wikidata":null,"wikipedia":"es:Medina (Malta)","tags":{"heritage":"2","historic":"citywalls","name":"Mdina","name:ar":"المدينة","name:es":":Ciudadela de Medina","name:it":"Cittadella di Medina","tourism":"attraction","wikipedia":"es:Medina (Malta)"}}},{"type":"Feature","id":"way/23352829","geometry":{"type":"Point","coordinates":[14.5126231,35.8976972]},"properties":{"osm_type":"way","osm_id":23352829,"category":"historic","name":"Kon-Katidral ta' San Ġwann","wikidata":"Q613619","wikipedia":"en:Saint John's Co-Cathedral","tags":{"addr:city":"Il-Belt Valletta","addr:country":"MT","addr:postcode":"VLT 10","addr:street":"Triq San Ġwann","amenity":"place_of_worship","building":"cathedral","denomination":"roman_catholic","historic":"church;graffiti","name":"Kon-Katidral ta' San Ġwann","name:ar":"كاتدرائية القديس يوحنا","name:de":"Co-Kathedrale St. Johannes","name:en":"Saint John's Co-Cathedral","name:es":"Concatedral de San Juan","name:it":"Concattedrale di San Giovanni","name:mt":"Kon-Katidral ta' San Ġwann","name:ro":"Catedrala catolică „Sf. Ioan”","name:ru":"Церковь Святого Джона","opening_hours":"Mo-Fr 09:30-16:30; Sa 09:30-12:30; Su,PH off","phone":"+356 2122 0536","religion":"christian","tourism":"attraction","website":"https://stjohnscocathedral.com/","wheelchair":"yes","wikidata":"Q613619","wikipedia":"en:Saint John's Co-Cathedral"}}},{"type":"Feature","id":"way/23589812","geometry":{"type":"Point","coordinates":[14.3462021,36.0066781]},"properties":{"osm_type":"way","osm_id":23589812,"category":"fort","name":"Batterija ta' Santa Marija","wikidata":null,"wikipedia":null,"tags":{"historic":"fort","name":"Batterija ta' Santa Marija","name:en":"Saint Mary's Gun Battery","name:mt":"Batterija ta' Santa Marija"}}},{"type":"Feature","id":"way/23589859","geometry":{"type":"Point","coordinates":[14.3297702,36.0068742]},"properties":{"osm_type":"way","osm_id":23589859,"category":"heritage","name":"Torri ta’ Santa Marija","wikidata":null,"wikipedia":null,"tags":{"building":"yes","heritage":"2","image":"https://photos.app.goo.gl/53si7LqRssw6k2QaA","name":"Torri ta’ Santa Marija","name:en":"Saint Mary Tower","name:mt":"Torri ta’ Santa Marija","operator":"Din l-Art Ħelwa"}}},{"type":"Feature","id":"way/23738672","geometry":{"type":"Point","coordinates":[14.3091337,36.0554506]},"properties":{"osm_type":"way","osm_id":23738672,"category":"castle","name":"Torri ta' Sopu","wikidata":"Q18208825","wikipedia":"en:Sopu Tower","tags":{"building":"yes","historic":"castle","name":"Torri ta' Sopu","name:en":"Sopu Tower","wikidata":"Q18208825","wikipedia":"en:Sopu Tower"}}},{"type":"Feature","id":"way/24054688","geometry":{"type":"Point","coordinates":[14.5070601,35.8954392]},"properties":{"osm_type":"way","osm_id":24054688,"category":"historic","name":"The Phoenicia","wikidata":"Q21563450","wikipedia":"en:Hotel Phoenicia","tags":{"alt_name":"The Phoencia Malta;Phoencia Hotel","building":"yes","historic":"building","name":"The Phoenicia","name:ar":"فندق فينيسيا","tourism":"hotel","website":"https://www.phoeniciamalta.com/","wikidata":"Q21563450","wikipedia":"en:Hotel Phoenicia"}}},{"type":"Feature","id":"way/24062834","geometry":{"type":"Point","coordinates":[14.400633,35.8615018]},"properties":{"osm_type":"way","osm_id":24062834,"category":"castle","name":"Il-Palazz Verdala","wikidata":"Q991665","wikipedia":"en:Verdala Palace","tags":{"building":"yes","historic":"castle","name":"Il-Palazz Verdala","name:en":"Verdala Palace","wikidata":"Q991665","wikipedia":"en:Verdala Palace"}}},{"type":"Feature","id":"way/24151805","geometry":{"type":"Point","coordinates":[14.4363006,35.8267022]},"properties":{"osm_type":"way","osm_id":24151805,"category":"archaeological_site","name":"It-Tempji tal-Imnajdra","wikidata":"Q584366","wikipedia":"en:Mnajdra","tags":{"heritage":"1","historic":"archaeological_site","image":"https://commons.wikimedia.org/wiki/File%3AMap_of_the_Mnajdra_temples.tif","name":"It-Tempji tal-Imnajdra","tourism":"attraction","wikidata":"Q584366","wikipedia":"en:Mnajdra"}}},{"type":"Feature","id":"way/24162612","geometry":{"type":"Point","coordinates":[14.4422199,35.8276332]},"properties":{"osm_type":"way","osm_id":24162612,"category":"archaeological_site","name":"It-Tempji ta' Ħaġar Qim","wikidata":"Q753383","wikipedia":"en:Megalithic Temples of Malta","tags":{"heritage":"1","historic":"archaeological_site","image":"https://commons.wikimedia.org/wiki/File%3AMap_of_the_temples_of_Hagar_Qim.tif","name":"It-Tempji ta' Ħaġar Qim","tourism":"attraction","wikidata":"Q753383","wikipedia":"en:Megalithic Temples of Malta"}}},{"type":"Feature","id":"way/24167022","geometry":{"type":"Point","coordinates":[14.2278584,36.0488973]},"properties":{"osm_type":"way","osm_id":24167022,"category":"historic","name":"Gozo Aqueduct","wikidata":"Q21087987","wikipedia":"en:Gozo Aqueduct","tags":{"historic":"aqueduct","name":"Gozo Aqueduct","wikidata":"Q21087987","wikipedia":"en:Gozo Aqueduct"}}},{"type":"Feature","id":"way/24328400","geometry":{"type":"Point","coordinates":[14.5118965,35.8691454]},"properties":{"osm_type":"way","osm_id":24328400,"category":"archaeological_site","name":"It-Tempji ta' Ħal Tarxien","wikidata":"Q1064331","wikipedia":"en:Tarxien Temples","tags":{"heritage":"1","historic":"archaeological_site","name":"It-Tempji ta' Ħal Tarxien","name:en":"Ħal Tarxien Temples","tourism":"attraction","wheelchair":"yes","wikidata":"Q1064331","wikipedia":"en:Tarxien Temples"}}},{"type":"Feature","id":"way/27044968","geometry":{"type":"Point","coordinates":[14.4041114,35.8864165]},"properties":{"osm_type":"way","osm_id":27044968,"category":"heritage","name":"Katidral ta’ San Pawl","wikidata":"Q1630170","wikipedia":"es:Catedral de San Pablo (Medina)","tags":{"alt_name":"Cattedrale di San Paolo (Medina)","amenity":"place_of_worship","building":"cathedral","denomination":"roman_catholic","heritage":"2","historic":"heritage","image":"https://photos.app.goo.gl/6gRXh3qH3WehGhJF9","name":"Katidral ta’ San Pawl","name:de":"Kathedrale St. Paul","name:en":"St. Paul's Cathedral","name:es":"Catedral de San Pablo","name:fr":"Cathédrale Saint-Pierre-et-Saint-Paul","name:it":"Cattedrale di San Paolo","name:mt":"Katidral ta’ San Pawl","religion":"christian","wheelchair":"yes","wikidata":"Q1630170","wikipedia":"es:Catedral de San Pablo (Medina)"}}},{"type":"Feature","id":"way/27577949","geometry":{"type":"Point","coordinates":[14.5127784,35.8973297]},"properties":{"osm_type":"way","osm_id":27577949,"category":"museum","name":"Cathedral Museum","wikidata":"Q111994210","wikipedia":null,"tags":{"addr:city":"Il-Belt Valletta","addr:street":"Triq il-Merkanti","building":"yes","name":"Cathedral Museum","name:ar":"متحف الكاتدرائية","name:en":"Cathedral Museum","name:mt":"Mużew tal-Katidral","name:pl":"Muzeum Katedralne","tourism":"museum","website":"https://stjohnscocathedral.com/","wikidata":"Q111994210"}}},{"type":"Feature","id":"way/29546608","geometry":{"type":"Point","coordinates":[14.2690662,36.0472394]},"properties":{"osm_type":"way","osm_id":29546608,"category":"archaeological_site","name":"It-Tempji tal-Ġgantija","wikidata":"Q216862","wikipedia":"mt:Ġgantija","tags":{"heritage":"1","historic":"archaeological_site","name":"It-Tempji tal-Ġgantija","name:en":"Ġgantija Temples","tourism":"attraction","website":"https://heritagemalta.mt/explore/ggantija-archaeological-park/","wheelchair":"yes","wikidata":"Q216862","wikipedia":"mt:Ġgantija"}}},{"type":"Feature","id":"way/29565140","geometry":{"type":"Point","coordinates":[14.2396485,36.0463278]},"properties":{"osm_type":"way","osm_id":29565140,"category":"historic","name":"Citadel","wikidata":"Q867647","wikipedia":null,"tags":{"heritage":"2","historic":"citywalls","name:ar":"القلعة","name:en":"Citadel","name:mt":"Ċittadella","tourism":"attraction","wikidata":"Q867647"}}},{"type":"Feature","id":"way/29565149","geometry":{"type":"Point","coordinates":[14.2397948,36.0462158]},"properties":{"osm_type":"way","osm_id":29565149,"category":"heritage","name":"Saint Mary's Cathedral","wikidata":"Q1736126","wikipedia":"en:Cathedral of the Assumption, Gozo","tags":{"amenity":"place_of_worship","building":"cathedral","denomination":"roman_catholic","heritage":"2","historic":"heritage","name":"Saint Mary's Cathedral","name:ar":"كاتدرائية القديسة مريم","name:cs":"katedrála Nanebevzetí P. Marie","name:en":"Cathedral of the Assumption","name:mt":"Knisja Katidrali tal-Assunta","religion":"christian","wheelchair":"limited","wikidata":"Q1736126","wikipedia":"en:Cathedral of the Assumption, Gozo"}}},{"type":"Feature","id":"way/30382084","geometry":{"type":"Point","coordinates":[14.5102985,35.8958086]},"properties":{"osm_type":"way","osm_id":30382084,"category":"museum","name":"Saint James Cavalier","wikidata":"Q7401400","wikipedia":null,"tags":{"addr:city":"Il-Belt Valletta","addr:country":"MT","addr:postcode":"VLT 1060","addr:street":"Pjazza Kastilja","building":"yes","name":"Saint James Cavalier","name:ar":"فارس القديس جيمس","name:en":"Saint James Cavalier","opening_hours":"Tu-Su 09:00-21:00","phone":"+356 2122 3200","start_date":"C16","tourism":"museum","website":"https://stjamescavalier.com/","wheelchair":"no","wikidata":"Q7401400"}}},{"type":"Feature","id":"way/31233115","geometry":{"type":"Point","coordinates":[14.511157,35.8975132]},"properties":{"osm_type":"way","osm_id":31233115,"category":"museum","name":"National Museum of Archaeology","wikidata":"Q2898298","wikipedia":"en:National Museum of Archaeology, Malta","tags":{"building":"public","name":"National Museum of Archaeology","name:pl":"Narodowe Muzeum Archeologiczne","tourism":"museum","website":"https://www.heritagemalta.org/","wikidata":"Q2898298","wikipedia":"en:National Museum of Archaeology, Malta"}}},{"type":"Feature","id":"way/31233248","geometry":{"type":"Point","coordinates":[14.5120125,35.9006961]},"properties":{"osm_type":"way","osm_id":31233248,"category":"heritage","name":"Il-Katidral Anglikan ta' San Pawl","wikidata":"Q1280848","wikipedia":"en:St Paul's Pro-Cathedral, Valletta","tags":{"amenity":"place_of_worship","building":"cathedral","denomination":"anglican","heritage":"2","historic":"heritage","name":"Il-Katidral Anglikan ta' San Pawl","name:ar":"كاتدرائية القديس بولس الأنجليكانية","name:en":"Saint Paul's Anglican Cathedral","name:es":"Catedral Anglicana de San Pablo","name:mt":"Katidral Anglikan ta' San Pawl","religion":"christian","wikidata":"Q1280848","wikipedia":"en:St Paul's Pro-Cathedral, Valletta"}}},{"type":"Feature","id":"way/32594868","geometry":{"type":"Point","coordinates":[14.50416,35.9119833]},"properties":{"osm_type":"way","osm_id":32594868,"category":"heritage","name":"Verġni Marija Kewkba Tal-Baħar","wikidata":"Q7607088","wikipedia":"en:Stella Maris Church, Sliema","tags":{"amenity":"place_of_worship","building":"church","denomination":"roman_catholic","heritage":"2","historic":"heritage","name":"Verġni Marija Kewkba Tal-Baħar","name:en":"Stella Maris","name:mt":"Verġni Marija Kewkba Tal-Baħar","religion":"christian","wikidata":"Q7607088","wikipedia":"en:Stella Maris Church, Sliema"}}},{"type":"Feature","id":"way/33458937","geometry":{"type":"Point","coordinates":[14.5125744,35.8997654]},"properties":{"osm_type":"way","osm_id":33458937,"category":"theatre","name":"Teatru Manoel","wikidata":"Q576800","wikipedia":"en:Manoel Theatre","tags":{"addr:city":"Il-Belt Valletta","addr:country":"MT","addr:housenumber":"115","addr:postcode":"VLT 1426","addr:street":"Old Theatre Street","amenity":"theatre","building":"yes","name":"Teatru Manoel","name:ar":"مسرح مانويل","name:en":"Manoel Theatre","name:mt":"Teatru Manoel","phone":"+356 2124 6389","website":"https://www.teatrumanoel.com.mt/","wikidata":"Q576800","wikipedia":"en:Manoel Theatre"}}},{"type":"Feature","id":"way/33504690","geometry":{"type":"Point","coordinates":[14.510669,35.8960067]},"properties":{"osm_type":"way","osm_id":33504690,"category":"heritage","name":"Knisja tal-Vittorja","wikidata":"Q1280925","wikipedia":"en:Church of Our Lady of Victory (Valletta)","tags":{"amenity":"place_of_worship","building":"church","denomination":"roman_catholic","heritage":"2","historic":"heritage","name":"Knisja tal-Vittorja","name:de":"Unsere Liebe Frau des Sieges","name:en":"Our Lady of Victory Church","name:es":"Nuestra Señora de la Victoria","name:it":"Nostra Signora della Vittoria","name:mt":"Knisja tal-Vittorja","religion":"christian","wheelchair":"no","wikidata":"Q1280925","wikipedia":"en:Church of Our Lady of Victory (Valletta)"}}},{"type":"Feature","id":"way/33506206","geometry":{"type":"Point","coordinates":[14.5113933,35.8964816]},"properties":{"osm_type":"way","osm_id":33506206,"category":"heritage","name":"Auberge d'Italie","wikidata":"Q16863312","wikipedia":"en:Auberge d'Italie","tags":{"amenity":"public_building","building":"yes","heritage":"2","historic":"heritage","name":"Auberge d'Italie","name:it":"Albergo d'Italia","name:mt":"Berga tal-Italja","name:pl":"Zajazd włoski","start_date":"1574","tourism":"attraction","wikidata":"Q16863312","wikipedia":"en:Auberge d'Italie"}}},{"type":"Feature","id":"way/33506481","geometry":{"type":"Point","coordinates":[14.5141795,35.9015312]},"properties":{"osm_type":"way","osm_id":33506481,"category":"heritage","name":"Il-Berġa ta' Bavjera","wikidata":"Q16863316","wikipedia":"en:Auberge de Bavière","tags":{"amenity":"public_building","building":"yes","heritage":"2","historic":"heritage","name":"Il-Berġa ta' Bavjera","name:ar":"نزل بافاري","name:en":"Auberge of Bavière","name:es":"Albergue de Baviera","name:fr":"Auberge de Bavière","name:mt":"Il-Berġa ta' Bavjera","start_date":"1696","tourism":"attraction","wikidata":"Q16863316","wikipedia":"en:Auberge de Bavière"}}},{"type":"Feature","id":"way/33506558","geometry":{"type":"Point","coordinates":[14.5153262,35.8998274]},"properties":{"osm_type":"way","osm_id":33506558,"category":"museum","name":"Casa Rocca Piccola","wikidata":"Q2044132","wikipedia":"en:Casa Rocca Piccola","tags":{"addr:city":"Il-Belt Valletta","addr:country":"MT","addr:housenumber":"74","addr:postcode":"VLT 1117","addr:street":"Triq ir-Repubblika","building":"yes","name":"Casa Rocca Piccola","name:ar":"كازا روكا بيكولا","name:pl":"Pałac Rocca Piccola","opening_hours":"Mo-Sa 10:00-16:00","phone":"+356 2122 1499","tourism":"museum","website":"https://www.casaroccapiccola.com/","wikidata":"Q2044132","wikipedia":"en:Casa Rocca Piccola"}}},{"type":"Feature","id":"way/33684627","geometry":{"type":"Point","coordinates":[14.4442304,35.9149586]},"properties":{"osm_type":"way","osm_id":33684627,"category":"castle","name":"Palazzo Parisio & Gardens","wikidata":"Q20949684","wikipedia":"en:Palazzo Parisio (Naxxar)","tags":{"addr:city":"In-Naxxar","addr:country":"MT","addr:housenumber":"29","addr:postcode":"NXR 1700","addr:street":"Victory Square","building":"yes","historic":"castle","name":"Palazzo Parisio & Gardens","opening_hours":"Mo-Su 09:00-18:00","phone":"+356 2141 2461","start_date":"1900","website":"https://www.palazzoparisio.com/","wikidata":"Q20949684","wikipedia":"en:Palazzo Parisio (Naxxar)"}}},{"type":"Feature","id":"way/33703556","geometry":{"type":"Point","coordinates":[14.4028541,35.886702]},"properties":{"osm_type":"way","osm_id":33703556,"category":"heritage","name":"Knisja tal-Lunzjata","wikidata":"Q29586828","wikipedia":"en:Annunciation Church, Mdina","tags":{"amenity":"place_of_worship","building":"church","denomination":"roman_catholic","heritage":"2","historic":"heritage","name":"Knisja tal-Lunzjata","name:es":"Iglesia de la Anunciación","name:it":"Chiesa dell'Annunciazione","religion":"christian","wikidata":"Q29586828","wikipedia":"en:Annunciation Church, Mdina"}}},{"type":"Feature","id":"way/33703560","geometry":{"type":"Point","coordinates":[14.4031739,35.8870302]},"properties":{"osm_type":"way","osm_id":33703560,"category":"museum","name":"Palazzo Falson","wikidata":"Q22116621","wikipedia":"en:Palazzo Falson","tags":{"addr:city":"L-Imdina","addr:country":"MT","addr:postcode":"MDN 1191","addr:street":"Villegaignon Street","building":"yes","name":"Palazzo Falson","name:pl":"Pałac Falson","opening_hours":"Tu-Su 10:00-17:00","phone":"+356 2145 4512","tourism":"museum","website":"https://www.palazzofalson.com/","wikidata":"Q22116621","wikipedia":"en:Palazzo Falson"}}},{"type":"Feature","id":"way/33704271","geometry":{"type":"Point","coordinates":[14.3998962,35.8853591]},"properties":{"osm_type":"way","osm_id":33704271,"category":"archaeological_site","name":"Roman Villa","wikidata":null,"wikipedia":null,"tags":{"historic":"archaeological_site","name":"Roman Villa","operator":"Domus Romana"}}},{"type":"Feature","id":"way/33704272","geometry":{"type":"Point","coordinates":[14.4003246,35.8851521]},"properties":{"osm_type":"way","osm_id":33704272,"category":"museum","name":"Domus Romana","wikidata":"Q5291392","wikipedia":"en:Domvs Romana","tags":{"addr:postcode":"RBT 1202","addr:street":"Museum Esplanade","historic":"archaeological_site","name":"Domus Romana","name:etymology:wikidata":"Q5291392","opening_hours":"Mo-Su 09:00-17:00","phone":"+356 2145 4125","tourism":"museum","wikidata":"Q5291392","wikipedia":"en:Domvs Romana"}}},{"type":"Feature","id":"way/33808113","geometry":{"type":"Point","coordinates":[14.5123033,35.9002014]},"properties":{"osm_type":"way","osm_id":33808113,"category":"heritage","name":"Santwarju Bazilika tal-Madonna tal-Karmnu","wikidata":"Q1734062","wikipedia":"en:Basilica of Our Lady of Mount Carmel, Valletta","tags":{"amenity":"place_of_worship","building":"basilica","denomination":"roman_catholic","heritage":"2","historic":"heritage","image":"https://photos.app.goo.gl/7CRwtDKNebH9DwT97","name":"Santwarju Bazilika tal-Madonna tal-Karmnu","name:ar":"بازيليكا سيدة الكرمل","name:en":"Basilica of Our Lady of Carmel","name:es":"Nuestra Señora del Monte Carmelo","name:mt":"Knisja tal-Madonna tal-Karmnu","religion":"christian","wheelchair":"no","wikidata":"Q1734062","wikipedia":"en:Basilica of Our Lady of Mount Carmel, Valletta"}}},{"type":"Feature","id":"way/33808114","geometry":{"type":"Point","coordinates":[14.5108308,35.8987013]},"properties":{"osm_type":"way","osm_id":33808114,"category":"heritage","name":"Il-Knisja ta' Santu Wistin","wikidata":"Q7592553","wikipedia":"en:St Augustine Church, Valletta","tags":{"amenity":"place_of_worship","building":"church","denomination":"roman_catholic","heritage":"2","historic":"heritage","name":"Il-Knisja ta' Santu Wistin","name:ar":"كنيسة القديس أوغسطين","name:en":"Church of Saint Augustine","name:it":"Chiesa di Sant-Augustina","name:mt":"Il-Knisja ta' Santu Wistin","religion":"christian","wikidata":"Q7592553","wikipedia":"en:St Augustine Church, Valletta"}}},{"type":"Feature","id":"way/33808115","geometry":{"type":"Point","coordinates":[14.5107242,35.897396]},"properties":{"osm_type":"way","osm_id":33808115,"category":"heritage","name":"Il-Knisja ta' San Franġisk t'Assisi","wikidata":"Q7593098","wikipedia":"en:St Francis of Assisi Church, Valletta","tags":{"amenity":"place_of_worship","building":"church","denomination":"roman_catholic","heritage":"2","historic":"heritage","name":"Il-Knisja ta' San Franġisk t'Assisi","name:ar":"كنيسة القديس فرنسيس الأسيزي","name:en":"Church of Saint Francis","name:es":"San Francisco de Asís","name:mt":"Knisja ta' San Franġisk","name:pt":"Igreja de São Francisco de Assis","religion":"christian","wikidata":"Q7593098","wikipedia":"en:St Francis of Assisi Church, Valletta"}}},{"type":"Feature","id":"way/39000485","geometry":{"type":"Point","coordinates":[14.5047314,35.8923554]},"properties":{"osm_type":"way","osm_id":39000485,"category":"heritage","name":"Il-Knisja ta' San Publiju","wikidata":"Q15958464","wikipedia":"en:St. Publius Parish Church","tags":{"addr:street":"Pjazza San Publju","amenity":"place_of_worship","building":"church","denomination":"roman_catholic","heritage":"2","historic":"heritage","name":"Il-Knisja ta' San Publiju","name:ar":"كنيسة القديس بوبليوس الرعوية","name:en":"Saint Publius Parish Church","name:es":"Iglesia de San Publio","name:mt":"Il-Knisja ta' San Publiju","religion":"christian","wikidata":"Q15958464","wikipedia":"en:St. Publius Parish Church"}}},{"type":"Feature","id":"way/46780543","geometry":{"type":"Point","coordinates":[14.5323339,35.8083681]},"properties":{"osm_type":"way","osm_id":46780543,"category":"fort","name":"Fortizza ta' Bengħisa","wikidata":"Q3748520","wikipedia":"en:Fort Benghisa","tags":{"alt_name":"Fortizza ta' Bengħajsa","historic":"fort","name":"Fortizza ta' Bengħisa","name:en":"Fort Bengħisa","name:mt":"Fortizza ta' Bengħisa","wikidata":"Q3748520","wikipedia":"en:Fort Benghisa"}}},{"type":"Feature","id":"way/46932089","geometry":{"type":"Point","coordinates":[14.2512748,36.0797713]},"properties":{"osm_type":"way","osm_id":46932089,"category":"fort","name":"Batterija tal-Qolla l-Bajda","wikidata":null,"wikipedia":null,"tags":{"building":"yes","historic":"fort","name":"Batterija tal-Qolla l-Bajda"}}},{"type":"Feature","id":"way/47090217","geometry":{"type":"Point","coordinates":[14.5268536,35.8267501]},"properties":{"osm_type":"way","osm_id":47090217,"category":"heritage","name":"Knisja Parrokjali San Pietru tal-Ktajjen","wikidata":"Q15958455","wikipedia":null,"tags":{"amenity":"place_of_worship","building":"church","denomination":"roman_catholic","heritage":"2","historic":"heritage","name":"Knisja Parrokjali San Pietru tal-Ktajjen","name:en":"Parish Church of St Peter in Chains","religion":"christian","wikidata":"Q15958455"}}},{"type":"Feature","id":"way/47997707","geometry":{"type":"Point","coordinates":[14.4758465,35.8251297]},"properties":{"osm_type":"way","osm_id":47997707,"category":"historic","name":"Torri ta' Bubaqra","wikidata":"Q23199633","wikipedia":"en:Bubaqra Tower","tags":{"building":"yes","historic":"building","name":"Torri ta' Bubaqra","wikidata":"Q23199633","wikipedia":"en:Bubaqra Tower"}}},{"type":"Feature","id":"way/48179710","geometry":{"type":"Point","coordinates":[14.5015171,35.8878277]},"properties":{"osm_type":"way","osm_id":48179710,"category":"historic","name":"Crownwork","wikidata":null,"wikipedia":null,"tags":{"historic":"citywalls","name":"Crownwork"}}},{"type":"Feature","id":"way/54637251","geometry":{"type":"Point","coordinates":[14.5292336,35.8319671]},"properties":{"osm_type":"way","osm_id":54637251,"category":"archaeological_site","name":"Borġ in-Nadur","wikidata":"Q2004454","wikipedia":"en:Borġ in-Nadur","tags":{"historic":"archaeological_site","name":"Borġ in-Nadur","operator":"Heritage Malta","wikidata":"Q2004454","wikipedia":"en:Borġ in-Nadur"}}},{"type":"Feature","id":"way/54896162","geometry":{"type":"Point","coordinates":[14.5182065,35.8918203]},"properties":{"osm_type":"way","osm_id":54896162,"category":"museum","name":"Forti Sant'Anġlu","wikidata":"Q2207146","wikipedia":"en:Fort St. Angelo","tags":{"historic":"castle","name":"Forti Sant'Anġlu","name:ar":"حصن سانت أنجلو","name:en":"Fort Saint Angelo","name:it":"Forte Sant' Angelo","name:mt":"Forti Sant'Anġlu","name:pl":"Fort św. Anioła","name:ru":"Форт Сант-Анджело","operator":"Heritage Malta","tourism":"museum","website":"https://heritagemalta.mt/explore/fort-st-angelo/","wikidata":"Q2207146","wikipedia":"en:Fort St. Angelo"}}},{"type":"Feature","id":"way/55064408","geometry":{"type":"Point","coordinates":[14.513408,35.8963793]},"properties":{"osm_type":"way","osm_id":55064408,"category":"heritage","name":"Knisja tal-Madonna ta' Ġieżu","wikidata":null,"wikipedia":null,"tags":{"addr:city":"Il-Belt Valletta","addr:country":"MT","addr:street":"St. Ursula Street","amenity":"place_of_worship","building":"church","denomination":"roman_catholic","heritage":"2","historic":"heritage","name":"Knisja tal-Madonna ta' Ġieżu","name:en":"Church of the Madonna of Jesus","name:es":"Iglesia de la Madre de Jesús","name:mt":"Knisja tal-Madonna ta' Ġieżu","name:ro":"Biserica catolică „Fecioara Maria” Valletta","religion":"christian"}}},{"type":"Feature","id":"way/58695147","geometry":{"type":"Point","coordinates":[14.509278,35.8794381]},"properties":{"osm_type":"way","osm_id":58695147,"category":"historic","name":"Sergeant's Mess","wikidata":null,"wikipedia":null,"tags":{"amenity":"restaurant","building":"prison","historic":"yes","name":"Sergeant's Mess"}}},{"type":"Feature","id":"way/59342418","geometry":{"type":"Point","coordinates":[14.4618109,35.9309335]},"properties":{"osm_type":"way","osm_id":59342418,"category":"fort","name":"Il-Fortizza tal-Madliena","wikidata":"Q19348148","wikipedia":null,"tags":{"alt_name":"Fort Madliena;Saint John Rescue Corps","historic":"fort","name":"Il-Fortizza tal-Madliena","name:en":"Fort Madalena","name:mt":"Il-Fortizza tal-Madliena","wikidata":"Q19348148"}}},{"type":"Feature","id":"way/91447984","geometry":{"type":"Point","coordinates":[14.342853,35.9746775]},"properties":{"osm_type":"way","osm_id":91447984,"category":"heritage","name":"Torri ta’ Sant' Agata (Torri l-Aħmar)","wikidata":null,"wikipedia":null,"tags":{"building":"yes","heritage":"2","image":"https://photos.app.goo.gl/2dUA8L3s4oCQzmcu6","name":"Torri ta’ Sant' Agata (Torri l-Aħmar)","name:en":"Red Tower","name:mt":"Torri ta’ Sant' Agata (Torri l-Aħmar)","start_date":"20/11/1648","tourism":"attraction","website":"https://dinlarthelwa.org/"}}},{"type":"Feature","id":"way/104694057","geometry":{"type":"Point","coordinates":[14.33077,36.0081809]},"properties":{"osm_type":"way","osm_id":104694057,"category":"historic","name":"Former British Military Isolation Hospital","wikidata":null,"wikipedia":null,"tags":{"building":"yes","historic":"hospital","name":"Former British Military Isolation Hospital"}}},{"type":"Feature","id":"way/112265632","geometry":{"type":"Point","coordinates":[14.4567504,35.8931471]},"properties":{"osm_type":"way","osm_id":112265632,"category":"historic","name":"L-Akwedott ta’ Wignacourt","wikidata":"Q15527073","wikipedia":"mt:L-Akwedott ta' Wignacourt (Malta)","tags":{"historic":"aqueduct","name":"L-Akwedott ta’ Wignacourt","name:en":"Wignacourt Aqueduct","tourism":"attraction","wikidata":"Q15527073","wikipedia":"mt:L-Akwedott ta' Wignacourt (Malta)"}}},{"type":"Feature","id":"way/112265657","geometry":{"type":"Point","coordinates":[14.4435474,35.8271978]},"properties":{"osm_type":"way","osm_id":112265657,"category":"museum","name":"Ħaġar Qim","wikidata":null,"wikipedia":null,"tags":{"building":"yes","name":"Ħaġar Qim","opening_hours":"Apr-Sep: 09:00-18:00; Oct-Mar:09:00-17:00","operator":"Heritage Malta","tourism":"museum"}}},{"type":"Feature","id":"way/129290479","geometry":{"type":"Point","coordinates":[14.5445972,35.8416092]},"properties":{"osm_type":"way","osm_id":129290479,"category":"heritage","name":"Madonna ta' Pompei","wikidata":"Q19272928","wikipedia":"en:Parish Church of Our Lady of Pompei, Marsaxlokk","tags":{"amenity":"place_of_worship","building":"church","denomination":"roman_catholic","heritage":"2","historic":"heritage","name":"Madonna ta' Pompei","name:en":"Parish Church of the Madonna of Pompei","name:mt":"Knisja Parrokkjali Madonna ta’ Pompei","religion":"christian","wheelchair":"no","wikidata":"Q19272928","wikipedia":"en:Parish Church of Our Lady of Pompei, Marsaxlokk"}}},{"type":"Feature","id":"way/133605358","geometry":{"type":"Point","coordinates":[14.4730608,35.9365431]},"properties":{"osm_type":"way","osm_id":133605358,"category":"castle","name":"Torri tal-Madliena","wikidata":"Q1331011","wikipedia":"en:Madliena Tower","tags":{"building":"yes","heritage":"2","historic":"castle","name":"Torri tal-Madliena","name:mt":"Torri tal-Madliena","start_date":"1658","wikidata":"Q1331011","wikipedia":"en:Madliena Tower"}}},{"type":"Feature","id":"way/136089297","geometry":{"type":"Point","coordinates":[14.4961597,35.8196449]},"properties":{"osm_type":"way","osm_id":136089297,"category":"archaeological_site","name":"Tal-Baqqari","wikidata":null,"wikipedia":null,"tags":{"historic":"archaeological_site","name":"Tal-Baqqari"}}},{"type":"Feature","id":"way/136701522","geometry":{"type":"Point","coordinates":[14.5432912,35.8304513]},"properties":{"osm_type":"way","osm_id":136701522,"category":"castle","name":"Fort San Luċjan","wikidata":null,"wikipedia":null,"tags":{"historic":"castle","name":"Fort San Luċjan","name:ar":"حصن سانت لوسيان","name:en":"Saint Lucian's Fortress"}}},{"type":"Feature","id":"way/136709420","geometry":{"type":"Point","coordinates":[14.5725341,35.8611954]},"properties":{"osm_type":"way","osm_id":136709420,"category":"fort","name":"Torri ta' San Tumas","wikidata":"Q1344474","wikipedia":null,"tags":{"building":"yes","historic":"fort","name":"Torri ta' San Tumas","opening_hours":"Mo-Su 10:00-16:30","start_date":"1614","website":"https://www.wirtartna.org/st-thomas-tower","wikidata":"Q1344474"}}},{"type":"Feature","id":"way/138151425","geometry":{"type":"Point","coordinates":[14.4262451,35.9042735]},"properties":{"osm_type":"way","osm_id":138151425,"category":"historic","name":"Il-Mitħna l-Qadima","wikidata":"Q23671244","wikipedia":null,"tags":{"building":"yes","historic":"windmill","name":"Il-Mitħna l-Qadima","name:en":"The Old Windmill","wikidata":"Q23671244"}}},{"type":"Feature","id":"way/138258011","geometry":{"type":"Point","coordinates":[14.4857873,35.8423159]},"properties":{"osm_type":"way","osm_id":138258011,"category":"heritage","name":"Kirkop Parish Church","wikidata":"Q15958498","wikipedia":"en:St Leonard's Church, Kirkop","tags":{"amenity":"place_of_worship","building":"church","denomination":"roman_catholic","heritage":"2","historic":"heritage","name":"Kirkop Parish Church","name:en":"Parish Church of Saint Leonard","name:mt":"Knisja Parrokkjali ta’ San Leonardu","religion":"christian","wikidata":"Q15958498","wikipedia":"en:St Leonard's Church, Kirkop"}}},{"type":"Feature","id":"way/138344533","geometry":{"type":"Point","coordinates":[14.502113,35.8904527]},"properties":{"osm_type":"way","osm_id":138344533,"category":"city_gate","name":"Il-Bieb tal-Bombi","wikidata":null,"wikipedia":"en:Portes des Bombes","tags":{"alt_name":"Porte des Bombes","building":"yes","historic":"city_gate","name":"Il-Bieb tal-Bombi","wikipedia":"en:Portes des Bombes"}}},{"type":"Feature","id":"way/138447196","geometry":{"type":"Point","coordinates":[14.5208821,35.8729506]},"properties":{"osm_type":"way","osm_id":138447196,"category":"heritage","name":"Knisja tal-Karmnu","wikidata":"Q2052423","wikipedia":"en:Our Lady of Mount Carmel Parish Church, Fgura","tags":{"amenity":"place_of_worship","building":"yes","denomination":"roman_catholic","heritage":"2","name":"Knisja tal-Karmnu","name:en":"Parish Church of Our Lady of Mount Carmel","name:mt":"Knisja tal-Karmnu","religion":"christian","website":"https://www.fguraparish.org/","wheelchair":"yes","wikidata":"Q2052423","wikipedia":"en:Our Lady of Mount Carmel Parish Church, Fgura"}}},{"type":"Feature","id":"way/138462118","geometry":{"type":"Point","coordinates":[14.4683468,35.8822342]},"properties":{"osm_type":"way","osm_id":138462118,"category":"heritage","name":"Knisja Arċipretali ta' San Ġorġ","wikidata":null,"wikipedia":null,"tags":{"amenity":"place_of_worship","building":"church","denomination":"roman_catholic","heritage":"2","historic":"heritage","name":"Knisja Arċipretali ta' San Ġorġ","name:mt":"Knisja Arcipretali ta' San Gorg","religion":"christian","start_date":"1684"}}},{"type":"Feature","id":"way/138754747","geometry":{"type":"Point","coordinates":[14.5288484,35.837303]},"properties":{"osm_type":"way","osm_id":138754747,"category":"historic","name":"Villa Overhills","wikidata":null,"wikipedia":null,"tags":{"amenity":"events_venue","building":"yes","historic":"building","name":"Villa Overhills"}}},{"type":"Feature","id":"way/138960324","geometry":{"type":"Point","coordinates":[14.4835877,35.8338197]},"properties":{"osm_type":"way","osm_id":138960324,"category":"heritage","name":"Knisja Parrokkjali ta’ San Pawl","wikidata":null,"wikipedia":null,"tags":{"amenity":"place_of_worship","building":"church","denomination":"roman_catholic","heritage":"2","historic":"heritage","name":"Knisja Parrokkjali ta’ San Pawl","religion":"christian"}}},{"type":"Feature","id":"way/139125348","geometry":{"type":"Point","coordinates":[14.5312769,35.8718127]},"properties":{"osm_type":"way","osm_id":139125348,"category":"historic","name":"Dar San Ġużepp","wikidata":null,"wikipedia":null,"tags":{"building":"yes","denomination":"roman_catholic","historic":"building","name":"Dar San Ġużepp","religion":"christian","start_date":"1937"}}},{"type":"Feature","id":"way/139435709","geometry":{"type":"Point","coordinates":[14.5166221,35.896841]},"properties":{"osm_type":"way","osm_id":139435709,"category":"historic","name":"Il-Pixkerija (Old Fish Market)","wikidata":null,"wikipedia":null,"tags":{"building":"yes","historic":"market","name":"Il-Pixkerija (Old Fish Market)","name:de":"Pixkerija (Alte Fischhalle)","name:en":"Il-Pixkerija (Old Fish Market)","name:mt":"Il-Pixkerija","name:pl":"Il-Pixkerija (Stary targ rybacki)"}}},{"type":"Feature","id":"way/139435728","geometry":{"type":"Point","coordinates":[14.5129178,35.9012159]},"properties":{"osm_type":"way","osm_id":139435728,"category":"heritage","name":"Knisja tal-Madonna tal-Pilar","wikidata":"Q10300481","wikipedia":"en:Church of Our Lady of Pilar, Valletta","tags":{"amenity":"place_of_worship","building":"church","denomination":"roman_catholic","heritage":"2","historic":"heritage","name":"Knisja tal-Madonna tal-Pilar","name:ar":"كنيسة سيدة بيلار","name:en":"Church of Our Lady of Pilar","name:es":"Iglesia de Nuestra Señora del Pilar","name:mt":"Knisja tal-Madonna tal-Pilar","name:pt":"Igreja de Nossa Senhora de Pilar","religion":"christian","wheelchair":"no","wikidata":"Q10300481","wikipedia":"en:Church of Our Lady of Pilar, Valletta"}}},{"type":"Feature","id":"way/139435732","geometry":{"type":"Point","coordinates":[14.5169195,35.8995257]},"properties":{"osm_type":"way","osm_id":139435732,"category":"heritage","name":"Knisja ta' San Nikola","wikidata":"Q10300809","wikipedia":"en:Church of St Nicholas, Valletta","tags":{"amenity":"place_of_worship","building":"church","denomination":"greek_catholic","heritage":"2","historic":"heritage","name":"Knisja ta' San Nikola","name:en":"Church of Saint Nicholas","name:es":"Iglesia de San Nicolás","name:mt":"Knisja ta' San Nikola","religion":"christian","wikidata":"Q10300809","wikipedia":"en:Church of St Nicholas, Valletta"}}},{"type":"Feature","id":"way/139455344","geometry":{"type":"Point","coordinates":[14.5058164,35.872117]},"properties":{"osm_type":"way","osm_id":139455344,"category":"heritage","name":"Knisja ta' Santa Ubaldeska","wikidata":null,"wikipedia":null,"tags":{"amenity":"place_of_worship","building":"church","denomination":"roman_catholic","heritage":"no","name":"Knisja ta' Santa Ubaldeska","name:en":"Church of Saint Ubaldeska","name:mt":"Knisja ta' Santa Ubaldeska","religion":"christian","start_date":"1629"}}},{"type":"Feature","id":"way/139515306","geometry":{"type":"Point","coordinates":[14.5160131,35.8980735]},"properties":{"osm_type":"way","osm_id":139515306,"category":"heritage","name":"Knisja ta' Santu Rokku","wikidata":"Q30623300","wikipedia":"en:St Roque's Church, Valletta","tags":{"addr:city":"Il-Belt Valletta","addr:country":"MT","addr:street":"Triq Sant' Orsola","amenity":"place_of_worship","building":"church","denomination":"roman_catholic","heritage":"2","historic":"heritage","name":"Knisja ta' Santu Rokku","name:en":"Church of St. Roque","name:es":"Iglesia de San Roque","name:mt":"Knisja ta' Santu Rokku","religion":"christian","wheelchair":"no","wikidata":"Q30623300","wikipedia":"en:St Roque's Church, Valletta"}}},{"type":"Feature","id":"way/139515342","geometry":{"type":"Point","coordinates":[14.5132854,35.8950895]},"properties":{"osm_type":"way","osm_id":139515342,"category":"heritage","name":"Knisja tal-Madonna ta' Liesse","wikidata":"Q10300480","wikipedia":"en:Church of Our Lady of Liesse","tags":{"amenity":"place_of_worship","building":"yes","denomination":"roman_catholic","heritage":"2","historic":"heritage","name":"Knisja tal-Madonna ta' Liesse","name:ar":"كنيسة مادونا ليس","name:en":"Church of the Madonna of Liesse","name:es":"Iglesia de la Virgen de Liesse","name:mt":"Knisja tal-Madonna ta' Liesse","name:pt":"Igreja de Nossa Senhora de Liesse","religion":"christian","wikidata":"Q10300480","wikipedia":"en:Church of Our Lady of Liesse"}}},{"type":"Feature","id":"way/139718836","geometry":{"type":"Point","coordinates":[14.5318914,35.8536798]},"properties":{"osm_type":"way","osm_id":139718836,"category":"historic","name":"Knisja tal-Madonna tal-Bon Kunsill","wikidata":null,"wikipedia":null,"tags":{"amenity":"place_of_worship","denomination":"roman_catholic","historic":"building","name":"Knisja tal-Madonna tal-Bon Kunsill","religion":"christian","start_date":"1750"}}},{"type":"Feature","id":"way/140175035","geometry":{"type":"Point","coordinates":[14.3995318,35.8869722]},"properties":{"osm_type":"way","osm_id":140175035,"category":"historic","name":"Museum Station","wikidata":null,"wikipedia":null,"tags":{"building":"yes","historic":"railway_station","name":"Museum Station","start_date":"1900-02-28"}}},{"type":"Feature","id":"way/140329542","geometry":{"type":"Point","coordinates":[14.4639976,35.8953549]},"properties":{"osm_type":"way","osm_id":140329542,"category":"museum","name":"L-Istazzjon Antik ta' Birkirkara","wikidata":null,"wikipedia":null,"tags":{"building":"yes","historic":"train_station","name":"L-Istazzjon Antik ta' Birkirkara","name:en":"Birkirkara Old Train Station","name:mt":"L-Istazzjon Antik ta' Birkirkara","opening_hours":"Tu 09:30-15:30; We 16:00-19:30; Th-Mo off","tourism":"museum"}}},{"type":"Feature","id":"way/140917137","geometry":{"type":"Point","coordinates":[14.3352008,36.0327168]},"properties":{"osm_type":"way","osm_id":140917137,"category":"fort","name":"Il-Batterija ta' Sant'Antnin","wikidata":null,"wikipedia":"en:Qala, Malta#St.Anthony.27s Battery","tags":{"alt_name":"Ras il-Qala","historic":"fort","name":"Il-Batterija ta' Sant'Antnin","name:en":"Saint Anthony's Battery","wikipedia":"en:Qala, Malta#St.Anthony.27s Battery"}}},{"type":"Feature","id":"way/141054678","geometry":{"type":"Point","coordinates":[14.5116983,35.8966681]},"properties":{"osm_type":"way","osm_id":141054678,"category":"heritage","name":"Il-Knisja ta' San Ġakbu","wikidata":"Q10300671","wikipedia":"en:Church of St James, Valletta","tags":{"amenity":"place_of_worship","building":"church","denomination":"roman_catholic","heritage":"2","historic":"heritage","name":"Il-Knisja ta' San Ġakbu","name:en":"Church of Saint James","name:es":"Iglesia de Santiago","name:mt":"Il-Knisja ta' San Ġakbu","name:pt":"Igreja de Santiago","religion":"christian","wikidata":"Q10300671","wikipedia":"en:Church of St James, Valletta"}}},{"type":"Feature","id":"way/141054695","geometry":{"type":"Point","coordinates":[14.5160909,35.8995329]},"properties":{"osm_type":"way","osm_id":141054695,"category":"heritage","name":"Knisja tal-Madonna ta' Portu Salvo u ta' San Duminku","wikidata":"Q10300647","wikipedia":"en:Basilica of St Dominic, Valletta","tags":{"amenity":"place_of_worship","building":"church","denomination":"roman_catholic","heritage":"2","historic":"heritage","name":"Knisja tal-Madonna ta' Portu Salvo u ta' San Duminku","name:ar":"كنيسة سيدة الملاذات الآمنة والقديس دومينيك","name:en":"Church of the Madonna of Fair Havens and Saint Dominic","name:es":"Basílica de Nuestra Señora de Puerto Salvo y de Santo Domingo","name:fr":"Basilique Notre-Dame-des-Ports-Salvateurs-et-Saint-Dominique de La Valette","name:it":"Basilica di Nostra Signora di Porto Salvo e di San Domenico","name:mt":"Knisja tal-Madonna ta' Portu Salvo u ta' San Duminku","religion":"christian","wikidata":"Q10300647","wikipedia":"en:Basilica of St Dominic, Valletta"}}},{"type":"Feature","id":"way/141103955","geometry":{"type":"Point","coordinates":[14.5201931,35.8357498]},"properties":{"osm_type":"way","osm_id":141103955,"category":"ruins","name":"Id-Dar ta' Pultu","wikidata":null,"wikipedia":null,"tags":{"building":"collapsed","historic":"ruins","name":"Id-Dar ta' Pultu","ruins":"house","start_date":"1664"}}},{"type":"Feature","id":"way/141739092","geometry":{"type":"Point","coordinates":[14.4080222,35.840273]},"properties":{"osm_type":"way","osm_id":141739092,"category":"historic","name":"Ta' Krispinu","wikidata":null,"wikipedia":null,"tags":{"building":"farm","historic":"building","name":"Ta' Krispinu"}}},{"type":"Feature","id":"way/150736679","geometry":{"type":"Point","coordinates":[14.4574676,35.8344407]},"properties":{"osm_type":"way","osm_id":150736679,"category":"heritage","name":"Knisja Parrokkjali Marija Assunta","wikidata":"Q20949689","wikipedia":"en:Parish Church of the Assumption, Qrendi","tags":{"amenity":"place_of_worship","building":"yes","denomination":"roman_catholic","heritage":"2","historic":"heritage","name":"Knisja Parrokkjali Marija Assunta","religion":"christian","wikidata":"Q20949689","wikipedia":"en:Parish Church of the Assumption, Qrendi"}}},{"type":"Feature","id":"way/153838535","geometry":{"type":"Point","coordinates":[14.4536206,35.8193435]},"properties":{"osm_type":"way","osm_id":153838535,"category":"historic","name":"Torri ta' Xutu","wikidata":"Q11952258","wikipedia":"en:Sciuta Tower","tags":{"building":"yes","historic":"yes","name":"Torri ta' Xutu","start_date":"1640","wikidata":"Q11952258","wikipedia":"en:Sciuta Tower"}}},{"type":"Feature","id":"way/154334056","geometry":{"type":"Point","coordinates":[14.5024854,35.8960303]},"properties":{"osm_type":"way","osm_id":154334056,"category":"heritage","name":"Msida Bastion Historic Garden","wikidata":"Q38680200","wikipedia":"en:Msida Bastion Historic Garden","tags":{"heritage":"2","historic":"heritage","name":"Msida Bastion Historic Garden","name:en":"Msida Bastion Historic Garden","opening_hours":"Tu,Th,Sa,Su[1] 09:30-12:00","wikidata":"Q38680200","wikipedia":"en:Msida Bastion Historic Garden"}}},{"type":"Feature","id":"way/156593485","geometry":{"type":"Point","coordinates":[14.4020903,35.8859966]},"properties":{"osm_type":"way","osm_id":156593485,"category":"heritage","name":"Knisja ta’ San Nikola","wikidata":"Q48740739","wikipedia":"en:St Nicholas Chapel, Mdina","tags":{"amenity":"place_of_worship","building":"church","denomination":"roman_catholic","heritage":"2","historic":"heritage","name":"Knisja ta’ San Nikola","name:es":"Iglesia de San Nicolás","name:fr":"Église Saint-Nicolas","name:it":"Chiesa di San Nicola","name:mt":"Knisja ta’ San Nikola","religion":"christian","start_date":"1685","wheelchair":"limited","wikidata":"Q48740739","wikipedia":"en:St Nicholas Chapel, Mdina"}}},{"type":"Feature","id":"way/156776357","geometry":{"type":"Point","coordinates":[14.4257296,35.9053411]},"properties":{"osm_type":"way","osm_id":156776357,"category":"historic","name":"Il-Mitħna l-Ġdida tal-Mosta","wikidata":"Q23680607","wikipedia":null,"tags":{"building":"yes","historic":"windmill","name":"Il-Mitħna l-Ġdida tal-Mosta","name:en":"Mosta New Mill","name:mt":"Il-Mitħna l-Ġdida tal-Mosta","start_date":"1858","wikidata":"Q23680607"}}},{"type":"Feature","id":"way/164293783","geometry":{"type":"Point","coordinates":[14.4350449,35.8419456]},"properties":{"osm_type":"way","osm_id":164293783,"category":"historic","name":"Il-Kappella tal-Providenza","wikidata":null,"wikipedia":null,"tags":{"amenity":"place_of_worship","building":"church","denomination":"roman_catholic","historic":"yes","name":"Il-Kappella tal-Providenza","name:en":"Providence Chapel","religion":"christian","start_date":"1772"}}},{"type":"Feature","id":"way/169105183","geometry":{"type":"Point","coordinates":[14.4666808,35.8818967]},"properties":{"osm_type":"way","osm_id":169105183,"category":"historic","name":"Palazzo Stagno","wikidata":"Q23054914","wikipedia":null,"tags":{"building":"yes","historic":"building","name":"Palazzo Stagno","start_date":"1584","wikidata":"Q23054914"}}},{"type":"Feature","id":"way/171895544","geometry":{"type":"Point","coordinates":[14.4730959,35.8193044]},"properties":{"osm_type":"way","osm_id":171895544,"category":"historic","name":"Torri tal-Wardija","wikidata":"Q1331021","wikipedia":"en:Wardija Tower","tags":{"building":"yes","historic":"yes","name":"Torri tal-Wardija","name:it":"Torre della Guardia di Giorno","start_date":"1659","wikidata":"Q1331021","wikipedia":"en:Wardija Tower"}}},{"type":"Feature","id":"way/173418817","geometry":{"type":"Point","coordinates":[14.3460597,35.9223183]},"properties":{"osm_type":"way","osm_id":173418817,"category":"heritage","name":"Torri ta' Lippija","wikidata":"Q19931405","wikipedia":"en:Lippija Tower","tags":{"building":"yes","heritage":"2","name":"Torri ta' Lippija","start_date":"1637","wikidata":"Q19931405","wikipedia":"en:Lippija Tower"}}},{"type":"Feature","id":"way/183451667","geometry":{"type":"Point","coordinates":[14.274399,36.0171631]},"properties":{"osm_type":"way","osm_id":183451667,"category":"fort","name":"It-Torri ta' Mġarr ix-Xini","wikidata":"Q19593873","wikipedia":"en:Mġarr ix-Xini Tower","tags":{"building":"yes","end_date":"1661","heritage":"2","historic":"fort","name":"It-Torri ta' Mġarr ix-Xini","name:en":"Mġarr ix-Xini Tower","name:mt":"It-Torri ta' Mġarr ix-Xini","start_date":"1661","website":"https://www.wirtghawdex.org/","wikidata":"Q19593873","wikipedia":"en:Mġarr ix-Xini Tower"}}},{"type":"Feature","id":"way/198197956","geometry":{"type":"Point","coordinates":[14.5107846,35.896954]},"properties":{"osm_type":"way","osm_id":198197956,"category":"church","name":"Knisja ta' Santa Barbara","wikidata":"Q10300608","wikipedia":"en:Church of Saint Barbara, Valletta","tags":{"amenity":"place_of_worship","building":"church","denomination":"roman_catholic","heritage":"2","historic":"church","name":"Knisja ta' Santa Barbara","name:en":"Church of Saint Barbara","name:mt":"Knisja ta' Santa Barbara","name:pt":"Igreja de Santa Bárbara","name:ru":"Церковь Санта Барбара","religion":"christian","wikidata":"Q10300608","wikipedia":"en:Church of Saint Barbara, Valletta"}}},{"type":"Feature","id":"way/221974359","geometry":{"type":"Point","coordinates":[14.2650235,36.0503305]},"properties":{"osm_type":"way","osm_id":221974359,"category":"heritage","name":"Bażilika Marija Bambina","wikidata":"Q810090","wikipedia":"en:Basilica of the Nativity of Our Lady, Xagħra","tags":{"amenity":"place_of_worship","building":"church","denomination":"roman_catholic","heritage":"2","historic":"heritage","name":"Bażilika Marija Bambina","name:en":"Basilica of the Nativity of Our Lady","name:fr":"Basilique de la Nativité de la Vierge","religion":"christian","wikidata":"Q810090","wikipedia":"en:Basilica of the Nativity of Our Lady, Xagħra"}}},{"type":"Feature","id":"way/222341546","geometry":{"type":"Point","coordinates":[14.4513314,35.8986904]},"properties":{"osm_type":"way","osm_id":222341546,"category":"heritage","name":"Balzan Parish Church","wikidata":"Q15958442","wikipedia":null,"tags":{"addr:city":"Ħal Balzan","addr:country":"MT","addr:street":"Triq il-Kbira","amenity":"place_of_worship","building":"church","denomination":"roman_catholic","heritage":"2","historic":"heritage","name":"Balzan Parish Church","name:en":"Parish Church of Our Lady of Annunciation","name:mt":"Knisja Parrokkjali tal-Lunzjata","religion":"christian","wikidata":"Q15958442"}}},{"type":"Feature","id":"way/222724489","geometry":{"type":"Point","coordinates":[14.2131253,36.0276166]},"properties":{"osm_type":"way","osm_id":222724489,"category":"heritage","name":"Torri tax-Xlendi","wikidata":"Q8044844","wikipedia":"en:Xlendi Tower","tags":{"addr:city":"Il-Munxar","addr:country":"MT","building":"yes","heritage":"2","name":"Torri tax-Xlendi","name:mt":"Torri tax-Xlendi","start_date":"1640","tourism":"attraction","wikidata":"Q8044844","wikipedia":"en:Xlendi Tower"}}},{"type":"Feature","id":"way/223386760","geometry":{"type":"Point","coordinates":[14.5090385,35.877082]},"properties":{"osm_type":"way","osm_id":223386760,"category":"archaeological_site","name":"Tempji ta' Kordin","wikidata":"Q20003648","wikipedia":"en:Kordin Temples","tags":{"alt_name":"Kordin III","historic":"archaeological_site","name":"Tempji ta' Kordin","wikidata":"Q20003648","wikipedia":"en:Kordin Temples"}}},{"type":"Feature","id":"way/223392824","geometry":{"type":"Point","coordinates":[14.5280762,35.836461]},"properties":{"osm_type":"way","osm_id":223392824,"category":"museum","name":"Għar Dalam","wikidata":null,"wikipedia":null,"tags":{"building":"yes","image":"https://photos.app.goo.gl/6dZKsPRWabwhKp2z6","name":"Għar Dalam","name:pl":"Muzeum jaskinia Għar Dalam","opening_hours":"Mo-Su 09:00-17:00","operator":"Heritage Malta","tourism":"museum","website":"https://heritagemalta.mt/explore/ghar-dalam/"}}},{"type":"Feature","id":"way/223433104","geometry":{"type":"Point","coordinates":[14.4625627,35.855463]},"properties":{"osm_type":"way","osm_id":223433104,"category":"castle","name":"Il-Palazz ta' Montekristo","wikidata":null,"wikipedia":null,"tags":{"building":"yes","historic":"castle","name":"Il-Palazz ta' Montekristo","name:en":"Montekristo Palace"}}},{"type":"Feature","id":"way/224945800","geometry":{"type":"Point","coordinates":[14.558383,35.8558463]},"properties":{"osm_type":"way","osm_id":224945800,"category":"historic","name":"Torri Mamo","wikidata":"Q2444657","wikipedia":"en:Mamo Tower","tags":{"building":"yes","heritage":"2","historic":"building","name":"Torri Mamo","start_date":"1657","website":"https://dinlarthelwa.org/heritage-sites/managed-heritage-sites/torri-mamo-marsascala/","wikidata":"Q2444657","wikipedia":"en:Mamo Tower"}}},{"type":"Feature","id":"way/240871554","geometry":{"type":"Point","coordinates":[14.5208103,35.8877499]},"properties":{"osm_type":"way","osm_id":240871554,"category":"museum","name":"Mużew Marittimu ta' Malta","wikidata":"Q3013993","wikipedia":"en:Malta Maritime Museum","tags":{"addr:city":"Il-Birgu (Vittoriosa)","addr:country":"MT","addr:postcode":"BRG 1721","building":"yes","image":"https://photos.app.goo.gl/FwBEbJhnqBHo86QA9","name":"Mużew Marittimu ta' Malta","name:en":"Malta Maritime Museum","name:mt":"Mużew Marittimu ta' Malta","name:pl":"Malta Muzeum Morskie","opening_hours":"Mo-Su 09:00-17:00","phone":"+356 2166 0052","tourism":"museum","website":"https://www.heritagemalta.org/museums/maritime/maritimeinfo.html","wikidata":"Q3013993","wikipedia":"en:Malta Maritime Museum"}}},{"type":"Feature","id":"way/246692744","geometry":{"type":"Point","coordinates":[14.5257354,35.8907216]},"properties":{"osm_type":"way","osm_id":246692744,"category":"historic","name":"Villa Portelli","wikidata":"Q38604344","wikipedia":null,"tags":{"building":"yes","historic":"yes","name":"Villa Portelli","start_date":"1800","wikidata":"Q38604344"}}},{"type":"Feature","id":"way/251648438","geometry":{"type":"Point","coordinates":[14.4271114,35.8389335]},"properties":{"osm_type":"way","osm_id":251648438,"category":"historic","name":null,"wikidata":"Q20925954","wikipedia":null,"tags":{"historic":"aqueduct","wikidata":"Q20925954"}}},{"type":"Feature","id":"way/261426833","geometry":{"type":"Point","coordinates":[14.5134028,35.8993231]},"properties":{"osm_type":"way","osm_id":261426833,"category":"historic","name":"Main Guard","wikidata":"Q23136310","wikipedia":"en:Main Guard (Valletta)","tags":{"building":"yes","historic":"building","image":"https://photos.app.goo.gl/sEHZqSn97QUKDFMV9","name":"Main Guard","name:ar":"الحرس الرئيسي","name:de":"Hauptwache","name:en":"Main Guard","name:es":"Edificio de la Guardia Principal","name:mt":"Gwardja tal-Pjazza","wikidata":"Q23136310","wikipedia":"en:Main Guard (Valletta)"}}},{"type":"Feature","id":"way/261733279","geometry":{"type":"Point","coordinates":[14.3711738,35.9005852]},"properties":{"osm_type":"way","osm_id":261733279,"category":"historic","name":"Torri tan-Nadur","wikidata":"Q6957997","wikipedia":"en:Nadur Tower","tags":{"building":"yes","historic":"yes","name":"Torri tan-Nadur","start_date":"1640","wikidata":"Q6957997","wikipedia":"en:Nadur Tower"}}},{"type":"Feature","id":"way/276533620","geometry":{"type":"Point","coordinates":[14.4630003,35.8950567]},"properties":{"osm_type":"way","osm_id":276533620,"category":"heritage","name":"Il-Knisja Parrokkjali ta' Santa Marija","wikidata":"Q15958445","wikipedia":"en:Parish Church of St. Mary, Birkirkara","tags":{"alt_name":"Il-Knisja Parrokkjali tal-Assunzjoni","amenity":"place_of_worship","building":"church","denomination":"roman_catholic","heritage":"2","historic":"heritage","name":"Il-Knisja Parrokkjali ta' Santa Marija","name:en":"Saint Mary's Parish Church","name:mt":"Il-Knisja Parrokkjali ta' Santa Marija","religion":"christian","wikidata":"Q15958445","wikipedia":"en:Parish Church of St. Mary, Birkirkara"}}},{"type":"Feature","id":"way/284635632","geometry":{"type":"Point","coordinates":[14.5082159,35.8716471]},"properties":{"osm_type":"way","osm_id":284635632,"category":"heritage","name":"Il-Knisja Parrokkjali ta' Kristu Re","wikidata":"Q30627208","wikipedia":"en:Basilica of Christ the King, Paola","tags":{"alt_name":"Paola Church","amenity":"place_of_worship","building":"church","denomination":"roman_catholic","heritage":"no","name":"Il-Knisja Parrokkjali ta' Kristu Re","name:en":"Parish Church of Christ the King","name:fr":"Église du Christ-Roi","name:mt":"Il-Knisja Parrokkjali ta' Kristu Re","religion":"christian","start_date":"1959","wikidata":"Q30627208","wikipedia":"en:Basilica of Christ the King, Paola"}}},{"type":"Feature","id":"way/286534604","geometry":{"type":"Point","coordinates":[14.5601639,35.8434328]},"properties":{"osm_type":"way","osm_id":286534604,"category":"fort","name":"Saint Paul's Battery","wikidata":"Q7595102","wikipedia":"en:Saint Paul's Battery","tags":{"historic":"fort","name":"Saint Paul's Battery","wikidata":"Q7595102","wikipedia":"en:Saint Paul's Battery"}}},{"type":"Feature","id":"way/286534690","geometry":{"type":"Point","coordinates":[14.5642936,35.8682094]},"properties":{"osm_type":"way","osm_id":286534690,"category":"fort","name":"Batterija taż-Żonqor","wikidata":"Q15136239","wikipedia":null,"tags":{"building":"yes","historic":"fort","name":"Batterija taż-Żonqor","wikidata":"Q15136239"}}},{"type":"Feature","id":"way/292664065","geometry":{"type":"Point","coordinates":[14.4029733,35.9496331]},"properties":{"osm_type":"way","osm_id":292664065,"category":"tower","name":"It-Torri ta' Wignacourt","wikidata":null,"wikipedia":"mt:Torri ta' Wignacourt","tags":{"building":"yes","historic":"tower","image":"https://photos.app.goo.gl/mLjx2ErmznD7DenA8","name":"It-Torri ta' Wignacourt","name:en":"Wignacourt Tower","name:mt":"It-Torri ta' Wignacourt","start_date":"1609","wikipedia":"mt:Torri ta' Wignacourt"}}},{"type":"Feature","id":"way/294785408","geometry":{"type":"Point","coordinates":[14.3685508,35.9185582]},"properties":{"osm_type":"way","osm_id":294785408,"category":"ruins","name":"It-Tempji Ta' Ħaġrat","wikidata":null,"wikipedia":null,"tags":{"historic":"ruins","name":"It-Tempji Ta' Ħaġrat","name:en":"Ta' Ħaġrat Temple","tourism":"attraction"}}},{"type":"Feature","id":"way/294785412","geometry":{"type":"Point","coordinates":[14.3685767,35.9185259]},"properties":{"osm_type":"way","osm_id":294785412,"category":"archaeological_site","name":"It-Tempji Ta` Ħaġrat","wikidata":"Q991637","wikipedia":"en:Ta' Ħaġrat Temples","tags":{"heritage":"1","historic":"archaeological_site","image":"https://photos.app.goo.gl/LifgoZubAHfqTDX56","name":"It-Tempji Ta` Ħaġrat","name:en":"Ta' Ħaġrat Temples","wikidata":"Q991637","wikipedia":"en:Ta' Ħaġrat Temples"}}},{"type":"Feature","id":"way/294789291","geometry":{"type":"Point","coordinates":[14.3778164,35.9208709]},"properties":{"osm_type":"way","osm_id":294789291,"category":"archaeological_site","name":"It-Tempji ta' Skorba","wikidata":"Q672456","wikipedia":"en:Skorba Temples","tags":{"end_date":"2500BC","heritage":"1","historic":"archaeological_site","name":"It-Tempji ta' Skorba","start_date":"3600BC","tourism":"attraction","wikidata":"Q672456","wikipedia":"en:Skorba Temples"}}},{"type":"Feature","id":"way/298475100","geometry":{"type":"Point","coordinates":[14.5125625,35.9012344]},"properties":{"osm_type":"way","osm_id":298475100,"category":"heritage","name":"Il-Berġa ta' Aragona","wikidata":"Q3456680","wikipedia":"en:Auberge d'Aragon","tags":{"amenity":"public_building","building":"yes","heritage":"2","historic":"heritage","name":"Il-Berġa ta' Aragona","name:ar":"نزل أراغون","name:ca":"Alberg d'Aragó","name:en":"Auberge of Aragon","name:es":"Albergue de Aragón","name:fr":"Auberge d'Aragon","name:mt":"Il-Berġa ta' Aragona","wikidata":"Q3456680","wikipedia":"en:Auberge d'Aragon"}}},{"type":"Feature","id":"way/298483672","geometry":{"type":"Point","coordinates":[14.3112123,36.038643]},"properties":{"osm_type":"way","osm_id":298483672,"category":"historic","name":"Qala Windmill","wikidata":null,"wikipedia":null,"tags":{"building":"windmill","historic":"windmill","name":"Qala Windmill","tourism":"attraction","website":"https://www.windmillsofmalta.nl/db.cgi?p=detail%3Br=13"}}},{"type":"Feature","id":"way/315360109","geometry":{"type":"Point","coordinates":[14.2922107,36.0218228]},"properties":{"osm_type":"way","osm_id":315360109,"category":"historic","name":"Fort Chambray British Barracks (Married Quarters)","wikidata":null,"wikipedia":null,"tags":{"building":"yes","historic":"building","name":"Fort Chambray British Barracks (Married Quarters)"}}},{"type":"Feature","id":"way/319344108","geometry":{"type":"Point","coordinates":[14.4118511,35.9334233]},"properties":{"osm_type":"way","osm_id":319344108,"category":"archaeological_site","name":"Villa Rumana San Pawl Milqi","wikidata":"Q3947778","wikipedia":"en:San Pawl Milqi","tags":{"heritage":"2","historic":"archaeological_site","name":"Villa Rumana San Pawl Milqi","name:en":"San Pawl Milqi Roman Villa","name:mt":"Villa Rumana San Pawl Milqi","wikidata":"Q3947778","wikipedia":"en:San Pawl Milqi"}}},{"type":"Feature","id":"way/328914410","geometry":{"type":"Point","coordinates":[14.3433393,35.9308646]},"properties":{"osm_type":"way","osm_id":328914410,"category":"fort","name":"It-Torri ta' Għajn Tuffieħa","wikidata":null,"wikipedia":null,"tags":{"building":"yes","historic":"fort","image":"https://photos.app.goo.gl/hNQZgkKRFk5DaDxS7","name":"It-Torri ta' Għajn Tuffieħa","start_date":"1640"}}},{"type":"Feature","id":"way/329168031","geometry":{"type":"Point","coordinates":[14.5132019,35.9065076]},"properties":{"osm_type":"way","osm_id":329168031,"category":"historic","name":null,"wikidata":"Q17340318","wikipedia":"en:Fort Tigné","tags":{"building":"yes","historic":"yes","wikidata":"Q17340318","wikipedia":"en:Fort Tigné"}}},{"type":"Feature","id":"way/329831645","geometry":{"type":"Point","coordinates":[14.5292616,35.8803837]},"properties":{"osm_type":"way","osm_id":329831645,"category":"city_gate","name":"Bieb is-Sultan","wikidata":null,"wikipedia":null,"tags":{"alt_name":"Notre Dame Gate","building":"yes","historic":"city_gate","name":"Bieb is-Sultan"}}},{"type":"Feature","id":"way/338613304","geometry":{"type":"Point","coordinates":[14.5303759,35.8311539]},"properties":{"osm_type":"way","osm_id":338613304,"category":"heritage","name":"San Ġorġ Martri","wikidata":"Q15958456","wikipedia":"en:St George's Chapel, Birżebbuġa","tags":{"amenity":"place_of_worship","building":"church","denomination":"roman_catholic","heritage":"2","historic":"heritage","name":"San Ġorġ Martri","name:en":"Saint George the Martyr","name:mt":"San Ġorġ Martri","religion":"christian","wikidata":"Q15958456","wikipedia":"en:St George's Chapel, Birżebbuġa"}}},{"type":"Feature","id":"way/339459510","geometry":{"type":"Point","coordinates":[14.5133015,35.9066307]},"properties":{"osm_type":"way","osm_id":339459510,"category":"castle","name":"Fort Tigné","wikidata":null,"wikipedia":"en:Fort Tigné","tags":{"heritage":"2","historic":"castle","name":"Fort Tigné","name:ar":"حصن تيني","name:mt":"Forti Tigné","tourism":"attraction","wikipedia":"en:Fort Tigné"}}},{"type":"Feature","id":"way/339474207","geometry":{"type":"Point","coordinates":[14.5135271,35.898219]},"properties":{"osm_type":"way","osm_id":339474207,"category":"historic","name":"Il-Biblioteka Nazzjonali","wikidata":"Q1535341","wikipedia":"en:National Library of Malta","tags":{"alt_name":"National Library of Malta","amenity":"library","building":"yes","historic":"graffiti","name":"Il-Biblioteka Nazzjonali","name:de":"Nationalbibliothek","name:en":"National Library","name:mt":"Il-Biblioteka Nazzjonali","name:pl":"Biblioteka Narodowa","wikidata":"Q1535341","wikipedia":"en:National Library of Malta"}}},{"type":"Feature","id":"way/339503922","geometry":{"type":"Point","coordinates":[14.5573264,35.8240459]},"properties":{"osm_type":"way","osm_id":339503922,"category":"castle","name":"Fort Delimara","wikidata":"Q3021660","wikipedia":"en:Fort Delimara","tags":{"historic":"castle","name":"Fort Delimara","name:ar":"حصن ديليمارا","tourism":"attraction","wikidata":"Q3021660","wikipedia":"en:Fort Delimara"}}},{"type":"Feature","id":"way/339923704","geometry":{"type":"Point","coordinates":[14.4238211,35.902184]},"properties":{"osm_type":"way","osm_id":339923704,"category":"historic","name":"It-Torri ta' Kumbu","wikidata":"Q23927892","wikipedia":"en:Cumbo Tower","tags":{"addr:city":"Il-Mosta","addr:street":"Triq Kumbu","building":"tower","historic":"building","name":"It-Torri ta' Kumbu","name:en":"Cumbo Tower","name:mt":"It-Torri ta' Kumbu","wikidata":"Q23927892","wikipedia":"en:Cumbo Tower"}}},{"type":"Feature","id":"way/339930320","geometry":{"type":"Point","coordinates":[14.4653544,35.8999892]},"properties":{"osm_type":"way","osm_id":339930320,"category":"heritage","name":"Santa Elena","wikidata":"Q1234300","wikipedia":"en:St Helen's Basilica","tags":{"alt_name":"Santa Liena","amenity":"place_of_worship","building":"church","denomination":"roman_catholic","heritage":"2","historic":"heritage","name":"Santa Elena","name:en":"Saint Helen","name:fr":"Sainte-Hélène","name:mt":"Santa Elena","religion":"christian","wikidata":"Q1234300","wikipedia":"en:St Helen's Basilica"}}},{"type":"Feature","id":"way/340414450","geometry":{"type":"Point","coordinates":[14.4809598,35.9270755]},"properties":{"osm_type":"way","osm_id":340414450,"category":"castle","name":"Fort Pembroke","wikidata":"Q19429024","wikipedia":"en:Fort Pembroke","tags":{"historic":"castle","name":"Fort Pembroke","tourism":"attraction","wheelchair":"limited","wikidata":"Q19429024","wikipedia":"en:Fort Pembroke"}}},{"type":"Feature","id":"way/342938608","geometry":{"type":"Point","coordinates":[14.3654958,35.9554081]},"properties":{"osm_type":"way","osm_id":342938608,"category":"fort","name":"Forti Mellieħa","wikidata":"Q22082165","wikipedia":"en:Fort Mellieħa","tags":{"historic":"fort","name":"Forti Mellieħa","name:en":"Fort Mellieħa","wikidata":"Q22082165","wikipedia":"en:Fort Mellieħa"}}},{"type":"Feature","id":"way/344951883","geometry":{"type":"Point","coordinates":[14.4559524,35.8999625]},"properties":{"osm_type":"way","osm_id":344951883,"category":"gallery","name":"Fondazzjoni Gabriel Caruana","wikidata":null,"wikipedia":null,"tags":{"building":"yes","name":"Fondazzjoni Gabriel Caruana","name:en":"Gabriel Caruana Foundation","tourism":"gallery"}}},{"type":"Feature","id":"way/345259664","geometry":{"type":"Point","coordinates":[14.4463207,35.8965381]},"properties":{"osm_type":"way","osm_id":345259664,"category":"castle","name":"Palazz ta' Sant'Anton","wikidata":"Q1549852","wikipedia":"mt:Palazz ta' Sant'Anton","tags":{"building":"yes","heritage":"2","historic":"castle","name":"Palazz ta' Sant'Anton","name:en":"San Anton Palace","start_date":"1623","website":"https://president.gov.mt/palazz-ta-santanton/","wikidata":"Q1549852","wikipedia":"mt:Palazz ta' Sant'Anton"}}},{"type":"Feature","id":"way/348844628","geometry":{"type":"Point","coordinates":[14.5033553,35.8917086]},"properties":{"osm_type":"way","osm_id":348844628,"category":"historic","name":"Dar il-Mistrieħ","wikidata":null,"wikipedia":null,"tags":{"amenity":"social_facility","building":"yes","historic":"yes","name":"Dar il-Mistrieħ","name:en":"House of Rest","name:mt":"Dar il-Mistrieħ"}}},{"type":"Feature","id":"way/349388609","geometry":{"type":"Point","coordinates":[14.2667977,36.0498138]},"properties":{"osm_type":"way","osm_id":349388609,"category":"museum","name":"Mitħna Ta' Kola","wikidata":"Q3979901","wikipedia":"en:Ta' Kola Windmill","tags":{"addr:housenumber":"135","addr:street":"Triq il-Bambina","building":"yes","heritage":"2","historic":"windmill","name":"Mitħna Ta' Kola","name:en":"Ta' Kola Windmill","name:mt":"Mitħna Ta' Kola","name:pl":"Wiatrak Ta' Kola","opening_hours":"Mo-Su 09:00-17:00","phone":"+356 2156 1071","tourism":"museum","wikidata":"Q3979901","wikipedia":"en:Ta' Kola Windmill"}}},{"type":"Feature","id":"way/352179825","geometry":{"type":"Point","coordinates":[14.5096726,35.9090245]},"properties":{"osm_type":"way","osm_id":352179825,"category":"fort","name":"Cambridge Battery","wikidata":"Q1028285","wikipedia":"en:Cambridge Battery","tags":{"alt_name":"Fort Cambridge","historic":"fort","name":"Cambridge Battery","name:ar":"حصن كامبريدج","name:mt":"Batterija ta' Cambridge","tourism":"attraction","wikidata":"Q1028285","wikipedia":"en:Cambridge Battery"}}},{"type":"Feature","id":"way/362880637","geometry":{"type":"Point","coordinates":[14.5524797,35.8609474]},"properties":{"osm_type":"way","osm_id":362880637,"category":"theatre","name":"Amphitheatre","wikidata":null,"wikipedia":null,"tags":{"amenity":"theatre","name":"Amphitheatre"}}},{"type":"Feature","id":"way/368715930","geometry":{"type":"Point","coordinates":[14.5360585,35.8901781]},"properties":{"osm_type":"way","osm_id":368715930,"category":"historic","name":"Red House","wikidata":"Q38604363","wikipedia":null,"tags":{"building":"yes","historic":"building","name":"Red House","start_date":"1803","wikidata":"Q38604363"}}},{"type":"Feature","id":"way/368937071","geometry":{"type":"Point","coordinates":[14.3949868,35.9584323]},"properties":{"osm_type":"way","osm_id":368937071,"category":"historic","name":"Mistra Battery","wikidata":"Q18920460","wikipedia":"en:Mistra Battery","tags":{"historic":"bunker","name":"Mistra Battery","name:mt":"Batterija tal-Mistra","tourism":"attraction","wikidata":"Q18920460","wikipedia":"en:Mistra Battery"}}},{"type":"Feature","id":"way/372943057","geometry":{"type":"Point","coordinates":[14.5090594,35.8995455]},"properties":{"osm_type":"way","osm_id":372943057,"category":"museum","name":"The Fortress Builders - Fortifications Interpretation Centre","wikidata":"Q24037293","wikipedia":"en:Fortifications Interpretation Centre","tags":{"building":"yes","name":"The Fortress Builders - Fortifications Interpretation Centre","name:ar":"بناة الحصن - مركز تفسير التحصينات","phone":"+356 2122 8594","tourism":"museum","website":"https://thefortressbuilders.weebly.com","wikidata":"Q24037293","wikipedia":"en:Fortifications Interpretation Centre"}}},{"type":"Feature","id":"way/374905592","geometry":{"type":"Point","coordinates":[14.5655791,35.8497163]},"properties":{"osm_type":"way","osm_id":374905592,"category":"archaeological_site","name":"Riħama Battery","wikidata":"Q20949709","wikipedia":"en:Riħama Battery","tags":{"building":"yes","historic":"archaeological_site","name":"Riħama Battery","wikidata":"Q20949709","wikipedia":"en:Riħama Battery"}}},{"type":"Feature","id":"way/375694804","geometry":{"type":"Point","coordinates":[14.3375454,35.97413]},"properties":{"osm_type":"way","osm_id":375694804,"category":"historic","name":"WW2 Pillbox","wikidata":null,"wikipedia":null,"tags":{"building":"yes","historic":"building","name":"WW2 Pillbox"}}},{"type":"Feature","id":"way/376190514","geometry":{"type":"Point","coordinates":[14.3981194,35.9482913]},"properties":{"osm_type":"way","osm_id":376190514,"category":"castle","name":"Palazzo Pescatore","wikidata":"Q20949686","wikipedia":"en:Palazzo Pescatore","tags":{"addr:street":"Triq San Pawl","building":"yes","historic":"castle","name":"Palazzo Pescatore","name:it":"Palazzo Pescatore","wikidata":"Q20949686","wikipedia":"en:Palazzo Pescatore"}}},{"type":"Feature","id":"way/379882535","geometry":{"type":"Point","coordinates":[14.2395571,36.0467635]},"properties":{"osm_type":"way","osm_id":379882535,"category":"museum","name":"Knisja ta' San Ġużepp","wikidata":null,"wikipedia":null,"tags":{"addr:city":"Ir-Rabat (Għawdex)","addr:street":"Triq San Ġużepp","amenity":"place_of_worship","building":"church","denomination":"roman_catholic","name":"Knisja ta' San Ġużepp","name:en":"Old St Joseph's in the Citadel","name:mt":"Knisja ta' San Ġużepp","religion":"christian","tourism":"museum","wheelchair":"limited"}}},{"type":"Feature","id":"way/379882536","geometry":{"type":"Point","coordinates":[14.2396448,36.0465432]},"properties":{"osm_type":"way","osm_id":379882536,"category":"museum","name":"Mużew tal-Folklor","wikidata":"Q5464561","wikipedia":"en:Gran Castello Historic House","tags":{"addr:city":"Ir-Rabat (Għawdex)","addr:country":"MT","addr:postcode":"VCT 1860","addr:street":"Triq Bernardo DeOpuo","building":"museum","name":"Mużew tal-Folklor","name:en":"Historic House","opening_hours":"Mo-Su 09:00-17:00","phone":"+356 2156 2034","tourism":"museum","website":"https://www.heritagemalta.org/museums/folklore/folkloreinfo.html","wikidata":"Q5464561","wikipedia":"en:Gran Castello Historic House"}}},{"type":"Feature","id":"way/379882537","geometry":{"type":"Point","coordinates":[14.2394857,36.0458064]},"properties":{"osm_type":"way","osm_id":379882537,"category":"museum","name":"Mużew tal-Arkeoloġija Għawdxija","wikidata":"Q3329557","wikipedia":"en:Gozo Museum of Archaeology","tags":{"addr:city":"Ir-Rabat (Għawdex)","addr:country":"MT","addr:postcode":"VCT 1831","addr:street":"Triq Bieb l-Imdina","building":"yes","name":"Mużew tal-Arkeoloġija Għawdxija","opening_hours":"Mar-Dec Mo-Su 09:00-17:00; Jan-Feb Tu,Th-Su 09:00-17:00","phone":"+356 2155 6144","tourism":"museum","website":"https://www.heritagemalta.mt/","wheelchair":"limited","wikidata":"Q3329557","wikipedia":"en:Gozo Museum of Archaeology"}}},{"type":"Feature","id":"way/379882538","geometry":{"type":"Point","coordinates":[14.2391138,36.0463128]},"properties":{"osm_type":"way","osm_id":379882538,"category":"museum","name":"Il-Ħabs il-Qadim","wikidata":"Q7084786","wikipedia":"en:Old Prison (Victoria)","tags":{"amenity":"prison","building":"yes","name":"Il-Ħabs il-Qadim","name:ar":"السجن القديم","name:en":"Old Prison","opening_hours":"Mo-Su 09:00-17:00","tourism":"museum","wikidata":"Q7084786","wikipedia":"en:Old Prison (Victoria)"}}},{"type":"Feature","id":"way/380895127","geometry":{"type":"Point","coordinates":[14.4034301,35.8852317]},"properties":{"osm_type":"way","osm_id":380895127,"category":"heritage","name":"Knisja ta’ Sant'Agata","wikidata":"Q28224943","wikipedia":"en:St Agatha's chapel, Mdina","tags":{"amenity":"place_of_worship","building":"chapel","denomination":"roman_catholic","heritage":"2","historic":"heritage","name":"Knisja ta’ Sant'Agata","name:en":"Church of Saint Agatha","name:es":"Iglesia de Santa Ágata","name:it":"Chiesa di Sant'Agata","name:mt":"Knisja ta’ Sant'Agata","religion":"christian","wheelchair":"limited","wikidata":"Q28224943","wikipedia":"en:St Agatha's chapel, Mdina"}}},{"type":"Feature","id":"way/382199835","geometry":{"type":"Point","coordinates":[14.5254889,35.891604]},"properties":{"osm_type":"way","osm_id":382199835,"category":"historic","name":"Knisja tas-Salvatur","wikidata":null,"wikipedia":null,"tags":{"amenity":"place_of_worship","building":"yes","denomination":"roman_catholic","historic":"yes","name":"Knisja tas-Salvatur","religion":"christian","start_date":"1680"}}},{"type":"Feature","id":"way/386469243","geometry":{"type":"Point","coordinates":[14.4756088,35.8893982]},"properties":{"osm_type":"way","osm_id":386469243,"category":"historic","name":"L-Akwedott ta' Wignacourt","wikidata":"Q15527073","wikipedia":"mt:L-Akwedott ta' Wignacourt (Malta)","tags":{"historic":"aqueduct","name":"L-Akwedott ta' Wignacourt","name:en":"Wignacourt Aqueduct","tourism":"attraction","wikidata":"Q15527073","wikipedia":"mt:L-Akwedott ta' Wignacourt (Malta)"}}},{"type":"Feature","id":"way/386844095","geometry":{"type":"Point","coordinates":[14.5068915,35.8695499]},"properties":{"osm_type":"way","osm_id":386844095,"category":"museum","name":"L-Ipoġew ta' Ħal Saflieni","wikidata":"Q755514","wikipedia":"en:Ħal Saflieni Hypogeum","tags":{"addr:country":"MT","addr:postcode":"PLA 1116","addr:street":"Triq iċ-Ċimiterju","building":"yes","heritage":"1","historic":"heritage","name":"L-Ipoġew ta' Ħal Saflieni","name:en":"Ħal Saflieni Hypogeum","name:it":"Hypogeo Ħal Saflieni","opening_hours":"Mo-Su 09:00-17:00","phone":"+356 2180 5018;+356 2180 5019","tourism":"museum","website":"https://heritagemalta.org/museums-sites/hal-saflieni-hypogeum/","wikidata":"Q755514","wikipedia":"en:Ħal Saflieni Hypogeum"}}},{"type":"Feature","id":"way/386907434","geometry":{"type":"Point","coordinates":[14.5175267,35.9003325]},"properties":{"osm_type":"way","osm_id":386907434,"category":"heritage","name":"Knisja tal-Madalena","wikidata":"Q18387466","wikipedia":"en:Church of St Mary Magdalene, Valletta","tags":{"amenity":"place_of_worship","building":"church","denomination":"roman_catholic","heritage":"2","historic":"heritage","name":"Knisja tal-Madalena","name:ar":"كنيسة القديسة مريم المجدلية","name:es":"Iglesia de La Magdalena","name:mt":"Knisja tal-Madalena","religion":"christian","wikidata":"Q18387466","wikipedia":"en:Church of St Mary Magdalene, Valletta"}}},{"type":"Feature","id":"way/386908448","geometry":{"type":"Point","coordinates":[14.5029373,35.8742274]},"properties":{"osm_type":"way","osm_id":386908448,"category":"heritage","name":"Knisja tal-Madonna ta' Lourdes","wikidata":"Q38133384","wikipedia":null,"tags":{"amenity":"place_of_worship","building":"church","denomination":"roman_catholic","heritage":"no","name":"Knisja tal-Madonna ta' Lourdes","name:en":"Church of the Madonna of Lourdes","name:mt":"Knisja tal-Madonna ta' Lourdes","religion":"christian","start_date":"1963","wikidata":"Q38133384"}}},{"type":"Feature","id":"way/386940223","geometry":{"type":"Point","coordinates":[14.403156,35.8865948]},"properties":{"osm_type":"way","osm_id":386940223,"category":"heritage","name":"Knisja ta’ Santu Rokku","wikidata":"Q29586835","wikipedia":"en:St Roque's Church, Mdina","tags":{"amenity":"place_of_worship","building":"church","denomination":"roman_catholic","heritage":"2","historic":"heritage","name":"Knisja ta’ Santu Rokku","religion":"christian","wikidata":"Q29586835","wikipedia":"en:St Roque's Church, Mdina"}}},{"type":"Feature","id":"way/386959624","geometry":{"type":"Point","coordinates":[14.5518327,35.845838]},"properties":{"osm_type":"way","osm_id":386959624,"category":"archaeological_site","name":"Tas-Silġ","wikidata":"Q7687070","wikipedia":"en:Tas-Silġ","tags":{"heritage":"2","historic":"archaeological_site","name":"Tas-Silġ","wikidata":"Q7687070","wikipedia":"en:Tas-Silġ"}}},{"type":"Feature","id":"way/387009977","geometry":{"type":"Point","coordinates":[14.4503298,35.8971735]},"properties":{"osm_type":"way","osm_id":387009977,"category":"heritage","name":null,"wikidata":"Q24580635","wikipedia":null,"tags":{"addr:city":"Ħal Balzan","addr:country":"MT","building":"house","heritage":"2","historic":"heritage","wikidata":"Q24580635"}}},{"type":"Feature","id":"way/392226941","geometry":{"type":"Point","coordinates":[14.3574882,35.9268981]},"properties":{"osm_type":"way","osm_id":392226941,"category":"archaeological_site","name":"Banji Rumani","wikidata":"Q5627447","wikipedia":"en:Għajn Tuffieħa Roman Baths","tags":{"historic":"archaeological_site","name":"Banji Rumani","name:en":"Roman Baths","wikidata":"Q5627447","wikipedia":"en:Għajn Tuffieħa Roman Baths"}}},{"type":"Feature","id":"way/394843049","geometry":{"type":"Point","coordinates":[14.5578086,35.8356535]},"properties":{"osm_type":"way","osm_id":394843049,"category":"archaeological_site","name":"Batterija Ta' Wolseley","wikidata":"Q20949768","wikipedia":null,"tags":{"historic":"archaeological_site","material":"cement_block","name":"Batterija Ta' Wolseley","name:en":"Wolseley Battery","name:mt":"Batterija Ta' Wolseley","wikidata":"Q20949768"}}},{"type":"Feature","id":"way/395232860","geometry":{"type":"Point","coordinates":[14.5271165,35.8720555]},"properties":{"osm_type":"way","osm_id":395232860,"category":"historic","name":"Bieb Hompesch","wikidata":null,"wikipedia":null,"tags":{"building":"yes","historic":"building","name":"Bieb Hompesch"}}},{"type":"Feature","id":"way/396833010","geometry":{"type":"Point","coordinates":[14.4717769,35.930057]},"properties":{"osm_type":"way","osm_id":396833010,"category":"historic","name":"Skola Medja u Sekondarja Pembroke","wikidata":null,"wikipedia":null,"tags":{"amenity":"school","building":"school","historic":"yes","name":"Skola Medja u Sekondarja Pembroke"}}},{"type":"Feature","id":"way/400118196","geometry":{"type":"Point","coordinates":[14.5175513,35.8974893]},"properties":{"osm_type":"way","osm_id":400118196,"category":"memorial","name":"Il-Monument ta' Sir Alexander Ball","wikidata":"Q42795499","wikipedia":"en:Monument to Sir Alexander Ball","tags":{"building":"yes","historic":"memorial","memorial":"statue","name":"Il-Monument ta' Sir Alexander Ball","name:mt":"Il-Monument ta' Sir Alexander Ball","tourism":"attraction","wheelchair":"yes","wikidata":"Q42795499","wikipedia":"en:Monument to Sir Alexander Ball"}}},{"type":"Feature","id":"way/400118202","geometry":{"type":"Point","coordinates":[14.5136445,35.8959822]},"properties":{"osm_type":"way","osm_id":400118202,"category":"city_gate","name":"Victoria Gate","wikidata":"Q21986844","wikipedia":"en:Victoria Gate (Valletta)","tags":{"historic":"city_gate","image":"https://photos.app.goo.gl/569HvF1dSnVRYbvV6","name":"Victoria Gate","name:ar":"بوابة فيكتوريا","tourism":"attraction","wikidata":"Q21986844","wikipedia":"en:Victoria Gate (Valletta)"}}},{"type":"Feature","id":"way/403617258","geometry":{"type":"Point","coordinates":[14.4817662,35.8327828]},"properties":{"osm_type":"way","osm_id":403617258,"category":"historic","name":"Ħajt Ruman","wikidata":null,"wikipedia":null,"tags":{"historic":"wall","material":"stone","name":"Ħajt Ruman"}}},{"type":"Feature","id":"way/404197034","geometry":{"type":"Point","coordinates":[14.5139525,35.8907119]},"properties":{"osm_type":"way","osm_id":404197034,"category":"historic","name":"Il-Gardjola","wikidata":null,"wikipedia":null,"tags":{"building":"yes","historic":"yes","image":"https://photos.app.goo.gl/zR6DrYZHy11n183W7","name":"Il-Gardjola","name:en":"The Gardjola","name:it":"La Guardiola","opening_hours":"24/7","tourism":"attraction"}}},{"type":"Feature","id":"way/406035634","geometry":{"type":"Point","coordinates":[14.3465188,35.9857663]},"properties":{"osm_type":"way","osm_id":406035634,"category":"ruins","name":"It-Torri tal-Bir","wikidata":"Q20949734","wikipedia":"en:Tal-Bir Redoubt","tags":{"building":"yes","historic":"ruins","name":"It-Torri tal-Bir","name:en":"Tal-Bir Redoubt","wikidata":"Q20949734","wikipedia":"en:Tal-Bir Redoubt"}}},{"type":"Feature","id":"way/406035636","geometry":{"type":"Point","coordinates":[14.3535057,35.9895901]},"properties":{"osm_type":"way","osm_id":406035636,"category":"historic","name":"Vendôme Battery","wikidata":"Q21483147","wikipedia":"en:Vendôme Battery","tags":{"alt_name":"It-Torri tal-Qortin it-Twil","building":"yes","historic":"fortification","name":"Vendôme Battery","name:mt":"Il-Batterija tal-Vendôme","wikidata":"Q21483147","wikipedia":"en:Vendôme Battery"}}},{"type":"Feature","id":"way/406036898","geometry":{"type":"Point","coordinates":[14.4539308,35.9450709]},"properties":{"osm_type":"way","osm_id":406036898,"category":"ruins","name":"Il-Batterija ta' D'Orbeau","wikidata":"Q20949697","wikipedia":"en:Qalet Marku Battery","tags":{"alt_name":"Il-Batterija ta' Qalet Marku","historic":"ruins","name":"Il-Batterija ta' D'Orbeau","name:en":"D'Orbeau Battery","name:mt":"Il-Batterija ta' D'Orbeau","wikidata":"Q20949697","wikipedia":"en:Qalet Marku Battery"}}},{"type":"Feature","id":"way/406046382","geometry":{"type":"Point","coordinates":[14.5633925,35.8287903]},"properties":{"osm_type":"way","osm_id":406046382,"category":"archaeological_site","name":null,"wikidata":"Q20949739","wikipedia":null,"tags":{"historic":"archaeological_site","wikidata":"Q20949739"}}},{"type":"Feature","id":"way/406046390","geometry":{"type":"Point","coordinates":[14.3850946,35.9677779]},"properties":{"osm_type":"way","osm_id":406046390,"category":"ruins","name":"Torri t' Għajn Ħadid","wikidata":null,"wikipedia":null,"tags":{"historic":"ruins","name":"Torri t' Għajn Ħadid","start_date":"1658"}}},{"type":"Feature","id":"way/406047326","geometry":{"type":"Point","coordinates":[14.5652082,35.8655815]},"properties":{"osm_type":"way","osm_id":406047326,"category":"fort","name":"Briconet Redoubt","wikidata":"Q20638843","wikipedia":"en:Briconet Redoubt","tags":{"building":"yes","historic":"fort","name":"Briconet Redoubt","wikidata":"Q20638843","wikipedia":"en:Briconet Redoubt"}}},{"type":"Feature","id":"way/409770028","geometry":{"type":"Point","coordinates":[14.527805,35.8861318]},"properties":{"osm_type":"way","osm_id":409770028,"category":"historic","name":"Is-Sur tas-Salvatur","wikidata":null,"wikipedia":null,"tags":{"historic":"citywalls","name":"Is-Sur tas-Salvatur"}}},{"type":"Feature","id":"way/422233970","geometry":{"type":"Point","coordinates":[14.3569812,35.9666093]},"properties":{"osm_type":"way","osm_id":422233970,"category":"museum","name":"Tunnara Museum","wikidata":"Q19841018","wikipedia":"en:Westreme Battery","tags":{"addr:street":"Il-Moll tat-Tunnara","building":"yes","name":"Tunnara Museum","tourism":"museum","wikidata":"Q19841018","wikipedia":"en:Westreme Battery"}}},{"type":"Feature","id":"way/424540085","geometry":{"type":"Point","coordinates":[14.3527892,35.9464283]},"properties":{"osm_type":"way","osm_id":424540085,"category":"historic","name":"L-Akwedott","wikidata":null,"wikipedia":null,"tags":{"historic":"aqueduct","name":"L-Akwedott","name:en":"Aqueduct","tourism":"attraction"}}},{"type":"Feature","id":"way/446037074","geometry":{"type":"Point","coordinates":[14.5017429,35.8884906]},"properties":{"osm_type":"way","osm_id":446037074,"category":"historic","name":"Hornwork","wikidata":null,"wikipedia":null,"tags":{"historic":"citywalls","name":"Hornwork"}}},{"type":"Feature","id":"way/454461526","geometry":{"type":"Point","coordinates":[14.4688046,35.8910191]},"properties":{"osm_type":"way","osm_id":454461526,"category":"historic","name":"L-Akwedott ta' Wignacourt","wikidata":"Q15527073","wikipedia":"mt:L-Akwedott ta' Wignacourt (Malta)","tags":{"historic":"aqueduct","name":"L-Akwedott ta' Wignacourt","name:en":"Wignacourt Aqueduct","tourism":"attraction","wikidata":"Q15527073","wikipedia":"mt:L-Akwedott ta' Wignacourt (Malta)"}}},{"type":"Feature","id":"way/458286181","geometry":{"type":"Point","coordinates":[14.4425157,35.8528364]},"properties":{"osm_type":"way","osm_id":458286181,"category":"museum","name":"The Limestone Heritage Park and Gardens","wikidata":null,"wikipedia":null,"tags":{"name":"The Limestone Heritage Park and Gardens","opening_hours":"Mo-Fr 09:00-16:00; Sa 09:00-12:00","tourism":"museum","website":"https://limestoneheritage.com/"}}},{"type":"Feature","id":"way/478817379","geometry":{"type":"Point","coordinates":[14.5067479,35.8932902]},"properties":{"osm_type":"way","osm_id":478817379,"category":"theatre","name":"Istitut Kattoliku","wikidata":null,"wikipedia":null,"tags":{"addr:street":"Pjazza San Publju","amenity":"theatre","building":"yes","name":"Istitut Kattoliku","name:en":"Catholic Institute","name:mt":"Istitut Kattoliku"}}},{"type":"Feature","id":"way/518456464","geometry":{"type":"Point","coordinates":[14.2678466,36.0489707]},"properties":{"osm_type":"way","osm_id":518456464,"category":"museum","name":"It-Tempji tal-Ġgantija","wikidata":null,"wikipedia":null,"tags":{"building":"yes","name":"It-Tempji tal-Ġgantija","name:pl":"Muzeum Ġgantija","opening_hours":"Mo-Su 09:00-16:30","tourism":"museum","wheelchair":"yes"}}},{"type":"Feature","id":"way/523269551","geometry":{"type":"Point","coordinates":[14.4956093,35.9056695]},"properties":{"osm_type":"way","osm_id":523269551,"category":"theatre","name":"Orpheum","wikidata":null,"wikipedia":"en:Orpheum Theatre (Malta)","tags":{"addr:street":"Triq Sir Patrick Stuart","alt_name":"Orpheum Theatre","amenity":"theatre","building":"yes","name":"Orpheum","wikipedia":"en:Orpheum Theatre (Malta)"}}},{"type":"Feature","id":"way/548755011","geometry":{"type":"Point","coordinates":[14.5240816,35.8808027]},"properties":{"osm_type":"way","osm_id":548755011,"category":"fort","name":"Fort Verdala","wikidata":null,"wikipedia":null,"tags":{"historic":"fort","name":"Fort Verdala","name:mt":"Forti Verdala","tourism":"attraction"}}},{"type":"Feature","id":"way/548852610","geometry":{"type":"Point","coordinates":[14.3978375,35.8520828]},"properties":{"osm_type":"way","osm_id":548852610,"category":"archaeological_site","name":"Cart Ruts","wikidata":"Q1760477","wikipedia":"en:Misraħ Għar il-Kbir","tags":{"historic":"archaeological_site","name":"Cart Ruts","wikidata":"Q1760477","wikipedia":"en:Misraħ Għar il-Kbir"}}},{"type":"Feature","id":"way/549408049","geometry":{"type":"Point","coordinates":[14.557069,35.8402649]},"properties":{"osm_type":"way","osm_id":549408049,"category":"castle","name":"Fortizza Tas-Silġ","wikidata":"Q5472163","wikipedia":null,"tags":{"historic":"castle","name":"Fortizza Tas-Silġ","name:en":"Tas-Silġ Fortress","name:mt":"Fortizza Tas-Silġ","wikidata":"Q5472163"}}},{"type":"Feature","id":"way/550000122","geometry":{"type":"Point","coordinates":[14.3728039,35.9192243]},"properties":{"osm_type":"way","osm_id":550000122,"category":"archaeological_site","name":"Raddi","wikidata":null,"wikipedia":null,"tags":{"historic":"archaeological_site","name":"Raddi","name:en":"Cart Ruts"}}},{"type":"Feature","id":"way/550006769","geometry":{"type":"Point","coordinates":[14.4729298,35.8899925]},"properties":{"osm_type":"way","osm_id":550006769,"category":"monument","name":"L-Arkata ta' Wignacourt","wikidata":"Q21614221","wikipedia":"en:Wignacourt Arch","tags":{"building":"yes","historic":"monument","image":"https://photos.app.goo.gl/zAgBUtAiydbgxXcU6","name":"L-Arkata ta' Wignacourt","name:en":"Wignacourt Arch","wikidata":"Q21614221","wikipedia":"en:Wignacourt Arch"}}},{"type":"Feature","id":"way/550315829","geometry":{"type":"Point","coordinates":[14.5294404,35.8964196]},"properties":{"osm_type":"way","osm_id":550315829,"category":"historic","name":"Left Ravelin","wikidata":null,"wikipedia":null,"tags":{"historic":"citywalls","name":"Left Ravelin"}}},{"type":"Feature","id":"way/550470025","geometry":{"type":"Point","coordinates":[14.2550018,36.0463449]},"properties":{"osm_type":"way","osm_id":550470025,"category":"historic","name":"Sptar tal-Pesta","wikidata":null,"wikipedia":null,"tags":{"building":"yes","historic":"building","name":"Sptar tal-Pesta","name:en":"Plague Hospital","name:mt":"Sptar tal-Pesta","website":"https://www.visitgozo.com/experience-gozo/adventure-sports/xaghra-heritage-trail/"}}},{"type":"Feature","id":"way/550913824","geometry":{"type":"Point","coordinates":[14.5182926,35.8976644]},"properties":{"osm_type":"way","osm_id":550913824,"category":"memorial","name":"World War II Siege Bell","wikidata":null,"wikipedia":null,"tags":{"building":"yes","historic":"memorial","memorial":"war_memorial","name":"World War II Siege Bell","tourism":"attraction","wheelchair":"no"}}},{"type":"Feature","id":"way/551701982","geometry":{"type":"Point","coordinates":[14.5051626,35.9029266]},"properties":{"osm_type":"way","osm_id":551701982,"category":"fort","name":"Fort Manoel","wikidata":"Q1366489","wikipedia":null,"tags":{"heritage":"2","historic":"fort","name":"Fort Manoel","name:ar":"حصن مانويل","name:mt":"Forti Manoel","name:pl":"Fort Manuel","tourism":"attraction","wikidata":"Q1366489"}}},{"type":"Feature","id":"way/555548559","geometry":{"type":"Point","coordinates":[14.4839159,35.9272524]},"properties":{"osm_type":"way","osm_id":555548559,"category":"historic","name":"Il-Batterija ta' Pembroke","wikidata":null,"wikipedia":null,"tags":{"building":"yes","historic":"yes","name":"Il-Batterija ta' Pembroke","name:en":"Pembroke Battery","name:mt":"Il-Batterija ta' Pembroke"}}},{"type":"Feature","id":"way/558556928","geometry":{"type":"Point","coordinates":[14.4747324,35.925661]},"properties":{"osm_type":"way","osm_id":558556928,"category":"ruins","name":"Australia Hall","wikidata":"Q23640789","wikipedia":"en:Australia Hall","tags":{"historic":"ruins","name":"Australia Hall","wikidata":"Q23640789","wikipedia":"en:Australia Hall"}}},{"type":"Feature","id":"way/606696720","geometry":{"type":"Point","coordinates":[14.5288382,35.8310963]},"properties":{"osm_type":"way","osm_id":606696720,"category":"archaeological_site","name":"Borġ in-Nadur","wikidata":"Q2004454","wikipedia":"en:Borġ in-Nadur","tags":{"historic":"archaeological_site","name":"Borġ in-Nadur","wikidata":"Q2004454","wikipedia":"en:Borġ in-Nadur"}}},{"type":"Feature","id":"way/657400840","geometry":{"type":"Point","coordinates":[14.4770933,35.8531823]},"properties":{"osm_type":"way","osm_id":657400840,"category":"memorial","name":"Canberra","wikidata":null,"wikipedia":null,"tags":{"historic":"memorial","memorial":"war_memorial","name":"Canberra"}}},{"type":"Feature","id":"way/675096965","geometry":{"type":"Point","coordinates":[14.5258282,35.8357114]},"properties":{"osm_type":"way","osm_id":675096965,"category":"archaeological_site","name":"Villa Rumana ta' Kaċċatura","wikidata":"Q65083300","wikipedia":"en:Ta' Kaċċatura","tags":{"historic":"archaeological_site","name":"Villa Rumana ta' Kaċċatura","wikidata":"Q65083300","wikipedia":"en:Ta' Kaċċatura"}}},{"type":"Feature","id":"way/691542011","geometry":{"type":"Point","coordinates":[14.5269258,35.8967517]},"properties":{"osm_type":"way","osm_id":691542011,"category":"castle","name":"Forti Rikażli","wikidata":"Q1431801","wikipedia":"en:Fort Ricasoli","tags":{"historic":"castle","name":"Forti Rikażli","name:ar":"حصن ريكاسولي","name:en":"Fort Ricasoli","ruins":"yes","start_date":"1698","wikidata":"Q1431801","wikipedia":"en:Fort Ricasoli"}}},{"type":"Feature","id":"way/691695502","geometry":{"type":"Point","coordinates":[14.4987217,35.8929087]},"properties":{"osm_type":"way","osm_id":691695502,"category":"historic","name":"Pietà Lunette","wikidata":null,"wikipedia":null,"tags":{"historic":"citywalls","name":"Pietà Lunette"}}},{"type":"Feature","id":"way/691695503","geometry":{"type":"Point","coordinates":[14.5006674,35.8913454]},"properties":{"osm_type":"way","osm_id":691695503,"category":"historic","name":"Lunette","wikidata":null,"wikipedia":null,"tags":{"historic":"citywalls","name":"Lunette"}}},{"type":"Feature","id":"way/691695795","geometry":{"type":"Point","coordinates":[14.5012256,35.8862156]},"properties":{"osm_type":"way","osm_id":691695795,"category":"historic","name":"Musketry Spur of Marsa","wikidata":null,"wikipedia":null,"tags":{"historic":"citywalls","name":"Musketry Spur of Marsa"}}},{"type":"Feature","id":"way/691757053","geometry":{"type":"Point","coordinates":[14.4481906,35.8931067]},"properties":{"osm_type":"way","osm_id":691757053,"category":"historic","name":"L-Akwedott ta’ Wignacourt","wikidata":"Q15527073","wikipedia":"mt:L-Akwedott ta' Wignacourt (Malta)","tags":{"historic":"aqueduct","name":"L-Akwedott ta’ Wignacourt","name:en":"Wignacourt Aqueduct","tourism":"attraction","wikidata":"Q15527073","wikipedia":"mt:L-Akwedott ta' Wignacourt (Malta)"}}},{"type":"Feature","id":"way/722301219","geometry":{"type":"Point","coordinates":[14.4295469,35.8389339]},"properties":{"osm_type":"way","osm_id":722301219,"category":"historic","name":null,"wikidata":"Q20925954","wikipedia":null,"tags":{"historic":"aqueduct","wikidata":"Q20925954"}}},{"type":"Feature","id":"way/773746513","geometry":{"type":"Point","coordinates":[14.5362064,35.8901692]},"properties":{"osm_type":"way","osm_id":773746513,"category":"historic","name":"Yellow House","wikidata":null,"wikipedia":null,"tags":{"building":"yes","historic":"building","name":"Yellow House"}}},{"type":"Feature","id":"way/903772433","geometry":{"type":"Point","coordinates":[14.5594368,35.8780937]},"properties":{"osm_type":"way","osm_id":903772433,"category":"fort","name":"Forti San Leonardu","wikidata":"Q2622529","wikipedia":"en:Fort Leonardo","tags":{"historic":"fort","name":"Forti San Leonardu","tourism":"attraction","wikidata":"Q2622529","wikipedia":"en:Fort Leonardo"}}},{"type":"Feature","id":"way/903772435","geometry":{"type":"Point","coordinates":[14.5535783,35.8795171]},"properties":{"osm_type":"way","osm_id":903772435,"category":"historic","name":"Dar tal-Barunissa","wikidata":null,"wikipedia":null,"tags":{"building":"yes","historic":"building","name":"Dar tal-Barunissa","name:mt":"Id-Dar tas-Soru"}}},{"type":"Feature","id":"way/904058899","geometry":{"type":"Point","coordinates":[14.5338561,35.8748332]},"properties":{"osm_type":"way","osm_id":904058899,"category":"museum","name":"Mużew tas-Santwarju tal-Madonna tal-Grazzja","wikidata":null,"wikipedia":null,"tags":{"building":"yes","name":"Mużew tas-Santwarju tal-Madonna tal-Grazzja","tourism":"museum"}}},{"type":"Feature","id":"way/904266946","geometry":{"type":"Point","coordinates":[14.5320654,35.8534772]},"properties":{"osm_type":"way","osm_id":904266946,"category":"castle","name":"Aedis Danielis","wikidata":null,"wikipedia":null,"tags":{"building":"residential","historic":"castle","name":"Aedis Danielis","start_date":"1659"}}},{"type":"Feature","id":"way/904266947","geometry":{"type":"Point","coordinates":[14.5318475,35.8535622]},"properties":{"osm_type":"way","osm_id":904266947,"category":"historic","name":"Aedis Danielis","wikidata":"Q65122701","wikipedia":"en:Ædes Danielis","tags":{"building":"yes","historic":"building","name":"Aedis Danielis","name:it":"Palazzo Gregorio Bonici","start_date":"1659","wikidata":"Q65122701","wikipedia":"en:Ædes Danielis"}}},{"type":"Feature","id":"way/904266949","geometry":{"type":"Point","coordinates":[14.5310968,35.8548248]},"properties":{"osm_type":"way","osm_id":904266949,"category":"historic","name":"Villa Curmi","wikidata":null,"wikipedia":null,"tags":{"building":"house","historic":"house","name":"Villa Curmi","start_date":"1890"}}},{"type":"Feature","id":"way/904781457","geometry":{"type":"Point","coordinates":[14.5322282,35.8528752]},"properties":{"osm_type":"way","osm_id":904781457,"category":"historic","name":"Ta' Ġużeppi Farmhouse","wikidata":null,"wikipedia":null,"tags":{"building":"yes","historic":"building","name":"Ta' Ġużeppi Farmhouse"}}},{"type":"Feature","id":"way/904789344","geometry":{"type":"Point","coordinates":[14.4417306,35.871639]},"properties":{"osm_type":"way","osm_id":904789344,"category":"historic","name":"Każin San Ġużepp Band De Rohan (Każin tal-Ajkla).","wikidata":null,"wikipedia":null,"tags":{"building":"yes","historic":"building","name":"Każin San Ġużepp Band De Rohan (Każin tal-Ajkla).","name:mt":"Każin San Ġużepp Band De Rohan"}}},{"type":"Feature","id":"way/904789345","geometry":{"type":"Point","coordinates":[14.442648,35.8722363]},"properties":{"osm_type":"way","osm_id":904789345,"category":"historic","name":"Id-Domus","wikidata":null,"wikipedia":null,"tags":{"building":"yes","historic":"building","name":"Id-Domus"}}},{"type":"Feature","id":"way/904789350","geometry":{"type":"Point","coordinates":[14.4428325,35.873108]},"properties":{"osm_type":"way","osm_id":904789350,"category":"historic","name":"MUSEUM Żebbuġ","wikidata":null,"wikipedia":null,"tags":{"building":"yes","historic":"building","name":"MUSEUM Żebbuġ"}}},{"type":"Feature","id":"way/904792340","geometry":{"type":"Point","coordinates":[14.5380042,35.8532547]},"properties":{"osm_type":"way","osm_id":904792340,"category":"memorial","name":"San Girgor","wikidata":null,"wikipedia":null,"tags":{"historic":"memorial","material":"stone","memorial":"statue","name":"San Girgor"}}},{"type":"Feature","id":"way/905364700","geometry":{"type":"Point","coordinates":[14.5357931,35.8516772]},"properties":{"osm_type":"way","osm_id":905364700,"category":"archaeological_site","name":"Żejtun Roman Villa","wikidata":"Q15949942","wikipedia":"pl:Rzymska willa w Żejtun","tags":{"historic":"archaeological_site","name":"Żejtun Roman Villa","name:my":"Villa Rumana taż-Żejun","wikidata":"Q15949942","wikipedia":"pl:Rzymska willa w Żejtun"}}},{"type":"Feature","id":"way/907237693","geometry":{"type":"Point","coordinates":[14.4078969,35.8402586]},"properties":{"osm_type":"way","osm_id":907237693,"category":"historic","name":"Ta' Krispinu","wikidata":null,"wikipedia":null,"tags":{"building":"farm","historic":"building","name":"Ta' Krispinu"}}},{"type":"Feature","id":"way/907304152","geometry":{"type":"Point","coordinates":[14.5228116,35.8923287]},"properties":{"osm_type":"way","osm_id":907304152,"category":"historic","name":"Bighi Baths","wikidata":null,"wikipedia":null,"tags":{"building":"yes","historic":"building","name":"Bighi Baths"}}},{"type":"Feature","id":"way/907304153","geometry":{"type":"Point","coordinates":[14.5228392,35.8926346]},"properties":{"osm_type":"way","osm_id":907304153,"category":"historic","name":"Bighi Baths","wikidata":null,"wikipedia":null,"tags":{"building":"yes","historic":"building","name":"Bighi Baths"}}},{"type":"Feature","id":"way/907304159","geometry":{"type":"Point","coordinates":[14.5377758,35.8925841]},"properties":{"osm_type":"way","osm_id":907304159,"category":"fort","name":"Forti Santu Rokku","wikidata":"Q1651750","wikipedia":"en:Fort Saint Rocco","tags":{"historic":"fort","name":"Forti Santu Rokku","wikidata":"Q1651750","wikipedia":"en:Fort Saint Rocco"}}},{"type":"Feature","id":"way/907307646","geometry":{"type":"Point","coordinates":[14.5400303,35.8872005]},"properties":{"osm_type":"way","osm_id":907307646,"category":"archaeological_site","name":"Batterija ta' San Pietru","wikidata":null,"wikipedia":null,"tags":{"historic":"archaeological_site","name":"Batterija ta' San Pietru","name:en":"St. Peter's Battery"}}},{"type":"Feature","id":"way/907344138","geometry":{"type":"Point","coordinates":[14.5265364,35.8860674]},"properties":{"osm_type":"way","osm_id":907344138,"category":"city_gate","name":"Il-Bieb tas-Salvatur","wikidata":null,"wikipedia":null,"tags":{"building":"yes","historic":"city_gate","name":"Il-Bieb tas-Salvatur","start_date":"1722"}}},{"type":"Feature","id":"way/907369615","geometry":{"type":"Point","coordinates":[14.5356553,35.8753142]},"properties":{"osm_type":"way","osm_id":907369615,"category":"historic","name":"L-Għassa l-Antika","wikidata":null,"wikipedia":null,"tags":{"building":"yes","historic":"building","name":"L-Għassa l-Antika","name:mt":"L-Għassa l-Antika"}}},{"type":"Feature","id":"way/907683188","geometry":{"type":"Point","coordinates":[14.572964,35.8611717]},"properties":{"osm_type":"way","osm_id":907683188,"category":"fort","name":"Batterija tat-Torri ta' San Tumas","wikidata":null,"wikipedia":null,"tags":{"building":"yes","historic":"fort","name":"Batterija tat-Torri ta' San Tumas","start_date":"1715"}}},{"type":"Feature","id":"way/907758842","geometry":{"type":"Point","coordinates":[14.5321638,35.8569402]},"properties":{"osm_type":"way","osm_id":907758842,"category":"historic","name":"Skola Primarja Żejtun B","wikidata":null,"wikipedia":null,"tags":{"building":"school","historic":"building","name":"Skola Primarja Żejtun B","name:mt":"Skola Primarja Zejtun B"}}},{"type":"Feature","id":"way/908629443","geometry":{"type":"Point","coordinates":[14.4709059,35.9295722]},"properties":{"osm_type":"way","osm_id":908629443,"category":"historic","name":"Fondazzjoni għall-Iskejjel ta' Għada (FTS)","wikidata":null,"wikipedia":null,"tags":{"building":"yes","historic":"building","name":"Fondazzjoni għall-Iskejjel ta' Għada (FTS)","name:en":"Foundation for Tomorrow's Schools (FTS)","name:mt":"Fondazzjoni għall-Iskejjel ta' Għada"}}},{"type":"Feature","id":"way/909941707","geometry":{"type":"Point","coordinates":[14.4994995,35.8327851]},"properties":{"osm_type":"way","osm_id":909941707,"category":"ruins","name":"Torri ta' Ġawhar","wikidata":"Q1316697","wikipedia":"en:Ta' Ġawhar Tower","tags":{"historic":"ruins","name":"Torri ta' Ġawhar","name:mt":"Torri ta' Gawhar","ruins":"tower","wikidata":"Q1316697","wikipedia":"en:Ta' Ġawhar Tower"}}},{"type":"Feature","id":"way/909941708","geometry":{"type":"Point","coordinates":[14.4595727,35.8497491]},"properties":{"osm_type":"way","osm_id":909941708,"category":"ruins","name":"Torri ta' Wilġa / Tat-Torrijiet","wikidata":null,"wikipedia":null,"tags":{"historic":"ruins","name":"Torri ta' Wilġa / Tat-Torrijiet","name:mt":"Torri ta' Wilga / Tat-Torrijiet","ruins":"tower"}}},{"type":"Feature","id":"way/910012889","geometry":{"type":"Point","coordinates":[14.4800624,35.90736]},"properties":{"osm_type":"way","osm_id":910012889,"category":"ruins","name":"Torri ta' Ċieda","wikidata":null,"wikipedia":null,"tags":{"historic":"ruins","name":"Torri ta' Ċieda","name:mt":"Torri ta' Ċieda","ruins":"tower"}}},{"type":"Feature","id":"way/910086824","geometry":{"type":"Point","coordinates":[14.4425784,35.9197887]},"properties":{"osm_type":"way","osm_id":910086824,"category":"historic","name":"Torri Gauci","wikidata":"Q20949403","wikipedia":"en:Gauci Tower","tags":{"building":"yes","historic":"building","name":"Torri Gauci","start_date":"1548","wikidata":"Q20949403","wikipedia":"en:Gauci Tower"}}},{"type":"Feature","id":"way/925578356","geometry":{"type":"Point","coordinates":[14.406998,35.8819168]},"properties":{"osm_type":"way","osm_id":925578356,"category":"historic","name":"Notabile Station","wikidata":null,"wikipedia":null,"tags":{"building":"yes","historic":"building","name":"Notabile Station","start_date":"1883/02/28"}}},{"type":"Feature","id":"way/933176154","geometry":{"type":"Point","coordinates":[14.4950197,35.8922275]},"properties":{"osm_type":"way","osm_id":933176154,"category":"historic","name":"Villa Guardiamangia","wikidata":"Q20949752","wikipedia":"en:Villa Guardamangia","tags":{"building":"house","historic":"house","name":"Villa Guardiamangia","wikidata":"Q20949752","wikipedia":"en:Villa Guardamangia"}}},{"type":"Feature","id":"way/936261964","geometry":{"type":"Point","coordinates":[14.5006894,35.8885273]},"properties":{"osm_type":"way","osm_id":936261964,"category":"historic","name":"Crownwork","wikidata":null,"wikipedia":null,"tags":{"historic":"citywalls","name":"Crownwork"}}},{"type":"Feature","id":"way/954925714","geometry":{"type":"Point","coordinates":[14.446769,35.9419125]},"properties":{"osm_type":"way","osm_id":954925714,"category":"archaeological_site","name":"Ta' Ħammud Dolmens","wikidata":null,"wikipedia":null,"tags":{"historic":"archaeological_site","name":"Ta' Ħammud Dolmens"}}},{"type":"Feature","id":"way/955386427","geometry":{"type":"Point","coordinates":[14.3346626,35.898672]},"properties":{"osm_type":"way","osm_id":955386427,"category":"archaeological_site","name":"Qlejgħa tal-Baħrija","wikidata":null,"wikipedia":null,"tags":{"historic":"archaeological_site","name":"Qlejgħa tal-Baħrija"}}},{"type":"Feature","id":"way/966443877","geometry":{"type":"Point","coordinates":[14.3830747,35.952081]},"properties":{"osm_type":"way","osm_id":966443877,"category":"archaeological_site","name":"Raddet Ir-Roti","wikidata":null,"wikipedia":null,"tags":{"historic":"archaeological_site","name":"Raddet Ir-Roti","name:en":"Phoenician Cart Ruts"}}},{"type":"Feature","id":"way/967916070","geometry":{"type":"Point","coordinates":[14.5239917,35.8912674]},"properties":{"osm_type":"way","osm_id":967916070,"category":"artwork","name":"Globu tal-Ħġieġ l-Esplora","wikidata":null,"wikipedia":null,"tags":{"artwork_type":"installation","name":"Globu tal-Ħġieġ l-Esplora","name:en":"Esplore Glass Globe","tourism":"artwork"}}},{"type":"Feature","id":"way/980487945","geometry":{"type":"Point","coordinates":[14.4000543,35.8862058]},"properties":{"osm_type":"way","osm_id":980487945,"category":"historic","name":"Għajn Ħammiem","wikidata":null,"wikipedia":null,"tags":{"building":"yes","historic":"washing_place","name":"Għajn Ħammiem"}}},{"type":"Feature","id":"way/980487949","geometry":{"type":"Point","coordinates":[14.3959275,35.8847951]},"properties":{"osm_type":"way","osm_id":980487949,"category":"historic","name":"Għajn Għeriexem","wikidata":null,"wikipedia":null,"tags":{"historic":"washing_place","name":"Għajn Għeriexem"}}},{"type":"Feature","id":"way/1070406965","geometry":{"type":"Point","coordinates":[14.5634888,35.8575176]},"properties":{"osm_type":"way","osm_id":1070406965,"category":"artwork","name":"San Spiridjun","wikidata":null,"wikipedia":null,"tags":{"artwork_type":"statue","material":"limestone","name":"San Spiridjun","tourism":"artwork"}}},{"type":"Feature","id":"way/1084264292","geometry":{"type":"Point","coordinates":[14.4945079,35.8830363]},"properties":{"osm_type":"way","osm_id":1084264292,"category":"memorial","name":"It-Tabib Henry Sacco","wikidata":null,"wikipedia":null,"tags":{"historic":"memorial","memorial":"statue","name":"It-Tabib Henry Sacco"}}},{"type":"Feature","id":"way/1103804422","geometry":{"type":"Point","coordinates":[14.5038738,35.9165665]},"properties":{"osm_type":"way","osm_id":1103804422,"category":"historic","name":"Roman Baths","wikidata":null,"wikipedia":null,"tags":{"historic":"yes","name":"Roman Baths"}}},{"type":"Feature","id":"way/1117449043","geometry":{"type":"Point","coordinates":[14.4893681,35.923163]},"properties":{"osm_type":"way","osm_id":1117449043,"category":"heritage","name":"Mercury House","wikidata":null,"wikipedia":null,"tags":{"addr:postcode":"STJ 3202","building":"yes","heritage":"yes","name":"Mercury House","operator":"J. Portelli Projects","start_date":"1903"}}},{"type":"Feature","id":"way/1155298907","geometry":{"type":"Point","coordinates":[14.5171061,35.8661921]},"properties":{"osm_type":"way","osm_id":1155298907,"category":"historic","name":"Is-Salib tad-Dejma","wikidata":null,"wikipedia":null,"tags":{"historic":"wayside_cross","name":"Is-Salib tad-Dejma","start_date":"1905-03-22"}}},{"type":"Feature","id":"way/1155304376","geometry":{"type":"Point","coordinates":[14.5395968,35.8774632]},"properties":{"osm_type":"way","osm_id":1155304376,"category":"memorial","name":"Agatha Barbara","wikidata":null,"wikipedia":null,"tags":{"historic":"memorial","memorial":"statue","name":"Agatha Barbara"}}},{"type":"Feature","id":"way/1165107133","geometry":{"type":"Point","coordinates":[14.535236,35.8548438]},"properties":{"osm_type":"way","osm_id":1165107133,"category":"historic","name":"Iċ-Ċentru tal-Arti u l-Artiġġjanat","wikidata":null,"wikipedia":null,"tags":{"building":"yes","historic":"yes","name":"Iċ-Ċentru tal-Arti u l-Artiġġjanat","name:mt":"Iċ-Ċentru tal-Arti u l-Artiġġjanat"}}},{"type":"Feature","id":"way/1192808997","geometry":{"type":"Point","coordinates":[14.3837623,35.9431067]},"properties":{"osm_type":"way","osm_id":1192808997,"category":"historic","name":"Xemxija Aqueduct","wikidata":null,"wikipedia":null,"tags":{"historic":"aqueduct","name":"Xemxija Aqueduct","tourism":"attraction"}}},{"type":"Feature","id":"way/1201145196","geometry":{"type":"Point","coordinates":[14.4772206,35.9057107]},"properties":{"osm_type":"way","osm_id":1201145196,"category":"historic","name":"Ir-Razzett ta' Xindi","wikidata":"Q121765274","wikipedia":"en:Ta' Xindi Farmhouse","tags":{"alt_name":"Ta' Xindi Headquarters;Kappara Outpost","building":"farm","historic":"building","name":"Ir-Razzett ta' Xindi","wikidata":"Q121765274","wikipedia":"en:Ta' Xindi Farmhouse"}}},{"type":"Feature","id":"way/1210786425","geometry":{"type":"Point","coordinates":[14.5422308,35.8564983]},"properties":{"osm_type":"way","osm_id":1210786425,"category":"historic","name":"Dar il-Kastellan","wikidata":null,"wikipedia":null,"tags":{"building":"yes","historic":"building","name":"Dar il-Kastellan"}}},{"type":"Feature","id":"way/1246328881","geometry":{"type":"Point","coordinates":[14.3805933,35.9484812]},"properties":{"osm_type":"way","osm_id":1246328881,"category":"archaeological_site","name":"Il-Mighba Rumana","wikidata":null,"wikipedia":null,"tags":{"historic":"archaeological_site","name":"Il-Mighba Rumana","name:en":"Roman Apiaries"}}},{"type":"Feature","id":"way/1246328884","geometry":{"type":"Point","coordinates":[14.3833957,35.9526313]},"properties":{"osm_type":"way","osm_id":1246328884,"category":"archaeological_site","name":"Roman Bath","wikidata":null,"wikipedia":null,"tags":{"historic":"archaeological_site","name":"Roman Bath"}}},{"type":"Feature","id":"way/1246328889","geometry":{"type":"Point","coordinates":[14.3810404,35.9498044]},"properties":{"osm_type":"way","osm_id":1246328889,"category":"historic","name":"Gorbog Il-Bidwi","wikidata":null,"wikipedia":null,"tags":{"building":"ruins","historic":"farm","name":"Gorbog Il-Bidwi","name:en":"Farmers Hut"}}},{"type":"Feature","id":"way/1246328892","geometry":{"type":"Point","coordinates":[14.381138,35.9498126]},"properties":{"osm_type":"way","osm_id":1246328892,"category":"archaeological_site","name":"Għerien","wikidata":null,"wikipedia":null,"tags":{"historic":"archaeological_site","name":"Għerien","name:en":"Cave dwelling"}}},{"type":"Feature","id":"way/1246898828","geometry":{"type":"Point","coordinates":[14.5232082,35.8881181]},"properties":{"osm_type":"way","osm_id":1246898828,"category":"museum","name":"The Norman House","wikidata":null,"wikipedia":null,"tags":{"addr:housenumber":"9","alt_name":"The Norman House (North Street)","building":"house","heritage":"yes","historic":"house","name":"The Norman House","name:fr":"Maison Normande","name:mt":"Id-Dar Normanna (Triq it-Tramuntata)","opening_hours":"Mo-Su 08:30-17:00","tourism":"museum","wheelchair":"no"}}},{"type":"Feature","id":"way/1246904000","geometry":{"type":"Point","coordinates":[14.5220895,35.8879152]},"properties":{"osm_type":"way","osm_id":1246904000,"category":"artwork","name":"Lawrence of Rome","wikidata":null,"wikipedia":null,"tags":{"artwork_type":"sculpture","name":"Lawrence of Rome","name:mt":"San Lawrenz","tourism":"artwork"}}},{"type":"Feature","id":"way/1246908375","geometry":{"type":"Point","coordinates":[14.5214842,35.8870589]},"properties":{"osm_type":"way","osm_id":1246908375,"category":"heritage","name":"IBB Hotel Palazzo Bettina","wikidata":null,"wikipedia":null,"tags":{"addr:housenumber":"3","addr:street":"Triq San Gorġ","building":"hotel","heritage":"yes","name":"IBB Hotel Palazzo Bettina"}}},{"type":"Feature","id":"way/1247409747","geometry":{"type":"Point","coordinates":[14.2649036,36.0464332]},"properties":{"osm_type":"way","osm_id":1247409747,"category":"archaeological_site","name":"Iċ-Ċirku tax-Xagħra","wikidata":"Q844037","wikipedia":"en:Xagħra Stone Circle","tags":{"alt_name":"Iċ-Ċirku ta' Brockdorff","historic":"archaeological_site","name":"Iċ-Ċirku tax-Xagħra","name:en":"Xagħra Stone Circle","wikidata":"Q844037","wikipedia":"en:Xagħra Stone Circle"}}},{"type":"Feature","id":"way/1327843291","geometry":{"type":"Point","coordinates":[14.4943509,35.909565]},"properties":{"osm_type":"way","osm_id":1327843291,"category":"ruins","name":"Villa Portelli","wikidata":null,"wikipedia":null,"tags":{"historic":"ruins","name":"Villa Portelli","ruins":"wall"}}},{"type":"Feature","id":"way/1330704860","geometry":{"type":"Point","coordinates":[14.5470078,35.8510218]},"properties":{"osm_type":"way","osm_id":1330704860,"category":"fort","name":"Il-Batterija ta’ Misraħ Strejnu","wikidata":null,"wikipedia":null,"tags":{"historic":"fort","name":"Il-Batterija ta’ Misraħ Strejnu"}}},{"type":"Feature","id":"way/1330839313","geometry":{"type":"Point","coordinates":[14.5511223,35.8678356]},"properties":{"osm_type":"way","osm_id":1330839313,"category":"archaeological_site","name":"Iċ-Ċirku","wikidata":null,"wikipedia":null,"tags":{"historic":"archaeological_site","name":"Iċ-Ċirku","website":"https://www.protectedplanet.net/555546299"}}},{"type":"Feature","id":"way/1346347074","geometry":{"type":"Point","coordinates":[14.3993327,35.882896]},"properties":{"osm_type":"way","osm_id":1346347074,"category":"historic","name":"Casa Bernard","wikidata":null,"wikipedia":null,"tags":{"addr:housenumber":"46","addr:street":"Triq San Pawl","building":"yes","historic":"building","name":"Casa Bernard"}}},{"type":"Feature","id":"way/1347925267","geometry":{"type":"Point","coordinates":[14.4157999,35.8933902]},"properties":{"osm_type":"way","osm_id":1347925267,"category":"museum","name":"Malta Aviation Museum","wikidata":"Q18060014","wikipedia":"en:Malta Aviation Museum","tags":{"addr:city":"Ħ'Attard","addr:country":"MT","addr:postcode":"ATD 4000","addr:street":"Ta' Qali","name":"Malta Aviation Museum","phone":"+356 2141 6095","tourism":"museum","website":"https://www.maltaaviationmuseum.com/","wikidata":"Q18060014","wikipedia":"en:Malta Aviation Museum"}}},{"type":"Feature","id":"way/1350417862","geometry":{"type":"Point","coordinates":[14.3971805,35.8813629]},"properties":{"osm_type":"way","osm_id":1350417862,"category":"archaeological_site","name":"Katakombi ta' San Pawl","wikidata":"Q3663203","wikipedia":"en:St. Paul's Catacombs","tags":{"historic":"archaeological_site","name":"Katakombi ta' San Pawl","name:en":"St. Paul's Catacombs","wikidata":"Q3663203","wikipedia":"en:St. Paul's Catacombs"}}},{"type":"Feature","id":"way/1350417863","geometry":{"type":"Point","coordinates":[14.3977819,35.8807321]},"properties":{"osm_type":"way","osm_id":1350417863,"category":"archaeological_site","name":"Katakombi ta' San Pawl","wikidata":"Q3663203","wikipedia":"en:St. Paul's Catacombs","tags":{"historic":"archaeological_site","name":"Katakombi ta' San Pawl","name:en":"St. Paul's Catacombs","wikidata":"Q3663203","wikipedia":"en:St. Paul's Catacombs"}}},{"type":"Feature","id":"way/1350610457","geometry":{"type":"Point","coordinates":[14.5081137,35.896981]},"properties":{"osm_type":"way","osm_id":1350610457,"category":"memorial","name":"Mafkar Lord Hastings","wikidata":null,"wikipedia":"en:Hastings Gardens","tags":{"historic":"memorial","memorial":"sculpture","name":"Mafkar Lord Hastings","wikipedia":"en:Hastings Gardens"}}},{"type":"Feature","id":"way/1351769922","geometry":{"type":"Point","coordinates":[14.416209,35.9155422]},"properties":{"osm_type":"way","osm_id":1351769922,"category":"archaeological_site","name":"Ta Bistra Catacombs","wikidata":"Q124545594","wikipedia":null,"tags":{"historic":"archaeological_site","name":"Ta Bistra Catacombs","wikidata":"Q124545594"}}},{"type":"Feature","id":"way/1365081962","geometry":{"type":"Point","coordinates":[14.4861624,35.8965547]},"properties":{"osm_type":"way","osm_id":1365081962,"category":"historic","name":"Għajn tal-Ħasselin","wikidata":null,"wikipedia":null,"tags":{"historic":"lavoir","name":"Għajn tal-Ħasselin"}}},{"type":"Feature","id":"way/1367122337","geometry":{"type":"Point","coordinates":[14.3652936,35.9917328]},"properties":{"osm_type":"way","osm_id":1367122337,"category":"artwork","name":"Madonna Berikna","wikidata":null,"wikipedia":null,"tags":{"artwork_type":"statue","name":"Madonna Berikna","tourism":"artwork"}}},{"type":"Feature","id":"way/1368029906","geometry":{"type":"Point","coordinates":[14.4003551,35.9656885]},"properties":{"osm_type":"way","osm_id":1368029906,"category":"memorial","name":"Statwa ta' San Pawl","wikidata":null,"wikipedia":null,"tags":{"historic":"memorial","material":"stone","memorial":"statue","name":"Statwa ta' San Pawl"}}},{"type":"Feature","id":"way/1369024096","geometry":{"type":"Point","coordinates":[14.2401802,36.0450931]},"properties":{"osm_type":"way","osm_id":1369024096,"category":"theatre","name":"Teatru Astra","wikidata":"Q107300916","wikipedia":null,"tags":{"addr:housenumber":"9","addr:postcode":"VCT 1012","addr:street":"Triq ir-Repubblika","amenity":"theatre","building":"yes","email":"info@teatruastra.org.mt","name":"Teatru Astra","phone":"21556256","website":"https://www.teatruastra.org.mt/","wikidata":"Q107300916"}}},{"type":"Feature","id":"way/1371587363","geometry":{"type":"Point","coordinates":[14.5193502,35.8819957]},"properties":{"osm_type":"way","osm_id":1371587363,"category":"historic","name":"Villa Torrensi","wikidata":null,"wikipedia":null,"tags":{"building":"yes","historic":"building","name":"Villa Torrensi"}}},{"type":"Feature","id":"way/1411923693","geometry":{"type":"Point","coordinates":[14.4035184,35.8848091]},"properties":{"osm_type":"way","osm_id":1411923693,"category":"city_gate","name":"Mdina Gate","wikidata":"Q63247680","wikipedia":"en:Mdina Gate","tags":{"historic":"city_gate","image":"https://photos.app.goo.gl/UymRKADQJLSUpaU86","name":"Mdina Gate","tourism":"attraction","wheelchair":"yes","wikidata":"Q63247680","wikipedia":"en:Mdina Gate"}}},{"type":"Feature","id":"way/1433725558","geometry":{"type":"Point","coordinates":[14.5124235,35.8946635]},"properties":{"osm_type":"way","osm_id":1433725558,"category":"fort","name":"Saluting Battery","wikidata":null,"wikipedia":null,"tags":{"historic":"fort","name":"Saluting Battery"}}},{"type":"Feature","id":"way/1442878157","geometry":{"type":"Point","coordinates":[14.508437,35.8991823]},"properties":{"osm_type":"way","osm_id":1442878157,"category":"memorial","name":"Sir Robert Cavendish Spencer","wikidata":null,"wikipedia":null,"tags":{"buried:wikidata":"Q18821859","historic":"memorial","material":"limestone","memorial":"grave","name":"Sir Robert Cavendish Spencer"},"buried_wikidata":"Q18821859"}},{"type":"Feature","id":"way/1443969537","geometry":{"type":"Point","coordinates":[14.4775626,35.8910423]},"properties":{"osm_type":"way","osm_id":1443969537,"category":"theatre","name":"Malta Amateur Drama Company Clubrooms","wikidata":null,"wikipedia":null,"tags":{"amenity":"theatre","building":"yes","name":"Malta Amateur Drama Company Clubrooms"}}},{"type":"Feature","id":"way/1448581797","geometry":{"type":"Point","coordinates":[14.5007331,35.8942188]},"properties":{"osm_type":"way","osm_id":1448581797,"category":"museum","name":"Malta International Contemporary Art Space","wikidata":null,"wikipedia":null,"tags":{"addr:city":"Il-Furjana","addr:postcode":"FRN 1830","addr:street":"Triq Joseph Mangion","amenity":"arts_centre","building":"yes","email":"info@micas.art","name":"Malta International Contemporary Art Space","opening_hours":"We-Th,Sa-Su 10:00-18:00; Fr 10:00-20:00; Tu 12:00-18:00","phone":"+356 2334 7451","tourism":"museum","website":"https://micas.art/"}}},{"type":"Feature","id":"way/1509762340","geometry":{"type":"Point","coordinates":[14.5008411,35.8945688]},"properties":{"osm_type":"way","osm_id":1509762340,"category":"museum","name":"MICAS Vaults","wikidata":null,"wikipedia":null,"tags":{"addr:city":"Il-Furjana","addr:postcode":"FRN 1830","addr:street":"Triq Joseph Mangion","amenity":"arts_centre","building":"yes","email":"info@micas.art","name":"MICAS Vaults","opening_hours":"We-Th,Sa-Su 10:00-18:00; Fr 10:00-20:00; Tu 12:00-18:00","phone":"+356 2334 7451","tourism":"museum","website":"https://micas.art/"}}},{"type":"Feature","id":"way/1510313702","geometry":{"type":"Point","coordinates":[14.2335538,36.0298884]},"properties":{"osm_type":"way","osm_id":1510313702,"category":"fort","name":"Fort Żgħawri","wikidata":null,"wikipedia":null,"tags":{"building":"yes","historic":"fort","name":"Fort Żgħawri"}}},{"type":"Feature","id":"way/1550339328","geometry":{"type":"Point","coordinates":[14.4934591,35.9161424]},"properties":{"osm_type":"way","osm_id":1550339328,"category":"heritage","name":"Binja Vinċenti","wikidata":null,"wikipedia":null,"tags":{"addr:city":"San Ġiljan","addr:street":"Triq Ġorġ Borg Olivier","building":"apartments","heritage":"yes","name":"Binja Vinċenti","name:en":"Vincenti Buildings","name:mt":"Binja Vinċenti"}}},{"type":"Feature","id":"relation/3509832","geometry":{"type":"Point","coordinates":[14.5155832,35.8985463]},"properties":{"osm_type":"relation","osm_id":3509832,"category":"heritage","name":"University of Malta (Valletta Campus)","wikidata":"Q47499270","wikipedia":null,"tags":{"building":"university","heritage":"2","historic":"heritage","name":"University of Malta (Valletta Campus)","name:es":"Universidad Antigua","name:mt":"L-Universita’ l-Antika","wikidata":"Q47499270"}}},{"type":"Feature","id":"relation/3968465","geometry":{"type":"Point","coordinates":[14.5131424,35.9007254]},"properties":{"osm_type":"relation","osm_id":3968465,"category":"castle","name":"Archbishop's Palace","wikidata":"Q114269861","wikipedia":"en:Archbishop's Palace, Valletta","tags":{"addr:city":"Valletta","building":"house","historic":"castle","name":"Archbishop's Palace","name:ar":"قصر رئيس الأساقفة","name:mt":"Palazz tal-Arċisqof","start_date":"1624","wikidata":"Q114269861","wikipedia":"en:Archbishop's Palace, Valletta"}}},{"type":"Feature","id":"relation/4434917","geometry":{"type":"Point","coordinates":[14.5141088,35.8986046]},"properties":{"osm_type":"relation","osm_id":4434917,"category":"museum","name":"Grand Master's Palace","wikidata":"Q1368885","wikipedia":"en:Grandmaster's Palace, Valletta","tags":{"building":"yes","historic":"castle","name":"Grand Master's Palace","name:ar":"قصر السيد الأكبر","name:de":"Großmeisterpalast","name:en":"Grandmaster's Palace","name:es":"Palacio del Gran Maestre","name:fr":"Palais magistral","name:it":"Palazzo del Grande Maestro","name:mt":"Palazz tal-Gran Mastru","name:nl":"Grootmeesterspaleis","name:no":"Stormesterens palass","name:pl":"Pałac Wielkiego Mistrza","name:pt":"Palácio do Grão-Mestre","name:uk":"Палац Великого Магістра","name:zh":"大教长宫","operator":"Heritage Malta","tourism":"museum","website":"https://www.heritagemalta.org/","wikidata":"Q1368885","wikipedia":"en:Grandmaster's Palace, Valletta"}}},{"type":"Feature","id":"relation/4445600","geometry":{"type":"Point","coordinates":[14.5573264,35.8240459]},"properties":{"osm_type":"relation","osm_id":4445600,"category":"ruins","name":"Fort Delimara","wikidata":null,"wikipedia":null,"tags":{"historic":"ruins","name":"Fort Delimara"}}},{"type":"Feature","id":"relation/5140841","geometry":{"type":"Point","coordinates":[14.4614126,35.8982436]},"properties":{"osm_type":"relation","osm_id":5140841,"category":"historic","name":"Kulleġġ Santa Tereża","wikidata":null,"wikipedia":null,"tags":{"building":"school","historic":"yes","name":"Kulleġġ Santa Tereża"}}},{"type":"Feature","id":"relation/5758083","geometry":{"type":"Point","coordinates":[14.509153,35.8961824]},"properties":{"osm_type":"relation","osm_id":5758083,"category":"heritage","name":"City of Valletta","wikidata":"Q23800","wikipedia":null,"tags":{"heritage":"1","historic":"heritage","name":"City of Valletta","name:en":"City of Valletta","wikidata":"Q23800"}}},{"type":"Feature","id":"relation/5760252","geometry":{"type":"Point","coordinates":[14.5113568,35.8959039]},"properties":{"osm_type":"relation","osm_id":5760252,"category":"heritage","name":"Il-Berġa ta' Kastilja","wikidata":"Q2499012","wikipedia":null,"tags":{"addr:city":"Il-Belt Valletta","addr:postcode":"VLT 1061","addr:street":"Pjazza Kastilja","building":"yes","heritage":"2","historic":"heritage","image":"https://photos.app.goo.gl/kPkzpaRbdGSRk3N5A","name":"Il-Berġa ta' Kastilja","name:ar":"نزل كاستيل","name:de":"Herberge von Kastilien","name:en":"Castille Place","name:es":"Albergue de Castilla","name:fr":"Auberge de Castille","name:mt":"Il-Berga ta’ Kastilja","tourism":"attraction","wikidata":"Q2499012"}}},{"type":"Feature","id":"relation/5760253","geometry":{"type":"Point","coordinates":[14.509222,35.8982908]},"properties":{"osm_type":"relation","osm_id":5760253,"category":"museum","name":"National Museum of Fine Arts","wikidata":"Q6974470","wikipedia":null,"tags":{"building":"yes","heritage":"2","historic":"heritage","name":"National Museum of Fine Arts","name:ar":"المتحف الوطني للفنون الجميلة","name:mt":"Muzew tal-Arti","name:pl":"Narodowe Muzeum Sztuk Pięknych","tourism":"museum","website":"https://www.heritagemalta.org/","wikidata":"Q6974470"}}},{"type":"Feature","id":"relation/5828400","geometry":{"type":"Point","coordinates":[14.4266,35.9225954]},"properties":{"osm_type":"relation","osm_id":5828400,"category":"fort","name":"Fort Mosta","wikidata":"Q18708368","wikipedia":null,"tags":{"building":"bunker","historic":"fort","name":"Fort Mosta","wikidata":"Q18708368"}}},{"type":"Feature","id":"relation/6681205","geometry":{"type":"Point","coordinates":[14.5320128,35.856427]},"properties":{"osm_type":"relation","osm_id":6681205,"category":"historic","name":"Skola Primarja Żejtun A","wikidata":null,"wikipedia":null,"tags":{"building":"school","historic":"building","name":"Skola Primarja Żejtun A","name:mt":"Skola Primarja Zejtun A"}}},{"type":"Feature","id":"relation/7886670","geometry":{"type":"Point","coordinates":[14.5324139,35.8944808]},"properties":{"osm_type":"relation","osm_id":7886670,"category":"fort","name":"Forti Rinella","wikidata":null,"wikipedia":null,"tags":{"building":"yes","historic":"fort","name":"Forti Rinella","name:ar":"حصن رينيلا","opening_hours":"closed","start_date":"1886","website":"https://www.fortrinella.com/"}}},{"type":"Feature","id":"relation/7893491","geometry":{"type":"Point","coordinates":[14.5186269,35.9019782]},"properties":{"osm_type":"relation","osm_id":7893491,"category":"fort","name":"Fort Saint Elmo","wikidata":"Q1438745","wikipedia":"en:Fort Saint Elmo","tags":{"historic":"fort","name":"Fort Saint Elmo","name:ar":"حصن سانت إلمو","name:es":"Fuerte San Telmo","name:mt":"Forti Sant'Iermu","tourism":"attraction","wheelchair":"yes","wikidata":"Q1438745","wikipedia":"en:Fort Saint Elmo"}}},{"type":"Feature","id":"relation/7893492","geometry":{"type":"Point","coordinates":[14.5182811,35.9009957]},"properties":{"osm_type":"relation","osm_id":7893492,"category":"historic","name":"Granaries Saint Elmo","wikidata":"Q24513958","wikipedia":null,"tags":{"building":"yes","historic":"yes","name":"Granaries Saint Elmo","name:ar":"مخازن الحبوب سانت إلمو","name:mt":"Il-Fosos ta' Sant'Iermu","wikidata":"Q24513958"}}},{"type":"Feature","id":"relation/9613911","geometry":{"type":"Point","coordinates":[14.5240847,35.8815479]},"properties":{"osm_type":"relation","osm_id":9613911,"category":"historic","name":"Cottonera Lines","wikidata":null,"wikipedia":null,"tags":{"alt_name":"Valperga Lines","historic":"citywalls","name":"Cottonera Lines"}}},{"type":"Feature","id":"relation/12665803","geometry":{"type":"Point","coordinates":[14.4900192,35.8967167]},"properties":{"osm_type":"relation","osm_id":12665803,"category":"heritage","name":"Knisja ta’ San Ġużepp","wikidata":"Q20010902","wikipedia":null,"tags":{"amenity":"place_of_worship","building":"church","denomination":"roman_catholic","heritage":"2","historic":"heritage","name":"Knisja ta’ San Ġużepp","name:en":"Saint Joseph Parish Church","name:mt":"Knisja ta’ San Ġużepp","religion":"christian","wikidata":"Q20010902"}}},{"type":"Feature","id":"relation/15555487","geometry":{"type":"Point","coordinates":[14.533107,35.8858096]},"properties":{"osm_type":"relation","osm_id":15555487,"category":"historic","name":"Kunvent tal-Kappuċċini","wikidata":null,"wikipedia":null,"tags":{"building":"yes","historic":"building","name":"Kunvent tal-Kappuċċini","start_date":"1743"}}},{"type":"Feature","id":"relation/15949626","geometry":{"type":"Point","coordinates":[14.4040187,35.8858251]},"properties":{"osm_type":"relation","osm_id":15949626,"category":"museum","name":"Mużew tal-Katidral tal-Mdina","wikidata":"Q111831818","wikipedia":null,"tags":{"addr:city":"Mdina","addr:street":"Misraħ l-Arċisqof","building":"yes","email":"info@metropolitanchapter.com","name":"Mużew tal-Katidral tal-Mdina","name:es":"Museo de la Catedral de Medina","name:etymology:wikidata":"Q1630170; Q111831818","name:it":"Museo della Cattedrale di Medina","opening_hours":"Mo-Sa 09:30-17:00","phone":"+356 2145 4697","tourism":"museum","website":"https://www.metropolitanchapter.com/mdina-cathedral-museum/","wikidata":"Q111831818"}}},{"type":"Feature","id":"relation/17148388","geometry":{"type":"Point","coordinates":[14.4031905,35.886824]},"properties":{"osm_type":"relation","osm_id":17148388,"category":"historic","name":"Palazzo Costanzo","wikidata":"Q20949681","wikipedia":null,"tags":{"building":"house","historic":"house","name":"Palazzo Costanzo","wikidata":"Q20949681"}}},{"type":"Feature","id":"relation/18248987","geometry":{"type":"Point","coordinates":[14.5493648,35.8859939]},"properties":{"osm_type":"relation","osm_id":18248987,"category":"fort","name":"Batterija tal-Grazzja","wikidata":"Q2674465","wikipedia":null,"tags":{"alt_name":"Forti tal-Grazzja","historic":"fort","name":"Batterija tal-Grazzja","name:en":"Delle Grazie Battery","wikidata":"Q2674465"}}},{"type":"Feature","id":"relation/20675883","geometry":{"type":"Point","coordinates":[14.3421394,35.9867766]},"properties":{"osm_type":"relation","osm_id":20675883,"category":"fort","name":"Batterija ta' Wied Musa","wikidata":"Q20241078","wikipedia":"en:Wied Musa Battery","tags":{"alt_name":"Marfa Palace Hotel;Wied Musa Battery","building":"yes","historic":"fort","name":"Batterija ta' Wied Musa","tourism":"attraction","wikidata":"Q20241078","wikipedia":"en:Wied Musa Battery"}}}]}